Date,aluminum,gold,silver,crude_oil,dxy,sp500,vix,us10y_yield,real_yield_10y,high_yield_oas,china_pmi_proxy_oecd_business_confidence
2010-01-05,,,,,,,,,,,
2010-01-06,,,,,,,,,,,
2010-01-07,,,,,,,,,,,
2010-01-08,,,,,,,,,,,
2010-01-11,,,,,,,,,,,
2010-01-12,,,,,,,,,,,
2010-01-13,,,,,,,,,,,
2010-01-14,,,,,,,,,,,
2010-01-15,,,,,,,,,,,
2010-01-19,,,,,,,,,,,
2010-01-20,,,,,,,,,,,
2010-01-21,,,,,,,,,,,
2010-01-22,,,,,,,,,,,
2010-01-25,,,,,,,,,,,
2010-01-26,,,,,,,,,,,
2010-01-27,,,,,,,,,,,
2010-01-28,,,,,,,,,,,
2010-01-29,,,,,,,,,,,
2010-02-01,,,,,,,,,,,
2010-02-02,,,,,,,,,,,
2010-02-03,,,,,,,,,,,
2010-02-04,,,,,,,,,,,
2010-02-05,,,,,,,,,,,
2010-02-08,,,,,,,,,,,
2010-02-09,,,,,,,,,,,
2010-02-10,,,,,,,,,,,
2010-02-11,,,,,,,,,,,
2010-02-12,,,,,,,,,,,
2010-02-16,,,,,,,,,,,
2010-02-17,,,,,,,,,,,
2010-02-18,,,,,,,,,,,
2010-02-19,,,,,,,,,,,
2010-02-22,,,,,,,,,,,
2010-02-23,,,,,,,,,,,
2010-02-24,,,,,,,,,,,
2010-02-25,,,,,,,,,,,
2010-02-26,,,,,,,,,,,
2010-03-01,,,,,,,,,,,
2010-03-02,,,,,,,,,,,
2010-03-03,,,,,,,,,,,
2010-03-04,,,,,,,,,,,
2010-03-05,,,,,,,,,,,
2010-03-08,,,,,,,,,,,
2010-03-09,,,,,,,,,,,
2010-03-10,,,,,,,,,,,
2010-03-11,,,,,,,,,,,
2010-03-12,,,,,,,,,,,
2010-03-15,,,,,,,,,,,
2010-03-16,,,,,,,,,,,
2010-03-17,,,,,,,,,,,
2010-03-18,,,,,,,,,,,
2010-03-19,,,,,,,,,,,
2010-03-22,,,,,,,,,,,
2010-03-23,,,,,,,,,,,
2010-03-24,,,,,,,,,,,
2010-03-25,,,,,,,,,,,
2010-03-26,,,,,,,,,,,
2010-03-29,,,,,,,,,,,
2010-03-30,,,,,,,,,,,
2010-03-31,,,,,,,,,,,
2010-04-01,,,,,,,,,,,
2010-04-05,,,,,,,,,,,
2010-04-06,,,,,,,,,,,
2010-04-07,,,,,,,,,,,
2010-04-08,,,,,,,,,,,
2010-04-09,,,,,,,,,,,
2010-04-12,,,,,,,,,,,
2010-04-13,,,,,,,,,,,
2010-04-14,,,,,,,,,,,
2010-04-15,,,,,,,,,,,
2010-04-16,,,,,,,,,,,
2010-04-19,,,,,,,,,,,
2010-04-20,,,,,,,,,,,
2010-04-21,,,,,,,,,,,
2010-04-22,,,,,,,,,,,
2010-04-23,,,,,,,,,,,
2010-04-26,,,,,,,,,,,
2010-04-27,,,,,,,,,,,
2010-04-28,,,,,,,,,,,
2010-04-29,,,,,,,,,,,
2010-04-30,,,,,,,,,,,
2010-05-03,,,,,,,,,,,
2010-05-04,,,,,,,,,,,
2010-05-05,,,,,,,,,,,
2010-05-06,,,,,,,,,,,
2010-05-07,,,,,,,,,,,
2010-05-10,,,,,,,,,,,
2010-05-11,,,,,,,,,,,
2010-05-12,,,,,,,,,,,
2010-05-13,,,,,,,,,,,
2010-05-14,,,,,,,,,,,
2010-05-17,,,,,,,,,,,
2010-05-18,,,,,,,,,,,
2010-05-19,,,,,,,,,,,
2010-05-20,,,,,,,,,,,
2010-05-21,,,,,,,,,,,
2010-05-24,,,,,,,,,,,
2010-05-25,,,,,,,,,,,
2010-05-26,,,,,,,,,,,
2010-05-27,,,,,,,,,,,
2010-05-28,,,,,,,,,,,
2010-06-01,,,,,,,,,,,
2010-06-02,,,,,,,,,,,
2010-06-03,,,,,,,,,,,
2010-06-04,,,,,,,,,,,
2010-06-07,,,,,,,,,,,
2010-06-08,,,,,,,,,,,
2010-06-09,,,,,,,,,,,
2010-06-10,,,,,,,,,,,
2010-06-11,,,,,,,,,,,
2010-06-14,,,,,,,,,,,
2010-06-15,,,,,,,,,,,
2010-06-16,,,,,,,,,,,
2010-06-17,,,,,,,,,,,
2010-06-18,,,,,,,,,,,
2010-06-21,,,,,,,,,,,
2010-06-22,,,,,,,,,,,
2010-06-23,,,,,,,,,,,
2010-06-24,,,,,,,,,,,
2010-06-25,,,,,,,,,,,
2010-06-28,,,,,,,,,,,
2010-06-29,,,,,,,,,,,
2010-06-30,,,,,,,,,,,
2010-07-01,,,,,,,,,,,
2010-07-02,,,,,,,,,,,
2010-07-06,,,,,,,,,,,
2010-07-07,,,,,,,,,,,
2010-07-08,,,,,,,,,,,
2010-07-09,,,,,,,,,,,
2010-07-12,,,,,,,,,,,
2010-07-13,,,,,,,,,,,
2010-07-14,,,,,,,,,,,
2010-07-15,,,,,,,,,,,
2010-07-16,,,,,,,,,,,
2010-07-19,,,,,,,,,,,
2010-07-20,,,,,,,,,,,
2010-07-21,,,,,,,,,,,
2010-07-22,,,,,,,,,,,
2010-07-23,,,,,,,,,,,
2010-07-26,,,,,,,,,,,
2010-07-27,,,,,,,,,,,
2010-07-28,,,,,,,,,,,
2010-07-29,,,,,,,,,,,
2010-07-30,,,,,,,,,,,
2010-08-02,,,,,,,,,,,
2010-08-03,,,,,,,,,,,
2010-08-04,,,,,,,,,,,
2010-08-05,,,,,,,,,,,
2010-08-06,,,,,,,,,,,
2010-08-09,,,,,,,,,,,
2010-08-10,,,,,,,,,,,
2010-08-11,,,,,,,,,,,
2010-08-12,,,,,,,,,,,
2010-08-13,,,,,,,,,,,
2010-08-16,,,,,,,,,,,
2010-08-17,,,,,,,,,,,
2010-08-18,,,,,,,,,,,
2010-08-19,,,,,,,,,,,
2010-08-20,,,,,,,,,,,
2010-08-23,,,,,,,,,,,
2010-08-24,,,,,,,,,,,
2010-08-25,,,,,,,,,,,
2010-08-26,,,,,,,,,,,
2010-08-27,,,,,,,,,,,
2010-08-30,,,,,,,,,,,
2010-08-31,,,,,,,,,,,
2010-09-01,,,,,,,,,,,
2010-09-02,,,,,,,,,,,
2010-09-03,,,,,,,,,,,
2010-09-07,,,,,,,,,,,
2010-09-08,,,,,,,,,,,
2010-09-09,,,,,,,,,,,
2010-09-10,,,,,,,,,,,
2010-09-13,,,,,,,,,,,
2010-09-14,,,,,,,,,,,
2010-09-15,,,,,,,,,,,
2010-09-16,,,,,,,,,,,
2010-09-17,,,,,,,,,,,
2010-09-20,,,,,,,,,,,
2010-09-21,,,,,,,,,,,
2010-09-22,,,,,,,,,,,
2010-09-23,,,,,,,,,,,
2010-09-24,,,,,,,,,,,
2010-09-27,,,,,,,,,,,
2010-09-28,,,,,,,,,,,
2010-09-29,,,,,,,,,,,
2010-09-30,,,,,,,,,,,
2010-10-01,,,,,,,,,,,
2010-10-04,,,,,,,,,,,
2010-10-05,,,,,,,,,,,
2010-10-06,,,,,,,,,,,
2010-10-07,,,,,,,,,,,
2010-10-08,,,,,,,,,,,
2010-10-11,,,,,,,,,,,
2010-10-12,,,,,,,,,,,
2010-10-13,,,,,,,,,,,
2010-10-14,,,,,,,,,,,
2010-10-15,,,,,,,,,,,
2010-10-18,,,,,,,,,,,
2010-10-19,,,,,,,,,,,
2010-10-20,,,,,,,,,,,
2010-10-21,,,,,,,,,,,
2010-10-22,,,,,,,,,,,
2010-10-25,,,,,,,,,,,
2010-10-26,,,,,,,,,,,
2010-10-27,,,,,,,,,,,
2010-10-28,,,,,,,,,,,
2010-10-29,,,,,,,,,,,
2010-11-01,,,,,,,,,,,
2010-11-02,,,,,,,,,,,
2010-11-03,,,,,,,,,,,
2010-11-04,,,,,,,,,,,
2010-11-05,,,,,,,,,,,
2010-11-08,,,,,,,,,,,
2010-11-09,,,,,,,,,,,
2010-11-10,,,,,,,,,,,
2010-11-11,,,,,,,,,,,
2010-11-12,,,,,,,,,,,
2010-11-15,,,,,,,,,,,
2010-11-16,,,,,,,,,,,
2010-11-17,,,,,,,,,,,
2010-11-18,,,,,,,,,,,
2010-11-19,,,,,,,,,,,
2010-11-22,,,,,,,,,,,
2010-11-23,,,,,,,,,,,
2010-11-24,,,,,,,,,,,
2010-11-26,,,,,,,,,,,
2010-11-29,,,,,,,,,,,
2010-11-30,,,,,,,,,,,
2010-12-01,,,,,,,,,,,
2010-12-02,,,,,,,,,,,
2010-12-03,,,,,,,,,,,
2010-12-06,,,,,,,,,,,
2010-12-07,,,,,,,,,,,
2010-12-08,,,,,,,,,,,
2010-12-09,,,,,,,,,,,
2010-12-10,,,,,,,,,,,
2010-12-13,,,,,,,,,,,
2010-12-14,,,,,,,,,,,
2010-12-15,,,,,,,,,,,
2010-12-16,,,,,,,,,,,
2010-12-17,,,,,,,,,,,
2010-12-20,,,,,,,,,,,
2010-12-21,,,,,,,,,,,
2010-12-22,,,,,,,,,,,
2010-12-23,,,,,,,,,,,
2010-12-27,,,,,,,,,,,
2010-12-28,,,,,,,,,,,
2010-12-29,,,,,,,,,,,
2010-12-30,,,,,,,,,,,
2010-12-31,,,,,,,,,,,
2011-01-03,,0.3817912792614826,0.5397474282825048,0.5795993935088097,-0.3775610112923047,0.45868120932748513,-0.3560469974196214,,0.10830803705573233,,0.11691077061477825
2011-01-04,,0.3879344971238997,0.543561496430943,0.58230141755486,-0.37951649688320527,0.4581044960731438,-0.35424544714219663,,0.11166827556573576,,0.11635732901722753
2011-01-05,,0.3823024821908762,0.5397096778393313,0.5807455878227588,-0.37327680746983766,0.45992691183929385,-0.35504865975674965,,0.10912473444859945,,0.1165366357587552
2011-01-06,,0.3819279744673071,0.5424391551725479,0.5829387811316308,-0.373782002685061,0.46244041889601767,-0.3566883268651023,,0.10978932733982438,,0.11656432789021545
2011-01-07,,0.3831766304831024,0.5441929424673857,0.5832996218283089,-0.3773731885873568,0.46311743919023696,-0.35743980730733316,,0.11117976073440647,,0.11645449227761884
2011-01-10,,0.3812825153986243,0.543198509629362,0.5825316486218693,-0.3753117842359675,0.46327440217140786,-0.356989248091123,,0.10901200873874994,,0.11635682694229918
2011-01-11,,0.3753834253940378,0.5415699298816206,0.581444643270655,-0.37772776501873745,0.4609236424397543,-0.356762751461432,,0.0970890636028353,,0.11715482561982722
2011-01-12,,0.37399306791980175,0.5398923292538785,0.586058554554419,-0.3799620290581873,0.4609894256196943,-0.3573267628957621,,0.0933258707796897,,0.11715928191361724
2011-01-13,,0.3744498448747215,0.5407083653583357,0.5861970335341395,-0.37351047074451754,0.46136302179309424,-0.3576252182469941,,0.09311898421005245,,0.11706587026622256
2011-01-14,,0.3673907070686813,0.5341742814253516,0.5858511558228656,-0.372794983174193,0.4612984370564568,-0.3581459365368413,,0.09242845016724838,,0.11721761930777186
2011-01-18,,0.3651613789846644,0.5316913680593748,0.584602442141136,-0.37635810703451766,0.4584152045746676,-0.357808796344773,,0.09149999494591368,,0.11739532029791887
2011-01-19,,0.35498994775646764,0.5252150507076511,0.5823673095852865,-0.36548316491256544,0.4570196087200312,-0.35720128355994857,,0.0871086725067306,,0.11796594834361498
2011-01-20,,0.3584402909747902,0.5277773975900061,0.5831378662097608,-0.36734980772253395,0.45241335076557854,-0.3529593715711218,,0.059021766550565694,,0.11778430346856344
2011-01-21,,0.3635177917359876,0.537344808098031,0.5898997249372874,-0.36844466378538,0.46405009630522703,-0.36830250531950603,,0.05713614526383102,,0.11783471267531395
2011-01-24,,0.36286930968972675,0.5358183255238956,0.5865545940952002,-0.36870485358456134,0.4641149248415407,-0.36732517492261296,,0.05536550438558256,,0.11785646725002928
2011-01-25,,0.36809722197059713,0.5368599500652448,0.5889830122929559,-0.36463888086046886,0.4611105626779063,-0.3677695361452725,,0.06222005807910707,,0.11729587463492282
2011-01-26,,0.36143763967961723,0.532715434506858,0.5883672507713186,-0.36342268625500684,0.4685111792733216,-0.3789411029760368,,0.070792833485862,,0.1186926439197459
2011-01-27,,0.35829827245759227,0.5299896687418891,0.5876796035182605,-0.36346690620197375,0.4640079213589806,-0.38037563936492064,,0.07163825976667582,,0.12040158011501426
2011-01-28,,0.3588911556192246,0.5300073459835574,0.5836157526717266,-0.35844786799996475,0.4569081904720945,-0.3677367081313424,,0.06636231182424394,,0.12080154864605748
2011-01-31,,0.35417702404397894,0.5294490154396422,0.5854556529779698,-0.3601305451850998,0.4571938142821596,-0.36703830858817404,,0.0659136274163926,,0.1376763438355688
2011-02-01,,0.35552499317062736,0.5301532374981244,0.5839459775006868,-0.36420364028223656,0.46124869868832963,-0.3709326997872389,,0.06823880705626394,,0.1239478906897613
2011-02-02,,0.3540614831183715,0.5249796513221072,0.5882080600640781,-0.360952857647071,0.4614673762259751,-0.373892317989338,,0.07533359174408252,,0.12561799709891922
2011-02-03,,0.3332676761579766,0.5139832062947425,0.5798261289364778,-0.35409490970066276,0.44989343859019626,-0.3609079094830441,,0.07093883033947827,,0.12685594354168592
2011-02-04,,0.3310904149171927,0.5141527244447769,0.5768446409508543,-0.3513050422304064,0.45072704865558094,-0.36154613707608907,,0.07471114817841258,,0.12703874769284004
2011-02-07,,0.32782064603657934,0.5123845311519803,0.5755278968358947,-0.3508844736928771,0.4554724644321878,-0.36342540003686713,,0.07238871559076068,,0.12711589269551868
2011-02-08,,0.3230670061092762,0.5069381149165171,0.5721074015351156,-0.34750156147198413,0.45202331134593615,-0.363232489170748,,0.06991169403495091,,0.12736504609246735
2011-02-09,,0.3226894955305219,0.5069976580071007,0.5725063405673267,-0.3443525246438765,0.45243014442977547,-0.36320386253852766,,0.07287726725272005,,0.127127552846481
2011-02-10,,0.3107570656273815,0.5056297414423769,0.57508405702139,-0.3463656639326394,0.45085115368384865,-0.36017942786999746,,0.06830140308901618,,0.12856879066396273
2011-02-11,,0.3094431313784574,0.5046421113753619,0.5731707261022976,-0.34447936542176355,0.45009539939158844,-0.36408373688047246,,0.06802848732043373,,0.12898806667577845
2011-02-14,,0.28999852691354344,0.49536079352608653,0.559178672853768,-0.3335314621407845,0.4416187534293251,-0.3639962714902076,,0.0747519044099193,,0.13015045166011965
2011-02-15,,0.28578519456243734,0.4934685796630298,0.5589422453221345,-0.33546564093671377,0.44172577378512234,-0.3644141490608139,,0.07464218482568201,,0.12949845039085356
2011-02-16,,0.286368778094786,0.4948907778811047,0.5545020974028358,-0.3320429677700761,0.4379024432910079,-0.3634636550563444,,0.07050929307247014,,0.12915393668489217
2011-02-17,,0.28620061861233714,0.49109280626093543,0.5533049692275884,-0.33609795414230503,0.43864864378500246,-0.3626940820469224,,0.06641231999071294,,0.12937117981161028
2011-02-18,,0.2835189658389068,0.4882144657754379,0.5554152243024268,-0.3371726100638621,0.43881448594001243,-0.3635169868484,,0.06907600960965353,,0.12975869828578598
2011-02-22,,0.26962966410652295,0.4743013102623015,0.48995134256740647,-0.3337803606695536,0.4427343828455058,-0.37390595298478047,,0.07978950496180581,,0.12964007588876794
2011-02-23,,0.2661025464270284,0.4707123979099264,0.4705933474191857,-0.3292072592451467,0.4436553514771967,-0.37567348522714816,,0.08077743665798488,,0.1291511988319507
2011-02-24,,0.27035943301515597,0.4715273695357022,0.46622792210073855,-0.33148319790028974,0.4426772116877413,-0.3775312703030426,,0.07844624142122598,,0.1294715470824544
2011-02-25,,0.2621521185284836,0.46285747765602386,0.4631293406356994,-0.3235560257846603,0.4465352251876156,-0.38185875136355096,,0.07822637529530375,,0.12942168044721547
2011-02-28,,0.2632167338041568,0.4662263983855238,0.46631590990912064,-0.3288753494662279,0.4449643368694483,-0.38283405410462124,,0.08028633097712068,,0.12443258204591605
2011-03-01,,0.25750134454237567,0.4625173513145688,0.46356916136868787,-0.3281948588333876,0.44269837325501443,-0.3797438443187384,,0.0800802578979871,,0.12440897351681322
2011-03-02,,0.2566175755696882,0.46147491711704036,0.4601621205893339,-0.3262999678045993,0.4427114521731365,-0.3793824778710382,,0.07986126713786558,,0.12432859770129627
2011-03-03,,0.252605009354046,0.45996940914101025,0.4593234003897567,-0.32195325835989996,0.4423289252135773,-0.3782872045898378,,0.07743949302704718,,0.12480756312244308
2011-03-04,,0.2518452079741827,0.45704028024477705,0.4559589936683597,-0.32150806847902946,0.4405548880336319,-0.3767321199258512,,0.07582817116034322,,0.1247794858111823
2011-03-07,,0.24612527724493552,0.4463284689609419,0.44699760758641993,-0.32067266474786926,0.44279888800305267,-0.38166805052442676,,0.07491046884607382,,0.12316136983588256
2011-03-08,,0.24563780512969538,0.44595928669993457,0.4468461111972489,-0.3200350478927426,0.44263878191112166,-0.38165727778797137,,0.07498144738222187,,0.12318384949660807
2011-03-09,,0.2400492651439349,0.43791043648535805,0.44849899488870343,-0.3181791626114018,0.44283291965715615,-0.38013530137024326,,0.07893556918490012,,0.1223556121063518
2011-03-10,,0.2406283137850612,0.43728269154600624,0.44867424166249437,-0.3183205910375602,0.4418118553479639,-0.38026355088658903,,0.07996999902857355,,0.12226976731577811
2011-03-11,,0.24097618605548612,0.43685757600395025,0.4480016769163154,-0.31862345550296717,0.4417320048576458,-0.37976760499245393,,0.08029749264143901,,0.12228318646853063
2011-03-14,,0.24254991528534298,0.43843301032428894,0.4452252543560587,-0.31339324843228733,0.4433649942363385,-0.37996139629763453,,0.08220789584683523,,0.12273467405061449
2011-03-15,,0.24306570626558122,0.4386802000563172,0.44472051531925905,-0.3104828711366286,0.4438393037359304,-0.3822522930430546,,0.08451449957396857,,0.12248450160470087
2011-03-16,,0.24337825461281215,0.4387743646379189,0.44378551839554214,-0.30642860761768065,0.4334830612861575,-0.367247984351766,,0.08063631851053416,,0.12249546999205971
2011-03-17,,0.24594155355560032,0.4309399825541866,0.45162641837774287,-0.31338718833702944,0.4382055723813118,-0.37513828540858946,,0.07776315576549167,,0.12197954432648227
2011-03-18,,0.24349581396975642,0.4286177800988356,0.45093896596739125,-0.31144336325350264,0.43736347792147123,-0.3734755597268358,,0.07928481378943292,,0.12208347088838034
2011-03-21,,0.24150973441839135,0.42331473943365217,0.44795428490005723,-0.3083879771532322,0.4312424279473288,-0.3620647816391824,,0.0761413583302206,,0.12176832583688449
2011-03-22,,0.24161941923406313,0.42355405233674015,0.4486588675845477,-0.3081199385979425,0.43115723393150285,-0.3626047271266753,,0.07733446218298448,,0.12182370425244438
2011-03-23,,0.24164201490155576,0.4257606213960973,0.4498972404163636,-0.2982415244622644,0.4297529083083342,-0.3633438907416798,,0.08634424517551915,,0.12176154116402682
2011-03-24,,0.24131001760824825,0.4256486831076199,0.4504617662788761,-0.2999993970983247,0.4295144444336347,-0.36425734120217773,,0.08468355809399443,,0.12170966670398772
2011-03-25,,0.24067375726016485,0.42539401015472095,0.45131386997291706,-0.29896075452850474,0.42937822855556385,-0.3638457358875294,,0.08437447121489429,,0.12164806529195982
2011-03-28,,0.24052862481041698,0.41916972467024893,0.4465195973917863,-0.2950050835509631,0.4300502020327291,-0.36909971413367104,,0.07868200099123558,,0.12210526381748746
2011-03-29,,0.24189573343757634,0.4198898279552135,0.4462614140704446,-0.2956400889150909,0.42972248948417385,-0.3678593881478275,,0.07846273070069988,,0.1220542806579748
2011-03-30,,0.24012814719975298,0.41689997551804975,0.44796571272680696,-0.294985628845162,0.4261350165875371,-0.3654787168267426,,0.07967655111196766,,0.12165048270272324
2011-03-31,,0.2399607744807169,0.4163981820203747,0.4478803581649011,-0.2948688940630503,0.42493532619674607,-0.365307692139472,,0.07902636925707819,,0.12203920663332084
2011-04-01,,0.24043618363072422,0.4160020365576469,0.44370175794197597,-0.2974721538700587,0.42205904129945615,-0.3636339009321872,,0.07664253539892753,,0.12650798615264014
2011-04-04,,0.24050679499719038,0.4146502550753895,0.4437577148454994,-0.297006059373792,0.42227986168933745,-0.36477065882413806,,0.07646351044500388,,0.12657097987411497
2011-04-05,,0.24342921233897258,0.41571751959318043,0.4432883220000162,-0.2968727131791696,0.4218535402004142,-0.36457090418326155,,0.07447247370780316,,0.12668774295912055
2011-04-06,,0.24423364882184426,0.41452510654370195,0.44243445808564347,-0.29984381218140765,0.421340242426306,-0.36472283879719064,,0.08004164437312945,,0.1265329037109122
2011-04-07,,0.24421347667046772,0.4145276145065667,0.44342368005715993,-0.29953834172028343,0.420876766278462,-0.36415229633458956,,0.08011556097568875,,0.12656628046100304
2011-04-08,,0.24749415021808568,0.4177641259479982,0.4458163621037662,-0.3062961395996671,0.4184308245819394,-0.36178844080938355,,0.07565080907239247,,0.12664044920166567
2011-04-11,,0.25103541078062636,0.4197266156894571,0.4479657774484031,-0.30618543636156303,0.418940039444932,-0.3600037646422435,,0.07581958246044586,,0.12638706823852883
2011-04-12,,0.2546449846295326,0.42172645171032,0.45240620370053986,-0.30336450144791693,0.42097343223290584,-0.36066621782709674,,0.07970424102313622,,0.12585938750768624
2011-04-13,,0.25357996906259606,0.4200210373092135,0.4487635239608902,-0.3039596491956375,0.41977478690112935,-0.35873030979538195,,0.08050836373641232,,0.12525276412585737
2011-04-14,,0.2424557453815074,0.40953204564872625,0.44331684908342855,-0.3000897576926001,0.41473690272259295,-0.35124214559374534,,0.07777004259297321,,0.12604459879845037
2011-04-15,,0.2403277597557941,0.40724795913076683,0.44132734542362967,-0.3001583554909224,0.41468640452920025,-0.3508551223997669,,0.08041248206376339,,0.12601286176501708
2011-04-18,,0.23837067170698076,0.40553729878122263,0.4439559820918304,-0.3040675617792739,0.4164972957065898,-0.35360601659720503,,0.08172144431148932,,0.12560693980271787
2011-04-19,,0.23772710318735008,0.40581372677336824,0.44433734610234604,-0.30544935930418843,0.417173811842736,-0.35516491630229996,,0.08175877149830624,,0.1256093814279536
2011-04-20,,0.23586549395852743,0.4059561295089683,0.45007918021152377,-0.3094882659588975,0.42234650644516486,-0.35721487123527773,,0.09088031251139717,,0.12572323159964363
2011-04-21,,0.23530049842493964,0.40804971688437375,0.449940077680098,-0.310810578680547,0.42250438332397755,-0.35804940515176414,,0.09114295729803139,,0.12568935020428215
2011-04-25,,0.23299909018999185,0.4002436473654451,0.44961280467763576,-0.31030722943581873,0.42240519121795267,-0.36204071611700306,,0.09454984571538606,,0.12491321468503751
2011-04-26,,0.2440521629259971,0.3915157545627127,0.44412768831725224,-0.2990906508178575,0.40846214997307406,-0.33615347004332113,,0.07768641269790486,,0.12759721785157851
2011-04-27,,0.23854033249259374,0.38546258815311807,0.4416667782571296,-0.2942921968105201,0.40436350178498326,-0.3345077463820053,,0.07228425376580959,,0.12688752129108863
2011-04-28,,0.2380461563557246,0.38861047430911133,0.4465153313602703,-0.2970177247994963,0.40875666404643896,-0.3417801151459691,,0.06806778281630556,,0.12716197922326605
2011-04-29,,0.2287550161617543,0.38259337092222034,0.44318214688959295,-0.2942852889563394,0.4089411552445472,-0.3456948568335101,,0.07028979153942627,,0.12656420927580353
2011-05-02,,0.22979130727526878,0.37714093283826156,0.4438413315591977,-0.29110519981240646,0.4158531088220283,-0.351070600304996,,0.07318090332322814,,0.10171541502797168
2011-05-03,,0.21571100325624326,0.3377677198595954,0.4266476254278022,-0.27414393042339386,0.4026642005633872,-0.3355264151606643,,0.07155673827219139,,0.10311454168421988
2011-05-04,,0.22735665973169963,0.35139363911053956,0.4292178545207967,-0.2689753143171756,0.4037055925876629,-0.3347363073142083,,0.07440037479791799,,0.1023089423396992
2011-05-05,,0.25038619795461914,0.36932214872801394,0.4428046733759894,-0.2830423108827371,0.4063036492264186,-0.33811039973143414,,0.07111806267847534,,0.10132071762349684
2011-05-06,,0.24779048982852164,0.3696658348621223,0.44782560974118285,-0.2828876615526063,0.41050070715126924,-0.3515034712906122,,0.06911189179795783,,0.10117635821004624
2011-05-09,,0.25630821984765123,0.3716585008215648,0.44303598422081225,-0.28123182253631096,0.4015683701899405,-0.3415353551622238,,0.06507262272301381,,0.10140087245586323
2011-05-10,,0.2613521979842885,0.37694240034887333,0.44305672648887534,-0.280530869207573,0.40159138367076835,-0.3426625704503696,,0.06565358613254359,,0.10156208062021652
2011-05-11,,0.2728058318431015,0.39404318472874394,0.4545701717801003,-0.2899670776850611,0.40968977004149415,-0.3512398651392783,,0.06121462362205164,,0.10052764768927504
2011-05-12,,0.27855227317701464,0.39144344220616306,0.45906222531437413,-0.2935053899688109,0.41583036477069946,-0.3558705363418438,,0.06300106073965447,,0.10051769373719016
2011-05-13,,0.2776538696981846,0.38921237371999057,0.4508545523597228,-0.28108463306058123,0.40634414417800313,-0.3429745223177142,,0.06098980790253377,,0.10158208131712641
2011-05-16,,0.285901220522781,0.38574205103219344,0.4456270108119641,-0.28508028338594193,0.4202021175885493,-0.3561631784547851,,0.07903623844585342,,0.10576626542563226
2011-05-17,,0.2986382143043677,0.3883772432000613,0.4538945888127137,-0.3068842706838427,0.43700391120969284,-0.3707773648543778,,0.08847978873214234,,0.10624466630120762
2011-05-18,,0.2942618870848038,0.38850461612828413,0.46354386829692423,-0.3162388664919308,0.4381145391513068,-0.3723608848731687,,0.09740863612549387,,0.10682759217414763
2011-05-19,,0.2943815578659246,0.3883342414651102,0.46523014485562963,-0.3171340271758982,0.44522632008071045,-0.375637624366971,,0.09208640356848777,,0.10660353106639442
2011-05-20,,0.3129973262143987,0.3947069448649496,0.459345565941027,-0.31283255425262557,0.43343101970844145,-0.3524737620559134,,0.09320520682547163,,0.10729732768951063
2011-05-23,,0.30028187047518584,0.3917849544650574,0.4650217557677342,-0.3390370553643817,0.4521504026808369,-0.35340250207362506,,0.09150806937274401,,0.10629205384345948
2011-05-24,,0.3057183325499633,0.3900820460658456,0.46065105470988627,-0.3322639401116229,0.45565658344002574,-0.3723350340228943,,0.08835369004597951,,0.10771571852239122
2011-05-25,,0.30304778627560236,0.3934971731870205,0.46127391519212807,-0.3330630398618556,0.4580082548188572,-0.37517657786482655,,0.09079847703187169,,0.10756610843323948
2011-05-26,,0.30582752307235633,0.3935601092538307,0.4540314110741456,-0.32472134218140775,0.44961610480714126,-0.36530023343035345,,0.08752570628840116,,0.10779293901214593
2011-05-27,,0.3087724536392967,0.39459767175719623,0.45278116974141175,-0.3262426150143117,0.4464815379503246,-0.36098062035525114,,0.08928906416331109,,0.10826720126404332
2011-05-31,,0.3140065169879287,0.39563618030128545,0.44883181581850695,-0.3244786774222034,0.4416348535791048,-0.35665753768938563,,0.08943725822138593,,0.09029906743036548
2011-06-01,,0.3107388467534136,0.39700626907858744,0.45272901812128646,-0.32394665912525905,0.45803852167140996,-0.3736067322103742,,0.09568210401409193,,0.10834920226441691
2011-06-02,,0.3051607364621419,0.3928499191242327,0.4676480991741346,-0.31820317838303025,0.4650615158352567,-0.37938103981523047,,0.09235423786530954,,0.10946820142803446
2011-06-03,,0.3187724005599916,0.3812510283861081,0.45240211408701164,-0.30080607139453824,0.4372113705937818,-0.35678236095344856,,0.07602778387517141,,0.11173360618664004
2011-06-06,,0.3330169052060981,0.39636050843778425,0.4528767992993417,-0.29915027135677036,0.4311644454555415,-0.35512874617392276,,0.07551120041966196,,0.11233236634213245
2011-06-07,,0.3327545756146043,0.39615846554756035,0.45273086254639,-0.2987769560922305,0.4312636750775306,-0.3552073991354555,,0.07495316991927081,,0.11231347721099003
2011-06-08,,0.34566938712684114,0.4045560932425972,0.4436396963091227,-0.297358861174361,0.4389402443822206,-0.3584495465673454,,0.07599969188740863,,0.11238742280790735
2011-06-09,,0.3466638695396452,0.40346261408395967,0.44298870275076174,-0.2974546083649792,0.4440661068302316,-0.3580192213471499,,0.07473737649831066,,0.11234685542346948
2011-06-10,,0.34775233401056427,0.4086175563641746,0.45258503968236413,-0.30530410834829075,0.44627605033727274,-0.358160767832208,,0.07931157062364178,,0.1120799442942444
2011-06-13,,0.3561136825591771,0.4091713442902149,0.45025966861226563,-0.29291208753851855,0.45148948950194157,-0.36077772268210473,,0.07636252681187387,,0.11252311343785006
2011-06-14,,0.357370869394288,0.4111825399706997,0.45462094893593663,-0.29325354956802996,0.46030724455399846,-0.36669411411468716,,0.08006344653181575,,0.11198166607031486
2011-06-15,,0.35674968401604223,0.4109105920808662,0.4551201846425445,-0.2942407276147803,0.4610020216202642,-0.36765703865839794,,0.08277076788186762,,0.11187164029762602
2011-06-16,,0.3745796542424065,0.42059140535619643,0.4540038611634669,-0.30370561737356977,0.46571927964155113,-0.375610017204278,,0.07470831637724655,,0.11315107663203308
2011-06-17,,0.37597601699170896,0.42311736562016083,0.45507085679886283,-0.29938936390902765,0.4657169256723469,-0.37673663631201626,,0.07561319952490002,,0.11324039308429484
2011-06-20,,0.3868091738903621,0.4289670842228425,0.4541145656385596,-0.30361969142091355,0.46798326247232785,-0.3763378900801621,,0.07477297590023647,,0.11325472184681318
2011-06-21,,0.38809506531719806,0.42957102171338474,0.4572674517936345,-0.30641932027603064,0.4789960174895268,-0.38440377871308284,,0.07791316302962942,,0.11337050457461974
2011-06-22,,0.3861840732900116,0.4258763439817327,0.4544219109103736,-0.3114472562222708,0.47837241407570164,-0.3859718155664735,,0.07703290284833958,,0.11396174309031708
2011-06-23,,0.3864417695462994,0.4277410631601785,0.4582896736397285,-0.3169407265536901,0.4957915898215499,-0.40098204002227683,,0.07924760356723158,,0.11392677928123739
2011-06-24,,0.3758560763891885,0.4227380815058947,0.45146523725074306,-0.31059980533860315,0.4902221987538955,-0.39164720668667496,,0.07764170623168193,,0.1144175020477744
2011-06-27,,0.37492855794147895,0.4239210972841782,0.4513351445336707,-0.30662062977183985,0.4852878130659477,-0.38926017706983845,,0.07396297536131695,,0.11430419617706153
2011-06-28,,0.3882327259023211,0.4301922767468548,0.4431715198743165,-0.30300740246763075,0.45980691863041384,-0.3673564651875247,,0.0709527847682534,,0.11770231382710988
2011-06-29,,0.38998302446393046,0.4354132218629192,0.4472876162818637,-0.3066905243721351,0.4655691201742383,-0.3756067866577955,,0.07172544531157438,,0.11716338370214341
2011-06-30,,0.37342364770778,0.42565731700900394,0.4399316153048514,-0.3346865239788979,0.46728008712049934,-0.3854132601830078,,0.08099032660245084,,0.09005436704310749
2011-07-01,,0.37053469148613144,0.42380238839281376,0.44260147680418527,-0.3333099614741818,0.4695028149395069,-0.3830723264612347,,0.07791655782711755,,0.08633887345127327
2011-07-05,,0.38069606191882044,0.4253611041283434,0.44607234939085455,-0.32804476479690775,0.46763673915712595,-0.3821922622371571,,0.07887825846018319,,0.0864481918940398
2011-07-06,,0.3781520149523513,0.424399365988438,0.44337604973551337,-0.3273782212022555,0.4663299698981447,-0.37901382962243935,,0.07676027979866275,,0.08643535173826873
2011-07-07,,0.3763767916141925,0.4258885400904715,0.44774731040898863,-0.327682935928243,0.4708154845083537,-0.3799356591250819,,0.07763861513600674,,0.08622187944550276
2011-07-08,,0.3721826338759778,0.42537190408222364,0.44826846068916437,-0.3301595856281748,0.4706409023951439,-0.37900633060328337,,0.07921212647924718,,0.08610575818181167
2011-07-11,,0.3669579422862837,0.4263699083599784,0.44730851650999615,-0.3316865236546635,0.4735348249394363,-0.3842468065472974,,0.0826388136363008,,0.08625360154501668
2011-07-12,,0.36782042235460144,0.4261652864389476,0.448437752219312,-0.33224828117296934,0.4742890513262916,-0.38166585168375705,,0.08189376542046958,,0.08626089270795262
2011-07-13,,0.3662502424498953,0.4206656819605498,0.4484124948248951,-0.33212756789319176,0.4742916007668177,-0.38147033244631356,,0.0809484461848539,,0.08632202758457183
2011-07-14,,0.3658182452611017,0.4194571807425214,0.44912356684322524,-0.3346813947613631,0.47495242101237367,-0.3822435908606459,,0.07741709658698705,,0.08623345857263102
2011-07-15,,0.35529084534374245,0.4130784033514357,0.4496858629962553,-0.3382661607357743,0.4628799490317101,-0.3806362735033708,,0.08198373206138265,,0.08717812603447651
2011-07-18,,0.35480011323779453,0.41127394869456596,0.4498426367863331,-0.3386327697509572,0.4629643500811071,-0.38068739416984965,,0.0822226562961686,,0.08712628311760187
2011-07-19,,0.35076029888346,0.40999437124426596,0.4502854540521358,-0.34485961538925636,0.4620004699645348,-0.3790092174285064,,0.0806552019542843,,0.08726638509621037
2011-07-20,,0.3549864481630841,0.4131720086105905,0.4579737822877635,-0.3573057761903768,0.48018083998336253,-0.3912181761318425,,0.08991308594912302,,0.08754480974253782
2011-07-21,,0.3571556209397652,0.41329822688718965,0.4492583555113519,-0.3410712281309194,0.46486351616485755,-0.3825807742285148,,0.08345155003255382,,0.08752181315436361
2011-07-22,,0.35996310146166494,0.41417673567245006,0.450230365864811,-0.3398431541626471,0.4641095713698159,-0.3817474712860936,,0.08057002853422374,,0.08752354480966629
2011-07-25,,0.3618585735503455,0.41429349002156496,0.45098615717293616,-0.3380742415601611,0.46211227651061815,-0.3796506753530191,,0.0807491807118427,,0.0875157486702099
2011-07-26,,0.3614494594145926,0.41321025628207625,0.44969053237599765,-0.3415083421306811,0.4582932694722486,-0.3749403401914119,,0.08094184409615623,,0.08756186768917469
2011-07-27,,0.36187229722460007,0.41587163196736815,0.4526137374463168,-0.3439295503378627,0.46186210328620064,-0.3791612228952579,,0.0831476954561392,,0.08741907825232921
2011-07-28,,0.36005058268639006,0.41362089074893277,0.450779939497398,-0.3407081608343955,0.4640649203876436,-0.37859795164648846,,0.08287761368550274,,0.0874686964897319
2011-07-29,,0.3590328976585313,0.41309820806643666,0.44932317988495585,-0.34041327487572587,0.46344695060992275,-0.3772051222115285,,0.08328451250878027,,0.08745476994356782
2011-08-01,,0.36294691055154965,0.41314038088132543,0.44486757429783946,-0.33814102087871195,0.4570346334409647,-0.366462772662777,,0.08805904409666888,,0.0739542596398677
2011-08-02,,0.3599174046180444,0.41184115590963816,0.4482689958095132,-0.3412667178985542,0.4512796840995516,-0.3661812055948253,,0.08622345227693651,,0.07408320154312878
2011-08-03,,0.34989539216574256,0.40361203768982495,0.45204369638865716,-0.33769347141614614,0.4461362009869703,-0.3596346201288621,,0.07653146507029848,,0.07360643465664461
2011-08-04,,0.35357852596939904,0.4127004882824258,0.4597850330130024,-0.3487302511534697,0.45047773370380145,-0.3714872711091956,,0.0847276058096696,,0.07336777225867941
2011-08-05,,0.3563958265649647,0.419525346329201,0.45469445458888125,-0.33679179399371967,0.4472917610251229,-0.37003045896846537,,0.07134495022818137,,0.07246061315392276
2011-08-08,,0.29916333262841693,0.4011423627538623,0.4738908818647868,-0.33815963023634504,0.4705817430365447,-0.4013786287559304,,0.09161984157622294,,0.07089064417924565
2011-08-09,,0.29681582651551514,0.39754653479088203,0.470344624910172,-0.33788637022967705,0.4533281619588859,-0.38805937959914033,,0.08337187531204727,,0.0711745675070533
2011-08-10,,0.2789164532835903,0.38408041085908506,0.4466927098347325,-0.32887951702039436,0.45429856333568924,-0.3914866215622215,,0.09541270363525355,,0.07105990853263015
2011-08-11,,0.25508659062795397,0.3736639522818757,0.4598391299834177,-0.3275462509578966,0.4694721187401923,-0.3983062205171992,,0.11520616991911065,,0.07081084638620129
2011-08-12,,0.25461247837526035,0.37390776108566376,0.4595475275220006,-0.3261102665989866,0.4688533480833283,-0.3974175526550539,,0.11277965857666745,,0.07101568587181262
2011-08-15,,0.2542824532037425,0.3732379054938077,0.4598293267221548,-0.3251497353104251,0.46805202697876924,-0.3970508938996164,,0.11571852480858369,,0.07100355753063882
2011-08-16,,0.24945455471781033,0.37152559159635706,0.46076678064163334,-0.3243872819051343,0.46671376341212983,-0.3949287772666142,,0.1114199026714235,,0.07078451928125427
2011-08-17,,0.24998228101452777,0.3727510085057254,0.46164900630456035,-0.32554654456962306,0.4665199237723866,-0.39577864391015494,,0.10981115518644476,,0.07081513058372017
2011-08-18,,0.24227217848570717,0.370401018719376,0.4646738074558469,-0.32896603644603073,0.46695706359031436,-0.39878797709849845,,0.10299968597652948,,0.07061328485072971
2011-08-19,,0.24133248475876762,0.3688605964751154,0.4636636754842323,-0.3274720495463197,0.4635492152390989,-0.400313725333771,,0.1030783151525148,,0.07081298967677857
2011-08-22,,0.23494261944305944,0.36687240724806525,0.4602007127649713,-0.32782144988009837,0.4633726618248165,-0.3996428651412412,,0.1025573371637672,,0.07069084261243842
2011-08-23,,0.23029292858358674,0.3675596012695121,0.4586211107283378,-0.32863165536746175,0.45929326500456225,-0.3986270573954023,,0.10363944477886103,,0.07114616325188584
2011-08-24,,0.21612537407153057,0.36502055156191376,0.46081958303416976,-0.32802061371513225,0.45926100478091875,-0.4000545367543887,,0.10289015787667798,,0.07132793552896317
2011-08-25,,0.22151290126231238,0.37422822888593976,0.4589766447499496,-0.32021138074311384,0.45779647444269905,-0.3956998815653002,,0.09971391484431699,,0.07148897296565122
2011-08-26,,0.22306951393733424,0.37519576602342253,0.4559973710804532,-0.32172179950036006,0.45438472069545777,-0.39158904610425505,,0.0931773332514855,,0.07150123740208487
2011-08-29,,0.2239544417607435,0.37653646566499305,0.45616076038413217,-0.3246843841947068,0.4546114547674271,-0.396453538103512,,0.09565767448008458,,0.07140233318013557
2011-08-30,,0.23010698485579156,0.38139938014845093,0.4530204188805349,-0.3229776627116924,0.45569407433596715,-0.39948647957941524,,0.09035305302971512,,0.07184215208842194
2011-08-31,,0.23407553093168296,0.38641293821837586,0.4461414585278703,-0.311975395941111,0.4450611100270367,-0.3955441924688797,,0.08383647802139106,,-0.0010150988727730041
2011-09-01,,0.2343626639674066,0.38652143594999466,0.4450842793366949,-0.31399295672873007,0.4464193847133128,-0.39493925534879215,,0.0880050854247839,,0.003786691204501891
2011-09-02,,0.22586946335310384,0.38149795184485263,0.44671227433508276,-0.31709176844259973,0.44812580316896816,-0.39688078138153576,,0.09038477646481406,,0.0034941449271006413
2011-09-06,,0.228283874198561,0.3849909656812595,0.44625236796652396,-0.3263463334455153,0.4482911954316087,-0.39835058021862446,,0.08170481792659784,,0.003261716265794194
2011-09-07,,0.2094623853677132,0.38204704451817956,0.45058452585090214,-0.3291957082988397,0.4529827556859698,-0.4020063174736458,,0.08362842478469625,,0.00356112802610097
2011-09-08,,0.20688112623536736,0.38120066870177016,0.45024999746953187,-0.3253541252492868,0.45475931125681335,-0.40410526446751366,,0.08528233907187568,,0.0041241316487356135
2011-09-09,,0.20380620804367258,0.38542783923085405,0.4608845019452419,-0.34001607664835365,0.4683724758673084,-0.41402292794783013,,0.08714547831751573,,0.0034090212584345345
2011-09-12,,0.20918257187680173,0.3862957165860248,0.45832860534648623,-0.3352921660978993,0.46364630088925995,-0.41268347840704966,,0.0933158588275685,,0.0025460753993885856
2011-09-13,,0.2121596971098105,0.3866813103990666,0.4573191137466194,-0.33828514926858544,0.46330924389106326,-0.41241126769511177,,0.09323121792046944,,0.0026832194956558524
2011-09-14,,0.21293149100683664,0.38881965811771046,0.4592704239397781,-0.3368121233351538,0.45538939639571974,-0.40613340430728584,,0.0886570396522963,,0.002178110980347165
2011-09-15,,0.1999398283269687,0.3823671791727025,0.46214805817054183,-0.3396994494048249,0.458566951395411,-0.40839249957998763,,0.08844514154811885,,0.002402394869671728
2011-09-16,,0.19574337856647342,0.37918455500430337,0.46497121726768986,-0.34183672442172613,0.45756462147526256,-0.407901627769993,,0.08823198524376828,,0.001979976829231932
2011-09-19,,0.21190670869618722,0.3897074601743718,0.4725480030771302,-0.3548324515940056,0.4625459759133181,-0.409768606297541,,0.09204982825040152,,0.0010228183168765222
2011-09-20,,0.2042705642149293,0.384536072244936,0.4679699318714659,-0.35667692709948623,0.46204021153402475,-0.40858374508215917,,0.09164834151573123,,0.0007857089581277503
2011-09-21,,0.1979896998660061,0.38276003661412805,0.4637689637442391,-0.34862283617949164,0.45484972719059696,-0.40442602031920866,,0.09525164237358641,,0.00040106361277452015
2011-09-22,,0.2497800384603031,0.4282976672904783,0.49377878256707247,-0.37533592759347245,0.479364652488399,-0.41062102175449294,,0.09203251123270899,,-0.0018100301295121254
2011-09-23,,0.3075727124157454,0.47859356343934784,0.48453705246822143,-0.3604155952653344,0.4569754554654318,-0.39646774588151384,,0.06416069385400516,,-0.0035461775999273094
2011-09-26,,0.3033488501837934,0.4786856067113598,0.4846668042466684,-0.3605624865307975,0.454138900143059,-0.3959280159848459,,0.06392056395956285,,-0.0033808587000832865
2011-09-27,,0.32473945978565644,0.48704714232298185,0.4999726578172349,-0.37254468150220627,0.45522560251072525,-0.3950330751312852,,0.06829587254827109,,-0.0024474651665682104
2011-09-28,,0.339331972351587,0.49463790885310416,0.5100506554471548,-0.37333904105458904,0.4652992738596511,-0.4001121994579122,,0.05568566469225738,,-0.003975243013544775
2011-09-29,,0.3392611337135931,0.4944992199305522,0.5122629823006077,-0.3732621850063224,0.4649716265885261,-0.39973696793974484,,0.05584300082100497,,-0.003896781550305947
2011-09-30,,0.3354052104062231,0.4946304069552958,0.5168718731120651,-0.3773859734509782,0.4716511544162509,-0.4036005612446625,,0.05521851798013135,,-0.03158491224716299
2011-10-03,,0.333058757720571,0.4939379855497611,0.5162060539120904,-0.3741982847566055,0.4669284472710028,-0.4029036630109097,,0.0546428466250255,,-0.028867099340124498
2011-10-04,,0.33296251745887073,0.49359288403636403,0.5164477475967247,-0.37078996520036667,0.45441988371946623,-0.393605029232323,,0.06038567416184674,,-0.03018697446021181
2011-10-05,,0.3320102267390444,0.49311452857576527,0.511064976519726,-0.368737825518052,0.4535202318585504,-0.3930589026364314,,0.06532405966854808,,-0.030460092971645862
2011-10-06,,0.3300665105705086,0.5001951580379401,0.5169667349681317,-0.37306603076523986,0.4608305457561008,-0.39404410619771957,,0.0674713822263535,,-0.02746640978924167
2011-10-07,,0.32579638922771625,0.4947197669614381,0.5163683806413897,-0.37253866736720326,0.4582988737110953,-0.3927019702796208,,0.07697020426529946,,-0.028257163187972643
2011-10-10,,0.3330548246854612,0.49757331363713675,0.5210594067958191,-0.3831802921437109,0.4672260942089676,-0.3974883162916515,,0.0766362398874711,,-0.027053215079261467
2011-10-11,,0.3348085266004061,0.496237450352216,0.5184009402729535,-0.3816722146080105,0.46553253924273236,-0.3957125620132729,0.2962872821836728,0.07002069659465811,,-0.027895691388340204
2011-10-12,,0.33749994419440715,0.4971153232352638,0.5131912158823384,-0.38658230124707804,0.46669147359438157,-0.3979167096942627,0.300674473481197,0.07516459750578366,,-0.026826644714776245
2011-10-13,,0.3401241248825076,0.5011816828952566,0.5147691798767938,-0.3857196891805156,0.4659872373150156,-0.394695098289747,0.3044597523919275,0.07371088037341143,,-0.027716622708534987
2011-10-14,,0.3430026900108144,0.5018780851072242,0.521681646506991,-0.3908608546983602,0.4706755590267507,-0.3984109413141201,0.3076216256126711,0.07236568199658723,,-0.026589168345223714
2011-10-17,,0.3435822101640611,0.5022155785157804,0.5219111599729584,-0.39179542203487394,0.47111719216259357,-0.3990252259590265,0.3111778888784185,0.07416170098241394,,-0.027119605924526363
2011-10-18,,0.3360993951800357,0.4998319972103855,0.5143170620111839,-0.3834521710886556,0.46351640802886723,-0.3946375461471168,0.3112471994805414,0.07205226791467935,,-0.026428195928799494
2011-10-19,,0.33577131775878916,0.5008542025136005,0.5173690563012038,-0.3801352272647167,0.46575134939344864,-0.39807138790992275,0.3087363299927639,0.0693039464728226,,-0.02787154638098649
2011-10-20,,0.3499024805496345,0.5032027948246304,0.5107969081959519,-0.36605999384718896,0.4495149224843824,-0.38985908458600643,0.29754686382547596,0.07004823974769131,,-0.02952000847701265
2011-10-21,,0.35575226228855794,0.5048162671766883,0.5137121942423851,-0.37622649467949376,0.4562449816740439,-0.39718477233206495,0.2961233300100808,0.07100528411919016,,-0.02716206721434664
2011-10-24,,0.35445259042809324,0.49620316677047177,0.5244976961674912,-0.3730144831940186,0.4571061004405402,-0.4020885165352123,0.29567482847445425,0.07260477824553813,,-0.024534291556576375
2011-10-25,,0.3473737059000772,0.49169457526530774,0.5218677973670947,-0.3757457657348745,0.4573476180019358,-0.4029245184101109,0.2969964177143606,0.0747270740254953,,-0.02489965941962335
2011-10-26,,0.34692081831075583,0.49013054019354074,0.5115016067894632,-0.37215892621373237,0.4594700713902872,-0.4053606834810908,0.30768269175566626,0.08602454028959028,,-0.023286691058059177
2011-10-27,,0.35210261177337515,0.4987442211545608,0.5209399869653222,-0.39635407357730684,0.47505055696653525,-0.41861667371660694,0.3310561976144748,0.1029888185591264,,-0.020927662618193666
2011-10-28,,0.3551761170316346,0.5027663526198101,0.519983205721138,-0.39633594228124364,0.47537548987166317,-0.41871108355348857,0.32771176443402267,0.0991926577245401,,-0.020300428191206116
2011-10-31,,0.35979422744438655,0.5052877472489674,0.5181914192793239,-0.40148779560538345,0.4790874368185399,-0.4243433592350192,0.33210493770015737,0.10635625885675487,,-0.028301683692849428
2011-11-01,,0.361621973213384,0.510996186930559,0.5174067484870991,-0.4102216120694987,0.4864379004870981,-0.43217492589503187,0.3460279522108575,0.11970075982424833,,0.000381570509708662
2011-11-02,,0.36164013738932427,0.5128943650010371,0.5185172657122017,-0.4137267589564224,0.49059438092492735,-0.4392964129333619,0.34709966010899873,0.11782455348313065,,0.0018963536497746205
2011-11-03,,0.34950125150923034,0.5058796997257509,0.515658280519641,-0.40807054509218726,0.4845840148718315,-0.437246072172703,0.3645414182353805,0.1256376110560238,,0.000607831425638538
2011-11-04,,0.3488538780312501,0.505348709515442,0.5154135537292415,-0.41365657423004404,0.4846019883668426,-0.4368196753308789,0.36372265217231614,0.12526475646119106,,-3.7343197449292476e-05
2011-11-07,,0.3445922741797091,0.5037842778249388,0.51383447601059,-0.41525642991718675,0.48360991355609195,-0.43640652660517143,0.36436734693785494,0.126161262716683,,-0.000476931389516491
2011-11-08,,0.34407704203965683,0.50001754560063,0.5158805812587327,-0.4211238931745738,0.4874505879091256,-0.43925267012165564,0.35954628431311714,0.11896504109964602,,-0.0013947179230283508
2011-11-09,,0.343277692532531,0.49958003110591587,0.5198469047868213,-0.4275847642032332,0.49538458911813066,-0.4485584926101814,0.36502632764193726,0.11834014944748422,,-0.0017369422643662147
2011-11-10,,0.34693676325323186,0.49871643688765654,0.5146884239617747,-0.4294681546987281,0.49310949606748494,-0.4424374973598226,0.3573260795342225,0.11795878121190254,,-0.003083950385788599
2011-11-11,,0.3416229523104933,0.493058456376838,0.5101842927337502,-0.4389450092108232,0.4947483693061179,-0.4415198468138858,0.3703639706264332,0.13732992679786,,-0.0006426851254341658
2011-11-14,,0.34054969409378766,0.4913552794603598,0.509524794643493,-0.43798237003333157,0.49350691704122285,-0.4404022766984554,0.36951672560605425,0.13479544770231655,,-0.0007286553996650912
2011-11-15,,0.3275442337090827,0.4873242844454655,0.503709985996666,-0.4288644774597048,0.4894600351276308,-0.4341134242819947,0.3663034912363086,0.13805550514625736,,0.0016167449223804366
2011-11-16,,0.3278948151669813,0.48749677846985806,0.5017777471297683,-0.42907659481087257,0.48916582574322337,-0.4343270340529856,0.3665190454442016,0.13800517020716105,,0.0013605004468972778
2011-11-17,,0.3344938948739082,0.4893771652814882,0.5053926377009446,-0.42563626872138555,0.4898103164299878,-0.42832222570866946,0.36802940903334214,0.13725245596150773,,-0.001003792060155567
2011-11-18,,0.33464424400361703,0.4897427090368092,0.5039518870130891,-0.4260409467005768,0.489643049120255,-0.4288379734788066,0.36872875626117274,0.13754927074934833,,-0.0007827913928836675
2011-11-21,,0.34590173354288045,0.4971727223628783,0.504746666583162,-0.4269148796838247,0.4947421056886715,-0.4288007612187621,0.36841467051552823,0.12974567702211764,,-0.0011469258467003785
2011-11-22,,0.3511179140078387,0.4981026420832699,0.5049716390901019,-0.42556295063152483,0.4924923551493547,-0.4275569879204102,0.3664182625866972,0.12879376146903992,,-0.00020117549758680094
2011-11-23,,0.3533337096003723,0.5007648517308936,0.5045659715736235,-0.43018956170365763,0.49293564838635573,-0.42768500202424203,0.3650380681584742,0.1265182577810309,,-0.0014890246306288504
2011-11-25,,0.35361482680114353,0.501269983523345,0.5043468795380043,-0.43014259997641846,0.49317685729233895,-0.42946019167323257,0.36334454933681987,0.12572747196632675,,-0.0015605456655486643
2011-11-28,,0.3576423843747528,0.50470992968368,0.5061758913308314,-0.4333278473479047,0.4990064280466774,-0.4319951820235877,0.36179713966861815,0.12254514364580031,,-0.0004893465802588879
2011-11-29,,0.35520661170072443,0.5019036897930803,0.5115517276343763,-0.43785843654498247,0.5017455422305077,-0.43800465769020897,0.3640475225277905,0.12177242115551325,,-0.000990730480325956
2011-11-30,,0.36541221773224375,0.5044470403905583,0.5012354318664799,-0.44068017846257684,0.5135245065150434,-0.4388583819780879,0.35946593513636255,0.11476326942183462,,0.03911336508242425
2011-12-01,,0.3663333343479831,0.5041636517097785,0.5006036286305463,-0.43937186898377617,0.5129398199388289,-0.4374319866878426,0.3564261288768501,0.11293664385520948,,0.030734392350858362
2011-12-02,,0.36684728729685195,0.503143512979658,0.5007114359346011,-0.43770352339341584,0.5121803203238793,-0.43665011971568507,0.35190214696574373,0.10920859916694563,,0.03105054795247407
2011-12-05,,0.36459003414419894,0.5021416886998954,0.5004433467243271,-0.4379773438064792,0.5128777972540521,-0.4362136677798184,0.35349519180603217,0.10987136483287412,,0.031271263240385795
2011-12-06,,0.3661034308002707,0.5011542448670496,0.5011843046973696,-0.439243705982192,0.5126701923091211,-0.43634587719413626,0.3523941894900951,0.10506647312430714,,0.030530478305022656
2011-12-07,,0.37141285688598863,0.509660884465696,0.5025537079720868,-0.4404664146317373,0.5122893801832303,-0.43638541036806183,0.35089501940077245,0.09959032671993305,,0.029902104015232953
2011-12-08,,0.37445319696123186,0.512126344532179,0.5041548794403431,-0.4417277834504226,0.5143362982360797,-0.4380697683931879,0.352039049554484,0.09833309305283447,,0.02941391528763075
2011-12-09,,0.3750545868584087,0.5138902660060967,0.5054825798931056,-0.44237583812007103,0.5159916691081537,-0.4413610822355512,0.3542922694083581,0.09945812638514588,,0.029753390779404875
2011-12-12,,0.3802774078059564,0.5145789017393088,0.5069539130876374,-0.4436443052295363,0.5201322796043965,-0.43882986800812784,0.3574386520927983,0.10859613956325673,,0.027976371800572927
2011-12-13,,0.3804508343844263,0.5140830603118501,0.5044951418301531,-0.44347701399126455,0.5203634816144648,-0.43858406150641865,0.36206737799749655,0.1103458420144949,,0.02772640656714544
2011-12-14,,0.39886169500948604,0.5252348322334041,0.517741757454377,-0.44077023344671684,0.5208112287261945,-0.4359322924376007,0.37033830254607075,0.10377150960928408,,0.026368119183483137
2011-12-15,,0.39900296656440765,0.5248416574617387,0.5176868854141105,-0.4402284806739324,0.5210953262899618,-0.43588652899421787,0.3700263438638261,0.10291705943548438,,0.026381247894633104
2011-12-16,,0.40088681463498105,0.5248959843569272,0.5157554290968711,-0.4405344045281043,0.5210374277939347,-0.4354115961050667,0.37378459965226785,0.10456476922859295,,0.026668405991373233
2011-12-19,,0.4004901643127489,0.5249220716658862,0.514999989216408,-0.4425084374456233,0.5212570101723097,-0.4365132499924299,0.37361532148518434,0.10472272030485855,,0.026037509222925165
2011-12-20,,0.4030821884249831,0.5270087855377884,0.5170458159466015,-0.445724210660221,0.5236246132895053,-0.4393237825293951,0.379223722629851,0.10679503332232265,,0.026100277061569203
2011-12-21,,0.4025221675148889,0.5260883146801718,0.5176327688074261,-0.4449157422181522,0.5236688094104494,-0.440515262318363,0.3800195803580637,0.10788423601423033,,0.026374282087083423
2011-12-22,,0.40202938846296393,0.5255881098338069,0.5184895977565543,-0.4456068861953568,0.5239660511790303,-0.4406550102509001,0.3806772733435903,0.1088169537388531,,0.026717755260967296
2011-12-23,,0.4005281691867063,0.5252063028265231,0.5184267303547347,-0.444029583626693,0.5249614023620051,-0.4426046410650381,0.3842445046725153,0.11112813692422545,,0.027052551996095176
2011-12-27,,0.3999771446793908,0.5245163404436723,0.5145443953869072,-0.4419100254738291,0.5244896028228678,-0.44389289629620965,0.38275137307079726,0.1051564123959044,,0.02602324472818164
2011-12-28,,0.4019244657964393,0.525654328454246,0.5155093788852881,-0.44522414523195325,0.5254971342983263,-0.4451405195649829,0.38652530755036835,0.10678998937701008,,0.025668329342858984
2011-12-29,,0.401750884073777,0.5265891673948228,0.5180025497372438,-0.44438289884331583,0.5259838765379335,-0.4459186599805424,0.3857032194297704,0.10600134576459418,,0.025358260362090792
2011-12-30,,0.40290358269746473,0.5273601540980692,0.5136292389372591,-0.4433858433143214,0.5246553853926385,-0.44475605156565645,0.38849379803431217,0.11089381113670542,,0.025374593712784253
2012-01-03,,0.40822447920732996,0.5321708177860321,0.5185398312344646,-0.4474387899143359,0.5273935481497095,-0.4441875333517574,0.3933260354093378,0.11344821517719468,,0.07131671643260255
2012-01-04,,0.3996812774779963,0.5301801118094388,0.5140577521993903,-0.4490781084699593,0.5260398626100322,-0.4417017660705196,0.38959889043587276,0.11425784247804195,,0.07100943353830486
2012-01-05,,0.40046852780211245,0.5311677557463574,0.513350172367986,-0.453013963276243,0.5256618088237296,-0.44121367404906137,0.38911867026744523,0.11205848683175061,,0.07078769058238328
2012-01-06,,0.40036337553645346,0.530753754666795,0.5114731900274416,-0.45000563084556755,0.5258251774319729,-0.441174573906601,0.38675536747089034,0.1092877491047642,,0.07139883088094894
2012-01-09,,0.4003937242650317,0.5300749091532002,0.5114232466493468,-0.4488914108936895,0.5256503562493654,-0.4419861669335628,0.3853964989701567,0.10793699681911445,,0.07157268168730402
2012-01-10,,0.4041688098722262,0.5333895352005833,0.5121288661866581,-0.4501000128396327,0.5264701094804443,-0.4412385081669585,0.3850978608439452,0.11304106471106745,,0.07203363063576229
2012-01-11,,0.40349035905880926,0.5320037691270351,0.5083586111387572,-0.44705741218106154,0.5264243375904323,-0.4398172935886272,0.3807767227687837,0.11154097582391771,,0.07189970466904938
2012-01-12,,0.40386852067079343,0.5315663945864012,0.5001496617677123,-0.44892953525052043,0.5241064796665637,-0.4390459465635993,0.3816105065304029,0.11084111248343873,,0.07199967123197952
2012-01-13,,0.4038703283411184,0.5312193493795938,0.5000352982360027,-0.45376024729187675,0.5241294882477606,-0.439088823862189,0.3806459679898467,0.11096358042788099,,0.07212846570646717
2012-01-17,,0.41201807563798715,0.535834385854774,0.5023470597491272,-0.45484257541327433,0.5230408489171559,-0.4326540659727812,0.3788662734327759,0.10695026874300602,,0.07230967734869038
2012-01-18,,0.41193646245091065,0.5360492982457888,0.5022801933718021,-0.4547767253203638,0.5232830500274703,-0.433397850070542,0.3791340711775771,0.10756134163141136,,0.07235375280724785
2012-01-19,,0.41108356574928745,0.5355152034286554,0.5012374193503384,-0.45876749913928616,0.5227211925951133,-0.43298496740745024,0.3806543136943904,0.11404439131154184,,0.07297507588469257
2012-01-20,,0.40581014561976175,0.5267040969620528,0.5002393218491439,-0.4578759211671647,0.5229457711690277,-0.42791915389986723,0.38938293829944876,0.13781621609176714,,0.07326198312747681
2012-01-23,,0.40782053404287427,0.5278716575146576,0.5009405897343843,-0.45892469750095477,0.52239573158966,-0.42749823886557575,0.39212230773840845,0.13910799005905405,,0.07334154889916832
2012-01-24,,0.4069540600267343,0.5281159671323212,0.5026770350289109,-0.4581828373900053,0.5219527711895456,-0.4267234829322146,0.3924178714624467,0.1394383994722705,,0.07320829126512145
2012-01-25,,0.40465473391598344,0.526983319719865,0.5004958344378263,-0.4611372587546396,0.524444319791463,-0.42900992793318926,0.38644327470964634,0.129801753085565,,0.07431242488000288
2012-01-26,,0.4074464330769642,0.5275287582275386,0.4993816915104869,-0.4613577774626092,0.5215289673163548,-0.4267596062753958,0.37956161419195705,0.12506929710884823,,0.07442303332887788
2012-01-27,,0.41169014219248795,0.5287499140115671,0.5041125910332188,-0.45896420657789094,0.5218457677499736,-0.42621106362588135,0.3824323133513747,0.12506348225186417,,0.0740550964482281
2012-01-30,,0.4107887451055746,0.5284062696632729,0.5051033905989633,-0.462235857750316,0.5256030020350745,-0.437602479234332,0.3859895326636778,0.13043651798098352,,0.07342004638600097
2012-01-31,,0.4131630363133508,0.5287351582697208,0.5024312949575005,-0.46053766633263626,0.5247475543671752,-0.43720727094071477,0.38441233178079454,0.13204825638076492,,0.07286644943598979
2012-02-01,,0.4134990306894671,0.5290953948706405,0.5052013137482835,-0.4585525614324445,0.5233178593787996,-0.4352059293758203,0.3830307162039138,0.12980395119960467,,0.10525003618634281
2012-02-02,,0.41199464701093735,0.5272979070832671,0.506116717929219,-0.4582734575787307,0.5224467373382096,-0.43340333358840344,0.3838189654526556,0.13090524750430765,,0.10495530652413568
2012-02-03,,0.404111361063595,0.5216358239369543,0.5074842637308531,-0.45813931733579055,0.5250496167578632,-0.43484452492863435,0.39215169188660093,0.14140562789570826,,0.10473766735360636
2012-02-06,,0.40560955786061725,0.5211623156301373,0.510088291194761,-0.4600929385489768,0.5247947696305019,-0.4347818521738211,0.3924039818272512,0.14083844863037523,,0.10453823853733506
2012-02-07,,0.4056553630483881,0.521386673051235,0.5108190156146546,-0.4598116154772348,0.5250318085693777,-0.43485822231731786,0.39235055343891445,0.14148611513374587,,0.10457539810205177
2012-02-08,,0.403806574623596,0.5208618209712628,0.5109433413693832,-0.4593018110510768,0.5250846863547259,-0.4339816717227549,0.3938070037118477,0.14201234575178126,,0.10462214505431335
2012-02-09,,0.40453292018702675,0.5209009567458551,0.5116476677824685,-0.46167591833772403,0.5244603157024306,-0.432221841945792,0.39529138192350377,0.14331856503401058,,0.10480904659445922
2012-02-10,,0.4070284687655445,0.5206971302842401,0.5125014034330833,-0.46831742282556676,0.524774656216334,-0.4367747341021818,0.39907022042473606,0.14872413342294336,,0.10401215079450365
2012-02-13,,0.4070570261459237,0.5205068183190599,0.5106806133326321,-0.46785528710636715,0.524197505294148,-0.4347089140188524,0.39888194749715356,0.14810175557813482,,0.10394885041321505
2012-02-14,,0.40745988274034306,0.5198157093717577,0.5139248146063855,-0.47014645642773273,0.5247071043199293,-0.43671508431566136,0.4019020321420352,0.15031564844333428,,0.10387025271424971
2012-02-15,,0.4096942332118566,0.5214321137603316,0.5133514712936483,-0.47148987284640226,0.5249354947379025,-0.43619568294769934,0.40303674108404847,0.15012197454612305,,0.10424428541502812
2012-02-16,,0.4100893364131332,0.5217422858744801,0.5147759932326537,-0.4739442559982669,0.5259483496037629,-0.43435589638837174,0.40264714230116266,0.1527098631811182,,0.10447639262434165
2012-02-17,,0.40966435802513723,0.5214577869382168,0.5117380126045804,-0.47255858369416287,0.5239224731212657,-0.42842616227773594,0.4008576027617429,0.1520970655771589,,0.10396075948317761
2012-02-21,,0.4150449462490149,0.5255324202564348,0.5150996815455414,-0.4742721466185351,0.5210056387936391,-0.4238276041847913,0.4025513386903888,0.15365522803331577,,0.10369095357267842
2012-02-22,,0.4205140520653418,0.5315813784307455,0.5552791642161409,-0.4749621180639289,0.5168893024119208,-0.41545788822732704,0.39573923199861927,0.14160197382943865,,0.10447416797863264
2012-02-23,,0.4223879262557237,0.5306872062861528,0.567381374801058,-0.47695850204328016,0.5158323690952195,-0.41193089429337193,0.3982583366903897,0.14140122621663315,,0.1047042501517903
2012-02-24,,0.42041997889666166,0.5301340541185049,0.5702687809269883,-0.4775413344218726,0.5161465605489846,-0.4094675126397697,0.4001192164817636,0.1446887342474575,,0.10469188266254636
2012-02-27,,0.4239419412935823,0.5335595548404557,0.569892796048604,-0.4811445495036945,0.5147442114377947,-0.4046184089828746,0.4007569762718495,0.1471350056894302,,0.10480647230570667
2012-02-28,,0.42474111403859705,0.5330061674252111,0.5685970566352602,-0.48091155979756783,0.5145375314427766,-0.40403374212267057,0.40129051616465045,0.14707966654479832,,0.10480555340991149
2012-02-29,,0.4222358523679114,0.5317542311453788,0.5687965862210017,-0.48212823818310696,0.5168514463769622,-0.40780159379064584,0.3987937315004742,0.1458764082292322,,0.10492573198163624
2012-03-01,,0.4230527530433236,0.5332990566333087,0.5718833741086818,-0.4823828965075141,0.5173723137593057,-0.4092778184442029,0.4014150666812623,0.1486179908300749,,0.11449226642311107
2012-03-02,,0.4244493831020548,0.5336577960137109,0.5720477995056134,-0.48266722474129575,0.5190443909789965,-0.4107778029486706,0.4045989668704191,0.14970346475065052,,0.11444047245977668
2012-03-05,,0.4250705884106664,0.5353161756798916,0.5732534244391291,-0.4819721028642613,0.5195222610955732,-0.41151945027865444,0.40445055948169134,0.14830189185800507,,0.11433530401465608
2012-03-06,,0.4349374679404361,0.544705313278816,0.5825333919571186,-0.48730512394344055,0.522060075717642,-0.41453061864438817,0.41115396378631713,0.14983284383967527,,0.11451589766755202
2012-03-07,,0.43585065493754566,0.5453609907979761,0.583148510044047,-0.4884796019254867,0.5224391740306387,-0.41515433944194696,0.41170307053878097,0.1494411206463298,,0.11449977981858227
2012-03-08,,0.4386429670983631,0.5501398782327308,0.5841323015388507,-0.4920622410909281,0.5245076745584756,-0.4160722257623057,0.40864661726935936,0.14763582686239493,,0.11510671686482833
2012-03-09,,0.4396828502310423,0.550733668865977,0.5845490127252122,-0.4817668941410406,0.5254332714779069,-0.4173802808887886,0.4097518360360152,0.14518786113431126,,0.11500392524942121
2012-03-12,,0.439862334672759,0.5510742670224145,0.5857677449176938,-0.48175103792703017,0.5253466761401744,-0.415515038181018,0.40969596832998745,0.1447872700198,,0.11496262763410527
2012-03-13,,0.4382838992801899,0.5507925671426082,0.5854652488010313,-0.48029942366096934,0.5270697023684575,-0.4165879191132131,0.4119216062208772,0.1469804706143019,,0.11488532188607833
2012-03-14,,0.43857492898337325,0.5514683728568502,0.5864426384424696,-0.4819105320877542,0.5260046124416514,-0.4160078400070404,0.39809383159862516,0.13792248135707538,,0.11484022797371139
2012-03-15,,0.43974729716342814,0.5518488488444648,0.585150360562089,-0.48655436089417453,0.5333206355086759,-0.42792621546287235,0.40588859356414203,0.14277632463454815,,0.114866239731512
2012-03-16,,0.4401810501311547,0.5569068014567445,0.5785205894730019,-0.47977837167584003,0.5311154126919457,-0.4214218073344961,0.40401817951973795,0.1475501246245587,,0.11545308913880528
2012-03-19,,0.4410397089367524,0.5579726164276909,0.5788568412980746,-0.4810939361262018,0.5314196563612584,-0.4210566533560315,0.40511228418252937,0.14948349028153537,,0.11544581305246487
2012-03-20,,0.44487702687425484,0.5633439290823629,0.5830461723857887,-0.48393989143980426,0.5351821524189437,-0.431292307072861,0.4071647748084707,0.15266949282708395,,0.1152698823533909
2012-03-21,,0.44498933755247333,0.5634069278895393,0.5829517981419226,-0.48395275508899743,0.5354627179649938,-0.431364509616125,0.40448836247713815,0.15051721183048022,,0.11527359447493409
2012-03-22,,0.44467978430880495,0.5633252844129837,0.5830175689298751,-0.49040279001404324,0.5372469271210386,-0.4302580628073846,0.4043956989530814,0.14688855872791873,,0.11526071906283268
2012-03-23,,0.4457615649678646,0.5642334515404774,0.5836936705530589,-0.49154253780640256,0.5377610539240693,-0.4316890554689571,0.40343246051687975,0.1455484873471491,,0.11522471051767544
2012-03-26,,0.44810367292405906,0.5648241294173046,0.5827177718312856,-0.4947934021513235,0.5396089365102447,-0.4325470882597672,0.4037621525765219,0.148671632445019,,0.11505768113305877
2012-03-27,,0.4476287002241796,0.5656600956645156,0.5818343920460011,-0.4961369825852555,0.5396470082878715,-0.429945327523065,0.40435251769809893,0.14850379611705414,,0.11524653617862102
2012-03-28,,0.45087861404644736,0.5670416290059337,0.5836215189047069,-0.4958317180844054,0.5399380433819171,-0.4289340405570648,0.40258514213314617,0.14582029164968185,,0.11482587655045479
2012-03-29,,0.4525333786327845,0.5696453577780687,0.5813969527554979,-0.49763248370323565,0.5422484305773192,-0.43059498722246886,0.4013129641361717,0.14428969238038253,,0.11504866364305079
2012-03-30,,0.4525190659647429,0.5697723469128394,0.5811156240649206,-0.4976040526607751,0.5428626152392096,-0.4306065431957851,0.40210527982559097,0.1457289866210111,,0.11504905094451373
2012-04-02,,0.4518345349700944,0.5707929592668336,0.585145830556095,-0.4978195407114764,0.5445569529380903,-0.4294627588310847,0.3996805092692378,0.13891857681889333,,0.10684850016540823
2012-04-03,,0.4517977984832135,0.5713311134170408,0.5849511063684626,-0.4959920020652119,0.5444929599169199,-0.4294571619248366,0.39784264723413343,0.13802677943303931,,0.10684974733893446
2012-04-04,,0.4607981422742017,0.5774131978813387,0.5879706770187888,-0.4966506322621782,0.5457336190808909,-0.43078165624130865,0.3991827536539001,0.13512414504816897,,0.10615943336972537
2012-04-05,,0.4608736501109613,0.5780006854402856,0.5882429226309727,-0.4939029373523223,0.5467713307527489,-0.4307894784496657,0.3951592118431792,0.13027456187489356,,0.10644545554775556
2012-04-09,,0.4576453129248273,0.5775715204336755,0.5878425785149357,-0.48997600936135066,0.5487744941758035,-0.4345582797941702,0.39888890185079257,0.13570309187946944,,0.10623301936512522
2012-04-10,,0.45237513838356724,0.5743699083911451,0.5869497046043959,-0.4876708962317454,0.5530686091829067,-0.4400128714012905,0.39987720249437564,0.14284132699547822,,0.10618244020320708
2012-04-11,,0.45208882796279254,0.5746630204734986,0.5857246997379597,-0.48777209414988465,0.5524878421699768,-0.4424210817313844,0.3995203278821422,0.14343566568095645,,0.10623460652588396
2012-04-12,,0.4527511924598879,0.5762936178106812,0.5844660797015778,-0.4930754227902192,0.5536097887507945,-0.4462847751417452,0.3982735245489668,0.1429515619017612,,0.10619365301177792
2012-04-13,,0.45630582095646044,0.5804787340961087,0.5872716419078572,-0.4962842719578962,0.5565261947365883,-0.45203361854365803,0.39931591869245764,0.144007796576445,,0.10606199028231555
2012-04-16,,0.45679322311639314,0.5823230278357564,0.5876577228310692,-0.4966087517025885,0.5565169580629318,-0.4524029277427497,0.39942961168539154,0.14408880236870522,,0.10606810812776349
2012-04-17,,0.45788851501847294,0.5840071565921112,0.589309829320345,-0.4965623935028011,0.556949435454419,-0.4541857946139507,0.39957422602085807,0.14322139937264122,,0.10609150346044963
2012-04-18,,0.4593471721771161,0.585607918933669,0.5882091877316271,-0.4952058029620124,0.556120044515491,-0.45267019817275,0.3989076521917995,0.14248229441110133,,0.10620311218093775
2012-04-19,,0.4593746030774617,0.5851272241528627,0.5878581385020368,-0.49479416265143855,0.5556384111339544,-0.4520717981712946,0.39916194498264856,0.14350936688499527,,0.10621968361144744
2012-04-20,,0.45948434993773946,0.583628015905466,0.5847777391418765,-0.49228325813562596,0.5528404134476879,-0.4520196861562466,0.39753266011649696,0.1354460924445911,,0.10638225435679358
2012-04-23,,0.46017041678297105,0.584141404699443,0.5831779182533654,-0.49162490316556684,0.5533968442895162,-0.45385831029146906,0.398639638556598,0.13569497969123206,,0.10622046159140887
2012-04-24,,0.4629955098525017,0.5899034699062571,0.5846174930807041,-0.4937711510706144,0.5543064592169259,-0.45271830411473646,0.3985366496419103,0.13374624198639615,,0.10645117868960703
2012-04-25,,0.46305884676044085,0.5926309635671662,0.5848725525805636,-0.49404013565300975,0.5546412881589531,-0.4533167019911577,0.39983058025301116,0.13470183428499033,,0.10643243781443609
2012-04-26,,0.468534586834113,0.5987802988823514,0.5869737156002491,-0.4991223232847273,0.5582593686123246,-0.4559425604811489,0.4027058553059804,0.13585209516585098,,0.10656410663278118
2012-04-27,,0.468362607295072,0.5992540266073926,0.5868810758958894,-0.499970817466429,0.5580144916609562,-0.45515184387724583,0.40250650498466506,0.1359098698310626,,0.10648715785442764
2012-04-30,,0.47467566069441075,0.6034430926040348,0.589903803859185,-0.5028255747213888,0.5592486772242208,-0.45471769230398124,0.4024260139218539,0.13439483531582438,,0.10671965772775993
2012-05-01,,0.47465540390101585,0.6082506628094498,0.5899413270967826,-0.5028086434906063,0.5594217696256946,-0.45657850747507955,0.4024156688008253,0.1344696184487129,,0.09902821561239217
2012-05-02,,0.47843775531832633,0.6239135968951711,0.5952516278549794,-0.5053383916301156,0.5606575785478539,-0.45894668380959064,0.4047441230082452,0.13515550269908289,,0.09890237666749899
2012-05-03,,0.47607430491198366,0.6205837251467772,0.5949381867675494,-0.5092305516238365,0.5610906819659737,-0.45999798946767156,0.40351986224008146,0.1320053196838083,,0.09928556155794065
2012-05-04,,0.46978649489624213,0.6143355919098752,0.5879017509667457,-0.5012217097128491,0.5595609802018736,-0.457255848028547,0.4011338766465756,0.1334298164630703,,0.09999212766234802
2012-05-07,,0.4690948200978497,0.6126521207393428,0.5870458837637261,-0.5005634137045822,0.5594259938675822,-0.4571028274654355,0.4007528486128318,0.1354442665521,,0.09998785850323647
2012-05-08,,0.47251580674409904,0.6140131302201995,0.5905441140723148,-0.49992543298512876,0.5588401767973805,-0.45511099733913307,0.4024895431319301,0.13637538496550855,,0.09957292371117987
2012-05-09,,0.47227315240222384,0.6144482262975798,0.5903101591648999,-0.49970957433064533,0.5586491752873576,-0.45484795982631465,0.40192494976437476,0.13502370936127883,,0.09953869621852698
2012-05-10,,0.47035773064826003,0.6088116064545669,0.5844156936853219,-0.4941618361417165,0.5573542757147086,-0.45306910289559926,0.4014414793935606,0.1393560897917455,,0.10022690886748112
2012-05-11,,0.47088149736459156,0.6123853400760406,0.584544910879039,-0.49435710530153565,0.5572234858058288,-0.4527360518821756,0.4001621582191755,0.13860106963962723,,0.10015605804913427
2012-05-14,,0.4746892882495531,0.6130043912549444,0.5856173906891323,-0.4980682145874277,0.5595059692825892,-0.45722895027331334,0.4029029010147451,0.14239543364331103,,0.09970065800187901
2012-05-15,,0.4749148581136653,0.6145174369983158,0.5882320379992547,-0.49882983835348627,0.5602685729954499,-0.45814079196648355,0.40333316951392445,0.1430376705008902,,0.09960246996357434
2012-05-16,,0.4763113290366976,0.6158060346670889,0.5889634211328895,-0.49900612884684165,0.560522360091778,-0.4581848014022173,0.40360483651702644,0.1413423135134754,,0.09949507687615504
2012-05-17,,0.47125858909650836,0.6107065776730949,0.5851312146479767,-0.5016135450181848,0.5587688128530166,-0.45429265985224715,0.40056332146893325,0.14143892777776076,,0.09975775594491078
2012-05-18,,0.4703161785609497,0.6095132890697648,0.5841406764631873,-0.5048078713040492,0.5595755232264897,-0.4564703102925127,0.4010543286163182,0.14733446387928362,,0.09988081731294364
2012-05-21,,0.4681548559001942,0.608396163879787,0.5839759750046318,-0.5092579890395463,0.5635207976956759,-0.4653365187652169,0.4033215092074161,0.15120910138413257,,0.09996295169516047
2012-05-22,,0.47272006657614307,0.6106762882007991,0.5820957764945989,-0.5038958872800936,0.5618539845798387,-0.46446252179344105,0.40260387271954934,0.15062834107659562,,0.10060167923525061
2012-05-23,,0.47604674640568795,0.6122880559214934,0.5841664918130874,-0.5056166853675584,0.5594929794171543,-0.4621395640221293,0.4058920854087444,0.15399903799759684,,0.10012911778975839
2012-05-24,,0.47709680103925406,0.6102413261990371,0.58282703106867,-0.5061455644362663,0.5599689275742598,-0.4616165351987708,0.4069906409516009,0.15454946024309002,,0.10029454247485607
2012-05-25,,0.47752335025664944,0.6105890733739331,0.5834308154846719,-0.5063237198264022,0.5596244339212899,-0.46159396040597717,0.40784559720252034,0.1548012940870615,,0.10029576426586997
2012-05-29,,0.47451147257839615,0.6085758114377431,0.5836090623676609,-0.5037512972647551,0.5597538314671741,-0.46227619901802963,0.4078940537175818,0.1529368888198518,,0.10039903044190145
2012-05-30,,0.46988124473046733,0.6059742949430609,0.5879640170426511,-0.5070928584580289,0.5623422839206547,-0.46629235798402885,0.4117965545039264,0.15850125467583087,,0.10004865524819552
2012-05-31,,0.4715679951653972,0.6055268095763987,0.5866494389156393,-0.5076173891075568,0.5606843866363517,-0.46381829684834763,0.409941915884254,0.15636500050018012,,0.08728228571004314
2012-06-01,,0.4568726300176039,0.6016686433113257,0.5876204960581625,-0.5074143252665867,0.5620175106728071,-0.46591796510265293,0.414289550512575,0.1614959754272981,,0.09968032213197327
2012-06-04,,0.45624795336593477,0.6018494102785382,0.5878991128004221,-0.5052801277506175,0.5647653385116458,-0.4659097449759153,0.4148623007834523,0.16270078321888568,,0.09968889622437078
2012-06-05,,0.4560518242841181,0.6011879899446316,0.5883701171926107,-0.5056961678308183,0.5652636881817571,-0.46513814650764157,0.41413899252419234,0.16248197859970379,,0.09964793213722536
2012-06-06,,0.45806955196547045,0.6041907334426037,0.5883941136285854,-0.5094575344801073,0.5691834208667542,-0.4692365522917258,0.41917259868849427,0.1684829215717158,,0.09938131102574929
2012-06-07,,0.454994123783552,0.6029163709206543,0.5911856930274989,-0.5081250155909153,0.568979275733145,-0.46859878099330715,0.41844360612322273,0.16857680026703617,,0.09945861868119962
2012-06-08,,0.45273819954209,0.6017603533216388,0.5915445137657638,-0.5106944952553799,0.5642154321879012,-0.46586216282548,0.4181996648574463,0.16867532288636808,,0.09898397580689997
2012-06-11,,0.45186974934798246,0.6005743830931196,0.5855405221149034,-0.5089366136862312,0.5579208768040987,-0.4573749352672461,0.41490703210640495,0.16626763273181694,,0.0990389689416726
2012-06-12,,0.4508119244268812,0.6015191673323862,0.585414104994986,-0.5100013566185627,0.5569240406116389,-0.4561536755645781,0.41407367333477674,0.16565504405942227,,0.0990580404468893
2012-06-13,,0.45083689205303945,0.6007202141229956,0.5822356213873092,-0.5093221618473754,0.5546301460487435,-0.45163155211341566,0.40660462322055707,0.16198647196617694,,0.09939609084800398
2012-06-14,,0.45098934798520635,0.5997374605065634,0.5857297237753392,-0.5145246318197038,0.554736372804961,-0.45190186919957887,0.4069354911022886,0.1611614870219316,,0.0994778433230731
2012-06-15,,0.45138891013611815,0.6001297022476976,0.5856306757249434,-0.5153026224207075,0.5553480900288987,-0.4527913664751555,0.4066830209137525,0.1579877031766035,,0.09948337959272532
2012-06-18,,0.4516837034317426,0.6002284620174302,0.585706074745802,-0.5189764512639415,0.5555332528331687,-0.45192605010350845,0.4073473516101933,0.15840721504521854,,0.0995177786087167
2012-06-19,,0.4512103050687526,0.5995883210200686,0.58654135030051,-0.5199611882842862,0.5568923708361335,-0.4540652274418468,0.4088815002611124,0.16033084463781547,,0.09956948788059367
2012-06-20,,0.45150044256342303,0.5988079856295216,0.5874007380004691,-0.5206126613186098,0.5568852446954784,-0.45090838264283806,0.40711045778237553,0.15893999113089136,,0.09939527009535393
2012-06-21,,0.45744457002003547,0.6027149700754805,0.5928623167335704,-0.5254695560430687,0.5608685980150896,-0.4562970085729827,0.4070673293758209,0.15344148371371455,,0.09886843903886959
2012-06-22,,0.4563483564504699,0.6023148582876746,0.5941176044043879,-0.5248858854768621,0.5609026881851978,-0.45517302608209786,0.40576686055411426,0.15060152776974967,,0.09901242333779596
2012-06-25,,0.4602866825795524,0.6033927022815126,0.5940793246420233,-0.5265735838567188,0.5625875697636876,-0.45719891294950366,0.4066585453110588,0.15428877314892223,,0.09905734043885296
2012-06-26,,0.4596234130394586,0.6022130734757688,0.5939099425188304,-0.5291049866163376,0.5646539070153769,-0.45821710140469146,0.40963203687194005,0.1560470565112226,,0.09918514246950413
2012-06-27,,0.45960416359383144,0.6018738627899026,0.5939353928460439,-0.5271455650976894,0.5644663534272678,-0.4573520529536009,0.4083515708590475,0.1539541365719708,,0.09918847350716652
2012-06-28,,0.4589960067755341,0.5991634094475301,0.5899559958355582,-0.5247171482872137,0.5640940291938371,-0.45326226392282604,0.4050459024014346,0.1533821832186834,,0.09942486110336954
2012-06-29,,0.47331864227840015,0.6059011807697247,0.6031190421842262,-0.5342950010249369,0.5695519594354939,-0.46147454952689215,0.41034898044599144,0.1555195697734139,,0.09849055369036484
2012-07-02,,0.4754611533919846,0.6086810335338306,0.6037271539718657,-0.5346875063461553,0.5692559869069396,-0.4608159351280783,0.4103721680754387,0.15578217200210248,,0.1050684478853925
2012-07-03,,0.47652480236779565,0.6102721361511236,0.6049346945145803,-0.5373888232605707,0.5701840122137243,-0.4609137084719253,0.4153902515134735,0.15729561942325196,,0.10496981976964093
2012-07-05,,0.4780408037924273,0.6115424098345404,0.6049538421078514,-0.5379278116457834,0.5704684831002479,-0.46169318377308993,0.4160129906941668,0.1582015349630343,,0.10481883988156668
2012-07-06,,0.48255362641575517,0.6123965084882834,0.6056566004805395,-0.5396474984910055,0.5702888881895448,-0.45901777943419336,0.4151774376464297,0.15816294046999627,,0.10454125105858254
2012-07-09,,0.4837384881317705,0.6128285966922393,0.606356956062265,-0.5396803008703237,0.5697544170425041,-0.45772198110731954,0.41534665551344285,0.15611083586908928,,0.10461653675777671
2012-07-10,,0.48502499958148915,0.6127919400551323,0.6061271584634469,-0.5405427901024344,0.5698661587469632,-0.4579545167840839,0.41466054662267116,0.1549873978028718,,0.10462250875928185
2012-07-11,,0.48349483033661717,0.6128161234220492,0.6077558943307149,-0.538203212635034,0.5697371978009613,-0.46091279354790393,0.4145594486862961,0.15698726086702863,,0.10457431843004655
2012-07-12,,0.48409662930725245,0.6174633585385606,0.6071166909623947,-0.5394976453909497,0.5699062903294398,-0.4611885559451462,0.41492632159302023,0.15720386936533212,,0.1044648804539464
2012-07-13,,0.48749117646803886,0.6176533964032696,0.6084997638332456,-0.5413426922294149,0.5722894484670228,-0.46421880266729737,0.4169186037730582,0.1587591358106789,,0.1042970010454377
2012-07-16,,0.4875737087494733,0.6173445677162218,0.6066057020141086,-0.5401833584829816,0.5720877151828461,-0.46376295442720417,0.4182678307337821,0.16176907279807823,,0.10423591178912746
2012-07-17,,0.4879576852205991,0.6190806683403021,0.6059098554524817,-0.5401884928553831,0.5711964190602671,-0.46331229467189555,0.4168732546468324,0.16091439918890524,,0.10416909473172924
2012-07-18,,0.4868729418930545,0.619489318657631,0.6050872436077279,-0.5393241252088782,0.5700772576774468,-0.46174408458696764,0.4175284495783147,0.16328986457020073,,0.10421546833097349
2012-07-19,,0.4873360217150932,0.6189523749582097,0.6075870537313637,-0.541934278268496,0.5697513448685424,-0.46288193093792085,0.420328575677438,0.1649341646334427,,0.10422009091890243
2012-07-20,,0.4849863065174789,0.6159928972205923,0.6102066292317421,-0.5534006979806574,0.5740929412688099,-0.46771129952447904,0.4266832034158202,0.17189647110843873,,0.10389860830121077
2012-07-23,,0.4845470976632692,0.6159333729996264,0.6117210661808457,-0.5546727894708041,0.5750076500240633,-0.4706263390925665,0.428289906205718,0.17442829085361614,,0.1035707909090104
2012-07-24,,0.4846425943613097,0.6161197084030197,0.6112941288771149,-0.5551886432700457,0.5755298458973196,-0.4724521255274745,0.42900493817154006,0.17435028592993973,,0.10349030880751052
2012-07-25,,0.48488425930273504,0.6162005828166502,0.6116957778637004,-0.5533711670013374,0.5772891392543086,-0.4758684610416209,0.43274371292064284,0.17535670161031228,,0.1035548965024686
2012-07-26,,0.4851089329088635,0.6161582944588246,0.611973678853164,-0.5530228120391819,0.5778028448889818,-0.4764324929733631,0.434131547965968,0.17559598434041304,,0.10364021911486328
2012-07-27,,0.4852764315555305,0.6174635360066618,0.6123917833833779,-0.5537527663965026,0.578789557292745,-0.47787996788146003,0.43522102940827423,0.17850862970555845,,0.10363108512114892
2012-07-30,,0.48522802919900404,0.6164271165958989,0.613959450862066,-0.5540905501153004,0.579357285404833,-0.4785050218620541,0.44066702461448154,0.1830801478395348,,0.10359850028104524
2012-07-31,,0.4844150197566671,0.6156111777706683,0.6120690718545123,-0.5530000810839598,0.5789378112032457,-0.48130761520134896,0.43906698745981143,0.18006764325183247,,0.1011994145247252
2012-08-01,,0.4860389962774239,0.6170283729058108,0.6103422932025955,-0.5539003389415432,0.5818141849215426,-0.4811097994124696,0.4381242523955604,0.17856531492156474,,0.10518328362602986
2012-08-02,,0.4914724597854673,0.6257008862624537,0.6110848117721485,-0.5605891602116356,0.5840695450868302,-0.47749242122132896,0.44006704845084604,0.18506816368452603,,0.10491788514675833
2012-08-03,,0.4932307716276024,0.62595768790474,0.6141406629956241,-0.5626650865808697,0.5877546583324229,-0.4807462327862006,0.4407699778948738,0.18069861476479948,,0.10514086982368741
2012-08-06,,0.493783217022615,0.6238483726743685,0.617497210896235,-0.5747330791037608,0.5895741093548056,-0.4810512760338575,0.45339431213567843,0.19148918926401912,,0.10577973548723058
2012-08-07,,0.5222021085099335,0.6388891993522207,0.6110389854031105,-0.5759391029378452,0.584756220154344,-0.4696779034495267,0.4428327044076893,0.17828521440111927,,0.10683493691498362
2012-08-08,,0.5228031921867765,0.6419244429364499,0.6140152269152162,-0.5760828728421848,0.595956068185157,-0.4832820716448103,0.4496577544266348,0.18602359715829503,,0.10677141828684104
2012-08-09,,0.5336513652584155,0.6515360822997697,0.6307735822519728,-0.5766617587967632,0.5972011179047126,-0.48041626509670043,0.44808553806312057,0.17805550273549792,,0.10717161022120535
2012-08-10,,0.5455168653437658,0.6585691381013201,0.6269606767508441,-0.5789714887197009,0.5922217828344861,-0.47512486107857316,0.43969350219061965,0.15867960882000084,,0.10737463802584879
2012-08-13,,0.5462080621003412,0.6588034283609967,0.6267209865849381,-0.577278088781493,0.5920309837724421,-0.47133381824585363,0.4417772064717895,0.15862511139000876,,0.10713863196531913
2012-08-14,,0.5456720789210953,0.6587169254621348,0.6276285597058014,-0.579560672778742,0.5932295016872301,-0.4706535263092267,0.44031640263323796,0.15718805116729034,,0.10711988380978225
2012-08-15,,0.5489755338637532,0.660204050933765,0.6267842526216608,-0.5792982522227488,0.5927844255721167,-0.47012133375274606,0.43754039681379014,0.1551965169557804,,0.10721349574653308
2012-08-16,,0.5492365428503684,0.6602918284586753,0.6269501168286753,-0.5794430318754717,0.5934726435262092,-0.46987000655184774,0.44051200079947506,0.1585411302014305,,0.10720778124807989
2012-08-17,,0.5545041545892617,0.6614085999413734,0.630682423047915,-0.5762854881705114,0.5985534025495186,-0.4757277911700756,0.43727632963144375,0.16527552168086881,,0.107476959987816
2012-08-20,,0.5537395737591156,0.6593199749234038,0.6304341828031776,-0.5743324542233202,0.6016278886746413,-0.477027645094237,0.4371784397321973,0.1674774481912525,,0.10724293652275672
2012-08-21,,0.5602314256598417,0.6631623766124083,0.6333236933482206,-0.5771960902334794,0.5977651605924753,-0.46923488150470327,0.4356145586545691,0.16514798236958989,,0.10715357740964901
2012-08-22,,0.5641919425698724,0.6661495917628324,0.6327856722027488,-0.5757572910722928,0.6010744149235222,-0.4694880750798849,0.43250151746188403,0.15974675303252114,,0.10714443608285838
2012-08-23,,0.5850722856764744,0.6773322536076586,0.6308114889321216,-0.5762350675168819,0.5994419877061606,-0.4665847478187246,0.4330093583657187,0.15733083676093956,,0.10715319507160413
2012-08-24,,0.5853898942603534,0.6753548900880272,0.6319999234506718,-0.5805169069250714,0.6083519096916344,-0.4759413625064762,0.43674507727253725,0.17160314451151232,,0.10722257722841566
2012-08-27,,0.5862210267897533,0.6748136850162542,0.6319043706937288,-0.5810444201990864,0.608800889032238,-0.4754549184137844,0.4375291090919959,0.17092092225786107,,0.10719448245243483
2012-08-28,,0.5862727184776132,0.6748862398200076,0.6333855252098867,-0.5800526596013421,0.6159421201766982,-0.47794683539117994,0.4399985688680248,0.17295640749034927,,0.10717611522099364
2012-08-29,,0.5865337988508182,0.6745646112113745,0.6329084813278392,-0.5814289194450717,0.615946005304474,-0.47870383167383246,0.44494149750729467,0.17684883165717713,,0.107139830879533
2012-08-30,,0.5871309053907254,0.6747125264447269,0.6341594787234001,-0.5838848867557358,0.6158519157740309,-0.4780859324039263,0.4438544067008472,0.17362821847780804,,0.10710130417034516
2012-08-31,,0.5862837213457941,0.6738328743248261,0.6341920236357587,-0.582931507714999,0.6155042950290378,-0.4782208534533914,0.44116147020656943,0.16921749564656008,,0.10483723254352689
2012-09-04,,0.59406415019566,0.6780898260825511,0.6335674422870748,-0.5823833298167481,0.6178797082771232,-0.4769749013731407,0.4430825128693815,0.16757267108302426,,0.10584608174206092
2012-09-05,,0.5931469359271428,0.675646018249357,0.6324564082137782,-0.5832628754685679,0.6152839931840283,-0.47464884036857086,0.4429616965341428,0.17157133427249122,,0.10598480455667621
2012-09-06,,0.6083433768078504,0.6772892839676994,0.6308294948551164,-0.5809279151134631,0.6099671020078622,-0.467724967379889,0.43851020380780076,0.16678227990825276,,0.1060719921236403
2012-09-07,,0.6148564866251917,0.6797380491032753,0.6298534179683514,-0.5931495409874302,0.6094510132734802,-0.4725169793345171,0.4351290829911155,0.15937438900797568,,0.105490259524452
2012-09-10,,0.6177898560408611,0.6787413967326289,0.6270166032548918,-0.5857039862295942,0.6009345565865348,-0.45734121815986495,0.4311181815664068,0.15583085831253282,,0.1063109203365255
2012-09-11,,0.6189704244797429,0.6787204045590846,0.628824089777819,-0.58445385962805,0.602565938704179,-0.45718563591498346,0.43198913245799236,0.15762175796802189,,0.10642016163097429
2012-09-12,,0.619368083620079,0.6794739362827869,0.6302732878095357,-0.5870488354415091,0.6029064213091269,-0.4569840902859887,0.4311630120235444,0.156672194560709,,0.10640672952292393
2012-09-13,,0.6181335175377701,0.6768739149189448,0.6291814797254741,-0.5883490654477976,0.6084286752758234,-0.4608280236449444,0.43290951708663894,0.1574920756689087,,0.10669912750743892
2012-09-14,,0.6258121931593617,0.6772028246211891,0.6278617327045429,-0.589373155157458,0.6054264149746558,-0.4525611307739396,0.4383058523175564,0.14957695247466526,,0.10632195241646532
2012-09-17,,0.6300450342949838,0.6811595243880296,0.6281624131845986,-0.5895509996522629,0.6065511655611733,-0.4533478409229861,0.43889288857241193,0.14828398666919268,,0.10625509052708813
2012-09-18,,0.6258991339482625,0.6771840807635866,0.6238296382101988,-0.5827026983242456,0.6050780289102774,-0.4504253407841927,0.4285225348240921,0.14246264343770731,,0.10729118083339388
2012-09-19,,0.6324728873570499,0.6816233927947513,0.6198880780984475,-0.5875257868956146,0.6050891770273706,-0.45082669658163,0.4283783993892726,0.13887323348501512,,0.10750886514394448
2012-09-20,,0.6322812930368886,0.6802224399934709,0.6214384079910427,-0.591156355560223,0.6191946828556203,-0.4587123143188452,0.43217922529838537,0.1352537443633429,,0.10729905517822826
2012-09-21,,0.6169718130745844,0.6601837424319656,0.5998776921479653,-0.5759339103392247,0.6018352956403037,-0.4497674671771881,0.4067495030029677,0.13643006131738938,,0.11115384656856857
2012-09-24,,0.5951313387675399,0.652493012764744,0.6078558306836428,-0.5923598496993001,0.6217537382232925,-0.45965395659548736,0.442026792947459,0.17285557185078113,,0.11376683134079273
2012-09-25,,0.6014836286590155,0.652275271544776,0.6070215372747951,-0.592130108155449,0.6234735508001987,-0.4562701374497346,0.4430984316425751,0.17262227379707482,,0.11377338056305834
2012-09-26,,0.5908289214866602,0.6436836566304002,0.5971903153070989,-0.5844137991613413,0.6240655885584817,-0.45994136210798175,0.434139623458407,0.1758243914318674,,0.11464093183363366
2012-09-27,,0.5842189129325079,0.6364682993265947,0.586996234618305,-0.5869320512720837,0.616884368432333,-0.4541050289556788,0.4409073461180613,0.19357978840448156,,0.11742435160152094
2012-09-28,,0.5835017088321331,0.6365437306794461,0.5875587505436174,-0.5844215587876133,0.6163589887645886,-0.45256766373652707,0.4412592814552417,0.1940129823033448,,0.1174358318151203
2012-10-01,,0.5883757870098487,0.6363773901048396,0.5820623226188818,-0.5801195714312266,0.6109672624838983,-0.4458461733560369,0.4398806705790421,0.1954969316964139,,0.11928723163214466
2012-10-02,,0.5926236970106576,0.6377583973464822,0.5826358624894168,-0.5851727202519016,0.6188553634244056,-0.4461967764650037,0.4439553170157203,0.19518137991770576,,0.12032496902011532
2012-10-03,,0.591249479527573,0.6362849898887343,0.576374704820829,-0.5849863916628315,0.6311636802792369,-0.45416059991021646,0.4441908951163415,0.1940195454270346,,0.12049871315047925
2012-10-04,,0.5923633492173879,0.6365574139046153,0.579918598187698,-0.5853739106054195,0.6336946309811009,-0.45444161113473214,0.4480789883490645,0.19520686450398664,,0.12049763224406529
2012-10-05,,0.5942105282248936,0.6277858423230094,0.5706605223887188,-0.583827923101975,0.6287031270370628,-0.4545097728897316,0.43834441140980207,0.19306620972247096,,0.12196446195778353
2012-10-08,,0.5970045604975981,0.6342706362681727,0.5707489474573091,-0.5857875729402652,0.6316775734060301,-0.45646085840116396,0.43596859587270625,0.19121885312691342,,0.1217889199055188
2012-10-09,,0.5920267233143661,0.6310010981459945,0.5619852538646533,-0.5786046396606096,0.6256826843309461,-0.4503287258904814,0.4369700529845413,0.1915610839633041,,0.12240991856426632
2012-10-10,,0.5916302912645139,0.633208199690422,0.5647906498947898,-0.5809880136171238,0.6272480020366404,-0.4520378842883999,0.44887685041778974,0.20317133712513444,,0.12284496463777407
2012-10-11,,0.5891869951389512,0.6306053527607213,0.5699040028500083,-0.5765235107855611,0.625607423554575,-0.4508349690656801,0.4434924084028686,0.1998414200755538,,0.12353806653154131
2012-10-12,,0.5887083776682414,0.6275301207231233,0.5676957452768313,-0.5780387342572935,0.6267873369036524,-0.45535394696618575,0.4402409306989721,0.2032493495048352,,0.12401300429944058
2012-10-15,,0.5867635389268808,0.6253251119720665,0.5624586997846374,-0.5755581558567096,0.6217518820431852,-0.4500930528054701,0.435668736881331,0.20201872186397515,,0.12475617049473306
2012-10-16,,0.5861828167077509,0.6247048527540878,0.562180123690096,-0.5735441095949672,0.6211796235977566,-0.4505927338931038,0.43309037141863604,0.1985120161608415,,0.12483923502001398
2012-10-17,,0.5866517557486,0.6251153649695396,0.5654194948561889,-0.5747398104472746,0.6286064609958117,-0.4522665327411214,0.4347877421142775,0.2011459568066532,,0.12476588338458094
2012-10-18,,0.5883536340209603,0.6241452350655232,0.5607460159729726,-0.5786108038929813,0.6253280101368089,-0.4468300504041123,0.4387664927269021,0.205048564351048,,0.125616452999779
2012-10-19,,0.5839179951986931,0.6248243644043964,0.5724783249909299,-0.6027526933050714,0.6536437785125356,-0.4638809531910331,0.46171514572136607,0.21448751736295335,,0.1286347065620503
2012-10-22,,0.5815746397558889,0.6219432150854971,0.5687120516438547,-0.5950885777955605,0.6481355530952897,-0.4546322621663319,0.4638328567796583,0.21382221314602465,,0.13112195486834138
2012-10-23,,0.5904383565967968,0.6349480769647066,0.5548881337873199,-0.6048782397092534,0.6543403271458036,-0.4575145106332322,0.47174528798741006,0.2202951907340391,,0.13567046068701774
2012-10-24,,0.6031846808432673,0.6446357265950251,0.5590655822677251,-0.6043790755743971,0.6557344752117562,-0.45651475451217594,0.47141663949694756,0.21772635807875015,,0.13575174828609612
2012-10-25,,0.5998475682731502,0.6438285707652297,0.5742505283047247,-0.6054848257105138,0.6537636746243958,-0.4532179227760203,0.46570190635253805,0.21207869748614755,,0.13615575836510768
2012-10-26,,0.5997229230797083,0.632725439156477,0.5603643111793316,-0.5831930926743873,0.6366990192432551,-0.4347430552167924,0.434598365296452,0.1848859964620654,,0.13971989041319283
2012-10-31,,0.5982345401754646,0.6307591116499137,0.5605084068332614,-0.5822289994356719,0.6362721104029062,-0.43556625966830415,0.4402045569868903,0.1903310494200431,,0.13960375793269683
2012-11-01,,0.595242130531838,0.6278810201822879,0.5626010987192189,-0.5781601668907391,0.6339906165666612,-0.43017155789387274,0.43491526459037333,0.18033369598487559,,0.1433003973591465
2012-11-02,,0.6000965312152474,0.6233475704753191,0.5670755667864051,-0.5692711953003868,0.625707555369473,-0.4193878326410133,0.4140168745019928,0.14956979530639083,,0.11880253367763707
2012-11-05,,0.5976526056754794,0.6188057171943713,0.5673587503643494,-0.5680269948105758,0.621822727147495,-0.4166305317965333,0.41531923907642093,0.15495758817876484,,0.11944916904446753
2012-11-06,,0.6013203112713227,0.6200497808866302,0.5682315280562595,-0.5692164300846139,0.6262477132958266,-0.41825468951774364,0.41767002569054207,0.15711586801597097,,0.11930154366946429
2012-11-07,,0.5995196374971224,0.620163646897787,0.5712922339428329,-0.5688615516267017,0.6281544077553892,-0.42231184764013974,0.42259629004135546,0.16333190180114107,,0.1190563723684974
2012-11-08,,0.6079048137878679,0.6246674122069716,0.5745770778967005,-0.5685836447237114,0.625013915385361,-0.42345764033517386,0.4212800842312762,0.1584664858857079,,0.11898410979688938
2012-11-09,,0.6074422378931364,0.6235492620477352,0.5735258842028182,-0.5699105315489326,0.6263760528501591,-0.4250017617063742,0.42342577027001244,0.1585925857773741,,0.11897417701157464
2012-11-12,,0.6086576180520571,0.6209218350955816,0.5722586435979404,-0.5625798321807435,0.6216933154725768,-0.4132409863968006,0.41448280418150646,0.15841765437127656,,0.11951094079209985
2012-11-13,,0.60540800235077,0.621413299071306,0.5826613802635651,-0.5701224343287462,0.6290971574957654,-0.4248745970816442,0.4301971778857157,0.15938125515289636,,0.11982559724116107
2012-11-14,,0.6009225610914594,0.6190758702065764,0.5800162563233875,-0.5635104406500422,0.6228356982599127,-0.41948024852102594,0.43241673149175963,0.15834563585980063,,0.12068068290427211
2012-11-15,,0.6008660673107201,0.621605053352758,0.5805817146233908,-0.5708762197799797,0.626242682907636,-0.4210234853796919,0.4330495635713209,0.15727505016143717,,0.12074306441995804
2012-11-16,,0.6006697648765773,0.6215904741797129,0.5788909859580791,-0.5730054710103433,0.6253459659572436,-0.41803196544366655,0.43298644874171666,0.15657249293593478,,0.12078257306103361
2012-11-19,,0.6025956959902699,0.624001219285915,0.5897806709821403,-0.5755777487374799,0.6312369191806183,-0.4216134694368371,0.4347753052611784,0.1611417064002675,,0.12019835170671107
2012-11-20,,0.5947877426430489,0.6165521830973459,0.5810939140948795,-0.5774361970341046,0.6256270536764601,-0.42067620253675897,0.42756901757460875,0.16359657440051537,,0.12098930551918285
2012-11-21,,0.5940478969711813,0.6154144561248736,0.5822416187776226,-0.576765497752378,0.6254709965424429,-0.4204100488284806,0.4255666498957309,0.16236608460639096,,0.12104627139215246
2012-11-23,,0.5864967887785173,0.609665777778242,0.5857633895442278,-0.5750481834961183,0.6192646052822648,-0.4200008886496525,0.4218353699360154,0.1683780931044195,,0.12183112005001005
2012-11-26,,0.5855584013279529,0.6126513755574161,0.5846972710617592,-0.5748406931554799,0.621117975027928,-0.41896365583175316,0.42283404130618574,0.16955361733351607,,0.12195642113971786
2012-11-27,,0.5853991498329366,0.6101094957217588,0.5825391437141468,-0.5719114767560016,0.6188685051727432,-0.4160284236630235,0.4196552450297207,0.16411891691464714,,0.12217835478540033
2012-11-28,,0.5847026410898616,0.6114958893336807,0.5833152586200461,-0.5737692324837419,0.6169619719405125,-0.41522782086262583,0.4244229405825114,0.1666439585224147,,0.12217381178136566
2012-11-29,,0.5814545438043769,0.6081075444819469,0.5838589618705609,-0.5717171026394379,0.6099293242470453,-0.4115534725058292,0.4275946080023633,0.1689051569433609,,0.12266155566572702
2012-11-30,,0.5772881908162188,0.5998620943626735,0.5844932877645401,-0.5713538700512861,0.6089913131757512,-0.40714377900312515,0.4258350875319904,0.16844897112369037,,0.12251871374521277
2012-12-03,,0.5713674118667292,0.5984623694065968,0.5955842616092015,-0.563007178212939,0.5803670647788736,-0.3954502031893405,0.4170103465787335,0.1637033598355816,,0.12666330660840344
2012-12-04,,0.5693753905040464,0.5973977916976156,0.596189037436435,-0.5635569980616076,0.580349256594553,-0.3967359624549396,0.4220140849918262,0.16721661851213718,,0.13484180408585136
2012-12-05,,0.5677477975461465,0.5990696537782781,0.5940933833543217,-0.5677797267000793,0.5816864147258152,-0.3988840981696978,0.42959417803884337,0.17289372579770126,,0.13501626130247468
2012-12-06,,0.5688138882335276,0.5994839976732285,0.5956553101716673,-0.5694484984051218,0.5789727022659105,-0.39976694969726345,0.4292679884034766,0.17454253066952405,,0.13502527244616808
2012-12-07,,0.5691600107121324,0.6020821096609259,0.5965014332795568,-0.5700907384269659,0.5800566578323049,-0.4001938027957414,0.43353881559120216,0.1772107983556557,,0.13508133098002983
2012-12-10,,0.5715919239507669,0.6022605616562728,0.5946612748258587,-0.5705808412438086,0.5797760370221832,-0.39864355009623204,0.43195470670106134,0.175805579493687,,0.13488595497339423
2012-12-11,,0.5688745854169793,0.599918086197412,0.5918838769128926,-0.5664874734118286,0.5755107823144743,-0.3945788679909439,0.4279879945408016,0.17747150900348296,,0.13514931787652287
2012-12-12,,0.5700619428913656,0.5984744885526508,0.5914806517277146,-0.5662477222197719,0.5721118725405074,-0.3877651483504581,0.4248881482152426,0.17543365139526562,,0.13545157737692334
2012-12-13,,0.564208431129414,0.5948902899849577,0.5902641552402609,-0.5570286199578248,0.5674718087517935,-0.3955594961026536,0.4176339240946542,0.15760709819519728,,0.13605595684156982
2012-12-14,,0.5639036522868841,0.5957946199226292,0.5960931527597801,-0.5584204094344785,0.5656345338961097,-0.3950100444064664,0.4159223569669629,0.155792070550016,,0.13603353323754358
2012-12-17,,0.5369776536512127,0.5732449713338637,0.5771685682904895,-0.5605805613577067,0.5571475419550415,-0.3973174542037278,0.4067993562645264,0.16238020499691525,,0.13918666039937402
2012-12-18,,0.5357453971704276,0.57429822986647,0.5760159182969764,-0.5612733890271655,0.5542385140850499,-0.3968903794456393,0.4041605355487038,0.16240392391298997,,0.13918736841113696
2012-12-19,,0.5323308577882253,0.5746611023395886,0.5734695755673301,-0.5616186686257592,0.5563104686258968,-0.39876526639119403,0.4149492352681849,0.1674629699526198,,0.1396398386039534
2012-12-20,,0.5358418083630746,0.5791506100020533,0.5692448763931447,-0.559790511095083,0.5498848603870302,-0.39829527905544765,0.41222532772352394,0.1682191952714954,,0.13917674195903054
2012-12-21,,0.5336031520296237,0.5773654089854654,0.561096443194025,-0.5526500225214298,0.5415076684684638,-0.3937833407093982,0.40219089975719363,0.16444124048236922,,0.1396071404734108
2012-12-24,,0.5343320830736702,0.5795621279235934,0.5601537040099832,-0.5540195776237508,0.5417888305747788,-0.39236383934242314,0.3999851222193471,0.1616381651031096,,0.13968322929163585
2012-12-26,,0.5340524822940069,0.5802346007885196,0.5621404046800976,-0.5529510610111661,0.5372241571367504,-0.38379260712684643,0.398600010860257,0.1593718470076181,,0.13942950111415925
2012-12-27,,0.5367645487400785,0.5814522891783396,0.5630547341710754,-0.5557431476952527,0.5347979336493932,-0.38331345091863156,0.3930425651183015,0.1557619612561931,,0.1398402337346067
2012-12-28,,0.535854289149853,0.5807739850129738,0.5713183392075626,-0.5615874035083476,0.5355632365187633,-0.3780820526401203,0.39231334753474256,0.1593705154884453,,0.14022616575547567
2012-12-31,,0.5360107510357147,0.5801147753098173,0.570575314646303,-0.5561569040032475,0.5372491873453983,-0.3823449352822874,0.3913018389868249,0.16230928318264293,,0.13992703084800148
2013-01-02,,0.540168735898514,0.5834850222022684,0.5723552801416789,-0.5514941866040406,0.5453692108385002,-0.3933093770879441,0.3984372575042517,0.16967443231334417,,0.13734035310284912
2013-01-03,,0.5367403571971062,0.5814159015877675,0.5774978125527056,-0.5489639148146582,0.5514474810668873,-0.3977195099476464,0.3993581952201536,0.1672694736079154,,0.13789382322374952
2013-01-04,,0.5294000259664956,0.5730054385327366,0.5689321212945582,-0.5429556336173458,0.5435216753924764,-0.3965778861414991,0.38946416145273355,0.162553057565042,,0.1064881591492824
2013-01-07,,0.5404738159295656,0.5711888638239404,0.5749543022000011,-0.5360034699445099,0.547961885789061,-0.4040524927790959,0.3995670606114894,0.15720573126598997,,0.10740875536089807
2013-01-08,,0.5395272249930956,0.5707229816150713,0.5751895259980971,-0.5418313816061852,0.5482969876424043,-0.4044996334005782,0.39956701645052145,0.15692678951664282,,0.10741168381628417
2013-01-09,,0.5396108765515579,0.5728028126815926,0.5753264247320705,-0.543036491917828,0.5486232301115551,-0.4044015707046989,0.40031892680095027,0.15689273887848124,,0.10741128863247927
2013-01-10,,0.5406569272095895,0.5745788053726217,0.5758849195299062,-0.5444597708816888,0.5503647276164702,-0.40452647637671973,0.40203327762995494,0.15765944800342896,,0.10736674733242685
2013-01-11,,0.5379015745603867,0.5697123327809152,0.5755571779351425,-0.5392917938656536,0.5466662777979855,-0.4042715051318598,0.4040134724559911,0.14879903730635682,,0.10791715042469338
2013-01-14,,0.5360148823241516,0.5659737041398948,0.5779032837078557,-0.5468944466561045,0.5472763417558982,-0.4056714420022532,0.41027229282935324,0.15122251184858135,,0.10793885958244293
2013-01-15,,0.5365770604039283,0.567525136155917,0.5932994566627428,-0.5388715184253343,0.5504116369750437,-0.4059136839220442,0.4085384952918022,0.1521192692808407,,0.10885817163362725
2013-01-16,,0.5364121421726822,0.567303010576747,0.5904634244100188,-0.5412879277058668,0.5499360059713464,-0.40500671530929155,0.40932816500801705,0.1504565511729574,,0.10876241009956437
2013-01-17,,0.5317516540651994,0.5648380127337223,0.5884400486111079,-0.5404971514947259,0.5523134057658788,-0.4143036416203327,0.4159173320590414,0.15845264017412058,,0.10925059154414864
2013-01-18,,0.5310890918275633,0.5644745888351967,0.5887032840793766,-0.5374082780196495,0.5523657325924528,-0.4138537540272722,0.413726856787363,0.1568584508316777,,0.10926216763039759
2013-01-22,,0.5339625915548276,0.5662743416961531,0.5908046585058654,-0.5357337228595807,0.5521019115300125,-0.41181989598977053,0.4094570368473846,0.14435908395728358,,0.10940335038392726
2013-01-23,,0.5384685515782038,0.5800692172734944,0.5889558857049676,-0.5369951909868886,0.5531986902405868,-0.4201369899258067,0.41722277723246537,0.14515933624161345,,0.10966800801832985
2013-01-24,,0.5362968524977377,0.5772553222160416,0.5873156737968512,-0.5339982051000132,0.5545288997929864,-0.4228706076759231,0.41486481702519196,0.1430840921379296,,0.1098849145297172
2013-01-25,,0.5383396368892454,0.5785793379736526,0.5876222890584134,-0.5327735549949018,0.552843496725192,-0.42340928063582306,0.406010434893535,0.13956953365047722,,0.10981523906841745
2013-01-28,,0.5393364398327838,0.5784694873974559,0.5875385620292731,-0.5321513993213217,0.5520407318705229,-0.4215677178058692,0.40968026646581734,0.14737674926076055,,0.109839439096579
2013-01-29,,0.5358171473478123,0.5770084918655858,0.5896000336368419,-0.5324385987040982,0.5600617486122799,-0.42508258800611637,0.4234664948913895,0.15557958775852312,,0.1101843968536819
2013-01-30,,0.5390684323274447,0.580675149848618,0.5887991340602634,-0.5391836528127687,0.5548962439065521,-0.4164127606798683,0.42368766683716064,0.1534224075502589,,0.1098770442166151
2013-01-31,,0.540463597551647,0.5801983115945502,0.5885925332208853,-0.5369581937411017,0.5550638006753339,-0.4143513356979124,0.42031004650119663,0.14769751302712975,,0.11019942090904697
2013-02-01,,0.543001551227121,0.5816411750964022,0.588082991825679,-0.5363802156422606,0.5574468654522258,-0.41829534779734656,0.4200568517442417,0.14728500061815591,,0.11012409859284468
2013-02-04,,0.5414704512773892,0.5803948547079566,0.5919288805968873,-0.5338979381258059,0.5550001758426416,-0.4158295200871175,0.4181075412608724,0.14854423337519268,,0.0910904275366519
2013-02-05,,0.5461584709439844,0.5854673894774426,0.5905028127236869,-0.5347699364855774,0.555713300634432,-0.418975710687468,0.41675038832287753,0.14643456378270808,,0.09156952072143906
2013-02-06,,0.5627385345370333,0.598702822681786,0.5888990256104196,-0.5407324870640489,0.548418020699568,-0.4157185113099203,0.4026032787012355,0.12703812123410033,,0.09210438561369813
2013-02-07,,0.5618121084435409,0.5994123386818921,0.5883557458564056,-0.5392438846022444,0.5488485994648193,-0.41472443645886664,0.40102048577810206,0.12354849637301936,,0.09226894008347869
2013-02-08,,0.5611498037799979,0.5989406417745444,0.5876863093021261,-0.5395374196510425,0.5495651937866471,-0.4155943640829979,0.40091846044819096,0.1232128830994995,,0.09225924850993715
2013-02-11,,0.5665040375949558,0.6031911505904551,0.5838107056345119,-0.5405479794773087,0.5493439188192234,-0.41676879881308637,0.4008379100002706,0.12376424957238759,,0.09202637811971137
2013-02-12,,0.5657357749588643,0.6037556224953631,0.582874222679973,-0.5415062338777711,0.5507463041034047,-0.4211087145516839,0.39626256013207406,0.11866263003974185,,0.09218593690634791
2013-02-13,,0.5643877806333735,0.6059891839567813,0.5827956111175218,-0.5341950618391444,0.5490414485509331,-0.41189580808448795,0.3861582559661152,0.10279681071070502,,0.09349713931361373
2013-02-14,,0.5644273686560307,0.6060032998067298,0.5877832432216953,-0.5346464413948842,0.5513104828519998,-0.4158367233748913,0.3873045211585479,0.10408638701858515,,0.093592870674902
2013-02-15,,0.5611655421605196,0.6045454855296141,0.5867847566322021,-0.5351123364235016,0.5512158555911502,-0.4152958692429075,0.3861591727143892,0.10163679126299398,,0.09372831751508426
2013-02-19,,0.5606769786557386,0.6054682801575717,0.5800159171777292,-0.5286020663945078,0.5405517315978534,-0.4114041591569443,0.3806487972175592,0.09904623456929443,,0.09287630682658095
2013-02-20,,0.562402761261977,0.6069040490421043,0.5819783535462483,-0.532398178685812,0.545158859589278,-0.41653179279719654,0.3830903592855856,0.09934518758032322,,0.09265745484941597
2013-02-21,,0.5631228255116251,0.6064770978391162,0.5918774934900785,-0.538476401220408,0.551703487004582,-0.4298723436604783,0.39102696089965244,0.10429923878245638,,0.09302462214840759
2013-02-22,,0.5550751883503138,0.5991903037831467,0.5856468534533887,-0.5365905518113157,0.5561821790683431,-0.4371273096899048,0.38877095917318477,0.1036194818933662,,0.09385151078933082
2013-02-25,,0.5558653740428792,0.598999239166516,0.5857382055570762,-0.5357354128966829,0.5478469334830832,-0.414664759610149,0.3853889981453659,0.10185692354300623,,0.09388852340754142
2013-02-26,,0.5589447442559907,0.6088565629860371,0.587801943488809,-0.5385429412262094,0.5500630926242954,-0.4197760571932514,0.3836234442785929,0.1004203554835204,,0.09404473769254054
2013-02-27,,0.5637020849241945,0.6124949493347448,0.584968237477787,-0.5323623109787228,0.5456012044808174,-0.41607996345839365,0.38412780984654626,0.09853863044476999,,0.09402068178589029
2013-02-28,,0.5640753345356991,0.6124009061998062,0.5869205276039673,-0.5340976293777148,0.5456560133059148,-0.4183562969112165,0.3876305135178108,0.10098149365360119,,0.09390504661836725
2013-03-01,,0.563159548312266,0.6117019091753825,0.5935795058481619,-0.5348006715897027,0.543229596705194,-0.41686978054389573,0.3894633971307948,0.10314026284967792,,0.08808443729391353
2013-03-04,,0.5715143753921615,0.6182662119474693,0.5953857145113576,-0.5330124892008139,0.5421937011851913,-0.4150844452418809,0.39435988845398223,0.1064126386781036,,0.0883202095522117
2013-03-05,,0.5704493823727433,0.6158393175314649,0.5936585190568359,-0.5352372224959864,0.5410393077309656,-0.41295581873076764,0.3909563438240619,0.10052623950110064,,0.06244055426540446
2013-03-06,,0.5694814340071049,0.6148086434539217,0.5931874225437552,-0.5360097554992636,0.5401982969049061,-0.4130616921268577,0.3867946867485946,0.09750068999832705,,0.06247217009558963
2013-03-07,,0.5689648919729617,0.612946125058565,0.595074791120396,-0.5390652667929038,0.5394129238985943,-0.41255028130249,0.39068552597212586,0.10523588072682087,,0.06293863497433173
2013-03-08,,0.5608464653167283,0.6078092151666867,0.5920364647533035,-0.528959059981044,0.5298992253588996,-0.3986567035982933,0.3801873593371935,0.10205742953022146,,0.0644204732291699
2013-03-11,,0.5600079102138785,0.6068112356814794,0.5911608339782233,-0.5284466994935426,0.5290820443918659,-0.3967146815082548,0.37912615341536443,0.1028312522111177,,0.06434468747318874
2013-03-12,,0.5606719705411153,0.6072863731465493,0.5911944119323005,-0.5274250372308056,0.5259479551317284,-0.3909726605862791,0.3741892546547728,0.10009671403756061,,0.06437646178259071
2013-03-13,,0.559055357822495,0.6067290387508486,0.5904206017080357,-0.5564205163568996,0.5253932354291413,-0.3870908253121724,0.37264215051750305,0.10512696393851345,,0.06400165041544702
2013-03-14,,0.5587165347635055,0.6062630227387076,0.5902762123112285,-0.5582176024225016,0.5258392275942139,-0.3913170373523025,0.3727619055196643,0.10482732713351404,,0.06422564583591149
2013-03-15,,0.5623794684628807,0.6066305187775604,0.5905610116773918,-0.56422078475765,0.5208913875422985,-0.3887361363188225,0.36726906522055053,0.09963642358952896,,0.06396989652336896
2013-03-18,,0.5486345316316287,0.5985508977246992,0.582291496696849,-0.5663148589858735,0.5223454969174928,-0.40026856931249427,0.4004264770504322,0.12983305848909582,,0.0632880875137458
2013-03-19,,0.5452162365628984,0.5966197371758591,0.5848183572100936,-0.5643030820139304,0.5213936729383729,-0.4026265234856486,0.4014634534910319,0.1314994786031651,,0.06296565452837193
2013-03-20,,0.5430433003804,0.5952880580340859,0.5890030031417557,-0.5691515653095011,0.5230463854006415,-0.4084526516625041,0.4038926337706965,0.1353649069868551,,0.06323333844467807
2013-03-21,,0.5413914450571712,0.5928496460846034,0.5883847976118044,-0.5679299473645326,0.5223443288196785,-0.4104225730456501,0.40188744096783585,0.13122949176727053,,0.06301454849129799
2013-03-22,,0.5353426625978631,0.5828897754961053,0.5857288947776732,-0.5694587722290334,0.5237336933267336,-0.4100875991188785,0.4014848286778512,0.1276631274134976,,0.06393517927522945
2013-03-25,,0.5351793412606878,0.5816422958941205,0.5830553288320812,-0.5701929529936971,0.5249712865824357,-0.4097445264915023,0.40762418057108146,0.13003375229377384,,0.06368703522491703
2013-03-26,,0.534961543153981,0.5770120350770813,0.578833088098866,-0.5714135208453347,0.5215728008155848,-0.40828229590197473,0.4073074335612326,0.13122852180149086,,0.06454659775885445
2013-03-27,,0.5325533558484536,0.5749296058967345,0.5773676276146416,-0.5678254055055575,0.5213038115731929,-0.4063947413619343,0.4100877898394223,0.13419573681328828,,0.06441740226907
2013-03-28,,0.5291779116863593,0.5737891743307016,0.5768610393789135,-0.5592461191947615,0.5133204218892853,-0.40238319518398746,0.41011077243334154,0.12850547632299966,,0.0639257399062819
2013-04-01,,0.5277069661013567,0.574550564089636,0.5767412766999515,-0.5556878309301715,0.5140745283281891,-0.4046861050083968,0.41130667085147987,0.12895035774926855,,0.06340264536449468
2013-04-02,,0.517626615631014,0.5669548766884874,0.5737824230477868,-0.5563348351008585,0.5132074262034321,-0.40841010583291837,0.4164062443616325,0.1352938534755849,,0.0644658356096748
2013-04-03,,0.5210641079635107,0.5685984493667665,0.5808022999862026,-0.5510213686290801,0.5163471886476645,-0.41236435762623813,0.420584517892466,0.137686788062964,,0.0639471685602747
2013-04-04,,0.5193796029392721,0.5671944450889006,0.5781691002678293,-0.5499807695427853,0.5163473271110531,-0.41320744222213335,0.41465654279975267,0.13122084187810182,,0.06392763176536219
2013-04-05,,0.5162203925436784,0.5624496159602604,0.5738033970633948,-0.5506789336390239,0.5141621788447602,-0.4179230871615946,0.4212130287789677,0.14446587764556104,,0.07079379167917149
2013-04-08,,0.5151888319195337,0.5615757288844762,0.5748987223075308,-0.5524028450363937,0.5154842052289014,-0.41927590403441767,0.4270497238051721,0.1500220798430708,,0.0709200185176903
2013-04-09,,0.4984049809047895,0.54849587796016,0.5693975991868664,-0.5562576003951437,0.5099188295063231,-0.41808362127637,0.42413411655383587,0.16006609138402816,,0.07280626983074878
2013-04-10,,0.49917755078383746,0.5501020587683096,0.5690567499084332,-0.5587811504643524,0.5044861945100371,-0.4166165828512377,0.4221972563580046,0.15463576982969152,,0.07257147059346804
2013-04-11,,0.509456058930105,0.550919161665573,0.5671536620282543,-0.571600548469465,0.49993448010054464,-0.40978531309386096,0.4110446485572334,0.13756619504298223,,0.07350058999727371
2013-04-12,,0.5304326617590792,0.5648639055818901,0.5701680857793484,-0.5684898533445094,0.4927642030900096,-0.40079413718520035,0.4144344984031901,0.13191476422388076,,0.07321769666579346
2013-04-15,,0.5013714651875518,0.5565681074952534,0.5777117476762642,-0.5678596947224892,0.5027881358464895,-0.412263792329266,0.41647869408847854,0.1326316423172792,,0.07238908477659356
2013-04-16,,0.4990128601646196,0.5515207888491004,0.5770797842781741,-0.5623092127726157,0.49824838715893016,-0.4037893321846485,0.41625114155562587,0.1297299261743117,,0.07250819343544784
2013-04-17,,0.4896502394814021,0.5422715815268151,0.5830301989492468,-0.5704702562374018,0.5014326536963847,-0.4113333703488678,0.4074199615545237,0.11755589295452992,,0.07158453453119441
2013-04-18,,0.49062686195576105,0.541867994352729,0.5835210384819751,-0.5720055999222667,0.49882362322297885,-0.4089270774730659,0.4066658115443126,0.12091850058719154,,0.0716632823797043
2013-04-19,,0.48735330198656607,0.5422493152251551,0.579483918812062,-0.5720354269068507,0.49042225311698845,-0.3910395194582682,0.4015919503259176,0.1262108469890981,,0.070945703777117
2013-04-22,,0.48111067261113466,0.5391783708699094,0.5776735823741701,-0.5714449861031548,0.4886876962137008,-0.3895743467014951,0.4011866336345255,0.12800644242685552,,0.07088865398702451
2013-04-23,,0.482485087404391,0.5414753108132233,0.575250490914299,-0.5732247063009097,0.48238995270658563,-0.38489964997337184,0.4007958636364909,0.12918071046941199,,0.07049467058039077
2013-04-24,,0.4870654492614761,0.5427639573927346,0.5800003731915039,-0.5685705841534202,0.4810363994631982,-0.37943991194882754,0.3977929783086396,0.13290387776334017,,0.07046962230628315
2013-04-25,,0.4966498531666647,0.5481283678112387,0.5884483811508279,-0.5672894555694173,0.47674442699214276,-0.371352293641388,0.39406814643001664,0.1269652403905789,,0.07120663228541342
2013-04-26,,0.4959097847024202,0.549428400865934,0.5886443190635183,-0.5585167510453417,0.47621449215139483,-0.36849787174312687,0.39589970446233846,0.12808683252028308,,0.07048106483093813
2013-04-29,,0.4983186266659388,0.5538191284321667,0.5901854457902409,-0.5597386419257125,0.47646113949077573,-0.36545459651848744,0.39462858446582333,0.12844488086977532,,0.07048904203960614
2013-04-30,,0.49341029189168956,0.5482056004921999,0.5922519307235996,-0.55178014817824,0.4728395101016992,-0.3631090375998728,0.39890389791544295,0.13444315548246333,,0.07003473456020708
2013-05-01,,0.5001680327231661,0.5565576831004974,0.5985187804568725,-0.538839616160966,0.47790675569166174,-0.3688879033930002,0.40601339491772453,0.1336790417378094,,0.07618282137472776
2013-05-02,,0.5015272655294504,0.5590215123895421,0.5984853848145931,-0.5307367526337281,0.4803600620658208,-0.3717071136099723,0.40604467470847266,0.1350582818357202,,0.07622058104016725
2013-05-03,,0.4718991900244736,0.5389334307415776,0.5877979969261122,-0.510860092043875,0.47829207932038736,-0.36684382021299516,0.43769804278981195,0.1792500371096941,,0.10533294497595468
2013-05-06,,0.47135130037939615,0.538469589550387,0.5869689859442768,-0.5087361107076723,0.47785633780125214,-0.3666164489320311,0.435562416927978,0.17954428960847285,,0.1057296822750797
2013-05-07,,0.46892300266106524,0.5365055276975891,0.5846994057515994,-0.5086828559188381,0.4749090916978726,-0.3654092285442558,0.43641466865500483,0.18098216612172066,,0.10608002131621687
2013-05-08,,0.47488076813625363,0.5368282685304709,0.591255560684974,-0.5130767886264703,0.4777800792954657,-0.3647729164134596,0.43043451256134324,0.18356640288179746,,0.10578549432455989
2013-05-09,,0.4776510253165927,0.5402464775045911,0.5943699063543769,-0.5150079053880182,0.47991915663725815,-0.3659440754408004,0.42672960565847107,0.1814513573464267,,0.10569046606506326
2013-05-10,,0.4645653471180631,0.5356396916798514,0.5939051438610593,-0.513024746845086,0.47935762880623906,-0.368263020811447,0.42253764654462306,0.1820882960979247,,0.10675923732211519
2013-05-13,,0.464161636900675,0.5354775004054365,0.5930751800333083,-0.5126384872120558,0.4790332840663753,-0.3678109569600456,0.422641843529467,0.18280558085866144,,0.10684857918015293
2013-05-14,,0.4649991432477043,0.5369612786866332,0.5935558004088269,-0.5154483446844635,0.46752979163686875,-0.366543605357559,0.4145615991876858,0.17282249509600284,,0.10599897185783541
2013-05-15,,0.4646444623665183,0.5366317258651465,0.5922943086012682,-0.5154313058976165,0.4650572392582915,-0.3647631234709641,0.4126613512032753,0.1696270819584499,,0.10615780744593424
2013-05-16,,0.4581887133532988,0.5338642207160592,0.5913364308514247,-0.5127006890874748,0.45638176253083174,-0.357266795953617,0.39926708030531516,0.15704950234327342,,0.1072820164189161
2013-05-17,,0.45243948671393236,0.5303701953311923,0.5913563756770326,-0.5039966955016191,0.4566357526499745,-0.3585577060984973,0.4009895625359086,0.15988320372714226,,0.10752407605864472
2013-05-20,,0.45276523677732117,0.5295186977651244,0.5907238894646806,-0.5055246300999147,0.45411185877964994,-0.3553040583406568,0.4011566897942124,0.1628201879353529,,0.10776814818061974
2013-05-21,,0.45818773881181485,0.5334252175552444,0.590942869189057,-0.505557055016696,0.45659056438208867,-0.3564314426726014,0.40284775367456277,0.16377479040527437,,0.10768884915899059
2013-05-22,,0.4567465586840223,0.536196366348875,0.5836514419707245,-0.4995248768063952,0.4505840382788941,-0.3537132984089082,0.4061485407430118,0.1704882265298963,,0.10769859997224608
2013-05-23,,0.4414284206786808,0.535067611229924,0.5791141147944304,-0.4829443394659369,0.44881567718477605,-0.3504823356593975,0.4028477468458599,0.17164261858953814,,0.10673213442929469
2013-05-24,,0.4411122269448992,0.5348976457582184,0.5788495003355301,-0.4834566106977232,0.4489222802899338,-0.350134396167282,0.4064135260573484,0.17333336606691693,,0.1067794791469875
2013-05-28,,0.43336602057748735,0.5287231862155836,0.575764819445744,-0.4738441143594521,0.45403958949146533,-0.35218402388413306,0.39680548630186097,0.17064460250702349,,0.10798241136914451
2013-05-29,,0.4302688052112652,0.5252316153566696,0.5754481621810604,-0.47089985597106704,0.4551178185916888,-0.351755269127001,0.39564581067358096,0.1656344425962057,,0.10785818772978392
2013-05-30,,0.4304622376221779,0.5253459197562047,0.5756882096470637,-0.4716324823342027,0.45645657031928216,-0.3524961284616263,0.3963093168602648,0.16813992970302288,,0.10785697947933258
2013-05-31,,0.4340343958411393,0.5291465099316047,0.5764377268337946,-0.47273103917507764,0.45641789786693443,-0.3532431778346055,0.394432663484523,0.1678434239280428,,0.1076984539834603
2013-06-03,,0.44559665573043666,0.537587433067878,0.5718838856444483,-0.46885786634176546,0.45032936930724804,-0.343850431689654,0.38020324852428816,0.1522518424812625,,0.10168269470113651
2013-06-04,,0.44148821944899075,0.5332401310346495,0.5698369990327425,-0.46711166632185913,0.44570328982143304,-0.3435234840293948,0.37839114091754567,0.15128992536485744,,0.10184891055294124
2013-06-05,,0.4676445926164628,0.5449405693474426,0.5663018945162765,-0.4707663990819084,0.43692242346513577,-0.3378630800576449,0.3707417522551951,0.1408688056189749,,0.06600714511829266
2013-06-06,,0.4597671776590132,0.5403915412272822,0.5616561688645096,-0.44580286141193337,0.4302495286508113,-0.333473317479819,0.3748063755337142,0.14001693839823728,,0.06581852881485831
2013-06-07,,0.46469012012753036,0.5461204271259276,0.5558935625549728,-0.4463633644767198,0.42134129324367814,-0.3269290970681819,0.36249325950489864,0.1279476825075961,,0.06564966945844869
2013-06-10,,0.46029536736609755,0.5357137422841177,0.5568122899635857,-0.4391580924722998,0.40779467860506474,-0.31903782794348373,0.34553174743942167,0.10916155845290816,,0.06618976064758647
2013-06-11,,0.4647267964365027,0.5387136440651484,0.5565845503807826,-0.42842390416150344,0.41138441467502557,-0.32355693246415285,0.3469136707076867,0.10687126446564663,,0.06603110056890976
2013-06-12,,0.4721755983731005,0.5432356974054339,0.5569735078961585,-0.4224144110937846,0.4176051335005399,-0.3235859640814214,0.3477824351145455,0.1106414105041664,,0.06649571740959323
2013-06-13,,0.4740445411856824,0.5443231128289225,0.564131778815489,-0.41858745700275846,0.421844938970359,-0.325774322012746,0.35902784777153024,0.12249198815115442,,0.06665467535930569
2013-06-14,,0.4766517610233324,0.5462676948024966,0.5654296260668553,-0.41839696254730296,0.42229119872042753,-0.3255122475339867,0.35829986210342435,0.12002750406554748,,0.0666313622844528
2013-06-17,,0.4765664940752871,0.5461436554122033,0.5662188940802564,-0.41859971314437083,0.42301524653560174,-0.32741598708963754,0.36002970894902503,0.11987005479963099,,0.06663383790488606
2013-06-18,,0.47879515465757944,0.547940467644002,0.5627442243375497,-0.41797285564534137,0.4171154610784332,-0.32548954937784624,0.3579871094826785,0.11991868575829565,,0.06648494854503159
2013-06-19,,0.4770644695300144,0.5469653953973457,0.5632939290785557,-0.41416689805526175,0.4145040074933834,-0.32484090869762156,0.3500962080076166,0.11803199215639258,,0.06654382696327694
2013-06-20,,0.4890620072074047,0.5568000990825944,0.5713843421190677,-0.4219011954677392,0.42884425895997674,-0.3407798128569087,0.32290402959043224,0.07784095346906966,,0.06599095412213414
2013-06-21,,0.4907540854919883,0.5600692118868169,0.5636676334942922,-0.4111141158565862,0.4267794768672459,-0.34416043566803006,0.32550302598743514,0.08744072081618177,,0.06597850132862941
2013-06-24,,0.4929567560414051,0.5649710298779302,0.5495788137211872,-0.41024661642318533,0.43303889599871687,-0.3524989988341674,0.3206825696012971,0.08039801018190856,,0.06570280655048089
2013-06-25,,0.4805135095159884,0.5539649748404584,0.5375981274364809,-0.39406504434983713,0.4224461078588516,-0.34443312218153405,0.3210829871249944,0.08807268479485854,,0.0661150703874786
2013-06-26,,0.48053292246009655,0.5541679246984729,0.5372128109806905,-0.3957915678403937,0.4173421047144731,-0.34039654216781945,0.3231566322474327,0.09011889654596242,,0.06604837688905502
2013-06-27,,0.478033942857448,0.5558184953458636,0.5381251767904873,-0.3970319304490071,0.423719513647144,-0.3441804191181783,0.32320320342839404,0.08717377301569985,,0.06604240838558746
2013-06-28,,0.4776547109116034,0.5488286794735276,0.5379964602499319,-0.39661945151701866,0.4235228036694968,-0.3442145908122332,0.32320239860747296,0.08696336290571699,,0.06604264091657143
2013-07-01,,0.48912988999700574,0.545846301654714,0.538350493035865,-0.3994092926202,0.42182755210589673,-0.3434473026056217,0.321904716581831,0.07177723310586809,,0.08694921233415766
2013-07-02,,0.48892472585944025,0.5457786670666833,0.5372097937770887,-0.39874897835313405,0.4215457637146687,-0.3432750793844913,0.32121980946232576,0.07150415602119631,,0.08696490392296947
2013-07-03,,0.46825452551474533,0.5296169977519067,0.49967700156104117,-0.3713124799126478,0.3936176656776308,-0.32506547657534085,0.3058603388247619,0.07016847617069367,,0.0894948506603023
2013-07-05,,0.4804104185323714,0.5409131357001616,0.47925790139638563,-0.3900893846242663,0.37736947881578314,-0.310147777262102,0.24247505685722848,0.025535150216960695,,0.08904822842469573
2013-07-08,,0.4783935859842647,0.537728933760653,0.46980539236200974,-0.39160072852539546,0.37628540199995186,-0.31092405363864656,0.23012206996294285,0.01628853567841133,,0.08958675257069346
2013-07-09,,0.4733696638857842,0.5335345155479934,0.46771526736150193,-0.3897323513852392,0.37054738144529636,-0.3070116552457072,0.22852616703659356,0.012559136751598901,,0.08959646530403978
2013-07-10,,0.46767645046376566,0.5287629214164029,0.45949489003834015,-0.3851498526541323,0.3638347768959399,-0.31173899691432233,0.22322030567866785,0.011142211135745072,,0.0894686839080758
2013-07-11,,0.47663663691115143,0.5367905764368608,0.44340155232598255,-0.4020265134868919,0.3734019117225844,-0.31256442305601373,0.19986429101280934,-0.0035708042571813326,,0.08830471044750088
2013-07-12,,0.47611857402027036,0.5356628584887674,0.4401624226508327,-0.40136043269922744,0.37087404823052667,-0.31111090572113126,0.19812632202876762,-0.004881925033874763,,0.08826828037104818
2013-07-15,,0.47753597637011314,0.5353895774699375,0.4358708866543265,-0.40584029443913017,0.37239458731634956,-0.3093759489721947,0.19957848017934388,-0.004907613315590724,,0.0888802176726537
2013-07-16,,0.47771295245391004,0.5371378206499514,0.4347808839043783,-0.4092530231583306,0.36768489196032683,-0.30544938562350404,0.195414574307839,-0.01167153089314925,,0.08834675918461621
2013-07-17,,0.4736920946356623,0.5415863105620394,0.4288964147714315,-0.4077601189383162,0.3539572785990943,-0.29320321036212094,0.1988089453720511,-0.004433702765631289,,0.08967589154879563
2013-07-18,,0.4738652947520377,0.5417244082522965,0.43119535771542705,-0.40901062965518475,0.353480552086686,-0.2928267345004226,0.19773592978924975,-0.005384316074641402,,0.0895728202228689
2013-07-19,,0.47426494014877707,0.5423922673779137,0.43320474319129076,-0.40993970063849877,0.356408535465113,-0.29459360257026657,0.19851213652939179,-0.006326013541605339,,0.08940902770663654
2013-07-22,,0.4800587649065616,0.5452063183463159,0.42777025607851377,-0.41228333503705095,0.3553811817544356,-0.29471055761030074,0.19881069048353348,-0.006978530319280417,,0.08912396055536953
2013-07-23,,0.4791165973116643,0.5448113783346318,0.42118238067263886,-0.4134064066455533,0.35497307227630354,-0.29200398205928396,0.19614861374215023,-0.002867271409459588,,0.08978584407739255
2013-07-24,,0.4845750048257726,0.5510510394611636,0.41770112659418474,-0.4063375387779727,0.3484833391035987,-0.28933420571668556,0.1848012510484255,-0.016204766059081978,,0.0900179920473334
2013-07-25,,0.4857185494390658,0.5513160019145925,0.4087183146336224,-0.4042075866697886,0.343348743604293,-0.28087120913846103,0.18195592147311257,-0.01842752097457292,,0.08997898653906754
2013-07-26,,0.48514623507817756,0.5530384184489281,0.41115229054967484,-0.3905251082075327,0.33867577146099026,-0.2741831995118464,0.18734788068896127,-0.015915110177217688,,0.08969137176659323
2013-07-29,,0.48460933025987435,0.5525098665572465,0.41053509206162453,-0.3890320083719133,0.33842596786824475,-0.27193779395522766,0.1878786934127196,-0.015889279805428584,,0.08982540303909646
2013-07-30,,0.48213375208447734,0.5516759714849325,0.41470200738655516,-0.38959286201709986,0.3355162292413076,-0.26856556272397897,0.1835787036603335,-0.01699795644908436,,0.08983991585746251
2013-07-31,,0.47261566107245384,0.5468493011640879,0.41977725131661875,-0.3942534118599299,0.32849686044078613,-0.26416388519666584,0.17383219498431854,-0.03550587897260862,,0.08887706750473706
2013-08-01,,0.47144632230789546,0.5479729030319005,0.4243867539533507,-0.37496028727249736,0.33322936888397364,-0.2655055602561712,0.18313068809514804,-0.025714841353527317,,0.1128615746576764
2013-08-02,,0.4718024791159866,0.5478391370624986,0.42615878551262704,-0.3744817002315326,0.33396605921596484,-0.2662225008871858,0.17879139146609624,-0.025990713643952987,,0.112847676024102
2013-08-05,,0.4716097662824489,0.5466833725157643,0.4299037647706383,-0.3714597427988751,0.3327722958746822,-0.2665037576551628,0.1827903492393966,-0.024651902020738196,,0.09619285901921742
2013-08-06,,0.46805443919241957,0.5438583156317517,0.4215873959613484,-0.36838290052583783,0.32616624603722033,-0.2766206928572566,0.17346929075980105,-0.029627089584661495,,0.09588506895302992
2013-08-07,,0.46485048146012564,0.5382829672294662,0.4070980049268225,-0.35532245561606834,0.3130175880241434,-0.26712510336498363,0.15924465561359238,-0.03484676311869288,,0.09744838411337864
2013-08-08,,0.47164482438908106,0.5460166504673902,0.39452537829797985,-0.35836993877531076,0.31322626857456265,-0.26756527807581254,0.1552644536832657,-0.036268745884117964,,0.09557648589119618
2013-08-09,,0.4733963000901996,0.5464828983503993,0.3945450633016316,-0.356506301471877,0.3085115194516608,-0.26495700674223066,0.1480134841986095,-0.04036571592816289,,0.09584117358033008
2013-08-12,,0.47197073840258474,0.5402117901571748,0.3942529181659632,-0.35577766577356246,0.3085757712830548,-0.26587757789642835,0.14822163139766503,-0.03921739099810232,,0.09569247293419174
2013-08-13,,0.4703501072113853,0.5401663445150678,0.39464663818237744,-0.35433709628633797,0.30888127962845496,-0.2663423992454533,0.14876455036860703,-0.03651130640007221,,0.0956516523317605
2013-08-14,,0.47210882010714506,0.5413152958567511,0.39370144654686795,-0.35530484509704524,0.30735817269724136,-0.26567543161655166,0.1462780188196532,-0.03717412328817205,,0.09508905218367736
2013-08-15,,0.4685563910737436,0.5324785590605324,0.39393433904222636,-0.35540749624353596,0.3048837426023379,-0.27076518308454495,0.14635852311349876,-0.03580063400237537,,0.09479178800539109
2013-08-16,,0.4696340116055077,0.5334547742947611,0.3939141287895154,-0.3540023908832532,0.30312479600838327,-0.27223974119519,0.1499355916344177,-0.03156290320823063,,0.09441374779456546
2013-08-19,,0.4701534914226421,0.5338436622483992,0.3952212996434097,-0.3533080382891618,0.30481473871539444,-0.2738375322537408,0.14852259722462346,-0.034148482393098124,,0.09457422475881568
2013-08-20,,0.46898260555081567,0.5325922804475877,0.3908631460736531,-0.35115506430880467,0.3028365749827576,-0.27317892348856304,0.14560021361913053,-0.03636058798717699,,0.09507190548356552
2013-08-21,,0.46928134165850877,0.5346561510459995,0.39181881360487447,-0.35643767009250715,0.30428538618585255,-0.2728016114349457,0.14520516878061518,-0.03842966085387431,,0.09588190746869645
2013-08-22,,0.47152627945448466,0.5424354773642326,0.3935586514646921,-0.35780019583520445,0.3060760241818031,-0.27251415702865706,0.146565483032719,-0.036336840706866255,,0.09524825673562119
2013-08-23,,0.46873772928683544,0.5372299355818319,0.3935120211308502,-0.3501413284990562,0.31358127232313815,-0.2840017720094311,0.14530513962500918,-0.03626012474452848,,0.09668819112828231
2013-08-26,,0.46857973117562474,0.5344577992728908,0.3940864756937488,-0.35070442057633266,0.3148399363004533,-0.2860528271876766,0.14806602672970234,-0.032270774818112156,,0.09699319931254524
2013-08-27,,0.4655123244249038,0.5318984864058499,0.3965061381707592,-0.3503286761704015,0.3145525837389388,-0.28621968561188066,0.14979288696958867,-0.028547641205247647,,0.09740787987711369
2013-08-28,,0.4653341722560738,0.5327846892281407,0.3940488394767377,-0.3513934066628806,0.314506772351906,-0.2861891989768462,0.14637316798228042,-0.031113221983015128,,0.09755916492992531
2013-08-29,,0.4649108274357649,0.5342883447811311,0.3973468741168639,-0.3576578094859454,0.31188688396116826,-0.28687896810516944,0.15019761400525755,-0.033240198085996736,,0.09783567309599979
2013-08-30,,0.4654392703804936,0.5344861198863742,0.3993268194195198,-0.35985143033203887,0.31235592272100915,-0.28696315347403567,0.14985351872034422,-0.03546568781332872,,0.09788350385593794
2013-09-03,,0.4682539106676355,0.5409769772388734,0.4006631599086848,-0.3514086581121866,0.3136654802040091,-0.2873778624934928,0.16242198053275295,-0.023250976386261207,,0.1346677121754274
2013-09-04,,0.4715930010170635,0.5454346883890658,0.4029512840883661,-0.3459283290005694,0.30472834276792626,-0.28135279572510097,0.15461596822753806,-0.03088426606122876,,0.1347053029909944
2013-09-05,,0.4706265164751548,0.5461561258887968,0.4027056454024989,-0.34346243353336076,0.3042519206203467,-0.2811144895601166,0.1570449848064118,-0.028249279142074542,,0.13484244792965652
2013-09-06,,0.4709199072644946,0.546902984817651,0.40557463998364274,-0.34480197784641115,0.30444864945946737,-0.28163060873359536,0.15457963399941296,-0.03007258276265218,,0.13301255233773376
2013-09-09,,0.47307821244854725,0.5487162878505988,0.40537317921285754,-0.3458600967511832,0.3083150081868735,-0.28197874005741896,0.15211925242993388,-0.029524097812350786,,0.1340541484610551
2013-09-10,,0.473902402531647,0.548980236428111,0.4054497415311433,-0.34640223564448164,0.3126974365843611,-0.2831710540774561,0.15192527900701738,-0.029197102529864207,,0.13411147553377695
2013-09-11,,0.46503349306894837,0.5419664212617746,0.4051155192827282,-0.3254444611327808,0.3127423110081082,-0.2742519487584596,0.15923707984265142,-0.01467330294334772,,0.13814377152302817
2013-09-12,,0.47097848692701433,0.5459746176380853,0.40149456718903204,-0.3262987293238678,0.3190709591668817,-0.2853273207081715,0.15935146951664494,-0.014533386530168835,,0.1391805858229199
2013-09-13,,0.4698872809028998,0.545588826556054,0.40113780645289915,-0.32563430792010356,0.31858013291756065,-0.285531994068564,0.15925547499000392,-0.014224322682661675,,0.13944948780997832
2013-09-16,,0.4706410084138285,0.5463474085197055,0.39726521546336996,-0.32674572722678535,0.3196541508261125,-0.2851034440639209,0.15860993948865185,-0.01611028538773877,,0.1390563380750408
2013-09-17,,0.4705756047627659,0.5480615591096304,0.3957183673932467,-0.32586242379839375,0.3190813227616103,-0.28396269495966,0.1589204472269516,-0.012488774992658967,,0.13928075403832316
2013-09-18,,0.4742637030259662,0.5521289249544572,0.40261849604517647,-0.32739830856906976,0.32515733017854426,-0.29748503189173253,0.11488386380054584,-0.02770538432212472,,0.14145063513020006
2013-09-19,,0.48405205694750014,0.558117210662128,0.38825354824383324,-0.3220991199362675,0.3198633156873488,-0.2989479379708219,0.11710429180118027,-0.018803384695396747,,0.1395510272228867
2013-09-20,,0.48409584964636054,0.5552283103298442,0.3897579934560994,-0.3223715258520846,0.32106518807254747,-0.299019265754073,0.11765245868097933,-0.01725232851736844,,0.13968305381465856
2013-09-23,,0.48436716924580364,0.5557668166505,0.40306858081367514,-0.3212690549030793,0.3219211393670749,-0.29966575399377937,0.12033931556679846,-0.01361778257402575,,0.1402728004274125
2013-09-24,,0.4867258734681125,0.5589990339747297,0.40415873472192304,-0.3184486792085381,0.32306413215600466,-0.2979750905475103,0.12467676370647529,-0.010550820805298454,,0.14028796462740675
2013-09-25,,0.48663912495315276,0.5599573721571758,0.4019006492586803,-0.31883881744657494,0.3226508418551561,-0.29803049584045765,0.12432481519986789,-0.010890501202771657,,0.14053309364414188
2013-09-26,,0.48367370923469877,0.5574699110789337,0.3998909401654178,-0.3152931829853717,0.3224615834053388,-0.29769770793332717,0.12140459216903611,-0.012599558765198502,,0.13988843058738204
2013-09-27,,0.48466871509618825,0.5579430671299427,0.4010927436749418,-0.3169686006903852,0.3262376597418741,-0.29768273753216373,0.1223707719637477,-0.012505786514664687,,0.13995585415669481
2013-09-30,,0.483842363306035,0.5601536882522967,0.39742312467671775,-0.3133132711335293,0.32309898264154363,-0.29286597514459356,0.11595108437971598,-0.016119375547176042,,0.13978886788603448
2013-10-01,,0.4863805661922542,0.5610283401056954,0.3949781799757137,-0.30833409080213975,0.314370411079884,-0.28345826054231127,0.11178025010334647,-0.015626046194126986,,0.11788426383556137
2013-10-02,,0.49046167942627183,0.564004145875555,0.39823581130452657,-0.31415826933524527,0.31512269865468273,-0.2809738428873334,0.10981181778432231,-0.018797850385252668,,0.11747114815299661
2013-10-03,,0.4890445313100977,0.5626096823429816,0.3995480893007224,-0.31110715994616966,0.3190243611669461,-0.2853661829877353,0.11259938243263537,-0.01770328076957838,,0.11812938327727034
2013-10-04,,0.4876068038361098,0.5625155450040942,0.40110951008230084,-0.3061198319269809,0.3210236238047886,-0.2867297661819382,0.11571699424976507,-0.014401725648352983,,0.1177520748326976
2013-10-07,,0.48694789845310943,0.560017897437424,0.4063913699804288,-0.3054907792880493,0.3208234059613616,-0.284851854135535,0.11585661388667128,-0.01443319177757389,,0.1176740015267019
2013-10-08,,0.48734648637139727,0.5601781046260168,0.4132271279769977,-0.3075390741350944,0.32018027753879014,-0.2852320011548325,0.11587720077181556,-0.014591922594142846,,0.11776323788402235
2013-10-09,,0.48969113562237215,0.5630042284093202,0.41972825119662044,-0.3112569507259376,0.3187095633328617,-0.2807235950900322,0.11517286852352926,-0.012340489118786853,,0.11793313382288904
2013-10-10,,0.48900688579696233,0.561827823503145,0.41973669101062816,-0.3089051736064811,0.3180768797666574,-0.2798913384245448,0.11790463793866873,-0.011780179118205742,,0.11733412214002706
2013-10-11,,0.4825379126787621,0.5560453676203005,0.42168240969656107,-0.31058038821391065,0.3211359556140355,-0.28230957022084385,0.11774899526430106,-0.012084552460187107,,0.11695938078393957
2013-10-14,,0.4835153612697245,0.55615012446395,0.42296570822735796,-0.3111423537151101,0.32280054193981417,-0.2806206924173332,0.11818500948893947,-0.012471265022085166,,0.11633276806058122
2013-10-15,,0.4830916633463533,0.5562832127731832,0.4205142797407935,-0.30966097625019096,0.3220180636868174,-0.27560494299865423,0.11976233151886198,-0.013500284361486226,,0.11671691569715871
2013-10-16,,0.4822533231329851,0.5553466337466924,0.4197711230452392,-0.31133876273912253,0.3186883095162988,-0.26761599029968985,0.11861452379035746,-0.014495920988846238,,0.11647555783254308
2013-10-17,,0.4751007515222869,0.5534762415744303,0.4195744805195186,-0.30443764761033554,0.3181739382355387,-0.2660032307894095,0.11959913577902724,-0.013351940054253374,,0.11657113199990507
2013-10-18,,0.4749952386543283,0.5536820998901659,0.41965328256062895,-0.3054210657019376,0.3194054011427685,-0.2661410685987927,0.12006151103190883,-0.013575879516409955,,0.11647894092529261
2013-10-21,,0.4746557011208602,0.5527251719517933,0.41852385465823033,-0.30225886932525664,0.3183168417983097,-0.26609012238889945,0.11364252219898249,-0.018170574318139482,,0.11716591668225691
2013-10-22,,0.4768926400928013,0.5544405912560594,0.41290166567524295,-0.3056762375357256,0.31979481776112484,-0.2650837163655155,0.10539060892488358,-0.023309326707605414,,0.11654127501892579
2013-10-23,,0.47520586183120356,0.5509277085533598,0.4062420319662128,-0.30070062643764955,0.3088162935819673,-0.2532989568341072,0.09883951756772211,-0.03133491694187427,,0.11676433015105145
2013-10-24,,0.4745230698897766,0.5513637171089726,0.40517314877012134,-0.30065019246339364,0.30866246926153923,-0.25404426683359205,0.09966450237367458,-0.031082190818812635,,0.11662593932804169
2013-10-25,,0.4733059764821759,0.5500945630088874,0.40075814924052905,-0.29748515922555796,0.3030822027094651,-0.24849362532538366,0.0962475528006741,-0.03272575381631688,,0.11627916095764887
2013-10-28,,0.47338089749783474,0.5501779144502574,0.40099970021063425,-0.29752443968690884,0.30329324048988693,-0.24856508763876906,0.096184982541947,-0.03281108899886162,,0.1163344847679866
2013-10-29,,0.4735505563606062,0.5513190650325651,0.4003783989412592,-0.29457326260108563,0.3042975831082517,-0.24846221097959115,0.09713304970768691,-0.03192725494098463,,0.115996452820558
2013-10-30,,0.473487434743739,0.5535558535471174,0.39263235901726207,-0.2920048829095127,0.29961277850174384,-0.24658224695525185,0.09913981758544012,-0.03041855757716704,,0.1151217029499306
2013-10-31,,0.4766491596112107,0.5556010034560847,0.3934142281621769,-0.2961347788609072,0.30081014837235975,-0.24514068825771285,0.09419285849237556,-0.038501453763341444,,0.11508803913122305
2013-11-01,,0.47703122010776694,0.5561495546835384,0.39040860591387166,-0.2960216479754308,0.29849901421497926,-0.24228723985434725,0.09236325274316327,-0.03853208854294895,,0.10734768512227205
2013-11-04,,0.4693975414669838,0.5498064826861593,0.38109575582722804,-0.28485615767663364,0.2895542038376029,-0.23650813086187536,0.09576695137795586,-0.033368876920744694,,0.10745074497767837
2013-11-05,,0.46981793231937624,0.5506167224886429,0.3807300016633418,-0.28406028900735586,0.2893523994953138,-0.2357090372357276,0.09532509082517891,-0.03334580177199529,,0.1072919127985902
2013-11-06,,0.4659542813599047,0.547814265874487,0.37431682486989515,-0.28155754454366066,0.28604495075039316,-0.23267814868997294,0.09253489853964411,-0.03241531495929912,,0.10793019722602736
2013-11-07,,0.4672345569221973,0.5472091528185604,0.362966984503741,-0.2779402088350588,0.2685494069726598,-0.22440697519326686,0.07830417995895717,-0.0439754649878643,,0.10762093652467652
2013-11-08,,0.46428235844885396,0.5453205884148805,0.3619876581017096,-0.27708693670696233,0.2747838404157283,-0.2235476161853586,0.07875948332861232,-0.03919088288008985,,0.10794116790400499
2013-11-11,,0.4649590650514908,0.547073573907236,0.36483440742989004,-0.2763633470411817,0.27503210821712226,-0.2237324076075526,0.07786488747076194,-0.038755821384648476,,0.10768344661904782
2013-11-12,,0.4656943474136601,0.5485180100537396,0.3683372971043451,-0.27710729864912775,0.27633044858091943,-0.22198811531513052,0.07750394379717845,-0.03972028929746663,,0.1081597460621203
2013-11-13,,0.46310514300279826,0.549326468388147,0.36021671621566653,-0.26914660307379185,0.26714696150282885,-0.21807588049776336,0.08441679756148807,-0.03244527285558292,,0.10817847774445079
2013-11-14,,0.4624722319580796,0.5502436315127297,0.36227203828072513,-0.269335360255954,0.26607404159548476,-0.21694886628413693,0.08435074414354134,-0.031240039525618483,,0.10807417999273064
2013-11-15,,0.46350705886303795,0.5505571997552696,0.36370007082788336,-0.2698456642947571,0.2669707436907606,-0.21724203116498508,0.08450929435727525,-0.03091419889693506,,0.10802248531304638
2013-11-18,,0.4643980191443524,0.5509904119704375,0.36666730227382455,-0.2693541366578863,0.26853571372733864,-0.22062368387651765,0.08547413088956367,-0.02896272775682338,,0.10808370659801492
2013-11-19,,0.46168007128701505,0.5471484428202956,0.35587229708310486,-0.26368792436437377,0.25464726616361877,-0.21461308408260682,0.08167827758514593,-0.031799659779988235,,0.10937496213408124
2013-11-20,,0.4608325936668178,0.5466324916457108,0.35774130607277344,-0.26255787576212947,0.2543593342577522,-0.2147976304363287,0.0824242265391601,-0.030633590419314412,,0.10927637374726908
2013-11-21,,0.45732311619434074,0.5466944863800154,0.36317858574678774,-0.263004188862416,0.25763698333506435,-0.21694954315267567,0.08225605640091371,-0.03327081216651653,,0.10855204357763033
2013-11-22,,0.45543990126204176,0.5443397384454476,0.3590861920771041,-0.2613646763145751,0.2554708458952322,-0.21779996485329559,0.07964610304156274,-0.03510666912397078,,0.10854845509281363
2013-11-25,,0.45525249950925517,0.5443525563401299,0.3584173494666696,-0.260413953315145,0.25542203039257233,-0.21711456408861488,0.07989128490265412,-0.03497313502523169,,0.10848476901941916
2013-11-26,,0.4551625479852908,0.5443134809801108,0.3589567677677602,-0.2592405161559664,0.25603578914729824,-0.21725509106094326,0.08077587503843027,-0.03444959409724882,,0.10858165597823867
2013-11-27,,0.45477542830199474,0.5445667435256195,0.3605832346971845,-0.2603061188258433,0.25688724801891794,-0.21812866980536055,0.07771507032772036,-0.03674410996020779,,0.10865371792536528
2013-11-29,,0.4553500837408666,0.5432673773703176,0.355003648461112,-0.2592060158976309,0.254177873415651,-0.21362210370997955,0.07823581643270042,-0.03143482342934294,,0.10936910464262516
2013-12-02,,0.4584096302413687,0.5514370986335637,0.3510697851140226,-0.2596154342647367,0.2555491458756569,-0.21771844672104995,0.07832717803407678,-0.031490778454625015,,0.105368007239549
2013-12-03,,0.4579234885082382,0.5516253741725916,0.34510492842613166,-0.2572137221610146,0.25748184260309986,-0.2191155358277946,0.07886094356509721,-0.03010274908794106,,0.10393509968702978
2013-12-04,,0.46483624289814174,0.5592440567962644,0.34936463513788885,-0.25595344689137434,0.25325891025347297,-0.2163897244560351,0.08739347728683784,-0.01761425692446004,,0.10285668882548384
2013-12-05,,0.46547423834988366,0.5591612230581384,0.3519346252109929,-0.25598485123297243,0.25363731191627664,-0.21527335440304915,0.08869573904991719,-0.016374129416589778,,0.10317385550758387
2013-12-06,,0.46769667369935025,0.5611621461972913,0.34878522805128886,-0.2522611370677785,0.25551713771887286,-0.21570884715117625,0.08802633384604623,-0.018185147372813276,,0.1031016501669695
2013-12-09,,0.46796655527378184,0.5618345886668396,0.3485300612097017,-0.2543429634895044,0.25521466642740936,-0.2153842175925583,0.08450266114936521,-0.02030984761048515,,0.10301858771401039
2013-12-10,,0.4658996659123945,0.559834467788427,0.3510486727981759,-0.2540231198089767,0.2554605308845881,-0.2159692687932259,0.08469353630499789,-0.01982927796989539,,0.10337940357255584
2013-12-11,,0.4648716655594355,0.5594034175938367,0.34733308405136476,-0.2562142233263946,0.24992176597112636,-0.21101721166407425,0.0882962319869467,-0.018181937677704242,,0.10305494822403026
2013-12-12,,0.4610412707519043,0.5533232477175543,0.34571699175171794,-0.25451550010410906,0.2499888012144652,-0.21217912145999226,0.08607073870879958,-0.020490421174285886,,0.10327578404192055
2013-12-13,,0.45988239961375144,0.5500957208560979,0.34044945184092174,-0.25449761454693703,0.24586781747696576,-0.20975286503319665,0.0884397506511739,-0.01678618752685165,,0.10318498545512603
2013-12-16,,0.4607912413568063,0.551298212953689,0.34067249810634537,-0.2539226105928004,0.24902646764473307,-0.20986302437548335,0.08971526854663156,-0.016941237171288957,,0.10313125505559033
2013-12-17,,0.4611414816986464,0.5515807928640669,0.34157378479515904,-0.2540695978666091,0.2525717730481407,-0.21089630641741244,0.09188547776854156,-0.015293944971755255,,0.10311910872462632
2013-12-18,,0.4608353700093095,0.5508145296882648,0.34223800649897973,-0.2550622069676968,0.2517384731035427,-0.20853424049416713,0.09299129364697858,-0.015205203443105138,,0.10310312583356498
2013-12-19,,0.46083317368254706,0.5488438280089516,0.3477095490817262,-0.25853787346488194,0.24871704517153972,-0.20468960854394055,0.08915933689646222,-0.017331268120254237,,0.10314565647461814
2013-12-20,,0.4586103562574699,0.5428337631090269,0.3535718177453396,-0.2599023735675655,0.2546513898132745,-0.20430815518303896,0.0881288804312785,-0.02306967333489245,,0.10332021754881592
2013-12-23,,0.45731297151819955,0.5416175538828787,0.3594870974925135,-0.2641241356073184,0.26032522971934086,-0.20498861838766474,0.09172801566620266,-0.02142766454479021,,0.10355996553583097
2013-12-24,,0.4581345758494547,0.5399496009632504,0.3590037367046845,-0.26110054047217096,0.25995010780288674,-0.20776567256486214,0.09863647977820544,-0.01624414836020757,,0.10261601999561036
2013-12-26,,0.4597526690768396,0.5415823394856524,0.35345717001371735,-0.26164556522823523,0.2659779889928269,-0.2150775076691066,0.1010020542346426,-0.014256924959104697,,0.102836355011823
2013-12-27,,0.45981377393843276,0.5418411360187425,0.35440718485724926,-0.2620558564142942,0.26572324629533195,-0.21462883458747237,0.10233373593497169,-0.014138996172835845,,0.10272551276842813
2013-12-30,,0.461131929148392,0.5436631060241526,0.35713730371090907,-0.25475358472350984,0.2654985416956582,-0.2188950498477085,0.1052487275394573,-0.009898284961058572,,0.10263130040501686
2013-12-31,,0.458216183389466,0.5418354831508845,0.35144397325571847,-0.25713584215433755,0.2566259885310998,-0.20428871367571555,0.10260194476904666,-0.014907060321759702,,0.10321181516290097
2014-01-02,,0.45387649195290847,0.5322129737006828,0.34318894936245387,-0.2608015872821284,0.2379151715356133,-0.18651480404624246,0.09179281580043502,-0.020626770245089545,,0.10195537331739335
2014-01-03,,0.4503187128965723,0.5307978078305269,0.3447349849779902,-0.25991368810088383,0.2375065884058561,-0.18543289269445268,0.09407114247601178,-0.018003429823471067,,0.10193666455971835
2014-01-06,,0.44945707373392235,0.529985820810231,0.3447049436562043,-0.25983382207660005,0.2384576815856858,-0.18738170420709133,0.09392915717885499,-0.0190813116811322,,0.10194982346604317
2014-01-07,,0.44937385397810997,0.5301123311029996,0.3448720416564539,-0.2609958213513287,0.2376259280687396,-0.18729013679162523,0.09345244767785933,-0.020574794204549305,,0.10195681179745596
2014-01-08,,0.4503324614704486,0.5312922684848272,0.34571145715789237,-0.2616514614250419,0.2377086090402641,-0.18723769221050507,0.0911711184418028,-0.021094057134994154,,0.10193914967111081
2014-01-09,,0.44827629880795367,0.5285769880376671,0.3471731169456938,-0.2610450119078914,0.23760363635669438,-0.18702741783531518,0.09377123088782524,-0.01600302567334831,,0.10179810360725769
2014-01-10,,0.44821696448405135,0.5286418125880356,0.347835619333949,-0.2584042931218434,0.23527562422236734,-0.18858477202919685,0.082446989603261,-0.02206064421415615,,0.10181653785101619
2014-01-13,,0.4469999000867813,0.527594093036846,0.34604583705259223,-0.2626730757984504,0.2307269981672704,-0.1872927989612937,0.07917528418438728,-0.024248062787848707,,0.10202892046599962
2014-01-14,,0.4483109514081761,0.5313746717480428,0.3460801907601324,-0.26345106621958764,0.22783174304188802,-0.18527310249159445,0.07743646160308942,-0.026441899686682296,,0.10204549868131556
2014-01-15,,0.4475589165545102,0.5308087190608006,0.347985213661499,-0.2611119901275301,0.2287255526033568,-0.1851973423420557,0.07815415785011927,-0.02658193842729667,,0.10198343300436843
2014-01-16,,0.44776375918343875,0.5316874365149962,0.3515503594221518,-0.2606596683683165,0.22904031165957994,-0.18615434261562486,0.07878360064316423,-0.025879373717110632,,0.1020472653889826
2014-01-17,,0.4458966478305779,0.5299336506581012,0.34713121024797017,-0.25973142981957204,0.22695748294251872,-0.18756221913680346,0.07440472982682822,-0.025676198157638726,,0.1024643814577968
2014-01-21,,0.44525911994227096,0.5274543766333784,0.34762294279820055,-0.26310726047126026,0.22679302772897347,-0.18532453773011584,0.07554722080792824,-0.024746473896265376,,0.10247581983743596
2014-01-22,,0.4448582204565564,0.5267549033646962,0.342496278585471,-0.2622046386274249,0.2257423167085901,-0.18527629575596485,0.07519932195651584,-0.024210030447255795,,0.10258290800034207
2014-01-23,,0.434253839911473,0.5233442956701306,0.3376981624044582,-0.2470680635372842,0.2315963662748402,-0.18957588080765952,0.08399871399044437,-0.027170923677821736,,0.10231896378364416
2014-01-24,,0.4337991196553314,0.5242769925124572,0.3389416206916617,-0.24703888465484364,0.23239725906994432,-0.19033396469844865,0.08542947745420994,-0.024906312089015975,,0.10229759197902032
2014-01-27,,0.43315130836138044,0.5233803682499002,0.33924657883428344,-0.24880189402589023,0.2345798393680468,-0.18933570127942254,0.09018334144582248,-0.023035622350212063,,0.10233293137523429
2014-01-28,,0.43339946429719,0.5243670704801161,0.3363820327710868,-0.24903426531384223,0.2341806463558565,-0.18849923310775304,0.09004002972710545,-0.02277424944066054,,0.10235941363230308
2014-01-29,,0.4310566136632571,0.5228806703353582,0.33459115180245314,-0.24717236731055506,0.2342140832130627,-0.1893718813542083,0.09158105271525892,-0.02111930568971531,,0.1024738565880419
2014-01-30,,0.43004895890100736,0.5197562827149391,0.3312842160975738,-0.24679801993214856,0.23357078804456555,-0.19623067026934138,0.08906237862973312,-0.020433602215806545,,0.10290623776866473
2014-01-31,,0.4295621007474302,0.5194016912073615,0.3316127813925457,-0.24782642638217406,0.23421941666905766,-0.1974110875033752,0.08933940367648328,-0.019867294396669722,,0.10289738028388257
2014-02-03,,0.42489615203406406,0.514582926291463,0.33257005918559734,-0.24520363645604706,0.2307824007568992,-0.19407390718576809,0.09041896669534147,-0.018847491556416494,,0.10777470857660502
2014-02-04,,0.42430519209050316,0.5143839554621654,0.332998582107808,-0.24355473019948307,0.23136885702543777,-0.19525320977106372,0.09104686641066172,-0.018540218926691478,,0.10777567119799472
2014-02-05,,0.42418725640007504,0.5132364765667015,0.3328968590904138,-0.24342697377409536,0.2315256420382242,-0.1950537663964948,0.09060169558903385,-0.01891295599765606,,0.10777319213873239
2014-02-06,,0.4244645385130474,0.51400025422228,0.3339025923282189,-0.2435390142336773,0.23760723979069975,-0.20381393268151676,0.09130746351991725,-0.019940965830150786,,0.10760445367740198
2014-02-07,,0.42465059991323906,0.5138375650046794,0.3339190937142218,-0.2437048282252861,0.23831352477050163,-0.20493802108775527,0.08994327000935065,-0.02124051209308328,,0.10761774607081705
2014-02-10,,0.42532503953783274,0.5139381120742995,0.3347361144532643,-0.24462339867628075,0.2366841554243184,-0.203668462688234,0.09005063071565039,-0.021749727171968238,,0.10772496906144079
2014-02-11,,0.42342446592385297,0.5128299332818331,0.33941390926153,-0.24436366682332467,0.2354533045473315,-0.20396557916828298,0.08933675943269355,-0.022627480142449318,,0.10788079377659426
2014-02-12,,0.4237885709700931,0.5133902194571034,0.33954437836446427,-0.24207108000611688,0.23399030721843725,-0.20388256702385346,0.09191384770278728,-0.020346947014427498,,0.10764192915784136
2014-02-13,,0.4234296860653982,0.5131853542246895,0.3396468022441121,-0.24052310848401687,0.23326388105756618,-0.203774863681123,0.09241330417378148,-0.01982842105168089,,0.10762860597311971
2014-02-14,,0.4240147909047182,0.5112599081816012,0.33955831063840713,-0.24148237137991943,0.2339006700359131,-0.20458974188320267,0.09255473859130058,-0.019151223435905737,,0.10761550275351542
2014-02-18,,0.42563911961193723,0.5128290130051838,0.34250897898876004,-0.24222775024003376,0.23396898094173355,-0.20374471838449817,0.09065551680263982,-0.0203059574669579,,0.1075725047515348
2014-02-19,,0.4276095516125183,0.5123216176972626,0.3501486693792919,-0.24680110959268073,0.24307315186324638,-0.2063168281809725,0.0938150865893433,-0.019780350883260196,,0.10847326437923017
2014-02-20,,0.4254939714784471,0.5104594193589234,0.3466480300357287,-0.24249729816317123,0.23756448139205544,-0.19946780445829632,0.09297539644459141,-0.020641554557567953,,0.10865476081719419
2014-02-21,,0.42761001643830726,0.5132974268533869,0.3404476813562542,-0.23815984741898358,0.2331657494520408,-0.19770260855637134,0.08763995167170471,-0.02382141741000672,,0.10905893228065552
2014-02-24,,0.4285204676876501,0.5137376160047157,0.34183632806972697,-0.23813609607533542,0.23726486351319084,-0.20094138010255586,0.08778846102476481,-0.026278891471503762,,0.10907320494056867
2014-02-25,,0.4273109244323013,0.5136251825591474,0.3430323849419301,-0.23853141092879832,0.24421382635175354,-0.2116110766731657,0.09199921949856557,-0.023266088379676295,,0.10899912218789957
2014-02-26,,0.4277952384647587,0.5179440151981443,0.338182023003294,-0.2444608355475456,0.24212545598659646,-0.2121970671232735,0.09698399992418567,-0.01682998479467468,,0.10832902406917087
2014-02-27,,0.4255774843341564,0.516145441800518,0.3386513481024422,-0.24487023676255917,0.2443526869585791,-0.21644519542413698,0.10002841632176518,-0.015010044533884919,,0.10821546796587313
2014-02-28,,0.42465221005008386,0.515614682489507,0.3380273878972923,-0.24309926199507328,0.2441386605312179,-0.21557753881361502,0.09957575928534612,-0.016107779299832696,,0.10826665412630648
2014-03-03,,0.419808557832347,0.5158758469138384,0.3285084874698293,-0.2408609813048356,0.24697461689235123,-0.2184582940098907,0.09821027280956833,-0.017148847212947536,,0.1243960049657997
2014-03-04,,0.41587906112660117,0.5120761995306805,0.32104767812009766,-0.23886462446667864,0.25317111419818217,-0.22501775671876023,0.10469161455352513,-0.010663156797481803,,0.12419911323192517
2014-03-05,,0.4155921379275673,0.5117326210335849,0.3201300585365156,-0.23833925336599146,0.25233887960909723,-0.22420864714920996,0.10426242018689034,-0.010466322944367064,,0.12416578269192068
2014-03-06,,0.41682035402796913,0.5137884125087165,0.31946158441978983,-0.2388716052267995,0.25268982797875894,-0.22320837543904917,0.10784746448123962,-0.008767758210798626,,0.1242547354701376
2014-03-07,,0.41693122052923753,0.5191701691172821,0.3014291189994905,-0.23401735355959116,0.24818775049673936,-0.21659156378457098,0.09051008910328659,-0.01949809388912738,,0.1216590606097616
2014-03-10,,0.4148443405462186,0.5179820069113769,0.30585770189784073,-0.2341412413055873,0.24885425826067692,-0.21697454876500744,0.09247602872222492,-0.018210951132250547,,0.1212304590625328
2014-03-11,,0.40850664416129856,0.5148479144348002,0.31043313211890755,-0.2326406659618672,0.25287892537745515,-0.21938615974873032,0.09531187510052731,-0.017279221664450405,,0.1199499724409364
2014-03-12,,0.40540409241190134,0.5118590188909512,0.3082696496458772,-0.233032397891122,0.25507702095441265,-0.22317282668326277,0.09853166483627877,-0.015290122076328471,,0.12005873022250757
2014-03-13,,0.4042666572502537,0.5117575564968697,0.3072887221546387,-0.23110328895977628,0.2598817503533634,-0.229315812498503,0.10347055439239243,-0.011555088999961749,,0.11991549951890465
2014-03-14,,0.4047308269507528,0.5128887619735045,0.3078658737756149,-0.2313228676293277,0.2575162285873042,-0.22390177000791886,0.10252988242919689,-0.011864128760078004,,0.1198711758567394
2014-03-17,,0.405134971517147,0.513282018958434,0.30880912048678955,-0.23299433747181064,0.2551863606699115,-0.22039440229089505,0.10036555890716017,-0.013144606246382329,,0.11988563801019185
2014-03-18,,0.41399714532965093,0.5185578071092014,0.31170284044210034,-0.22441868575268326,0.24953054732814625,-0.2029661286354917,0.09411877566520371,-0.02204062027184806,,0.12116598368110675
2014-03-19,,0.41025904388642664,0.5177756717525827,0.31164820866943277,-0.2138852752589796,0.24432844267217493,-0.1986551252353488,0.09850809869221007,-0.013744822684161181,,0.12114001274853442
2014-03-20,,0.412622665181158,0.5206648548329843,0.31265830131757155,-0.2150211934950469,0.23656554702710464,-0.188579077803686,0.09629264598617437,-0.020247830934545095,,0.12068059884091911
2014-03-21,,0.41349147546053966,0.5211607992107395,0.3121694386185481,-0.21541006064454324,0.23468391746621067,-0.18667717489190822,0.09474828770035648,-0.022590069927484354,,0.1207038164937956
2014-03-24,,0.4140486844784747,0.5247134901225573,0.30977822492185847,-0.2131483618368696,0.23249229413509404,-0.1855648971863933,0.09631683426573444,-0.020354138443372766,,0.12076817314072413
2014-03-25,,0.41251909370697804,0.5218902089506746,0.3081199086534135,-0.21046467847369976,0.23371851545759917,-0.19083952291128928,0.09559920694959669,-0.01855673523256037,,0.12040429159270295
2014-03-26,,0.4131236729483476,0.5223010550773025,0.30508839709268626,-0.21069157471645325,0.23720596560128657,-0.19409270202988002,0.09810381058601565,-0.015382291635021606,,0.12011592016380011
2014-03-27,,0.4113219227432046,0.5214517650308912,0.306764167031785,-0.20991204737239766,0.23590441895935538,-0.1950333021960208,0.09669138709321683,-0.015955302268465827,,0.12004727522857149
2014-03-28,,0.4102572940779412,0.5212044613828635,0.3099714216255372,-0.21192622309365264,0.23922014657890855,-0.19779597488507372,0.09843322802807254,-0.014553657549241065,,0.12030930674585943
2014-03-31,,0.4117069009119534,0.5204577768743197,0.309895014691966,-0.21395734005174424,0.23611382440146206,-0.19498887185615496,0.09751300851712154,-0.015182219529241528,,0.12111771957897964
2014-04-01,,0.41294964372039455,0.5222273481275056,0.3067593039310124,-0.21454877306395398,0.23647324092296773,-0.1953846011198792,0.09793630540265602,-0.014836074247938907,,0.12176917090474013
2014-04-02,,0.41087932332539795,0.5210214703163752,0.30008899731218075,-0.2174185067565168,0.23146663762404207,-0.1897665493082975,0.09440674638793795,-0.01598281454060967,,0.1221156314385
2014-04-03,,0.41136295631031167,0.5217354438457161,0.3019480981452584,-0.21846137831936313,0.23109091849957744,-0.18967587836441221,0.09775828018701928,-0.012884431578789723,,0.1220870370913213
2014-04-04,,0.4115689247571623,0.5225503331415331,0.30140287296057566,-0.2187575800934283,0.23002945632172084,-0.18970810472499308,0.09760819691764423,-0.01291070355201082,,0.1220895065414277
2014-04-07,,0.41143462654609,0.5229132791298845,0.2984035737951319,-0.22266018122746953,0.2233241878113224,-0.18295172940610963,0.09392962560056595,-0.01655514487819099,,0.12212651649921001
2014-04-08,,0.41011061243113467,0.5189800408490765,0.29626733834487756,-0.2168193992984802,0.22250030594928308,-0.18209976118615662,0.09227837946061727,-0.019111343204982416,,0.12277019434455308
2014-04-09,,0.40897147611257756,0.5188515332004368,0.29607084319938615,-0.21447394175992357,0.22488376890501435,-0.18200251399189568,0.09502156181312106,-0.01613880977044144,,0.12284195862987783
2014-04-10,,0.40843399857190776,0.5184039193583584,0.29826005093287483,-0.21364815423191222,0.21946195733676083,-0.17958634625786582,0.0948848614663,-0.014990988329759402,,0.12286184994936822
2014-04-11,,0.39609501907168804,0.5099095263609061,0.2870599263089454,-0.21353960099068514,0.2169726132162301,-0.18245305971650608,0.08436519202412389,-0.02023168239828656,,0.12385187501895392
2014-04-14,,0.3897226495781057,0.507034791953716,0.2750750274863896,-0.21172897738389995,0.20003292044427115,-0.1560725995099238,0.08171998119102784,-0.022259332922889258,,0.12467096355599137
2014-04-15,,0.39297162460970936,0.5096864919731674,0.2760359167840935,-0.20849773390733806,0.19072434407763234,-0.14685154156547825,0.08237637005914751,-0.021514688837252792,,0.12423203893796578
2014-04-16,,0.397537542474765,0.512219242648183,0.2573663148731698,-0.17924789210859154,0.1743462495194358,-0.1236414869998293,0.0794634588788059,-0.02241708055626839,,0.12654561691289373
2014-04-17,,0.39519323087063823,0.5121832787013543,0.2567950294182753,-0.17853406481874207,0.17676678037488708,-0.12751156088320842,0.08351018016736392,-0.024038450534199098,,0.1265269532733073
2014-04-21,,0.397971465913936,0.5109817268104833,0.2590825219536773,-0.1762894663906025,0.18418604942139985,-0.14425145293344502,0.08549672803582936,-0.02907971226935353,,0.1270991634370407
2014-04-22,,0.4022477129510321,0.5136901197889507,0.25662242174493155,-0.17659159276362452,0.18599138769145593,-0.14582835228812524,0.08516566337752614,-0.03129044993773004,,0.12718379852816372
2014-04-23,,0.4007606958387946,0.5115302948322589,0.25829379962768834,-0.1727134355011913,0.19249345488483816,-0.1508458682495953,0.08450111804360055,-0.03279068435189414,,0.12751194332515328
2014-04-24,,0.3983554203143072,0.5155626635002026,0.24832584979233457,-0.1720258889923623,0.19435085312430433,-0.15183507996535917,0.08497334720809019,-0.031386041073583254,,0.12771282597726377
2014-04-25,,0.3859804310739444,0.5036927280737764,0.23537244255105946,-0.16880232668590273,0.19283695387003943,-0.15402290591202658,0.0846325567935404,-0.02892146278471224,,0.12879926482795243
2014-04-28,,0.38528434207743123,0.5020513378530228,0.23244345354501572,-0.17355611626731854,0.19080324258822784,-0.15443403227474434,0.07871187821625457,-0.03315048933275943,,0.12930162391924835
2014-04-29,,0.38296992551243686,0.5001069392903703,0.2258128704244419,-0.17123541814528934,0.18473786044678112,-0.15378261375448538,0.07749438925563433,-0.034030633500992856,,0.12926676753307256
2014-04-30,,0.3838497277201279,0.503716298305297,0.22779830178548074,-0.17169631479303982,0.18401934404431308,-0.15280661675902657,0.08259041220469926,-0.02775419428852514,,0.12914486622091742
2014-05-01,,0.3752736053467716,0.4945364517078139,0.20641276969106637,-0.17778794505916878,0.1713260135508027,-0.14249510200744986,0.07430688555452689,-0.029139037830105966,,0.10519410325504423
2014-05-02,,0.3782748222763778,0.4976007943225143,0.20338091055373855,-0.1830639947932478,0.16632359142433867,-0.14212026077903614,0.07226561714046184,-0.03264972060881237,,0.10472086314483142
2014-05-05,,0.40936305155152103,0.5236235715781505,0.18202690791983075,-0.1886935166687664,0.14466475475673307,-0.13083240231765797,0.01758291225059256,-0.07763590391119869,,0.1129831551855031
2014-05-06,,0.40946269877136376,0.5236745239595998,0.18226091215834764,-0.1888864234583242,0.1433732813545044,-0.1304482485472617,0.017430276189624543,-0.07760231468832361,,0.11296213389716844
2014-05-07,,0.41122351969329335,0.5245946513113701,0.17793023588911017,-0.1895899361925722,0.14178925071247644,-0.1286586185241193,0.018091394515850956,-0.07542883425251466,,0.11289168874918273
2014-05-08,,0.4037705057431787,0.5231460925208713,0.16977651153900034,-0.17790761649447873,0.13749927611397575,-0.1275375985183531,0.023438317464238013,-0.07882034634653365,,0.11367836245055798
2014-05-09,,0.4033881714454389,0.5235276063681357,0.1685388822695305,-0.16688912496900518,0.13605890640199395,-0.1271739803531318,0.02771265811444031,-0.07962744291984702,,0.11364284514094558
2014-05-12,,0.4098979233050104,0.5285674893650182,0.17199566066554464,-0.16774357609560214,0.14397753122601264,-0.13210752750511845,0.029644290499059145,-0.07490885869989229,,0.11263152803132977
2014-05-13,,0.40987144127029385,0.5281776777325723,0.1706091887654792,-0.16946979997602876,0.14402753296833673,-0.131756600179302,0.030940558626134356,-0.0741643529947638,,0.11263787737875237
2014-05-14,,0.41051805107198064,0.5285911546267089,0.16608763958034134,-0.16316543139595566,0.15404506479368443,-0.13022495672746842,0.030593043890972883,-0.07346809199012426,,0.1132256794731958
2014-05-15,,0.40917018876895006,0.5277745810781137,0.1672534882458678,-0.16088779107395007,0.15734693730208246,-0.1315318985823507,0.03119204944718993,-0.07123541081204361,,0.11327587948265055
2014-05-16,,0.4113970846738214,0.5281353909382452,0.1652041472005737,-0.16064853828701614,0.15991288262879538,-0.13238879688635163,0.036369705825180516,-0.06894666248186056,,0.11345847694050588
2014-05-19,,0.4176029558338441,0.5315505094424222,0.16390832066678088,-0.1677334188034824,0.1569581685264817,-0.1300281698655628,0.0314931375795878,-0.0739439598289768,,0.11357098474806304
2014-05-20,,0.414153034828689,0.5297653959654257,0.16208206521751647,-0.16310058834747207,0.1602764536044007,-0.1351643705600945,0.031994540738729565,-0.07257449080781898,,0.11384677985549849
2014-05-21,,0.41432481110608094,0.5293545987238157,0.1561886551738629,-0.163333554555723,0.15695021470370912,-0.12968518416761907,0.029383937093519226,-0.0742592564187202,,0.11379231317667517
2014-05-22,,0.41897208636751937,0.5310339059143665,0.16474010252167587,-0.1684283199932896,0.16394721816840213,-0.13193976579595645,0.02292135710911457,-0.08416957385967924,,0.11400821575872297
2014-05-23,,0.4367762202754267,0.5356472773878355,0.16721348546344167,-0.1812379825484752,0.16277173426347588,-0.13336676716653864,0.020591811499754326,-0.08742912570490773,,0.11473814256317853
2014-05-27,,0.4313665082717416,0.5331114725304064,0.1666258090491234,-0.18161978901609344,0.16369140228951368,-0.13301093529405583,0.019606211790567686,-0.08822114384550082,,0.11465958883211345
2014-05-28,,0.43291622999430507,0.5355254844971039,0.16523059990185845,-0.18629289104947966,0.16219223075797898,-0.13467133376085863,0.014491900270285182,-0.0932251344362114,,0.1147935360376341
2014-05-29,,0.4351472511548001,0.5371045207193167,0.15856964142647412,-0.1896932517693559,0.15683171391985526,-0.1329883680134132,0.01316921942367753,-0.09129933793153444,,0.11465336761328282
2014-05-30,,0.4346260694300028,0.5371976873045742,0.15909784104350738,-0.18564097748935654,0.15552596484349085,-0.1318184122466329,0.012851668251692473,-0.09522498685666118,,0.11475527475624016
2014-06-02,,0.4313262314022035,0.535309040786474,0.15414000485739857,-0.17713263209201166,0.15135247561401755,-0.12629810822421475,0.023276431746865365,-0.08864521758012675,,0.13725991286476602
2014-06-03,,0.42717961366009793,0.5313855903225831,0.14789895708857867,-0.16750127456349392,0.14880586904289675,-0.12802206412436593,0.021381351718051708,-0.09321763693785069,,0.1499384151159434
2014-06-04,,0.43020307277472863,0.5327886012537365,0.14863784227443202,-0.17136336286984172,0.1514781332611401,-0.12964591507649226,0.01972985919124271,-0.09799201353678648,,0.15011376534788967
2014-06-05,,0.42972611500929,0.5318880775960114,0.1485682361701826,-0.17074141763529208,0.1531876216938036,-0.13029145197861192,0.020132870354206488,-0.09773162419359722,,0.15014288347065147
2014-06-06,,0.43741727635174094,0.5372786502007659,0.1539780630614355,-0.19725702960097644,0.15748476204450113,-0.1285163290273449,0.015808199763938092,-0.09588000893584961,,0.15030387765423314
2014-06-09,,0.43128807574887523,0.5316516667348903,0.15990782838694292,-0.195101487497211,0.1690818642877816,-0.13872683498047242,0.02602960564169165,-0.08800465283475067,,0.15066425974142866
2014-06-10,,0.4328683200580675,0.5341789814956622,0.15911296283886991,-0.19474656386797556,0.16861425799968244,-0.13810379976980838,0.030149147688886595,-0.08318799317595628,,0.1505912891257266
2014-06-11,,0.43157997197375475,0.5328874973401602,0.1574730372554974,-0.20839706885784784,0.16221374792388277,-0.13142629193186714,0.02761742418869359,-0.08143384286678444,,0.1509111667762631
2014-06-12,,0.4256542815554522,0.5277229261991468,0.1492576069376439,-0.20464270376099833,0.17128799324788657,-0.14137192824335015,0.028460432389073385,-0.08545763887640143,,0.15138328596162837
2014-06-13,,0.4233992886029529,0.5274106417214535,0.15376015743911697,-0.21155137416212838,0.1835327868432473,-0.15342096668703134,0.023380198003776692,-0.09095693267614018,,0.15141682885770275
2014-06-16,,0.4225025264208954,0.5265115627973058,0.15144024861985725,-0.21284254773521435,0.1863270409980292,-0.15391093969285816,0.025641325159180058,-0.08830220601231288,,0.15145329098243196
2014-06-17,,0.422109727159719,0.5265878586116068,0.15061066241480772,-0.2119702536229194,0.18718243661856743,-0.15488230355995078,0.027514663599587888,-0.08769824035766872,,0.15133299807120762
2014-06-18,,0.419217477658299,0.5275798606318527,0.15456795358178232,-0.21174479576403998,0.19339822287888916,-0.15461213680392683,0.028827258814662943,-0.08885726409712166,,0.15163168870079585
2014-06-19,,0.42070918211860026,0.5274965804123447,0.15504902440134286,-0.21248955471573858,0.1917862535324924,-0.15433204028963615,0.03417505862087489,-0.08500082432338484,,0.15134996980748378
2014-06-20,,0.3929578855825002,0.5103389898121665,0.13378957930470992,-0.19876229541740845,0.15882322580785138,-0.12075130581757897,0.059460624983442525,-0.05556683515539398,,0.15204481951737692
2014-06-23,,0.3921384928429848,0.5090096427294822,0.13866770747579676,-0.20934383943140925,0.15722089674941353,-0.11454734069109705,0.05059124656302006,-0.06867652253247977,,0.15223883683883216
2014-06-24,,0.38771758994775213,0.5041188593951349,0.15389573089638206,-0.20763974496695672,0.14109014098241093,-0.10529668798801126,0.057931361709388514,-0.0595953086364301,,0.15338584522967552
2014-06-25,,0.39025583827119276,0.5059292509827891,0.15453583913123797,-0.21254231434875862,0.13531287192856858,-0.099085359322584,0.0518651992540475,-0.06065506066755448,,0.15419773194272623
2014-06-26,,0.38604747237045345,0.5035192600032716,0.15527095158372056,-0.20827903420023533,0.14145937492479319,-0.10418812352191123,0.047610733026884566,-0.06407061543787952,,0.15430300509679828
2014-06-27,,0.3891560691923231,0.5039483093801314,0.1539746270569045,-0.20688205076657745,0.14014190647338318,-0.1028629404175572,0.049329001718962234,-0.061929012209533695,,0.15444998942182275
2014-06-30,,0.3896594424086363,0.5093905379837184,0.15163928746943273,-0.2105030190333949,0.13876333127670404,-0.10015059598618213,0.047385166670204114,-0.06148607126367542,,0.1537294926729083
2014-07-01,,0.37112854134831585,0.5173804443610904,0.13713601686758098,-0.20678190013703723,0.1324116433086071,-0.09619636502919864,0.045157566932778045,-0.04816618042250046,,0.12847789467851112
2014-07-02,,0.36956801986820054,0.5164096274077326,0.13305753883930727,-0.19890352328767577,0.13095201969162676,-0.0989960275608667,0.05487986033900834,-0.03925931799439687,,0.12701407220136152
2014-07-03,,0.3665717532758688,0.5131880904784485,0.12702743634899746,-0.1934633879377163,0.1321342386054467,-0.09933603677315668,0.05282880263028646,-0.04319196329122911,,0.12739068275877927
2014-07-07,,0.34341656113072105,0.49603684434397644,0.15441721208263354,-0.14866170214645433,0.15495105121267352,-0.1220085152554731,0.12003848486813447,0.004794451419931183,,0.1292078168399644
2014-07-08,,0.33920070764206234,0.4941997189365803,0.15514269860156749,-0.1459237315210441,0.1530140877125006,-0.12234046906880722,0.12822290941813985,0.012872142244825923,,0.12976292834040817
2014-07-09,,0.3438330974626875,0.4969036356043307,0.157992544276102,-0.13901421851864076,0.15800796098297942,-0.12461969253610194,0.12729453989851,0.014671517370752027,,0.12990534472099077
2014-07-10,,0.3455180381022441,0.49851591690360486,0.15274513553195893,-0.13208476105273245,0.15637113092235239,-0.1206059760350782,0.1230053505296876,0.010524468929925342,,0.13003696563917178
2014-07-11,,0.32813088562710235,0.48585474206097296,0.17006088369857286,-0.0843721478456546,0.1378519293783868,-0.12000468686648491,0.15382864529361787,0.029927333671593677,,0.1326431467361803
2014-07-14,,0.3303233546881538,0.4867742301840104,0.1717588382081824,-0.08283003211304704,0.136647765410827,-0.1193350280226296,0.15305025023309052,0.02771503814866657,,0.13262945525655173
2014-07-15,,0.3308018870968502,0.48705404869646657,0.17206935568772633,-0.0824445778891508,0.13680256692289372,-0.1194250887491539,0.15203807601541353,0.025532562024763995,,0.13258442627619563
2014-07-16,,0.3278051562980168,0.48748958626063227,0.16777528699977712,-0.07421685493461619,0.13799148110051257,-0.11696674192995395,0.1562840581366588,0.03139500017669031,,0.13324428142462125
2014-07-17,,0.32315342992779705,0.4810908187514273,0.17249882034005073,-0.06568510319487499,0.13970311326379803,-0.11667434920524938,0.1486674261109506,0.025332333863727942,,0.13380761303548047
2014-07-18,,0.3246352606030897,0.48260850715601755,0.1725462218286784,-0.06582587416946786,0.13167590931803763,-0.10054280349811344,0.14728641759969108,0.023107444314424276,,0.13372326060318807
2014-07-21,,0.32464820297661834,0.48279041334818407,0.17409764201961286,-0.06464246971275744,0.1306911280741611,-0.09772590428938649,0.14816349052588343,0.024928402209856867,,0.13365579951405973
2014-07-22,,0.3145931798583322,0.4770845411399227,0.18018453756762676,-0.05615371126388652,0.1306697367028615,-0.097142613485937,0.14879602675581402,0.02619181762962488,,0.13434338239064814
2014-07-23,,0.31474324346190596,0.4784984903944257,0.17948528658621118,-0.05528796936809269,0.13114677994156002,-0.09749541895485936,0.14819674443682798,0.02498037525562127,,0.13443478612731263
2014-07-24,,0.302467580785,0.4589730388952671,0.16774397854863657,-0.05022156190708326,0.12863920052943492,-0.09205890454456367,0.15981824525696758,0.030773370223787552,,0.1329245685845109
2014-07-25,,0.2979011983291642,0.45562338885698195,0.1672937076550028,-0.05153381296101312,0.13104818780531935,-0.09537712842652452,0.162292903269048,0.03460151512462963,,0.13298470197052462
2014-07-28,,0.29686286115658234,0.4511498911814217,0.16198007692776703,-0.0683686273707378,0.13330468841914203,-0.10019583775680191,0.15343589425392098,0.03308169643260835,,0.13429144140690275
2014-07-29,,0.2972127574239289,0.45038445878065075,0.16371562520672717,-0.07064959997417516,0.13612522601802945,-0.1034250097855906,0.15467382938414073,0.03385546014185975,,0.13438897754902773
2014-07-30,,0.2971699639989527,0.45065899106483204,0.14987552618836175,-0.06111194566526876,0.1372624720740572,-0.10461379144922013,0.16653574511121874,0.042831583824106276,,0.13537614855594307
2014-07-31,,0.31188823490493306,0.4596070462639823,0.13465053854718304,-0.0449330907571307,0.14208864466902077,-0.10904600403449728,0.17152480950700486,0.0635850749721195,,0.13811786072792437
2014-08-01,,0.3112534247225026,0.46201747224800244,0.12081887142266148,-0.06943425011153832,0.13312830254369654,-0.10587132069418055,0.15796187067186848,0.05184213162063997,,0.11232962293690014
2014-08-04,,0.3087813272248503,0.4593043598765032,0.12310588932997239,-0.06779729450923226,0.1366235087499147,-0.11184581610536985,0.16110949377508424,0.053932930930931135,,0.11199409437707068
2014-08-05,,0.3090648316349617,0.462645104469015,0.12691211855802098,-0.07185854447703048,0.14343482404257002,-0.11943551923946216,0.16213511374161493,0.05486029831673952,,0.11177165252351422
2014-08-06,,0.3002679547841762,0.45880521791164575,0.12971695944391942,-0.06924066858054408,0.14423893372247082,-0.11761279057983601,0.16259651471350178,0.05628013261423298,,0.11160141520467959
2014-08-07,,0.3003828244048479,0.45868646699017723,0.13097638083244276,-0.06803696723934932,0.14358082521706017,-0.117551570003098,0.16187508984813775,0.055652463534216656,,0.1115811015102886
2014-08-08,,0.2853906229380215,0.4457983175090925,0.14520092798228698,-0.053126794760647515,0.13822528399466397,-0.11534294332930821,0.1692935731437982,0.059605778501821464,,0.11434720158109754
2014-08-11,,0.28554852369638833,0.4442984575009076,0.13455729940999783,-0.056024585381510644,0.14212034801937345,-0.11975022331414947,0.1707283222554628,0.06096064154686192,,0.11490627925400151
2014-08-12,,0.2869669324181378,0.45185839135976136,0.1360656044635217,-0.05621657919894839,0.1427663765647156,-0.119626006891609,0.16937443063721033,0.0593938270023595,,0.11489057172215288
2014-08-13,,0.28609856324322813,0.4508537114631331,0.13283114188670472,-0.062054589995950545,0.13575194817672254,-0.10937005807005569,0.17046916447578142,0.058143966653810275,,0.11464947029691372
2014-08-14,,0.28353121667411557,0.4478543366191073,0.13729349418451833,-0.06154402227436326,0.13696932792384126,-0.11054636893106899,0.1714355507761293,0.057239443243147455,,0.11485951462277579
2014-08-15,,0.28453443374007653,0.45385369479840826,0.13977627939761694,-0.06413682950222506,0.13768958881848456,-0.10914922721240797,0.16901288566872377,0.05707288794240481,,0.1147494296862688
2014-08-18,,0.28196677662784453,0.4519245828718524,0.13828723894070072,-0.06563880589409382,0.14105360471983366,-0.10877724657911092,0.16423990286063267,0.05153155386556183,,0.11501602448926504
2014-08-19,,0.2813732093302508,0.4522814696575404,0.1409964774097565,-0.06917817350381956,0.13613510873388135,-0.10594774206617218,0.16888679626050465,0.056763175577139155,,0.11508290407695992
2014-08-20,,0.27430014809384834,0.4471666338159292,0.1601551249524992,-0.04657124733407501,0.13654796110850753,-0.11033721099696063,0.17436324348846785,0.06643360548957704,,0.11239721696946096
2014-08-21,,0.273354336521041,0.44706974090148155,0.15613315366845806,-0.04019077565364378,0.13331864480304215,-0.10701084516390855,0.17894712204118998,0.07226288307399356,,0.11247365705915402
2014-08-22,,0.2743735281314481,0.44591242586814545,0.15203296959610132,-0.039178089486414214,0.12844469914418938,-0.10519467729711986,0.17560438243505697,0.07014270434888666,,0.11236146076169796
2014-08-25,,0.2714720301059037,0.4442740980860661,0.14864474117473087,-0.03548555057605431,0.12845947408477812,-0.10259402327583592,0.1816408354569104,0.07615968488014734,,0.11241133239774449
2014-08-26,,0.26839977426719913,0.4468859276943273,0.14451158630932925,-0.03681762118795886,0.12549090888562778,-0.09826567623219938,0.1798643193519466,0.07054010269247049,,0.11237968400340363
2014-08-27,,0.26769116820501904,0.44684444762981174,0.1425895669310073,-0.0344970936212699,0.1311335973247995,-0.10163047911907769,0.18507655851166585,0.07382056226411612,,0.11247446298759346
2014-08-28,,0.26254565531134993,0.4398540818512906,0.14054695785651214,-0.032134385423732044,0.13412040617397158,-0.10440491090226733,0.19465757866817218,0.08177668135022159,,0.11211589071341001
2014-08-29,,0.26142995217976345,0.4375361101338559,0.1340476449552239,-0.011052274609720735,0.13728272302170974,-0.10258819311925275,0.1905519650689612,0.08766339569233202,,0.11278270622003148
2014-09-02,,0.2580547160402119,0.4351820089445367,0.12941966024010956,-0.00949382114801408,0.13591402261637356,-0.10215990019448568,0.18916101858488957,0.08962179843478359,,0.10960690956170432
2014-09-03,,0.2487456092005432,0.420224841874571,0.11200511564228234,-0.019763140724188104,0.13308736045544695,-0.10037296842905143,0.1687124835620326,0.07345665419659665,,0.061149632849693054
2014-09-04,,0.23811204858480775,0.40673127001759685,0.09955250972911321,-0.01003424514784756,0.1421740434383072,-0.10518743051329425,0.18485938244506658,0.09309154832478322,,0.06161489778737858
2014-09-05,,0.2395458036369181,0.4070389229155655,0.09553032593455277,-0.012251993110644926,0.14375270969801748,-0.10683037435608089,0.1860015234874855,0.09460233987249642,,0.061568525676876054
2014-09-08,,0.2373459620996916,0.4053276911474637,0.091571886984243,-0.00717375405330446,0.14403549919323302,-0.10703682233904309,0.18894786242390568,0.0975949660994252,,0.06159928530681732
2014-09-09,,0.2387062710788608,0.4034866244148487,0.09143733407143381,-0.004673693345518316,0.1494982470180366,-0.11421632022834577,0.18222222457677564,0.08893872273263848,,0.06096129650162576
2014-09-10,,0.23667815721636407,0.40308833992350135,0.0868932224486794,-0.004773549444897135,0.1523640911760853,-0.1175083838950669,0.18740650291008681,0.09167675105473197,,0.06098811241451331
2014-09-11,,0.23751833297366126,0.4049597891077041,0.08361665967975783,-0.006026415970506383,0.1524388520459756,-0.11779511948975034,0.18713942634581648,0.09221750007060721,,0.06093476647921359
2014-09-12,,0.22514734550657947,0.39604327698656966,0.08879602229691513,-0.007840500366327701,0.14670503322216638,-0.11375899867329547,0.18921193404770734,0.09772004598719863,,0.0612208412618981
2014-09-15,,0.22394045132344653,0.39573286220071857,0.08624300266227816,-0.008105597379172642,0.14742300037020165,-0.11625177225011188,0.1904526958238652,0.09881869119753227,,0.06114331177508423
2014-09-16,,0.22046845184957622,0.39220458673072806,0.11137167009376261,-0.015132966323112387,0.15478019489229328,-0.1323042333181411,0.18915845864356678,0.10335222645667663,,0.06027882569459088
2014-09-17,,0.22066741224542719,0.3921551184970371,0.11272247915830463,-0.021541030257574065,0.15438881476525126,-0.13200740825843574,0.18836235667902373,0.09803054689705998,,0.06021414455897546
2014-09-18,,0.226246181342138,0.40225198942087503,0.10443104689290876,0.022669611210822296,0.1372119770099979,-0.11940536463768583,0.21781893429444452,0.1364531521509463,,0.06021065515125339
2014-09-19,,0.19516745113847184,0.3767765305080697,0.11937471451093914,0.01751402806826863,0.14221354649634843,-0.1163394713635777,0.21070665087994625,0.12441888625959902,,0.06077176978915199
2014-09-22,,0.1878683984327202,0.3776668324319028,0.1211167633346303,0.02281718141336569,0.14756281254871326,-0.12834664167493862,0.2122398585392534,0.11784439948031804,,0.0604160695768877
2014-09-23,,0.1868611354528322,0.37749630178355004,0.11902527142260862,0.02280446538062601,0.14588978718779452,-0.1256891242577623,0.21136263614440864,0.11461138104330251,,0.06047290245106838
2014-09-24,,0.18212376102412922,0.37335154951677135,0.12180692481516495,0.031199337650481735,0.14732056061219204,-0.13326341163630598,0.20695728762172583,0.11974228299692047,,0.060658366602736345
2014-09-25,,0.17969086662332764,0.37117393274694516,0.12272416633702811,0.03382598754400138,0.14609569302181066,-0.1311158592345255,0.2084718558051512,0.12120615348780253,,0.06068211354778095
2014-09-26,,0.18542499439939783,0.3697436311070307,0.11629192030423545,0.02318529553802294,0.13875210948527855,-0.12758076259802775,0.20285993041609696,0.11065660047245032,,0.06057410034407031
2014-09-29,,0.18334827584412158,0.36955993608989585,0.12029762734010874,0.025851252771519707,0.13916848568339193,-0.12801190543180255,0.20001960284784506,0.10942875143086084,,0.060545933739587735
2014-09-30,,0.18599706326335222,0.3780379545112839,0.13978294239826444,0.01605581154453132,0.1416959368835652,-0.1291358498715113,0.19559359311688782,0.10876530841332296,,0.06016172847338738
2014-10-01,,0.1707054814402383,0.3736359242061519,0.13700739031836964,0.01206545078437434,0.13935475782506299,-0.13454364743163144,0.1871284573631692,0.09961363715073086,,0.05306778603814643
2014-10-02,,0.15741618174284466,0.36852449970826867,0.1256094460446718,0.026878545534901307,0.14085677475384883,-0.13751248993134135,0.18471151504070807,0.09981965925251689,,0.05263021705911128
2014-10-03,,0.15580237468941385,0.3683008737774432,0.12177481195016614,0.021587687746131266,0.13165936945667567,-0.13147302448709286,0.18241360582184338,0.10008526310764225,,0.05318138256808123
2014-10-06,,0.1653284083194389,0.3753038933028384,0.12293247846738269,-0.006894602757798922,0.12553997248810228,-0.12273191285326644,0.17409611008750794,0.09376574168987255,,0.05315623610482909
2014-10-07,,0.16668093833659423,0.3795914934762078,0.12110125051852896,-0.00742766723290557,0.12225682959598468,-0.12125036365445292,0.17125737129571636,0.09209783558815957,,0.05320099508116481
2014-10-08,,0.1687676725889633,0.38167049123855806,0.12839076579882172,0.0006571933297887556,0.1071759774089194,-0.11008437795123857,0.1731688590695904,0.09858762139156857,,0.05287364681617797
2014-10-09,,0.16546876944157216,0.37700660111543366,0.1087927544624715,0.014086708987419684,0.09188673220220503,-0.09935924771038929,0.17733797367261425,0.09498110309378355,,0.05371616806906838
2014-10-10,,0.16799995343691726,0.3767239086206276,0.10556624059594605,0.014714284224440453,0.08303977390401569,-0.09163490271463945,0.1747160271150607,0.09258889225752093,,0.05367772973918344
2014-10-13,,0.17914273316958004,0.3876721173224419,0.10873696041186724,0.014224966742756901,0.07726025022079845,-0.08690192587784025,0.17459929133554977,0.0926776408369729,,0.05364192905313259
2014-10-14,,0.17789683690056213,0.38668355846308766,0.07259251019465353,0.026916322570940336,0.07564065594272561,-0.09614570130820382,0.1565948817022437,0.08096709279589473,,0.053550757573419344
2014-10-15,,0.16387647208717587,0.3771317180296934,0.07206189865536912,0.05614917529143674,0.08952291949396111,-0.11352416127353704,0.18437653120619518,0.07883040818955013,,0.052156652005761556
2014-10-16,,0.1651480217332908,0.3772149914134078,0.06824689725064538,0.05838918740616364,0.09077756663470728,-0.11700764180935755,0.1771785934672276,0.07940045548708426,,0.05193067769885439
2014-10-17,,0.17340477859205553,0.38114305449517183,0.0669838671290027,0.057154893839348776,0.09791390302443617,-0.1252127091673754,0.17936697538599713,0.07963174495038185,,0.05206660709165306
2014-10-20,,0.1731584027069106,0.3808694253747698,0.06680197853742038,0.05853962836763877,0.09531254242132768,-0.11987945144120861,0.1797881178021597,0.08055751325635394,,0.051970997193929995
2014-10-21,,0.1761618998750251,0.38450783733176197,0.06860288274132909,0.06604538716620094,0.11013094983383465,-0.1310506222399904,0.1829972171569841,0.08602044564873487,,0.05196573711263582
2014-10-22,,0.1685249078729125,0.3800718376417359,0.07630175466549055,0.0733895382089818,0.10799757144985987,-0.13314436911347996,0.19591694198991622,0.09446949941755013,,0.05185567457857099
2014-10-23,,0.15715021133762302,0.3777418332218827,0.07726515355339511,0.07483746502886009,0.10915525728164634,-0.13764330919596285,0.19625676051093466,0.09701985276195656,,0.05268469864886705
2014-10-24,,0.15875930982549943,0.378653975312433,0.07697019934832744,0.07442900074157249,0.10950020995906425,-0.13788216500488096,0.197245607275599,0.09707630582796795,,0.052723842853847395
2014-10-27,,0.15768647904819585,0.37845636038687935,0.07659136664124613,0.07024088821977792,0.10781560537199882,-0.1378228777223314,0.1956819490669614,0.09626215048273884,,0.05275938690841559
2014-10-28,,0.15754622353621914,0.3790261586855083,0.07925540085785883,0.06814302761936038,0.11429610392862316,-0.14362794785191613,0.19835135375573626,0.0972774181069336,,0.0528385980578747
2014-10-29,,0.15850973852552397,0.3794470478597181,0.08047342537383403,0.06604959563842366,0.11280820162262833,-0.14332606246991522,0.19884435541684567,0.09766398182812087,,0.05280288980048851
2014-10-30,,0.16801562629009523,0.381832081156122,0.09455073560391276,0.05985892257817597,0.11297722654581056,-0.1414487378819003,0.19823033572232684,0.09472712118603603,,0.05235641514441565
2014-10-31,,0.16419499136301016,0.3806122979652656,0.09445329827455999,0.06138678847148873,0.10822354242776215,-0.14048665314328593,0.19847521231479087,0.09711651153164884,,0.052493301738699906
2014-11-03,,0.16395513178107812,0.3815073384943602,0.08881409602910549,0.06584981426740072,0.1078830350312274,-0.13837301152855053,0.2009213526755479,0.0983722061335443,,0.030905900287312948
2014-11-04,,0.16587557740457834,0.3852287735477702,0.10004640974317051,0.06936447379204273,0.11356329436087081,-0.1416318631362015,0.1990261751995277,0.09830261645385723,,0.030859226565409473
2014-11-05,,0.16795417854402248,0.38462611226451354,0.09794289069304792,0.06616878818337579,0.11276545529806004,-0.14073768427116107,0.19835519228070744,0.09755953358710977,,0.03071794542426596
2014-11-06,,0.16997827064351811,0.38619355669025696,0.10040439794341584,0.06603567973494313,0.11461558987684356,-0.14300838942679572,0.1980231947565319,0.09476474395044998,,0.030941574611815487
2014-11-07,,0.1778381341430034,0.38963904027560153,0.10418917119355947,0.05845379502136414,0.1193373906481861,-0.14792613501114227,0.19307978516647656,0.08914800603262875,,0.030991795087678218
2014-11-10,,0.183245808058279,0.3909159655069805,0.10812779836686315,0.055761504290173215,0.11744956838066702,-0.1455318881307732,0.19022236902304648,0.082805694477683,,0.03069942334131736
2014-11-11,,0.18426710076748956,0.391066848396597,0.10876564194269185,0.05395084446119775,0.11741954973089455,-0.1443490727084624,0.1900785843666639,0.08278947894043483,,0.030737005456673214
2014-11-12,,0.18225882941296334,0.3883097863789628,0.1038920725049536,0.054054149482826275,0.11634981631545858,-0.14356920190905834,0.19204034422999883,0.08517694073308121,,0.03092125318449464
2014-11-13,,0.1805730658005719,0.38145232649372396,0.12799429549991642,0.046514599596022506,0.12856444914774734,-0.15225055801194387,0.18468245708936135,0.0742569706718847,,0.031493355318876426
2014-11-14,,0.19822749369573187,0.3985668199074398,0.14241883602976926,0.040733525651372296,0.12734978450615816,-0.1552408455131948,0.17696190474971898,0.06420873939936995,,0.03173629681174196
2014-11-17,,0.19821301932787003,0.3988291251036197,0.14234775962067683,0.04017462923836068,0.12647988851504213,-0.15557756112894633,0.17584956388593376,0.06153599333822847,,0.03157080557798068
2014-11-18,,0.18701842332850394,0.39217670142784444,0.14603952715032237,0.04721957491040044,0.12080116100880947,-0.15198735667643357,0.17584451015910066,0.05805340343131192,,0.031308950550452186
2014-11-19,,0.18485249380191024,0.3937573075087773,0.14536838407490016,0.04870067982275171,0.11932659181121225,-0.15138072691074195,0.17843479650642396,0.06324291138221498,,0.03144634493023877
2014-11-20,,0.18599962864654462,0.39545740264130697,0.14145761309799895,0.049774060758923024,0.11873321653753471,-0.15010662244901887,0.18098156077692168,0.06712451406881788,,0.03125454896424482
2014-11-21,,0.19415775016729164,0.39889610276710086,0.13385281083554895,0.05396670272027758,0.11451598427218895,-0.14733907972946564,0.18170784320691172,0.07147589347370371,,0.031116968320218426
2014-11-24,,0.19457438727367057,0.3996411875497597,0.1389229948190667,0.06316835290258672,0.11045658451394026,-0.14406063055933674,0.18554605999085638,0.0771059964332821,,0.03060373281104426
2014-11-25,,0.19317775433890846,0.3921461310053985,0.1499973233649373,0.06738222932437399,0.11198710483282957,-0.14198685248926524,0.19251616816667697,0.07996819274152887,,0.029998736577443858
2014-11-26,,0.19326381079719931,0.39213521014781955,0.1496520784791141,0.06581091714424636,0.11191550431731447,-0.14197046729498408,0.1915219956164189,0.07939327961590925,,0.030075491981769453
2014-11-28,,0.2146378905188641,0.42912408986426065,0.23751387508485794,0.02707989059999172,0.11667182214779458,-0.15776139457758506,0.2056726340047426,0.09310984297494812,,0.02869203328588229
2014-12-01,,0.2419717131125837,0.4502937199700855,0.2613362475899453,0.011529537601758497,0.10468233676475147,-0.15009929791636314,0.20963789342906308,0.10111157450865722,,-0.02216150201684839
2014-12-02,,0.24354023515238743,0.45319175252258326,0.2656186848317485,0.007177116431655842,0.10188094282764834,-0.14557866499541783,0.2076139668264786,0.09817975351759566,,-0.030842489741616737
2014-12-03,,0.24061581976434337,0.4524268298158069,0.2688005573544772,0.0019525729594565733,0.09945826030414175,-0.14377036741339275,0.20610364684752472,0.0978403901707002,,-0.03087578125346626
2014-12-04,,0.2222332817183373,0.44051050083896814,0.2587050146188884,-0.0034156265675638503,0.10118535938787086,-0.14693119071353192,0.18698431875725405,0.0731403857292998,,-0.031285757504061026
2014-12-05,,0.22175223824821638,0.4398445567393399,0.2593405508675908,-0.006823799360589065,0.10036416633765614,-0.14600607804703408,0.1859349351466642,0.0716436074553774,,-0.03127096876653015
2014-12-08,,0.22105850348728565,0.4395943186049013,0.2601561053835148,-0.004373777519545862,0.10092899608686708,-0.14801113743383504,0.18717984152421474,0.071759618332913,,-0.03145273010567318
2014-12-09,,0.23187949175792133,0.44471470721983475,0.26480107110108536,-0.009254180236152277,0.09946563216648022,-0.14046969599383083,0.1838873401947976,0.0655036758695125,,-0.03127873340970497
2014-12-10,,0.23261533858866712,0.44432865933442206,0.27244420262822816,-0.0013582467329536659,0.10953449185373275,-0.15028588591424885,0.19098975341979377,0.06915207552519734,,-0.03152862039614416
2014-12-11,,0.23257241084053074,0.4425673571093482,0.2704703089329727,0.0054464338067144865,0.11940785524926076,-0.15170165673563732,0.18754595545965116,0.06918923639947192,,-0.031521816485577205
2014-12-12,,0.23686796395454654,0.45104283555828767,0.2649510519947316,0.00399261074770022,0.11583845000502767,-0.15092425873937612,0.18429258443308913,0.06818321934216148,,-0.03147516438863242
2014-12-15,,0.2418645158647944,0.4571853474736721,0.2771475997602901,0.0026476270283653453,0.12186815727429598,-0.14757709407959277,0.18092553499772152,0.062424793023975855,,-0.03189098663156338
2014-12-16,,0.24204260113218143,0.4535893832974233,0.27459089798475844,0.008224650404416067,0.12244102945304453,-0.15253022900362112,0.18256975583505225,0.06845967468966511,,-0.03225865288280711
2014-12-17,,0.24175789125116728,0.45413738322024577,0.27551039964325336,0.013522112494326837,0.12487884385751653,-0.15474007999378986,0.1840349815071961,0.07045277298655722,,-0.03209663877871171
2014-12-18,,0.24187535652478087,0.45475659522975276,0.2769083321463366,0.013076928457384302,0.11831162907169442,-0.15220438553557813,0.18118007568288402,0.06654888987245164,,-0.03216833894689382
2014-12-19,,0.24000525194065764,0.456658283729649,0.2894699268160384,0.02317410577661545,0.12055615982237271,-0.1524620321038451,0.17999867726912958,0.05928270146921606,,-0.031616699284376715
2014-12-22,,0.23885547384660422,0.4552855028712454,0.2885663424500545,0.023357879219877118,0.1197265138428924,-0.15131302126670923,0.1815133706775699,0.061606789818300096,,-0.0317157095789692
2014-12-23,,0.2393758675091306,0.4552153880368267,0.28556735359028196,0.02370184076666173,0.11946946761886885,-0.15103413707254001,0.17902356831929625,0.06057180872279067,,-0.03174832177219861
2014-12-24,,0.2373003408352531,0.45664341579879003,0.2886954877535056,0.024072375762428495,0.11784330875062349,-0.14549405883734684,0.16734553288113943,0.048740522679541216,,-0.03271766891658598
2014-12-26,,0.2203753751653639,0.4381979828261335,0.2922995211274913,0.025031346484258716,0.11311153592787485,-0.1451805578373036,0.16758490611619017,0.04988424822521527,,-0.03324556614452699
2014-12-29,,0.21843379795464055,0.4345171009394377,0.28930738597680533,0.026677742446565265,0.11358321121726485,-0.14526587027224525,0.16530463693859263,0.04968865502074141,,-0.03340267949819774
2014-12-30,,0.2196358921232095,0.4351473203279618,0.2902819835615469,0.013573490823994344,0.10937745669096068,-0.13545295911000954,0.15978748627398048,0.042706225764057804,,-0.03280698340628165
2014-12-31,,0.22502303727285086,0.4421835491053514,0.2944363502138084,0.010174559060252154,0.11368770436549815,-0.14447724729485384,0.15797944196365707,0.04697973162774484,,-0.03319055767943959
2015-01-02,,0.2291124719008506,0.45019715374438696,0.2944536954588457,0.012816096037739007,0.11287191319978414,-0.14414303460235794,0.1566235180603738,0.04474430596134493,,-0.04261450471767028
2015-01-05,,0.22010091501673354,0.4340718879794411,0.3056426944035522,0.008571024206002508,0.12725534467523666,-0.15388742076011472,0.16913820606998356,0.04686400155920887,,-0.04261561878026844
2015-01-06,,0.22198162383415176,0.4350854656782206,0.29665970375553086,0.00977696635431611,0.12474501736731897,-0.1519328618833064,0.16522751475721117,0.04828580130961373,,-0.04255636705949043
2015-01-07,,0.2227755458796599,0.4362534783071266,0.2949402305979142,0.008670758638244578,0.12281804435726013,-0.1504087851119444,0.16551915388405464,0.048812108346367074,,-0.04260540382337229
2015-01-08,,0.22174950503927499,0.43389841026809833,0.2944909133251854,0.012554018140385353,0.12588395647041725,-0.15298609059821294,0.17154359926790538,0.05093169506592291,,-0.04241597943431346
2015-01-09,,0.22221373978241765,0.4370164835197365,0.2945340812182353,0.014651744980653624,0.12829904751635532,-0.15408587982489036,0.1708501951293008,0.04676198366966354,,-0.04238254320967677
2015-01-12,,0.2096181966187017,0.4293339283413399,0.2973359454917962,0.02124403323601116,0.13130675797388394,-0.15565395948402536,0.18957028660155345,0.05612028785562565,,-0.04281494837300971
2015-01-13,,0.20318106510959374,0.3874129099034969,0.293672100843076,0.010938047327720959,0.13800541798094712,-0.16282849478631956,0.19356691824935918,0.04920914274672409,,-0.042721463554403344
2015-01-14,,0.19368434698753556,0.38110782930210496,0.21001582153199222,0.022689645598429915,0.14931891330986136,-0.16732786595874605,0.21009839551735493,0.08687962981113737,,-0.04172723149536419
2015-01-15,,0.21526850822767876,0.3829454282035341,0.1781264524897314,0.02347489757491892,0.13392697935806308,-0.16077223390069212,0.19211080324112587,0.06120113913892523,,-0.040996212361210364
2015-01-16,,0.2208780984914603,0.39254193100113166,0.1949440656360183,0.025279992882605174,0.14381999919687116,-0.16544149070610278,0.1973522879540909,0.06771500403624987,,-0.04037653634483117
2015-01-20,,0.21303364310069078,0.3880300041318149,0.20595604575463797,0.01819270955170064,0.14200089560665108,-0.1611116112810726,0.19694977250764123,0.0665920257175751,,-0.04045080391030874
2015-01-21,,0.21499360230534237,0.39183359849621435,0.20431279613998574,0.01941402282444954,0.141578901879494,-0.16210255012215205,0.1966871474658623,0.06624989619966272,,-0.04054472832909789
2015-01-22,,0.21340772513847261,0.3903408946699289,0.2084367001301838,0.011919138203233787,0.13706217417107708,-0.15781980339477364,0.19585385926513202,0.06602768273316134,,-0.04055343246024321
2015-01-23,,0.23167990664892438,0.39324125193529486,0.21652889893611937,-0.023446199940838828,0.13660548332364006,-0.15375573258410416,0.20045073120187643,0.08956015116868411,,-0.04046983327702979
2015-01-26,,0.2239005534031962,0.3836195182376872,0.2130506334086218,-0.02819912158122127,0.13491466174702377,-0.1561584396457442,0.20061181098961967,0.08905371032661404,,-0.03994627798339946
2015-01-27,,0.21239148309895955,0.37687520885874976,0.19691710589519765,-0.0056913471430303,0.14847156691037589,-0.16660845870761684,0.199660663309867,0.0994106276310725,,-0.03996875905054662
2015-01-28,,0.21129660182613666,0.3769124468541665,0.19307482800219253,-0.0037173268422912528,0.1449452326598206,-0.16248086530661898,0.19288623967837815,0.09685230723411074,,-0.03985008940998161
2015-01-29,,0.2284121247057592,0.3920667260144384,0.19004319687457044,-0.009842719083545554,0.13309043258362516,-0.15113319858844812,0.18398141479834026,0.08786139179360197,,-0.03987922338610995
2015-01-30,,0.23889396186995723,0.39825194979934503,0.22315615578113376,-0.005149448827563197,0.11969280503242187,-0.13608173181661753,0.1662527080129699,0.060183585811016245,,-0.03893249169591633
2015-02-02,,0.23895826254875824,0.3977609872320213,0.21802623352883657,-0.002026620303089382,0.11411800824468264,-0.1323939083268969,0.1653060381940451,0.058565753506087705,,-0.039062466093758
2015-02-03,,0.21954908347433968,0.3955809568890741,0.25507501335327437,-0.04186707601049404,0.13094659113962565,-0.14576185180813314,0.19323156999012445,0.07483670009681877,,-0.0493929651767759
2015-02-04,,0.22221607987216857,0.39599907633000153,0.23479133173165387,-0.04028278374955824,0.12763962470429702,-0.14128975509909927,0.19201526277342526,0.07315266835979088,,-0.04941103786944215
2015-02-05,,0.22225081223479268,0.39660932918707653,0.2331909565964897,-0.03939502215179592,0.12763558253268859,-0.14137505650539717,0.1925880591532472,0.07353498119904715,,-0.04940140089674506
2015-02-06,,0.2225161246265039,0.3950519937865234,0.2300507326031769,-0.03584643371416297,0.120650587164374,-0.13272980871554135,0.18146574261731796,0.06838180485996989,,-0.049773031598348075
2015-02-09,,0.22156449904136097,0.39319056306012695,0.22780190143059592,-0.0341704774544916,0.1185671848987292,-0.13074075341057895,0.1825644102158778,0.0701072199770778,,-0.04985123243814493
2015-02-10,,0.22444857298143486,0.394926251817752,0.2364829692793862,-0.037521621190090906,0.11111817462935014,-0.12524568726361734,0.17593506670283376,0.062415383719081334,,-0.04987699688888924
2015-02-11,,0.22564504922056422,0.39515550163288127,0.23704178011187702,-0.037999710720419716,0.11144663055093601,-0.12500675738615125,0.17619936672654288,0.06213824956104603,,-0.04990854293702046
2015-02-12,,0.22315227886748032,0.39154249211562453,0.251485632450014,-0.0605716172174583,0.12137554683762643,-0.1341084333787931,0.16963428031786756,0.059990177766996285,,-0.04956469408473803
2015-02-13,,0.22390720823317153,0.39082193385425107,0.25180462377813184,-0.06159790394886091,0.12232029046572981,-0.1346701320474317,0.17000451291055793,0.059876089950455354,,-0.049511156708608714
2015-02-17,,0.22462803607316018,0.3915873223757339,0.24939262455302277,-0.05890423689074786,0.120974960699244,-0.1356866664453252,0.15880791076385706,0.05264832625257639,,-0.04963126077813633
2015-02-18,,0.21753667190441628,0.38542409495740887,0.2378512161400033,-0.05561937417780291,0.11945253150063193,-0.13780124540458727,0.1467977212863577,0.04197628168621735,,-0.04927426926395516
2015-02-19,,0.21771806273600475,0.3855069464720891,0.23732310819788882,-0.0552861713908941,0.11932870366659011,-0.13818764382730517,0.14734185291557325,0.04234271225399559,,-0.04924614061879117
2015-02-20,,0.21790360867640698,0.38578458294366974,0.2391779699669594,-0.05249437290562689,0.11681006798945615,-0.13486430514229147,0.14541073533238308,0.04193814378384016,,-0.04925337827814435
2015-02-23,,0.21518781242154827,0.3845873965119283,0.23568223439934424,-0.04846178572648177,0.11665108661905899,-0.1333667736850317,0.1374425314918293,0.038365180512433913,,-0.04906954274950986
2015-02-24,,0.2074054331049672,0.3767784669744387,0.23165106187183093,-0.05124336190617341,0.11631337185329403,-0.13876279618057144,0.11752455582256367,0.022085799715411986,,-0.04828597147775425
2015-02-25,,0.20823564578832568,0.3757189786102813,0.22930913044886583,-0.051700555730409783,0.11591685082201794,-0.13997947167016703,0.11575749784863279,0.020411902374086233,,-0.04825347025722117
2015-02-26,,0.2024708819676359,0.3675149443595954,0.22836393816469286,-0.042769087999459686,0.11580101860634795,-0.13620596337026325,0.11320987778836045,0.013687519129366848,,-0.048286420683519696
2015-02-27,,0.2039884803084921,0.3687203326392772,0.22844578872474247,-0.045015326896262614,0.11778742185412491,-0.137613109655661,0.11097280946590828,0.01116310825981403,,-0.04822852013541384
2015-03-02,,0.2047222153735071,0.3689445906139517,0.2283750738988623,-0.0445904096208003,0.11721348326041742,-0.1374481912407796,0.10904316308300896,0.010243422612522575,,-0.048670964400500484
2015-03-03,,0.21209245295808205,0.37194675628249046,0.2253007644996023,-0.04111318075050365,0.11848741028546521,-0.13861095703602694,0.10224546770873427,0.006878837405341388,,-0.04952768657743287
2015-03-04,,0.21746200851964115,0.37616560211785893,0.22918324738155352,-0.040483151781462653,0.10946563718043709,-0.13124706252692853,0.09338517710438682,-0.0028951983609076157,,-0.04975770170857625
2015-03-05,,0.2177420889537088,0.37632309361550836,0.2290293477237322,-0.04104024581516092,0.10938264534512257,-0.13131651041075884,0.09362104801338252,-0.0030808439389214204,,-0.049753511595164425
2015-03-06,,0.2270084076810945,0.3790670634029352,0.2326900480885661,-0.05356326550888213,0.11876467408649279,-0.13744633934747905,0.0717984623427514,-0.022535526003355476,,-0.04979656216051731
2015-03-09,,0.21909192449745404,0.3626392494839702,0.24782610776328065,-0.057783454476018195,0.12446913904711973,-0.14161070119881747,0.08182259435658365,-0.003862315245434415,,-0.049973588923549486
2015-03-10,,0.22370561736225875,0.36491763142493655,0.2536984524479777,-0.07506777488610862,0.13829744201335661,-0.14975549570638652,0.09161742679345863,0.0010994980469852369,,-0.04988220121530772
2015-03-11,,0.23143776432510263,0.3675668898296756,0.2529241530636878,-0.08041744293272889,0.13352319104118687,-0.14648727943955916,0.0896903011027329,0.0019699274697664265,,-0.05022343825641506
2015-03-12,,0.2339838663872581,0.3723478454022666,0.2437145050431281,-0.09379300929725051,0.14386127633777118,-0.15415082725604554,0.08703253749214113,0.0017858987394174257,,-0.049716164425599466
2015-03-13,,0.2355029919103798,0.37165514400022015,0.24158513506292115,-0.0913204320805281,0.1373161139915426,-0.14839534241480276,0.0809914762535915,-0.0023031217552519044,,-0.049710583684009504
2015-03-16,,0.2341385174872947,0.37016507651380065,0.24020083188126423,-0.08846293940907189,0.13799675388327615,-0.15273283450445743,0.0814638794832733,-0.0016072599552109247,,-0.04982618882757784
2015-03-17,,0.23493883974666477,0.36926424131102575,0.24068778838212163,-0.08748925227978206,0.14179515216782576,-0.15557484001421976,0.08727093288371304,0.00294366253116544,,-0.04977473679801611
2015-03-18,,0.23037694616889018,0.3674842493616716,0.22886510766090287,-0.06477466356775974,0.12961331210472757,-0.14341071801558605,0.10354495417181338,0.034828464110120166,,-0.04959144064417341
2015-03-19,,0.2525775668211706,0.3853101636426789,0.21629713012658733,-0.05639366289834213,0.1226945514001135,-0.14230879549983536,0.10185053925445793,0.011918045352574562,,-0.04862677703494575
2015-03-20,,0.2622044564880101,0.4041369618730362,0.23468766601892382,-0.09275702374786048,0.13965164019349438,-0.1566120231920815,0.08717323283009108,0.011992066897622009,,-0.04738541431334079
2015-03-23,,0.2622040762161255,0.4044867876382245,0.2401141890834365,-0.10054435747689058,0.13920960892854037,-0.15563633423309386,0.0870277169253303,0.014700251507274484,,-0.04726413656959603
2015-03-24,,0.2637076244244989,0.4047696437662273,0.24036309137852455,-0.1007522686435759,0.13796079676810685,-0.15536416175883297,0.08601452263315033,0.01314574563685906,,-0.04722894275133795
2015-03-25,,0.2639144091814534,0.40829987914187343,0.23858727261725207,-0.09932907748765273,0.1364683427992128,-0.15094352955948695,0.08418664684605834,0.009466689817972305,,-0.04764914710597227
2015-03-26,,0.2633017440570171,0.407832753102316,0.24388582673451076,-0.09747345287404484,0.1321796872585854,-0.14730796669954935,0.08532192177471985,0.010501814929443562,,-0.04757808428789571
2015-03-27,,0.26745295438131084,0.4084177107826019,0.2515619796880966,-0.09457796900093872,0.13129910717806112,-0.1422129894359597,0.09433886416211298,0.013582641369829295,,-0.04763886404380419
2015-03-30,,0.2644702216641243,0.40407848741859104,0.2508567556707107,-0.09167624420210158,0.13195252085277337,-0.14256785508466202,0.09252087697338654,0.012604958992386768,,-0.047687797169848806
2015-03-31,,0.26358569508603324,0.4039396048074362,0.25418631009083964,-0.09558153969463774,0.13880262083256237,-0.14627187477412926,0.09568495257425216,0.01822841024432159,,-0.04763263830203053
2015-04-01,,0.2642285427324142,0.4040804043143208,0.2554726434061672,-0.09605508959927564,0.13715991210200013,-0.14577934771022627,0.09239846031230009,0.013816973861663237,,-0.04959313737325109
2015-04-02,,0.2638844361773178,0.4036211700385609,0.2558158948574677,-0.09369738843520929,0.13633846315861622,-0.14534229255533773,0.09016627904811739,0.011360262489688485,,-0.04966124827958849
2015-04-06,,0.2586923948489543,0.39814609167276227,0.2478881984694286,-0.09063580895750845,0.13423728843079893,-0.14494002196117087,0.0895920393260207,0.012213754835936858,,-0.0496611585956022
2015-04-07,,0.2552020018166842,0.39085953411874974,0.25516185245032696,-0.08078199500782245,0.13198569752242692,-0.14405273320578463,0.08807513201846669,0.008091754903581974,,-0.04927735783080327
2015-04-08,,0.25808727175555557,0.39392573341361975,0.2610408445414631,-0.08023476634801519,0.1351550270892701,-0.14549533132219297,0.08928326763306867,0.0057315307251494755,,-0.04941053787213158
2015-04-09,,0.25699739090649687,0.39300169010971203,0.25980031405708814,-0.07785081000745994,0.13431235916684522,-0.14417968863199,0.0888573650034947,0.0056740497090298795,,-0.04948080138615561
2015-04-10,,0.2571264517597174,0.3928737114531213,0.2608777999500772,-0.0787493475261988,0.13670764171483296,-0.14590140345598174,0.08892438355015762,0.005706989434182182,,-0.04942927697520891
2015-04-13,,0.25796249870428795,0.39354856152893253,0.2602054171677214,-0.07861646690253647,0.14108516844351324,-0.1492785236579991,0.08998961541546491,0.006183748336643525,,-0.049470441071504015
2015-04-14,,0.25879759922896606,0.39415745700031857,0.2568026058473246,-0.07398370765906659,0.14114533666989923,-0.14885813405214146,0.09140465255573947,0.007997890712822028,,-0.04950120108088649
2015-04-15,,0.2596475514260227,0.3945459964829217,0.2570853790457003,-0.07572847649265234,0.14191828371270973,-0.14978494178275434,0.09124832670057582,0.006913169721609817,,-0.04945586797591147
2015-04-16,,0.24703570606287667,0.3873638495689995,0.2586989144984124,-0.09140087878367273,0.14522735066964093,-0.153579452040994,0.08669618968723347,0.0015096777999412962,,-0.04896933563617377
2015-04-17,,0.24620988476259864,0.3863822307056016,0.25867889513047204,-0.0910889201691358,0.14004970294521554,-0.14878107018929826,0.08575886010759634,0.003383328794334266,,-0.049184876661232405
2015-04-20,,0.2518977236842637,0.3910505699027649,0.2534840182462621,-0.09502973531739933,0.13186667777326166,-0.1429688301062565,0.0744843004626296,-0.003172859766186608,,-0.04923812984157344
2015-04-21,,0.24786699643849036,0.3887646073110319,0.255503421031566,-0.0945265418642903,0.13266014014416228,-0.14253677570303325,0.07217546881331699,-0.00758084096420846,,-0.04925944152676027
2015-04-22,,0.253533349079594,0.3906309318591722,0.25268102260207326,-0.09352294874769246,0.12891040931479839,-0.13956886578595176,0.06537574828597847,-0.013447096545168024,,-0.04931699662321338
2015-04-23,,0.255430789907253,0.390463445360187,0.2563575256001085,-0.0998734472965533,0.1298979162170943,-0.14030407426194016,0.06382729851762535,-0.017270347362264106,,-0.04913566246652635
2015-04-24,,0.23826773764627207,0.38036869438216797,0.2518399563972505,-0.10456492892706451,0.13036490121192953,-0.14189781812933855,0.058497468615357893,-0.021987354102687873,,-0.04904992054659687
2015-04-27,,0.24344943842267563,0.38213691522614707,0.2512442809519214,-0.10618978755369868,0.12763710828451844,-0.13843093418554553,0.05875470185961261,-0.022673907408494193,,-0.04889566828712426
2015-04-28,,0.24372980242181083,0.38208149353417575,0.25183045672666077,-0.10799259216101993,0.1286744548553749,-0.13915600671833367,0.06032595773167974,-0.019116401518419094,,-0.04883307621334316
2015-04-29,,0.2425398910632807,0.3822482838216055,0.25490726489460724,-0.11091554803378317,0.12996179744729283,-0.13796160529667295,0.0650625374529931,-0.016682972852324954,,-0.0487328570213069
2015-04-30,,0.21052424319825466,0.3497960389872406,0.25805371575895036,-0.12961238403625797,0.11354127594772273,-0.12486756074209056,0.06297546659280633,-0.027712695127386413,,-0.047677381338292885
2015-05-01,,0.2064711674754682,0.34862320589572343,0.25580284076842463,-0.12070094774137882,0.12017001362256716,-0.13332330695912242,0.07156496667442058,-0.01903236831509987,,-0.04587993294090986
2015-05-04,,0.19736090863028916,0.3408094410128009,0.25562356876846026,-0.12029826928784958,0.12183359308595397,-0.1319769776470096,0.07328508354112474,-0.017612002471071565,,-0.04642551673706975
2015-05-05,,0.19905182953982212,0.3416684995593665,0.2569993105770764,-0.12219054593133036,0.11814652027313806,-0.12821366918092833,0.07563091489643345,-0.016160098593661416,,-0.04625330599291478
2015-05-06,0.375012404024109,0.19920753802280194,0.34170854508711646,0.2564883056316291,-0.11839393572555929,0.11959792364433021,-0.12899093401546824,0.07422605725407744,-0.01767016580111669,,-0.04631966073606718
2015-05-07,0.3721070252255917,0.1964645836888429,0.3403638555713627,0.25853998248804694,-0.11876160588297367,0.1213110103491439,-0.13019107403908156,0.07471096886035214,-0.018817986116089706,,-0.04625459473945502
2015-05-08,0.37394753025690525,0.197254954562603,0.343353332197013,0.2595704338561216,-0.12037309658058673,0.12278028851562281,-0.1306505525229142,0.07312729785244629,-0.019163054147573345,,-0.046482994421024305
2015-05-11,0.3799043836805929,0.1978914374821889,0.3440267248964233,0.2597049710661131,-0.12359712829917971,0.12350533372203411,-0.13091179714140383,0.0666116898568265,-0.023807827249525647,,-0.04668080928159776
2015-05-12,0.39159477606028237,0.19693218195240172,0.33993715804433833,0.26229818076606287,-0.12767307680006976,0.11359343113059077,-0.12627067555037247,0.06011983960665789,-0.030433689925038986,,-0.04707511858043467
2015-05-13,0.3912510523833202,0.1949372919758977,0.33624565908584253,0.26347814485661125,-0.12565923053922085,0.11363615951450957,-0.12652629718229452,0.0587478631693977,-0.03161453698795216,,-0.04699950661263197
2015-05-14,0.3892197375432762,0.19252993434473087,0.33418382038183203,0.2628732643271462,-0.12449817593802479,0.11479969119121078,-0.12610017339634882,0.06404198127408804,-0.026470776801919244,,-0.04720632391338884
2015-05-15,0.38878766772492246,0.19177780463219013,0.33377776553938077,0.26261340138805167,-0.12511463067617237,0.11364595224756441,-0.125270515741993,0.06146191548828667,-0.028602700620896686,,-0.04712730637529155
2015-05-18,0.389991192233619,0.19118927755718398,0.3323071075824366,0.26270739975010904,-0.12855362624724123,0.11287949005978484,-0.12610761568682272,0.056737117522118935,-0.03131762008358421,,-0.047211437405325025
2015-05-19,0.3861865652304979,0.20248565714576658,0.3435724788127854,0.27043308162852325,-0.14383396027462225,0.11235861018649965,-0.1261187631764644,0.04908492848608758,-0.04118280856071652,,-0.0473936633318651
2015-05-20,0.3814134509925935,0.2025979928657158,0.3439720213450025,0.26835522419067376,-0.14420047924642457,0.11056319938501355,-0.12495056027107243,0.047980649934000884,-0.04128647840221002,,-0.047350775860213246
2015-05-21,0.38146417944149996,0.20047502052065153,0.34385299652313883,0.272839104637957,-0.14549089364744688,0.11410823757537479,-0.1301079643645591,0.04598671537070276,-0.04230349484243769,,-0.04709025131411178
2015-05-22,0.38037561254184976,0.19876524833519565,0.3431445804698553,0.2748678379944822,-0.15178596685199466,0.11487116993412942,-0.1303262080755409,0.04175437587780675,-0.04074026047694626,,-0.04737131492127417
2015-05-26,0.3760280151552687,0.19506593926058613,0.341094382468564,0.2706439993353743,-0.1436996403791615,0.10920441501145822,-0.122155699278213,0.03843323471393208,-0.039808870451803424,,-0.04742413476607643
2015-05-27,0.37737819711645887,0.20017103695630595,0.34391121183376205,0.27122767676219905,-0.1429736531498505,0.10254540637329257,-0.11866825486305693,0.03899659283814376,-0.04127191149558533,,-0.04763898312863795
2015-05-28,0.3689946054215049,0.19933279514852578,0.34341611868062627,0.27036950636659385,-0.13981192293287145,0.10297487090414766,-0.1185965231133271,0.038789015796301445,-0.04169065838667952,,-0.047717347521131055
2015-05-29,0.3747714337653847,0.19793156959590727,0.34232499960676804,0.26260523634130684,-0.13996072013126667,0.10877067343955102,-0.12096908814781135,0.0425242592609174,-0.040797826270125855,,-0.047720176755961796
2015-06-01,0.3686027167770527,0.19686132410517118,0.34133931554961966,0.2621166741240716,-0.14241287342878312,0.10860926075904608,-0.12154478209336181,0.037944316364372455,-0.04240205690006737,,-0.04589915611042607
2015-06-02,0.3639492614983727,0.19909129788651922,0.34203843632599945,0.2642209531779286,-0.14980600859094606,0.10818832146453276,-0.12220176517623298,0.03350144507180921,-0.04639225310179216,,-0.08698495331974751
2015-06-03,0.366272709942097,0.19994039639784067,0.3428519934176732,0.2653500768034268,-0.15035844767230988,0.10781129907117425,-0.12081495506521714,0.0362110700695273,-0.04129545144216656,,-0.08686079950793067
2015-06-04,0.3675275389257985,0.20349871372657366,0.3483502639131008,0.2699590652600865,-0.14902217170193735,0.11385247279773351,-0.12362226801908216,0.04320990635322468,-0.03303066536062069,,-0.08687801002336754
2015-06-05,0.3680753588085978,0.20305050487549042,0.34849601212573583,0.2703772958086888,-0.14687541039858307,0.11383570782729742,-0.12411313542713802,0.044865996387949525,-0.03196252700901695,,-0.08676820333589788
2015-06-08,0.3713054479969091,0.2028574348522355,0.3482945703943059,0.2717334904885869,-0.14449254904477637,0.1168411129120345,-0.12963200496234525,0.04642943759242673,-0.03283471471250988,,-0.08662509791266032
2015-06-09,0.3771449812291969,0.2039136096838492,0.3482243261606934,0.2757335168336412,-0.14531891009860398,0.11683342685700482,-0.1314471652931308,0.04916119282973588,-0.03126528441115141,,-0.0861635821596839
2015-06-10,0.37989262902576115,0.20594430769264055,0.3474791252413695,0.27838245852958016,-0.14985023094207492,0.12231494032284468,-0.13537035128447006,0.05365542369169348,-0.025544475344250823,,-0.08575828036671067
2015-06-11,0.38368567998960706,0.20866407673441872,0.3432752973922318,0.2786562416548215,-0.1537762595795386,0.11854206146583425,-0.12941277223190228,0.0721485519162828,-0.01044355641101473,,-0.08555681063794908
2015-06-12,0.38200341823485573,0.2121077640419493,0.34671856711009924,0.2811111250542063,-0.15586417778027808,0.1150879898522404,-0.1259441284655419,0.06943814292873626,-0.01302209267185239,,-0.08529239695565012
2015-06-15,0.38530908110907086,0.20833509578690643,0.3398512092011135,0.2809757618986265,-0.1528766651657423,0.11732602151752831,-0.13154153824549428,0.07133213084817581,-0.009322673969857382,,-0.08566537319770946
2015-06-16,0.38294601064449574,0.2092728322036318,0.34030505818106543,0.27876928588100996,-0.15293970192878945,0.11408133870369501,-0.13029501205252336,0.07470666932886186,-0.0032293881344772745,,-0.08608548005702468
2015-06-17,0.38366708374024555,0.20968999119114454,0.3402522349656631,0.2789715703331694,-0.15217459498835545,0.11371947549662087,-0.12947399578792232,0.07327971926396011,-0.0037113419308332646,,-0.08625048192985606
2015-06-18,0.3842083573758838,0.20959099977606965,0.3405308065689059,0.2792336938300757,-0.15265125174708993,0.11472359337658748,-0.13097066714684952,0.07413067423233521,-0.0029472133299477486,,-0.08615762775632833
2015-06-19,0.3862450809403966,0.20593613066248997,0.3388038525028459,0.2801206576044955,-0.1506812218240752,0.11742723014187229,-0.13387681762823894,0.08098058071590652,0.00240809065450504,,-0.0866240406575182
2015-06-22,0.3868276799940843,0.2048321604802572,0.3359009135774454,0.27902664524453885,-0.15117205927146254,0.11650543984801975,-0.13485576170800978,0.07965088124563882,0.006208647655965361,,-0.0873430146342218
2015-06-23,0.3916291002587976,0.1995408806961448,0.3249854202127357,0.28457424175882845,-0.13476872630823464,0.1165656841779772,-0.13889701411373115,0.08573806109768926,0.010132159610583705,,-0.08678279909661753
2015-06-24,0.3901303035655069,0.198868769278494,0.3255568937728079,0.28363846288190253,-0.13554676886117462,0.11491648516251583,-0.13720874603508054,0.08452137950984828,0.009626435778767126,,-0.08661375666226499
2015-06-25,0.3902667504939555,0.19867972785905075,0.3252532854327138,0.2832469346078794,-0.13495545876838327,0.11390820519070072,-0.1361015705324803,0.08557865655864903,0.010426512697816975,,-0.08679240639269865
2015-06-26,0.3902617121983869,0.19890330389849936,0.32518812222046645,0.28331456954171014,-0.1347973030385929,0.11395638111398171,-0.13611315769049526,0.08563814604401011,0.010863293290893219,,-0.08680358159989539
2015-06-29,0.39009946199970963,0.19879814233257923,0.3253026063984502,0.28350821777822205,-0.1339829721465604,0.11404676386592293,-0.13489810930657276,0.08600380029756469,0.012331342934920624,,-0.08677045206809164
2015-06-30,0.38953370341231425,0.1988686479858591,0.32700734909294144,0.2824365273116117,-0.13274731539984455,0.11404686271417329,-0.13580222149346505,0.08741760520152082,0.01174496382900389,,-0.08749738106104556
2015-07-01,0.3903573968375298,0.19830603281399414,0.32691962339619723,0.2779410467967774,-0.1293291913303664,0.11507549647791868,-0.13770221444040373,0.08956151854201269,0.013380160607451798,,-0.0999799546875412
2015-07-02,0.38414893445166703,0.1966498433857064,0.3250927230269355,0.28105028583609337,-0.13138179043034587,0.11530616622483929,-0.13566996873017878,0.08111151434905281,0.00483774882374699,,-0.10138652514660779
2015-07-06,0.39338967119154183,0.18377070982823224,0.31150474055314703,0.3059865514182977,-0.13283058318550903,0.11845887780594926,-0.1342323986404623,0.10501849131578363,0.019727175764318136,,-0.10144868603525105
2015-07-07,0.4043046845159996,0.20014898280468674,0.33362567158998047,0.3012174249070302,-0.14221082351082837,0.10673784772614468,-0.12215368647396598,0.11327004340435723,0.02657840928567038,,-0.10108451418955204
2015-07-08,0.40315181651964815,0.20595441019728025,0.33691094664748594,0.2962320352504998,-0.15036249084610376,0.0890078193004832,-0.10159523338170622,0.10898065868533041,0.024661168128679835,,-0.09944877301767649
2015-07-09,0.40852947464121403,0.2025943379372952,0.3401815036843598,0.30052194714273184,-0.14603959310884657,0.09062890194268913,-0.0998631062908477,0.1214706384872226,0.03625166986548249,,-0.09783724566063769
2015-07-10,0.4088913939345604,0.20061030083419232,0.337753739797581,0.29985518559468405,-0.14439281559822814,0.0895540492291568,-0.09853485079149275,0.11782442764848455,0.03447044275495049,,-0.09833398140016412
2015-07-13,0.40946800450004883,0.20032622807999143,0.33762467071211383,0.29993661986568587,-0.14130357678954775,0.09127810644414204,-0.10088401537525649,0.11834611347139375,0.03565321588930343,,-0.09817593127065197
2015-07-14,0.41000228737441163,0.198787422589633,0.3370275051651534,0.2991406317856503,-0.14085531249441824,0.09170961532842566,-0.10080680047774994,0.1200265610569393,0.0371684306849993,,-0.09811889011998347
2015-07-15,0.4104366423871712,0.19980875045850557,0.3377111810758812,0.30007101560035804,-0.1419735107966545,0.09197274000897396,-0.10062662835708593,0.12118894455258969,0.03820311979934113,,-0.09832422875966548
2015-07-16,0.4138906166428597,0.2007542376163586,0.33730931681130266,0.3022100665830333,-0.1407396481535198,0.09390442414744929,-0.10434974751485718,0.12073097142350891,0.03882940711740969,,-0.09798380377551268
2015-07-17,0.413071211599295,0.2032259364760923,0.3382466390771384,0.30140338729197397,-0.14117243396524234,0.09505251973637203,-0.10879936033833278,0.12202479406859322,0.04095199216849598,,-0.09836936450355495
2015-07-20,0.41476483784549745,0.2049300534312339,0.3372457369734793,0.30280972286663965,-0.1421629188405228,0.09940603340397214,-0.11851936106230586,0.12156181504631426,0.03977715599693318,,-0.09831454869619305
2015-07-21,0.41121653173973305,0.2044815925715902,0.33667921019853286,0.3019285264125578,-0.14066719342781653,0.1002314306609043,-0.1199039218406083,0.12214506068604175,0.04047683140990366,,-0.09861539948694
2015-07-22,0.4101893522983499,0.21012425647167768,0.33604076602070987,0.304842854157003,-0.14278436609120887,0.10109436041534352,-0.11821328540628337,0.12384315230784143,0.04048442511682506,,-0.09913580494534427
2015-07-23,0.41391367811173924,0.20737280184096735,0.3348797300002533,0.3063561508860271,-0.1356436011156785,0.10491235049834188,-0.1206484497625658,0.12828691540367046,0.045232779875262856,,-0.09951498107862072
2015-07-24,0.4086178827176788,0.21533986306729155,0.34722327450092544,0.309652645083431,-0.1363278845907262,0.1049839085942078,-0.12330807370319542,0.12334303667246295,0.045506821393043184,,-0.10082960906563392
2015-07-27,0.39975935603029056,0.21325098150394853,0.3464108061189038,0.31129967234457534,-0.12893855204008925,0.1062742819059597,-0.12684572605351083,0.12461414615571165,0.04399563759660538,,-0.10091162693008793
2015-07-28,0.401893576192746,0.21212956588910767,0.3457454723291868,0.31340881473622456,-0.12497747607152392,0.11654635682392554,-0.1390310314274468,0.1268500206479457,0.04478128601698556,,-0.09936501156453872
2015-07-29,0.40122700987923776,0.21133016838193833,0.34640733475642105,0.31365180968817497,-0.12422007715304302,0.11632588630044638,-0.13867558870334717,0.12649286972204368,0.04421097791131392,,-0.0990282645311334
2015-07-30,0.39873794251533223,0.21284199225965425,0.34628301045122245,0.3142872533109861,-0.12802511099819192,0.11645197342089164,-0.13753787428745823,0.12297913748929876,0.040236963130810925,,-0.09974461072146332
2015-07-31,0.39924865960574063,0.21143803503917757,0.3456092706078247,0.3149991965888363,-0.1272034731977845,0.1170832046380855,-0.13844868158663673,0.12446413712968206,0.04172971536575909,,-0.09984280811693712
2015-08-03,0.3998939721255621,0.21415029160331955,0.346820927624116,0.3168877220719458,-0.12806208510676756,0.11744341157448278,-0.13932521798588704,0.12562338003564338,0.040734011961559326,,-0.09246458422166953
2015-08-04,0.39773690794928485,0.21623358949601731,0.3486381499195298,0.3175711080179837,-0.12579432272969912,0.11374721362504045,-0.13358620197272741,0.12963663854693544,0.04343663638485908,,-0.09258737352816573
2015-08-05,0.39706050571827506,0.21617086305088382,0.34623352886263625,0.31756203381865267,-0.1248609844679751,0.10944248055727389,-0.12886791115307347,0.12753001721809126,0.04104511233168792,,-0.0924157424506956
2015-08-06,0.39838114891986043,0.22418034355521396,0.34860168213598175,0.3178061249771572,-0.12595923451758748,0.10951574323771579,-0.13027567336063817,0.1272534652149377,0.040438187893826645,,-0.09213742173948251
2015-08-07,0.3977263985191162,0.22347764261176487,0.34808706215765944,0.3176463275325669,-0.12559513824165616,0.11074561920625642,-0.1303808075964468,0.1289329749860918,0.0422055814604886,,-0.09237778042403419
2015-08-10,0.4134032893016183,0.23024637729291092,0.3589077776444204,0.32334342589611564,-0.1324641739466263,0.1243353435260893,-0.1394609364322441,0.13887364672484045,0.04726320581154177,,-0.09017441867592037
2015-08-11,0.42060610112929125,0.22478829484542093,0.3554436449639554,0.33160890360926937,-0.13232392406174392,0.13352669656676303,-0.14998203698720408,0.15326127108728785,0.05756453581060845,,-0.09057172854060681
2015-08-12,0.4211488172441578,0.22822545325483182,0.3564752703287003,0.33200059127291565,-0.13736617796143058,0.133325333946593,-0.15025661596552173,0.153504848884992,0.06017264118531964,,-0.08990763813212185
2015-08-13,0.4164216549010407,0.22940996477855918,0.3564149980760623,0.33217248534776395,-0.13693764040006837,0.1368277722382147,-0.15573777449811202,0.1524468209066655,0.059438578548281724,,-0.08940347993231336
2015-08-14,0.4156164366877409,0.22973647435145492,0.3566217218112773,0.3313934011889197,-0.1372334894739432,0.1378783117779828,-0.15668640835031408,0.15211506363775681,0.05906706260693187,,-0.0891848178464374
2015-08-17,0.41662902222477,0.22812840934277046,0.3568604988468188,0.3316644226389589,-0.13765387078394203,0.1351538575639004,-0.15844899665554782,0.1570774153681034,0.06015904631146834,,-0.08976529964359367
2015-08-18,0.41772794678209796,0.22852339988898923,0.36148211695053045,0.3272021331521774,-0.13828619388970556,0.1357444730979041,-0.1606025552169805,0.15172872657644376,0.05550504734933523,,-0.09028130576111006
2015-08-19,0.4195923592435592,0.22608212912073056,0.35692873818620185,0.3273701962149281,-0.1355416449518759,0.13806731162443875,-0.1622171477122033,0.15377380429460072,0.058111639889690606,,-0.09029581171670323
2015-08-20,0.41297930625651036,0.23942461562044476,0.3628726807105379,0.32526440488907565,-0.15133573910905893,0.11806446296597627,-0.13943732033137726,0.1454442946098026,0.05030298747536661,,-0.09133557033887607
2015-08-21,0.4138913362773322,0.2394743171868747,0.3637011494030696,0.32635248973207887,-0.1467924159675603,0.12122847674288476,-0.14147939301906926,0.1464048749667422,0.050798030620221916,,-0.09156512826582652
2015-08-24,0.41692143237993956,0.24017005969448882,0.3696915961274781,0.3327076885037553,-0.13033235526242112,0.13882701909262649,-0.15555078488397478,0.15121201232853287,0.049616220475696325,,-0.09246704319246288
2015-08-25,0.42593073854905905,0.22737373082096843,0.3629431851033303,0.3384575449222126,-0.11148624949716097,0.12402288705766304,-0.16561647974443244,0.16919450019559693,0.061019336755735086,,-0.09102067598625732
2015-08-26,0.43847804036696075,0.2372909746778358,0.3760586555231518,0.340984213217817,-0.11895510107618797,0.07800397813334538,-0.14396877597600458,0.1603485591112516,0.04935876823880441,,-0.09101272900592196
2015-08-27,0.4536493343525006,0.23171517697676666,0.38548245610734067,0.3681144088553536,-0.1074006430523348,0.1061111711117947,-0.16074263482435666,0.15696543842738664,0.03612164484750255,,-0.08796753748161562
2015-08-28,0.4553279268258946,0.2364303113909185,0.38905272568557786,0.3710478981671098,-0.10580216269731156,0.1056504306009955,-0.16019920910880045,0.15581805659375053,0.03339208195458088,,-0.08728409643505201
2015-08-31,0.4549323916674151,0.23674317944112042,0.3893412776384568,0.3611510627242123,-0.10608288815147587,0.10576965038691458,-0.1606425375700452,0.15538702243640165,0.03297354116058875,,-0.08755184066023079
2015-09-01,0.4530136652303684,0.2350007744168024,0.38846077527372164,0.3676872202168986,-0.10135950751797265,0.11718173470182199,-0.16461306081767657,0.15745161930063475,0.031016785312452264,,-0.08272093947252414
2015-09-02,0.44939549620253694,0.23313611218297642,0.38902988162833657,0.37270827811989493,-0.09915145165546368,0.12446735226879697,-0.17193693485779124,0.15866390935629376,0.03320441495876279,,-0.08177516446997642
2015-09-03,0.45566817981320684,0.22643018371241624,0.3884131285558414,0.3748257172132212,-0.09735181782404108,0.12519697726525755,-0.17337516573147135,0.15200993421654907,0.03045032921311866,,-0.08068371512983157
2015-09-04,0.46136383858217966,0.2262750307889711,0.38919409635961677,0.37597289470957324,-0.09226327935692492,0.1364216840811677,-0.17820201659728785,0.15644390916873283,0.03270815103016961,,-0.08135723002760878
2015-09-08,0.4672390824778741,0.22121719376784024,0.3904405408130024,0.3658195644950944,-0.10111897595803548,0.16997737716766556,-0.1918478752833302,0.1709373815866937,0.04662575385032025,,-0.07725748700781902
2015-09-09,0.46485216761216974,0.21718363574462163,0.3907549080869867,0.36575991846331324,-0.10130471417819636,0.16510162112589996,-0.18833910714791194,0.17502172629536344,0.051032575464094544,,-0.07674548478553857
2015-09-10,0.46566225890316576,0.2184540189905527,0.391024124117361,0.3670441288995126,-0.10274897517578897,0.16550069312428553,-0.18892571764913638,0.1754841226857934,0.0494958024796866,,-0.07667015162133518
2015-09-11,0.46541127545345373,0.21721148992351813,0.3897023263798625,0.3664038429198875,-0.1033428895924007,0.1661331548842131,-0.18962022891867622,0.1744164109235119,0.04813596486263756,,-0.07635424335123855
2015-09-14,0.46736605442941787,0.21514867441427102,0.3905380774068057,0.3673926080339242,-0.10279024301240008,0.16900747015312656,-0.19223027146459667,0.1721659261980909,0.044661660904199735,,-0.07700314223910604
2015-09-15,0.4651026293509735,0.21437177549296585,0.39015114297389064,0.3692106317228147,-0.1010221918344792,0.17206619299418388,-0.19335851436572046,0.1758094401884283,0.04954130589249688,,-0.07636615115530096
2015-09-16,0.4630348508190056,0.2184277121611811,0.3933901187362283,0.3692748642108866,-0.09932672183507973,0.17002176174045794,-0.18787470124180095,0.17838831776794078,0.049019291591834775,,-0.07736858945401355
2015-09-17,0.4626715948713538,0.21839690398633455,0.39357434232734007,0.369235269058833,-0.0977843052891197,0.1701647061669488,-0.18808960869754568,0.17736452513732792,0.05062072808861529,,-0.07717013722886319
2015-09-18,0.46113490965809384,0.19869115295877424,0.38412780662057505,0.3757601933530489,-0.10494823561610869,0.18328633441418693,-0.1939812919950319,0.19038937379948317,0.06252571843943404,,-0.07721567416415628
2015-09-21,0.46091700293374377,0.1986295518599701,0.3870363648914947,0.3745934906333148,-0.10347005366389882,0.1834218071522341,-0.19399604443120577,0.1902931453600143,0.06301197415097964,,-0.07714288915324746
2015-09-22,0.4688758097011481,0.20437015454386306,0.39715915765686505,0.3745662229070131,-0.11059381653330955,0.19106529388178675,-0.1987340800224288,0.2033603532318628,0.07080734070039647,,-0.07701155983625443
2015-09-23,0.46854520012701634,0.20435313539770536,0.39716626907268304,0.3738190971876522,-0.11060793851288575,0.19114839545215098,-0.19909359974307408,0.203464131248332,0.0710273434224856,,-0.07699313414970074
2015-09-24,0.46769765775713723,0.2055706049745035,0.398080455128302,0.3731821618288357,-0.11300360502465359,0.18891759491865906,-0.19546694165967898,0.2014373395291238,0.07000926845506622,,-0.0772453957113878
2015-09-25,0.4692949929698472,0.20668440921004838,0.3987020804665465,0.3710648595337271,-0.11395082701305723,0.19061595683511295,-0.19748701514065867,0.1997167638919291,0.06688812113629855,,-0.07752892330709102
2015-09-28,0.47229655907486034,0.20952306545448138,0.40422043576193006,0.37495640436598277,-0.10956936243340376,0.20133093781086678,-0.20499006588032834,0.2056785138114683,0.07085793241748863,,-0.07762545756247553
2015-09-29,0.47097542173198476,0.20884427443666953,0.40415232296081155,0.37385245535773337,-0.10917219756164503,0.20215259521765128,-0.20748304246340107,0.2079586048575536,0.07186883205547082,,-0.07801800598475751
2015-09-30,0.4658146807079026,0.1913833072822216,0.3917183891955092,0.36448304401774395,-0.09594427857858556,0.21928432521514826,-0.2152981545944773,0.20811254497461487,0.06826099972569007,,-0.07487268213121079
2015-10-01,0.47085102982511334,0.19046257138815087,0.3895744566492123,0.36492837829607444,-0.09412743022303831,0.22288057811897538,-0.2113000730748808,0.21654252450392458,0.07934270180731232,,-0.05322256413137451
2015-10-02,0.4638240537549933,0.19498903478253002,0.390221868547868,0.36735668363649726,-0.09906025891189622,0.22630543381423385,-0.21484650354222226,0.2156661472137522,0.0759814569454232,,-0.05251928323169315
2015-10-05,0.46361472538890314,0.19650839093324862,0.3940839001920348,0.36896249047847585,-0.0982128376076674,0.23208699186779386,-0.21780464551746034,0.2196569525543123,0.07973774860588888,,-0.051972038135919815
2015-10-06,0.46127792817428176,0.19278223641495984,0.39083763658642773,0.36660207642362597,-0.0913957869423797,0.23295641983243,-0.22083077912211385,0.22138684492261032,0.08125508277475184,,-0.05246185155178209
2015-10-07,0.4620409200127702,0.19286919569926497,0.3912288371279017,0.36608205121902604,-0.0912682831829102,0.23618804237205596,-0.22308893507836194,0.22393573437839676,0.08228533724700293,,-0.05231468841104776
2015-10-08,0.4618078462446125,0.19239334215284196,0.39190986050181986,0.3605868863044402,-0.09281277145644355,0.24021304171835203,-0.22663472484840624,0.22022873706291426,0.07886006817652394,,-0.05229116910790232
2015-10-09,0.47472714057283344,0.19567537560924045,0.3881111156757882,0.36117777158897973,-0.1018479520585986,0.24737256013440947,-0.2366591812445758,0.21727011951891578,0.08630429292641456,,-0.05122386671535269
2015-10-12,0.4748663697575839,0.19606202394567082,0.3884790531551525,0.35817012046973157,-0.10243510013705696,0.2489336835050113,-0.23869827925824835,0.21746287770808734,0.0865966456363665,,-0.051233736612001556
2015-10-13,0.4757223840434684,0.19527629785324965,0.3874931591354568,0.3584219336621509,-0.10115564626918501,0.2533775317345908,-0.24366011692158115,0.21931885825912828,0.08892774205679321,,-0.051604399715568156
2015-10-14,0.4754143595054443,0.19767685735508195,0.38915572906393653,0.3676614814329033,-0.11026804413815597,0.25101286838157144,-0.23921511088059985,0.22181795193399223,0.09208781826578281,,-0.05179340034133929
2015-10-15,0.4726527048203849,0.20601020670492617,0.39325248817745856,0.37022257160005706,-0.12124135704038633,0.24692768477685728,-0.23310598108892971,0.2099262154359731,0.09317999743634532,,-0.05117571519420735
2015-10-16,0.4721532768035208,0.20609786021833615,0.39343286451663323,0.3696455271786393,-0.12264002026939383,0.24594371725193442,-0.23148018175418555,0.21327303372862108,0.09188966862905983,,-0.051154885355600276
2015-10-19,0.47539669393945694,0.20932414183198886,0.3966135122332247,0.3719352119774335,-0.12599533946561217,0.24341138819696717,-0.22849617214660814,0.21079710520007824,0.0884627465590469,,-0.051821748382097015
2015-10-20,0.4754292345782781,0.20972430867205333,0.3966546783267241,0.37198196800365413,-0.1265022921591986,0.24450114809802465,-0.23154088096031958,0.21033438215760006,0.08830845079690863,,-0.051738405618924475
2015-10-21,0.47321598649341123,0.20790409497765672,0.3951171356227822,0.3723016271317947,-0.12975318309032485,0.23882128978078318,-0.2265099823430357,0.2087622026490033,0.08540734925734371,,-0.052358365489684235
2015-10-22,0.4716987572771403,0.20740643747333326,0.3960451558129183,0.3726270840446005,-0.12166961214054703,0.24172480478361985,-0.22964659176705302,0.2086479489051673,0.0842274802593378,,-0.051939318662911974
2015-10-23,0.4712991215974114,0.21265585047565688,0.3963324640624439,0.3723962420389484,-0.12634937306363941,0.2337841355942593,-0.2273294471609471,0.20139146554306275,0.08123923664417312,,-0.0526668689986645
2015-10-26,0.4728128505280058,0.2128785387298979,0.39649936004238695,0.3720594196955132,-0.12668589469576347,0.2334582579782116,-0.22632229567378592,0.20078968541690392,0.08136020292369663,,-0.05258104228344889
2015-10-27,0.4720028775799858,0.2135100676099638,0.3969341098442682,0.37174355678130483,-0.12531201860947602,0.2340130675185509,-0.22633981905658412,0.20142610363255373,0.08183026776652313,,-0.05289647139221033
2015-10-28,0.4704081112883958,0.2132157091340652,0.39494818299940365,0.3677951985416296,-0.12422549753381944,0.23036304514472608,-0.22296150437851164,0.19935511767957484,0.08096069017032992,,-0.05332938663992786
2015-10-29,0.47137183609088457,0.22139416079885935,0.39988346926910173,0.36606723964937177,-0.1202200426033745,0.23024740850581668,-0.2239747869850859,0.19080710224912956,0.07680622690111387,,-0.053785936730708354
2015-10-30,0.47125200623281405,0.2164529404491829,0.39720155447881267,0.3653342818273742,-0.11926487552072786,0.23268995212922536,-0.22596915665589498,0.18990696631390322,0.07666999758164321,,-0.05346553289477609
2015-11-02,0.47284238322923056,0.2167828191395925,0.3968294891216816,0.365061532367989,-0.11882454443540055,0.2342086420377059,-0.22649462476948903,0.19065311142495972,0.07700516893139617,,-0.05410177296616472
2015-11-03,0.4722218488482685,0.21215661214300835,0.3950663957334379,0.3677485153332814,-0.11999111126852054,0.23472954573915383,-0.22723656401431183,0.19112266795052663,0.0770213404244455,,-0.04381500908444252
2015-11-04,0.4684652843123904,0.21217618507021832,0.39322134914441276,0.3661291372264961,-0.1236939028290874,0.23413114144415778,-0.2273661092506696,0.19093349044210392,0.07667202814910318,,-0.04353150984388776
2015-11-05,0.4606499676685529,0.2121477843844171,0.39333137657533823,0.3696237657151538,-0.12156549915973854,0.23400665271731333,-0.22340175666709738,0.18730305525955832,0.07138684312277913,,-0.04398154440420027
2015-11-06,0.4571539626682078,0.21322561332633025,0.3937695547603957,0.3703635318581769,-0.12434997230144001,0.23371762899844262,-0.22219366525742412,0.18384588210253333,0.06996574676341374,,-0.04422562201876864
2015-11-09,0.45773918962533283,0.21004004768851406,0.39266861787885415,0.369977884584386,-0.1221345634952906,0.2344208554222344,-0.2218531873530225,0.18712801518808161,0.0736087976286323,,-0.0446302323944271
2015-11-10,0.45730108004814474,0.2086495206255796,0.3927854247031844,0.36880042715024286,-0.12225727471465118,0.23493850863045745,-0.22119018181800193,0.1896990281444506,0.07598048823637864,,-0.04457515206805485
2015-11-11,0.4567432777569547,0.20810106078770008,0.3926410672560554,0.36757162894024903,-0.1214501291674827,0.23472863195728033,-0.22130244622052453,0.18979625509649556,0.0760399788667207,,-0.04473130744561176
2015-11-12,0.4610133244142481,0.20908398944675843,0.39193107712814634,0.37016579780009884,-0.11706261286162242,0.2405722811848382,-0.22751481242358487,0.19097815687185854,0.07497852182472776,,-0.04511943640451101
2015-11-13,0.4601371785342096,0.20996471698545086,0.3923709370743624,0.3677562405231073,-0.11827589909579042,0.2403342344508066,-0.22561170262881336,0.19035130531896313,0.07556647241117206,,-0.04485233430349234
2015-11-16,0.4706573360961038,0.19725512833636993,0.3821421363558498,0.3570835213226986,-0.12050816998196012,0.2289534482716121,-0.2148183085152704,0.19405062172768037,0.0807271659303124,,-0.04614628523671825
2015-11-17,0.4700736676984478,0.1981415311575344,0.3824793511509804,0.3575549161287549,-0.12064228350855564,0.22911059353131233,-0.21515046404222116,0.19447725605840158,0.08220216752733844,,-0.04623428935058893
2015-11-18,0.4680547305321176,0.20244428305795076,0.38484019201600606,0.3559569480992563,-0.12310648551823848,0.2241898033999357,-0.21052232063956877,0.19291504520573546,0.0828666076907697,,-0.0462432874032318
2015-11-19,0.4675360561850563,0.20350413795561662,0.38386970794519865,0.3563028316923312,-0.12339795885705443,0.22516449055745422,-0.21114580704220046,0.19112779432095314,0.07913702002639686,,-0.04671055603550324
2015-11-20,0.47000716769609874,0.2033971189539,0.38423828092280626,0.35710046641947585,-0.1258649577398164,0.2242292202095847,-0.20814718363563275,0.18988765877835506,0.07914084476810213,,-0.04681887340717483
2015-11-23,0.4702477773636643,0.20587824631326387,0.3839059044147176,0.34992574046695674,-0.1289503385820905,0.22384229570002837,-0.20761767059711325,0.19090609910141054,0.08187256880796387,,-0.04731364948845891
2015-11-24,0.47212516054669373,0.20873415172497223,0.3853377483154035,0.35271502288709317,-0.13244535294967363,0.2246489978190852,-0.20664433991155157,0.18955474204027128,0.07890442002244794,,-0.04637274384211403
2015-11-25,0.47136973556204376,0.2099446875995043,0.3883958686336841,0.3509586027928153,-0.1349854528774885,0.22456889349768971,-0.2077056109772908,0.18690579575235425,0.07750600222262351,,-0.04613713412888137
2015-11-27,0.4715985233563825,0.20751270598828817,0.38735754958867535,0.34910483523946234,-0.13448623888050062,0.224546126147876,-0.20770236331866213,0.18695266277912329,0.07747740973543976,,-0.046029161023198206
2015-11-30,0.46097106911500246,0.19336222565008063,0.3679225420082344,0.3285305143259667,-0.12330460739832308,0.22459003396063362,-0.19996556844332922,0.18208628149191516,0.07238615231233886,,-0.045547366372437385
2015-12-01,0.4656002072761313,0.1714651865245665,0.3523666849308246,0.321538376623455,-0.11988741022590715,0.23437921583370064,-0.20949839727678482,0.17509848133060843,0.06387110477721614,,0.024804506760142973
2015-12-02,0.45874162882935215,0.1739720877173764,0.3521414695743222,0.3258376621119645,-0.1195297753104958,0.23963571387707505,-0.2149703032904145,0.17462180284778056,0.06209140760331441,,0.024369202269300182
2015-12-03,0.45485628068515405,0.17845725397649284,0.35261468476917546,0.3293506982958338,-0.13153762908655414,0.23269143112359902,-0.20812653819132548,0.18328435110912641,0.06961186389789638,,0.024924567658406463
2015-12-04,0.45399415363691875,0.18346124029526364,0.3536276045396072,0.3277728776009985,-0.1255405181809813,0.2373513198961379,-0.21218526169035318,0.18266040133035505,0.06902991508866084,,0.02481115906676501
2015-12-07,0.4564870179708934,0.1860983669124731,0.35593623347870684,0.33180719883212567,-0.12701123344711387,0.2393897523540104,-0.21456977363140578,0.18605024217501398,0.07056169931102249,,0.024418036660506636
2015-12-08,0.4554624469409521,0.18668801776716984,0.354831659729157,0.33159419101552723,-0.12808911252944966,0.23808727610990993,-0.21255310284960025,0.18559568957289235,0.07051047919672829,,0.024621340991815416
2015-12-09,0.45549293703558347,0.178529088087327,0.3507097247600267,0.3297960140310322,-0.12862115626806428,0.23657880746082524,-0.21338131218950543,0.18744538656879658,0.07614391554492306,,0.024463500354898703
2015-12-10,0.45497216917135586,0.177726977087647,0.35126513440792034,0.32706845720347233,-0.13004425979964224,0.23371535509451546,-0.20979242746998092,0.18580031372131997,0.07581366113293575,,0.02488268921370829
2015-12-11,0.4533258703151065,0.18058812661318147,0.34458070083659437,0.3206734582278734,-0.1360125905874266,0.21740646581528864,-0.19284652345135841,0.171719139943062,0.06627792970008496,,0.025127598843450637
2015-12-14,0.4532641934990011,0.18050363982899864,0.3444186997111226,0.3221793144493458,-0.1355565133587088,0.21996651585227453,-0.19309027311744356,0.1725364165681965,0.06587321636161786,,0.02501895333559578
2015-12-15,0.4549980230349651,0.17590315257158823,0.3355248357698456,0.309699972114543,-0.14114148029292495,0.2088369460260074,-0.18740338538946108,0.16735594387008762,0.06651015522186372,,0.02467096032815761
2015-12-16,0.4551530517894601,0.17637313268717844,0.33727558291371884,0.3052867132896935,-0.14347383204947167,0.20937148383262955,-0.1876807235203762,0.16676898827735362,0.06547007829085334,,0.025021126359749533
2015-12-17,0.45548357699558234,0.18220072789410202,0.34015040232639066,0.3059477245673152,-0.15281655850569603,0.21217783675026966,-0.18835237489299597,0.1680714392658554,0.06826435256518244,,0.024512401379478094
2015-12-18,0.46284152672407736,0.1945454911309953,0.3504790457675621,0.3007273203453348,-0.16060914620107006,0.19595621277484324,-0.1790103070720593,0.16048176622178675,0.06141734724831679,,0.025349691383267363
2015-12-21,0.4641086617954003,0.1989511051857473,0.3520238008439428,0.2966577405771948,-0.1647640183315673,0.19701601742133446,-0.1820711616186496,0.16240309390247692,0.06961005411342637,,0.025349796042946526
2015-12-22,0.46507599758910456,0.20161333737151815,0.3522373426407538,0.28982370791803885,-0.16270526365877844,0.1929394848903096,-0.1761730868966599,0.15889091172814138,0.06710021742917058,,0.024909542048304284
2015-12-23,0.46648687958615753,0.2003055876042705,0.35183750396984714,0.29215364703053287,-0.16252477592343634,0.1950264820326434,-0.17749971280962845,0.1604288108915909,0.0661108113886737,,0.02510836853304546
2015-12-24,0.4656795034779506,0.19968024966844583,0.3516809752382199,0.29100497550008914,-0.16324885305869624,0.19506184390011957,-0.1783858938150117,0.1606535667396817,0.06734262030311165,,0.025400154978036552
2015-12-28,0.46434956402088656,0.21099471093378983,0.36656560941029354,0.2938783614574309,-0.161750305187119,0.19700438575930546,-0.1819359863138797,0.16124180605966534,0.06530144121551697,,0.025110406509327443
2015-12-29,0.4491444966806626,0.21624599084793847,0.3673335821021916,0.2996070862094503,-0.15858335200796453,0.20355845059329508,-0.18530665442930985,0.17216608800642846,0.07304977826369836,,0.02568770178719849
2015-12-30,0.44940762237084153,0.207702443165449,0.36325255807723483,0.29598068460760385,-0.1569023046900463,0.20389210283647313,-0.18591315681957168,0.1732848256027973,0.07303197891999595,,0.025561093440014452
2015-12-31,0.4499736653836754,0.20489891911192584,0.3616202668904293,0.2944132979520097,-0.15640907513551994,0.20247345643512746,-0.18270282154833703,0.1730560236879399,0.07039298491698844,,0.025730423183107323
2016-01-04,0.4570655270485339,0.19232369303234254,0.3581802631010826,0.29426403535100837,-0.15904127932453335,0.2109420281676562,-0.19086013624896156,0.17569301637637716,0.07679336717579366,,0.06456163212549194
2016-01-05,0.4542088869631029,0.20128901981527045,0.36884749150532575,0.2872520536669297,-0.15472644891680276,0.20556705965966526,-0.1883090513016794,0.17037994913963642,0.07586319751841569,,0.06531539355213443
2016-01-06,0.4531370618920486,0.19838806049784682,0.3685020414466975,0.28972424194897617,-0.15462229981526998,0.20743920534853716,-0.18977926649331475,0.17352047465960938,0.07613598992674837,,0.06511441891579617
2016-01-07,0.44927621341284946,0.18259653237484208,0.3500407627508295,0.29283017903527625,-0.1382811040013283,0.22425098773021523,-0.20535936698811222,0.17578631520150997,0.07374881033784669,,0.06377996402037486
2016-01-08,0.4489845971039165,0.18210649766139986,0.3480775843478841,0.29266613226667665,-0.13937533666036528,0.22216039202906648,-0.20347591593491957,0.17436457217507265,0.07309707052244027,,0.06370095296794903
2016-01-11,0.45339172149222134,0.18283268216345655,0.3478041273427119,0.3002362997493424,-0.14167826730565417,0.21969368307473616,-0.19387812347095237,0.16938882937292463,0.06216946741970915,,0.06289708313720958
2016-01-12,0.45534602189196605,0.1884661451750202,0.3500528285767118,0.2992325995571326,-0.14221799114954753,0.21660304558679833,-0.1898935357442924,0.16862762033074416,0.06266478230664636,,0.06298541149003647
2016-01-13,0.45656382046943605,0.1915098610142648,0.37078831723868566,0.30100141528680335,-0.1389480495895558,0.2136440800398396,-0.186536083077863,0.1663943675217763,0.06626106603993341,,0.06429265639643407
2016-01-14,0.4606329049540136,0.19132689429311742,0.3638036465916277,0.3363298781553281,-0.14517282197234074,0.21483258311197528,-0.1856604672568858,0.1584433933661927,0.046725686078409594,,0.06717889075651638
2016-01-15,0.4569274016146694,0.16840395825788196,0.3590061438884444,0.3544727189145417,-0.1464847651752009,0.22867614269897416,-0.1943489138173867,0.17198936756340197,0.061749425674788236,,0.06631760642149176
2016-01-19,0.45429991854403157,0.16292296893687902,0.35593065287632686,0.34164603487952044,-0.14771859175032398,0.2232672783037258,-0.19290730470616713,0.16860412742899444,0.05872522909975661,,0.06632272873418157
2016-01-20,0.45615497114912024,0.16475143248075458,0.3590449235845696,0.33923080958213186,-0.14495003435879023,0.22609138180534583,-0.1967410008527749,0.16997433789075791,0.058266257803638914,,0.06655857676125568
2016-01-21,0.45905857942297695,0.1600464605087455,0.35677886790315666,0.3492872836070744,-0.14487000707199432,0.22809637272557878,-0.19809177537415387,0.17281418124222966,0.06348578720459257,,0.06683394434452879
2016-01-22,0.45970121813756093,0.16087798337152132,0.3576915816710614,0.3460312481594136,-0.14246627175441678,0.23134934616656716,-0.20159843534052196,0.17452469142627786,0.06376701340587937,,0.06706832225728684
2016-01-25,0.45426883089900527,0.15748337653053585,0.35799729641967315,0.34287812382855776,-0.13480350298247837,0.22850206597700132,-0.20143027761507631,0.1662673928649371,0.052989035322449494,,0.06806690689833599
2016-01-26,0.45314293981951936,0.1697900364927534,0.3682265377514563,0.34914299654574155,-0.13314330792709658,0.23390271538607435,-0.2022255497443056,0.16201765517101488,0.04706336136989318,,0.06809156817979399
2016-01-27,0.45738094928770223,0.17547587465025521,0.3701279591758678,0.358872297442084,-0.14666321972073945,0.22229235944990108,-0.19473097715902443,0.16252952010233196,0.03733557700207312,,0.06933692012779384
2016-01-28,0.4575658264006199,0.17595046533547548,0.37088937392522414,0.3590076277661347,-0.14635405184351594,0.2233759384557483,-0.19769614152284312,0.16643632451237264,0.04011124313663262,,0.06904453138278258
2016-01-29,0.4547016946195119,0.16478502700332592,0.36248747378611357,0.36147105616982605,-0.13869889859887655,0.23245498687056973,-0.20622138978810117,0.16704929024278356,0.041012931986189535,,0.07003645787406351
2016-02-01,0.4473219538150668,0.15076360956213478,0.3545996404041127,0.35099095938877817,-0.13751179317228615,0.2429155088062924,-0.2163046252770506,0.17746171622908538,0.05827224657333809,,0.06404956568395981
2016-02-02,0.4469511744788552,0.15058036797985289,0.3550014240246384,0.3505632808950555,-0.13866349660785446,0.24373292503136984,-0.2173264400144109,0.17544919446182344,0.05760381546953027,,0.06449429184146852
2016-02-03,0.4493089818703053,0.17378502768341797,0.36347796876348354,0.3444202226833506,-0.13753489712378208,0.23521496998247732,-0.20763294248742897,0.15946661921537303,0.04397732114428087,,0.06466484621542073
2016-02-04,0.45117444428167514,0.17987974415086144,0.364466919339597,0.3508675336039307,-0.14508847907798192,0.23606010333145622,-0.2077129349533132,0.15681553067557727,0.04449311025946994,,0.06478591677811726
2016-02-05,0.45392326087272056,0.17945486196829893,0.36526809698199486,0.353717908251471,-0.14867593536186974,0.24058869795769272,-0.20998083045125765,0.15758527461364866,0.04292318856488823,,0.06437016302811098
2016-02-08,0.4545469578219022,0.16979093155404046,0.3573732997612814,0.35538563889232994,-0.1473378846331219,0.24134356544378435,-0.2108125014537176,0.16258258952036667,0.045494490568436095,,0.06430313076417199
2016-02-09,0.4588922425667852,0.16855834823899113,0.3561977441267175,0.36392357252084817,-0.1406382006888217,0.2402241500190491,-0.21122436485416607,0.16241642344752638,0.04400250047086599,,0.06340298409195874
2016-02-10,0.4560782096715401,0.16659849847174055,0.355215688956286,0.36082740729769736,-0.13834493988567972,0.2450572712073137,-0.21484143299801528,0.16668630963733247,0.05011455783302319,,0.06367550627886338
2016-02-11,0.4545693439880271,0.14705826809461803,0.3464204487859246,0.36263090890575495,-0.1362807280672142,0.24731481343961104,-0.21663015592462811,0.1691501793703362,0.053099303709732454,,0.06346483045845054
2016-02-12,0.4514085947618862,0.14430643217345304,0.34682854912201555,0.35827770686337074,-0.12430678373650145,0.24727292373969864,-0.2140026709470145,0.17551433615211592,0.05491205787003928,,0.06343759068846039
2016-02-16,0.4535532531849601,0.13321474148797025,0.33929145062510585,0.3564977272401107,-0.11857814072917172,0.25076886235712115,-0.21533948295412927,0.17677136704392632,0.057474790088002096,,0.06357885236796926
2016-02-17,0.4537883966978823,0.13189935925146323,0.34114189080785423,0.3614303643895727,-0.11950419291713825,0.255373922366273,-0.21687125739110824,0.18571127028778026,0.061358488972154,,0.06397546271670812
2016-02-18,0.47344553636953546,0.135613574305498,0.34441492589364864,0.36689647098108663,-0.12109491184901612,0.25612861247395236,-0.21612580226470163,0.1944733855774721,0.06989976075650127,,0.06372869837115301
2016-02-19,0.4731324729886385,0.13566230768622223,0.34410584762628343,0.3655182781906234,-0.12169733939617287,0.2561751155171805,-0.21639471502116497,0.194186177699953,0.06960103764086623,,0.0637542087639491
2016-02-22,0.4864441463456392,0.124589479570332,0.3378399528531165,0.3709794184196462,-0.11481523965502406,0.2640476135327869,-0.22193194190161267,0.19702762490247244,0.06523061240423438,,0.06433827000793477
2016-02-23,0.49298705032817036,0.12472792866424504,0.33817205101208997,0.37279867322368365,-0.11701020121982524,0.26469561513578554,-0.22331792416934937,0.20311777914589071,0.06912562200221287,,0.06405032762003425
2016-02-24,0.49558694897207006,0.12624921749179244,0.34234817009232255,0.3756588203771681,-0.11656275277255569,0.2638460745530327,-0.2193533882041658,0.21629625007288078,0.08306263956584092,,0.06375800130606024
2016-02-25,0.496399840649318,0.1262951730430813,0.34418362393144236,0.37185393828832686,-0.11526333948965117,0.25856030868535623,-0.21498983437907576,0.21885782942809426,0.08843423768352157,,0.06332317117952099
2016-02-26,0.4941186956123544,0.11306022014030608,0.3244974428842997,0.37155727660077176,-0.10577857190881673,0.2558227259029848,-0.21057000489406844,0.22569997229659713,0.09265539096212269,,0.06346040984939733
2016-02-29,0.4971023934138731,0.1145341217645155,0.3255080361007453,0.37269689534845746,-0.10556310509686609,0.25437954195434326,-0.20963065523109584,0.22502177490615083,0.09262390163759834,,0.06354395283837902
2016-03-01,0.49679012811085094,0.11379892896588148,0.3237803785688052,0.37347511498961455,-0.10500367293354082,0.25645142427492995,-0.21178423163056312,0.2286172402896366,0.09484705103439267,,0.0690919159497905
2016-03-02,0.5082274674342817,0.116604337230729,0.32632852355166975,0.37693337916227626,-0.10672913480981297,0.25663082736926784,-0.2111470018063027,0.2327718071422785,0.09323498215235791,,0.06925665291055438
2016-03-03,0.5093635397269597,0.1209610983795643,0.32799719333350513,0.37613804062362327,-0.11123367762236225,0.2577357669308237,-0.2119748050533412,0.23110605745913682,0.09064866485134242,,0.0692358010174744
2016-03-04,0.5094921043646472,0.12773669372003027,0.3404091176944301,0.38220553741146474,-0.11353602012970061,0.25820515082626666,-0.20929117124061525,0.2373798911831563,0.10273031262583437,,0.06888204080038426
2016-03-07,0.5097784466853861,0.11712452947418621,0.3362397468077042,0.38042170251789653,-0.10596238052635772,0.25402755974585867,-0.20570227634703284,0.25247912094265773,0.12022547683449626,,0.06919920115151686
2016-03-08,0.5128932977675903,0.11673546145113871,0.3426202146846998,0.3854626428612419,-0.10728183908041591,0.2584189481830737,-0.21046975369926915,0.26683864349790826,0.12551623639206722,,0.06864224855472084
2016-03-09,0.508627288681338,0.11329709314790472,0.34082280464412346,0.38268002018429503,-0.09892881852808995,0.25283569574410014,-0.20590036295204395,0.26281128794690584,0.12317262918013604,,0.06906085422000714
2016-03-10,0.5088379273731032,0.11049828730725827,0.3389226264225208,0.3829781285291119,-0.09399010338332896,0.25260223030981976,-0.20548437169392528,0.2611631181456978,0.12037732796731614,,0.06904838251228551
2016-03-11,0.5149180611309068,0.1069758419810282,0.3374909836404233,0.38988770372645176,-0.08766205183063668,0.25048307812400905,-0.20316457350393405,0.2655802128135125,0.1201038150820327,,0.06917084717367987
2016-03-14,0.5142150667060011,0.10665967540991343,0.3374620573433285,0.3916317583005645,-0.0895717214657282,0.2509979934129033,-0.20346784095974066,0.2654087300366556,0.11971155750441695,,0.06915594887311904
2016-03-15,0.5139239419261962,0.10700175690944158,0.33740214134915936,0.39202063111658925,-0.0897501357732778,0.2517653238140238,-0.20343333933788177,0.265496184138804,0.11940097186680834,,0.06913402831347457
2016-03-16,0.5162751864071397,0.10552239983063318,0.33736875264588645,0.3896501072278719,-0.08989886939168816,0.25111484541573376,-0.20325146338839492,0.2632631674363631,0.11520374210542424,,0.06936011817328588
2016-03-17,0.5198189132030632,0.12501810347662362,0.35163876008929484,0.40264598535375107,-0.11436452784779647,0.2620438123278828,-0.2138218966554481,0.2477377285202558,0.09091675975000849,,0.06956893147303776
2016-03-18,0.5176090513482856,0.11352343210632185,0.33845484911820645,0.41218768565836056,-0.12576392599381464,0.26887413529572735,-0.21658796016861673,0.24610317706404863,0.10216809308049271,,0.0700276168802969
2016-03-21,0.5137198104021854,0.1001502599887425,0.31815805097472966,0.4063959871221889,-0.10525246381554604,0.2639572260968841,-0.21068245233930638,0.2609164234535858,0.10903264498781029,,0.07073157396153983
2016-03-22,0.5143703286959523,0.09926930606681081,0.3184727872885119,0.40229189884515326,-0.10043690364321091,0.26498260583392813,-0.21236265411608768,0.26233310266477683,0.10887446564079674,,0.07072457274723194
2016-03-23,0.5148131579272219,0.11065953598490234,0.32852396991086646,0.407063313429427,-0.10497216703342792,0.26804375394161883,-0.2152216598127896,0.26899098265935606,0.11168971257056413,,0.07012520685313639
2016-03-24,0.5174457414190948,0.11114046997450984,0.32869373485618775,0.40901106439539836,-0.10536594099482426,0.2680593765161773,-0.21495181989389803,0.26961743902895285,0.11122063718379714,,0.07013532208394786
2016-03-28,0.5166790789065323,0.10965875217808646,0.3278574830395495,0.4077407142689576,-0.10795218831854145,0.2685775828304817,-0.21443994826853474,0.2661914556670471,0.10750416315566969,,0.07013129550194386
2016-03-29,0.5131974423114121,0.10246562890749839,0.32625934269416074,0.40576562405903827,-0.1031172785293128,0.2660684147706796,-0.21211933704476918,0.26557696159357175,0.11544873473976547,,0.07018417295165881
2016-03-30,0.5103672931249296,0.10636656152284191,0.3297986662659914,0.4055528495413528,-0.10383204182940045,0.2637177971722818,-0.21086786200989913,0.2641314701898766,0.11526895176099075,,0.07002726485078715
2016-03-31,0.5129736838267488,0.10563173371110543,0.3282889090017718,0.4040248160171939,-0.10113676062998256,0.2613692180134309,-0.2091588035622306,0.2625790423430366,0.11145648918705425,,0.07026271923459423
2016-04-01,0.5135608912529601,0.10606323137482421,0.3300913490240549,0.4056940001172357,-0.10094853017578548,0.2601313501501282,-0.20694152532472773,0.26465591972430136,0.11551863705182118,,0.04634967924714207
2016-04-04,0.5133524470183809,0.10661913712232406,0.33104299005298365,0.40708396079965004,-0.10150120518187612,0.26095660242720564,-0.20907972856917473,0.2657951345114154,0.11801319346448585,,0.046275715359221044
2016-04-05,0.5131895817208015,0.10885519030928796,0.334285909027373,0.4127606031123149,-0.10241075106384447,0.2617236983185754,-0.20875031816884307,0.26543612513123793,0.11694963203812747,,0.04630514148150236
2016-04-06,0.5117114887291526,0.11199782368417216,0.3403065592509554,0.40884441649300857,-0.10999875051726556,0.26395907041983235,-0.2101234134284483,0.26767132050997616,0.12153537359319502,,0.046383321851178216
2016-04-07,0.5103917088491465,0.0997885047339423,0.3311509736651104,0.40661608579573844,-0.10894296210228444,0.2715493613220778,-0.22251126131278537,0.2755181178386647,0.1329168385414083,,0.04590924983894305
2016-04-08,0.5110748088232652,0.10074280117599407,0.33287857771419616,0.40704475167733356,-0.11045084922996733,0.27203118394341336,-0.22368045541785078,0.277304901500211,0.1341251822196548,,0.045916722328837395
2016-04-11,0.5119498922191689,0.10052087060038802,0.3303777925213138,0.40690865196562515,-0.11113645623251805,0.2715632636584925,-0.22283214573496693,0.2774855269493066,0.13421800764043776,,0.04591486765385829
2016-04-12,0.5168600890675217,0.10083108456728598,0.33433174707960467,0.413477013950012,-0.10961571789564357,0.27588356560271077,-0.22811045900213023,0.2834166720273947,0.141915324306837,,0.04570230349423529
2016-04-13,0.5199403506186665,0.096472458982943,0.33454521101629403,0.41403445106387754,-0.10651717737996393,0.2784054356674895,-0.23051978998187372,0.2811077801989412,0.13978327823107664,,0.04572682662436089
2016-04-14,0.5200027550056706,0.09383208990864364,0.3335228547601151,0.4143669614144086,-0.10543213840695806,0.2779635786190906,-0.22993760173077832,0.28142940206708966,0.14122004839044988,,0.045724948667250104
2016-04-15,0.5284831951148383,0.09450529309051135,0.33331173300781863,0.4159612545348782,-0.09573324817601886,0.2796522907990308,-0.229351105479474,0.2862569671316346,0.1465664688530422,,0.04578225266443907
2016-04-18,0.529144111265029,0.09451612983053966,0.33276449891568777,0.41512250766347125,-0.0963881431641311,0.2812052167190264,-0.23030926059031323,0.287036704174128,0.14783923946591135,,0.04578855318874551
2016-04-19,0.5334121235532802,0.10197363059183373,0.34208142633061195,0.42238068776135806,-0.09954584812152925,0.28649949789797235,-0.23228965228481652,0.29184862285410507,0.14653299239701817,,0.0457440832035401
2016-04-20,0.53453809134334,0.10432260926762839,0.34479892069170565,0.4229409242467314,-0.09648154945897962,0.2863449265260293,-0.23237659855320453,0.2957729442973752,0.15251622037665333,,0.0458350093914153
2016-04-21,0.5348958919216642,0.09957877984498704,0.34255152663678384,0.4261038869780977,-0.09591162030079914,0.28768499531798986,-0.23349570311859805,0.301233033795276,0.15855008534336218,,0.045965999341226936
2016-04-22,0.5392759710782042,0.09349599156735865,0.34049766604274323,0.42501350620167544,-0.08956146404835186,0.2871829614235329,-0.23422568645792616,0.3038760995721018,0.16340555694674422,,0.045980645024267415
2016-04-25,0.5348610764217959,0.10275767073126287,0.346161871674657,0.4288151557422903,-0.08562474913974884,0.2872720785732548,-0.23469463514792632,0.308405212444923,0.16822001721283514,,0.04606545298966149
2016-04-26,0.535296764568862,0.09786936836287946,0.34453451029469445,0.4271960340580473,-0.08449389687752039,0.2883026640904592,-0.23682345064486085,0.307470434188358,0.16875380696477704,,0.0460434876929533
2016-04-27,0.5386173729075059,0.09527811021597352,0.3414903140559776,0.42276704873487947,-0.08248774425773839,0.28721188717238355,-0.23563525476229602,0.31024436398887906,0.17318935118887777,,0.04592483812576201
2016-04-28,0.5428167519071866,0.0966334035929314,0.34125444195248245,0.42217391037201146,-0.08051294632049047,0.28688840541703514,-0.23611176891291025,0.3086635731592329,0.16995535840590884,,0.04592473318370849
2016-04-29,0.541205240183117,0.13235340523954153,0.3705328134425044,0.41858224921374243,-0.08085824082410445,0.2942716455888024,-0.2439411711692469,0.30527255486697946,0.17757540540526398,,0.046105844463650895
2016-05-02,0.5423752236836047,0.1353152301058474,0.3724704545930125,0.42156621428071345,-0.08586858719971777,0.2889744294727308,-0.2366191091804637,0.2981945207701031,0.16636795692958595,,0.03604327406249137
2016-05-03,0.5472716590805315,0.1374089790959369,0.37585145286954535,0.4236976950447418,-0.0888431822317527,0.29224246224055483,-0.23929026459526778,0.3034615132481664,0.170806050048686,,0.035821954976651756
2016-05-04,0.5480181142532419,0.1409964282473541,0.37688343326514395,0.42168353272207404,-0.08935383074374532,0.29660215348022445,-0.24312609752681513,0.30295358413179974,0.17098487070261137,,0.03569106097291512
2016-05-05,0.5502970335914081,0.14132222299398225,0.3758507712813199,0.41934469079143066,-0.0948040575804728,0.296073350671768,-0.2422403067106426,0.30633742921372054,0.17560413293463425,,0.03557448922546171
2016-05-06,0.5526301773278235,0.14106652897449173,0.37598388792404175,0.4199444468476734,-0.09462443568135971,0.2963028722872852,-0.24216596647567412,0.306706037846493,0.17555429461725924,,0.035583752036587514
2016-05-09,0.5570803977171794,0.1513339992089049,0.3815021704700072,0.4223133272034713,-0.09744298082807586,0.29449006908657116,-0.2405676197078261,0.3081830744748969,0.17522357774926595,,0.03533373822074863
2016-05-10,0.5570922164197154,0.15113994782937287,0.3811452235968153,0.42014642761637094,-0.09746567243978772,0.2915037302631645,-0.238637606361207,0.31441406574407066,0.18176735485655166,,0.03531881021281194
2016-05-11,0.5562555504228583,0.1501057298014024,0.3802667958321041,0.4193077460085605,-0.09601628212691857,0.2906876922205233,-0.23698257028647193,0.31476432484896877,0.18146663086536896,,0.03533339635105835
2016-05-12,0.5582108155862144,0.15168842286076528,0.38603718722009106,0.41746843240996884,-0.09791023589319894,0.2903181678779939,-0.23584063248271708,0.31266663495232994,0.18021649273206658,,0.035227334614774224
2016-05-13,0.5578926845554264,0.15183726014370053,0.3866580766597219,0.4172471845424459,-0.09719469330714037,0.29000531088320064,-0.23575820660632804,0.3117797997896798,0.18034736751596203,,0.03523523919332
2016-05-16,0.5595309503524944,0.15198572609273475,0.3864829978982307,0.4187202080505145,-0.09708425754135296,0.29160909089534437,-0.2360988870757242,0.31718210613915976,0.18272695853081938,,0.03523702600288904
2016-05-17,0.5600211997683529,0.15236738180606252,0.387787648588496,0.41873575320026485,-0.09499892522877916,0.29124694352977487,-0.23519313870958214,0.3220162799783021,0.18571310336972463,,0.03527431084279239
2016-05-18,0.5626895382597162,0.14325850846405971,0.3793001711819489,0.41470057964927276,-0.08388593698454894,0.2923190214925943,-0.2359555100364944,0.32182236384570206,0.18939324281736186,,0.03552316397301957
2016-05-19,0.5703734863464476,0.1459454837031327,0.3800288951421567,0.415823484578933,-0.08449760398083081,0.29278226341494334,-0.23635049887984308,0.3227190916810583,0.18724242368251148,,0.035481207063322896
2016-05-20,0.5708123984719451,0.14700338303358357,0.38004077470604725,0.4146860995768273,-0.08374097041421547,0.2921172053453769,-0.23456010821160445,0.3269990476795968,0.1892011184595286,,0.03546583411579105
2016-05-23,0.5705331758852237,0.14709753122099467,0.3794549349715649,0.41381796759155054,-0.07935538244419169,0.2918212996917618,-0.23466284233419066,0.3297876124325169,0.18872477515862313,,0.03556909418540675
2016-05-24,0.5732348850348313,0.1465580211012562,0.38135092647992275,0.4172377397852145,-0.08485421230060158,0.29631343085196993,-0.24165974739829924,0.33591100794840945,0.19044501538121814,,0.035570541020655884
2016-05-25,0.5657655665155906,0.143493961269591,0.37990618936451837,0.41850507507467527,-0.08631527242525684,0.3023101816681281,-0.24579759487334896,0.33644672509165297,0.18926918147466898,,0.03563287747969574
2016-05-26,0.573597146201258,0.143739406543259,0.3802959148485601,0.4189138660606998,-0.08812740995195867,0.30222184487929454,-0.24597438997593554,0.3353728039668292,0.18805700447104903,,0.035687246187738275
2016-05-27,0.5719856536917949,0.1434251695993715,0.38051230906054767,0.42535422864765876,-0.08752986400128386,0.3013178500371204,-0.2452320745229209,0.33442316238166386,0.1880845288844361,,0.035788899133000686
2016-05-31,0.5776640542321317,0.1431051395000298,0.3815249557806258,0.4254744841050858,-0.087485137214166,0.30178881385395817,-0.24635922477736688,0.34086696477295725,0.19027299076822451,,0.03373029175302134
2016-06-01,0.5789865855962457,0.14283270350190216,0.38120950211323007,0.4243884765195656,-0.08001729150860888,0.3014444875072628,-0.24669982132416998,0.33818583173551925,0.18739523709907602,,0.03564405746192435
2016-06-02,0.577420313911136,0.14266680273070162,0.3816066665070462,0.4245789157406024,-0.08045090073395043,0.30149956248715487,-0.24688225632558036,0.34192146260854045,0.19115115945919084,,0.03564935391905122
2016-06-03,0.5757628991114916,0.15257241992470613,0.38383777533802277,0.41892081427335653,-0.0969860163200095,0.29652990573015964,-0.2444311885917924,0.3216949825397012,0.17406493259104067,,0.03565167617316062
2016-06-06,0.5757556164739142,0.1535653875552072,0.3846670543257182,0.41890239871126234,-0.09937431953239124,0.2969834536781476,-0.2439707590439645,0.3227036439356916,0.17344780101389254,,0.03565164766948605
2016-06-07,0.572466639599933,0.15270164566663114,0.3828263201571593,0.41118222564804696,-0.09880598205152127,0.29329149198550425,-0.24464731877757426,0.3210216491805845,0.1795840651167165,,0.03522555925952171
2016-06-08,0.5683377504193478,0.15370859036110004,0.3834986442790035,0.4101071821621924,-0.09902020510441875,0.2938801928214133,-0.2431382680088,0.31917226845187907,0.1768082657669997,,0.03523336482737754
2016-06-09,0.5679861707680345,0.14916986626693898,0.38018021670639196,0.40927674848357887,-0.098338395998338,0.2913137123387254,-0.24130750232623824,0.3170268391114738,0.17173746796616485,,0.0351768366463736
2016-06-10,0.5657083946596614,0.14593745878217254,0.382658423005389,0.40999469287676976,-0.09464266791055256,0.29504735277496197,-0.24574198949959142,0.30703017625225065,0.1608317545375815,,0.035521266588318855
2016-06-13,0.5678048300846931,0.14877212667572448,0.38411752882986083,0.4094167969708836,-0.09620071109930621,0.29210070082751377,-0.234477696132805,0.30465515299714974,0.16361669502422788,,0.03549460448068421
2016-06-14,0.5643885404953823,0.15101921213543315,0.3894926870627649,0.40961049400370036,-0.09906161929731164,0.2912037462366433,-0.23022220581550254,0.3033863065564802,0.15952040614468702,,0.0355843352182468
2016-06-15,0.5680059073345192,0.14887818324088178,0.38806638958355466,0.4065285253575766,-0.1017481955378522,0.2905235553345191,-0.2321455679060694,0.2980610113741629,0.14730815856260682,,0.035541530664999696
2016-06-16,0.5721442595402316,0.143940940036137,0.3845140767007747,0.4104045841039146,-0.10145902590741622,0.2876928922258252,-0.2286285994386665,0.30009930160728665,0.1437134255768072,,0.035335256620918805
2016-06-17,0.5718287419002569,0.14318532240358725,0.3835123083582038,0.4097616234683585,-0.10140649110010175,0.28717098392768853,-0.2282455780535711,0.29973127408361927,0.14345768919322183,,0.035333826727290345
2016-06-20,0.5722739745878237,0.1414446972823692,0.38380153891886126,0.41200397893991475,-0.1074553387876135,0.28781987521647684,-0.22908399131905544,0.30035065360378127,0.14392785438798175,,0.03536182217467052
2016-06-21,0.5732871724190572,0.13590930183697955,0.3806592140908292,0.4103860069669732,-0.10440474692450431,0.2885727687035839,-0.2293391020742641,0.30464043341927655,0.1480295335799846,,0.03535775035019032
2016-06-22,0.568723973506164,0.13911097346546364,0.39160973008224004,0.40860759644766415,-0.11866829336087031,0.2884892473170656,-0.22169876076320114,0.2998869737274852,0.1424393381389783,,0.035411401784530346
2016-06-23,0.5712722633832724,0.13718776933222493,0.3909733187098914,0.4107836640024893,-0.1194119890401824,0.2933428613542132,-0.2299384407855648,0.304684405622564,0.14213406599335499,,0.0353849551736651
2016-06-24,0.5749124778606012,0.10359183445063973,0.3774841336383887,0.4167887852238676,-0.13962000034876296,0.30689215996139696,-0.248116213181467,0.3176582628338369,0.15419192449745678,,0.03512155177844173
2016-06-27,0.570341783735461,0.10380618354820915,0.3769763319442187,0.4141593892663819,-0.1340489152442405,0.3014339645348452,-0.24944633171421063,0.3104475219426304,0.15332480779789304,,0.035125731247341425
2016-06-28,0.5740580415097585,0.10025500582019257,0.37708106191997154,0.4176217048747618,-0.13775575817996924,0.3094586026375501,-0.26404033444999725,0.3138316918688408,0.14941113090467173,,0.035056193944435425
2016-06-29,0.5743345106982075,0.10051249835742794,0.37754710905736155,0.41977563520917427,-0.1379298551182584,0.31123180043414267,-0.2661399090184633,0.31466735552899305,0.15074287461184005,,0.03508867779447818
2016-06-30,0.5755484356346486,0.10014297893048163,0.37831694762655865,0.42085516893187463,-0.13965732186003807,0.31154744531548756,-0.2659670873293857,0.31452856133739354,0.1488407393367889,,0.0432538211398139
2016-07-01,0.5766219804677385,0.10330721074525208,0.3793448245999248,0.42151176628379894,-0.14188255590382956,0.3117189185486662,-0.2673719989393659,0.3125246786692061,0.14452526160268242,,0.04806728534118899
2016-07-05,0.5724556808037086,0.1058549133286393,0.3853416016632708,0.4109038483842717,-0.14350404169727923,0.3136074530164724,-0.2706952416635876,0.3014734695411757,0.13761906579468933,,0.04845036165669717
2016-07-06,0.5626277370822403,0.08788539565914304,0.36144790949136213,0.41200840697011426,-0.13347047999571882,0.32095773105223185,-0.27832608830433153,0.2940683442253614,0.1336426437724078,,0.048906070968472076
2016-07-07,0.5659301919073133,0.0845277620648046,0.3617186441045353,0.4195119173922703,-0.12917040547976594,0.3334459570100065,-0.29520494708649453,0.2975490291716623,0.1332671699005842,,0.049184377415554426
2016-07-08,0.5608589359363075,0.08762588014431605,0.35865102272651067,0.41749786591443766,-0.13372712250686297,0.33210835525659427,-0.29652705232155807,0.2884970006565102,0.12208500227607658,,0.04950572902479993
2016-07-11,0.5574679024925397,0.08658600878090437,0.3606413526054638,0.41486973870624494,-0.13300962901725935,0.33480044932182296,-0.2991060090263484,0.2997395231896485,0.13199090961865112,,0.049350498455078905
2016-07-12,0.5618589745222479,0.07289114995169908,0.3536833600715585,0.42194270413323975,-0.1367084669168326,0.33636822677882583,-0.2964046454472057,0.30985869665841137,0.142684901419466,,0.048833510039133686
2016-07-13,0.5601940012841955,0.07441965543576728,0.3548242481147319,0.41562316229923696,-0.13846428325607144,0.33643520774303953,-0.2979647962514929,0.30536124686725735,0.13834508075725585,,0.04870461562068979
2016-07-14,0.559863757232392,0.07315552103799346,0.3539698227079486,0.4151076481553585,-0.137523684020623,0.33649475684270097,-0.2982761473235168,0.3041194880447078,0.13746277647292288,,0.04869028936233323
2016-07-15,0.560143035307415,0.07368945976869702,0.3545044410667923,0.41491785162969114,-0.1389377080941902,0.3367215566618362,-0.298405692330498,0.30115851852175307,0.13629879794524785,,0.04870061269505188
2016-07-18,0.5584252943471513,0.07092841657928621,0.3530001255691597,0.41487441002827796,-0.13800653091636642,0.33742316405221867,-0.29923959077472717,0.3014020180190895,0.135697589346538,,0.048704161516987594
2016-07-19,0.5553870463545045,0.0672679050887161,0.35085533175406014,0.412149833085239,-0.1335346155297742,0.3367372350846532,-0.29980925494713184,0.30037701216499385,0.1408090520952017,,0.04858358437065452
2016-07-20,0.5590481953199544,0.06798283093237026,0.3510505114929628,0.41194912718225823,-0.13514148999510237,0.33604873412186836,-0.2995752053990277,0.2994400693585336,0.14014362117466714,,0.04858473726259694
2016-07-21,0.5580588690489868,0.06296389222872935,0.35082974637595354,0.40992837332635046,-0.1331404374258543,0.3357149763470751,-0.30003402057073636,0.29863164613229026,0.13853155118237148,,0.04866943253341169
2016-07-22,0.5533874058591726,0.06553126625593497,0.3517995951435019,0.4096270595328448,-0.1408363827311049,0.3327352247415082,-0.2964491857572223,0.2946449395477219,0.13317798376590748,,0.048761886945189854
2016-07-25,0.5531538261493394,0.06601104355528387,0.3522636792142652,0.41052222569179103,-0.13987648557830767,0.33340853514819746,-0.2977680553001019,0.2942666126465313,0.1321047668933585,,0.04875672586426864
2016-07-26,0.5590027698115471,0.06946038240288444,0.35447907517227384,0.4093959772794322,-0.1461861424556741,0.33211306219653375,-0.2940257475920312,0.2918587597109146,0.1312761530482516,,0.04876500723682428
2016-07-27,0.5548853844242542,0.06833828220053988,0.34960638307946296,0.4109379105255012,-0.14873222907344832,0.32707382387279965,-0.28463925891262415,0.29352497959363466,0.1342779385658013,,0.048999183949968675
2016-07-28,0.5557238653088753,0.06949561934319498,0.3503936364857957,0.4085853377007256,-0.15050943507406617,0.3269790906682426,-0.2844650215428033,0.2930003165816008,0.13184477482242496,,0.0489271895814861
2016-07-29,0.555858689193966,0.0701734041125312,0.3505372429899671,0.4090168119700796,-0.15045330224855816,0.32743443494805635,-0.2869208760231777,0.28996388798846123,0.1298352664730108,,0.04889640883124275
2016-08-01,0.5563608926849626,0.07065853187764291,0.34927646426317577,0.4102800353167487,-0.15197760287743817,0.3272295322798917,-0.28812785699493726,0.28558917801714884,0.12092906794389718,,0.02184985257790839
2016-08-02,0.5547505033222734,0.07045928735714807,0.34828911632490367,0.40814243616575,-0.15271583553568763,0.3257445358476926,-0.2859309560443712,0.28460410439519346,0.12258397199252913,,0.011845233545583787
2016-08-03,0.5528767352149712,0.07120699814105431,0.3488593045169048,0.40535452116870985,-0.15582472382294332,0.32597455014652327,-0.28629916741620554,0.28259092529649044,0.12039266837355321,,0.012057705454202629
2016-08-04,0.5539665449296719,0.07019298648800312,0.3489358147744556,0.401785223109374,-0.15668346228634378,0.3261420999522537,-0.28561634646271555,0.2868810625646094,0.12599020534162875,,0.01213392582912622
2016-08-05,0.5517704851603692,0.07431498505715352,0.35147402723284327,0.4015959721137535,-0.15870242241414517,0.3233922904186882,-0.2823872784481059,0.28013608465179973,0.12181569553155731,,0.012252777911694221
2016-08-08,0.5525484449084992,0.07403436940915946,0.3517844144962599,0.40208900575241957,-0.15840153519027841,0.32301238001236415,-0.2824032206371447,0.28017828626542646,0.12102568018067361,,0.012116066492805342
2016-08-09,0.5417609015093651,0.06766363006926457,0.34189881588676907,0.3997518565331056,-0.15291245221929986,0.3169581870383769,-0.2772220366289292,0.27314541409963294,0.1164411693949945,,0.012798889419710486
2016-08-10,0.5359029741058405,0.07072508139590136,0.34548445623844143,0.3906598049759108,-0.1545280988436917,0.3115707186449491,-0.2685725427880913,0.25820234188988295,0.10622539230567604,,0.012233317071747471
2016-08-11,0.5361785424107467,0.06730115057451802,0.34250425818044145,0.39234268710683784,-0.1496957189049482,0.3123657634317565,-0.26920915615559354,0.2611456894988142,0.10692945651522082,,0.01222068798436674
2016-08-12,0.5372432104739492,0.07098803458530674,0.34693677106352794,0.38650979439835287,-0.14749859623906433,0.3114784011325488,-0.26701426656175986,0.26677906912938804,0.11030603686458035,,0.012587936749324158
2016-08-15,0.5376643387253758,0.07134457243864752,0.3477380205114084,0.3872028181879194,-0.14771118458084073,0.3118259735274096,-0.26670383781722196,0.2676979320961113,0.1114366874201117,,0.012485247782918386
2016-08-16,0.537618631453021,0.07474309656464048,0.3491361679343401,0.3872102690426739,-0.14982048951649898,0.3123003353497945,-0.2638081995324767,0.2662375130839377,0.1137981648596201,,0.012101354551056986
2016-08-17,0.5365373085409673,0.07554407322447144,0.34520446718510617,0.3899776050033748,-0.14844519484200122,0.3112683193659223,-0.2604764455422136,0.27239586251334735,0.12103382885313865,,0.012014495222514231
2016-08-18,0.5357799856879726,0.0781507533312438,0.34978506640286844,0.3903057335076668,-0.15218459375938329,0.3106459211247318,-0.2604013850941428,0.26993806004269777,0.11726472517838572,,0.011787835771056387
2016-08-19,0.5349660016966319,0.06866987953879898,0.3441326534455981,0.39035828089363167,-0.146203062842724,0.32435773905713955,-0.2781387353507193,0.27545438697459884,0.11974162639564315,,0.012128471867774304
2016-08-22,0.5342580534800064,0.07041881551500663,0.34625967545417236,0.3917603598124489,-0.150525207367283,0.3247368167531658,-0.28362639889128183,0.27663153009752184,0.12077299477969551,,0.01220911944101336
2016-08-23,0.529604441871663,0.06738379865377571,0.3391400875869371,0.3839713104420019,-0.16820887830408754,0.3163590966910768,-0.2749892796712296,0.27099718347596546,0.12182195847452955,,0.012141982954673837
2016-08-24,0.5262838884342226,0.0831790671170554,0.3506368591287069,0.38379785108241915,-0.19051318399842324,0.33083642219486475,-0.27174065403422787,0.25479664113379563,0.10875804734230664,,0.012900212151574197
2016-08-25,0.520745751794819,0.07321568011127803,0.3357672800345619,0.3825040372403609,-0.1824212151975989,0.37864613518936746,-0.2961755807118627,0.2659842493276841,0.12475599543884072,,0.012483344192224266
2016-08-26,0.5078784607850202,0.07697209344234571,0.3249406615081803,0.3621563181110913,-0.19551098737570366,0.36237141397110884,-0.28235829934466306,0.2692760158167302,0.13955751071600384,,0.01330690017910791
2016-08-29,0.5091620804973037,0.07563738989065902,0.32429692262993937,0.3616419706403997,-0.19772772215698062,0.36216619837891867,-0.2820997389142794,0.2678460948114305,0.1404026675282502,,0.013427713140394456
2016-08-30,0.5083372607392295,0.07567015053333423,0.3243795034831471,0.3696492647529375,-0.1980572230639132,0.36200604360182864,-0.2818665079897025,0.2682163564689102,0.1404424825770255,,0.013394549306394865
2016-08-31,0.5095557919355935,0.0781921132767832,0.3255798409300457,0.36287964525731664,-0.20340103987062508,0.3561641336432858,-0.27763788347080953,0.2665538158443786,0.14332334237698177,,0.0034164991686575874
2016-09-01,0.513462212952043,0.08072332303027825,0.3253062606430168,0.3604938264382571,-0.20690623598446264,0.35186471965497756,-0.2718149773166239,0.2651420611669685,0.1395890438798401,,0.003036391167418857
2016-09-02,0.5051564169073207,0.08765245011520273,0.3262771191840768,0.3602158861876469,-0.21711306137001543,0.35373994521582897,-0.2717905445746878,0.2708471250437918,0.14027959470582885,,0.0036854830768430274
2016-09-06,,0.0886038899279802,0.3239383468363074,0.35987973091844605,-0.22441415067936976,0.34451761115034485,-0.2650520130372484,0.2634722149413656,0.13336425891807208,,0.0027130909127071608
2016-09-07,,0.09189654371981777,0.31935840485116795,0.3722160383166392,-0.21993792402826023,0.3184525403564361,-0.2523132944927473,0.24880110728919913,0.11571618418583225,,0.004109996415518228
2016-09-08,,0.0930945082893109,0.31979164664475085,0.3736774983281345,-0.22005475491019044,0.3208842746076006,-0.25245400725250083,0.24859904552124268,0.1164845751682461,,0.0041159947690295115
2016-09-09,,0.09266438171149086,0.3197892645762736,0.3728176573526508,-0.2191680774176246,0.31796168846604683,-0.2459943403990631,0.24549526466201377,0.11396490836027046,,0.004361535685777491
2016-09-12,,0.09234604672736155,0.3181887158856183,0.37483382221039757,-0.21919617574831143,0.31806958320436135,-0.2462306851296628,0.24679808346758797,0.11494541817811096,,0.004345941893545409
2016-09-13,,0.09449864520450502,0.3160258917395709,0.37298221659014275,-0.21880806847498974,0.3149040016323637,-0.24180781411340935,0.246893231335504,0.11663643619479189,,0.0038019665077688425
2016-09-14,,0.09629491735988578,0.3164847448005312,0.36114841079160603,-0.2243486958302058,0.30930710357059665,-0.23631944095317278,0.23325576236777218,0.10409026847671489,,0.0033268774319458543
2016-09-15,,0.09162374276772112,0.31238887970934154,0.35803082118748664,-0.22348136483903847,0.307297950747855,-0.23476691626938315,0.23208850893429273,0.10342439440792531,,0.0035775564289309966
2016-09-16,,0.09153852259722685,0.3120836997658123,0.35770847347833246,-0.22323015495566823,0.3072493210911383,-0.23458233026899591,0.23403074719085795,0.1049817967496767,,0.003584253351684694
2016-09-19,,0.10676804996368322,0.31903305296680073,0.3494690563211882,-0.21991123391671683,0.2972908242811135,-0.23132500654307833,0.22215652744661224,0.09597836279434294,,0.002876474074097021
2016-09-20,,0.10691905731127481,0.3188460074518723,0.350551457588347,-0.22207723418886757,0.29722161737658237,-0.23120807038544916,0.2230253242540317,0.09618479220398414,,0.0028066202706354126
2016-09-21,,0.09822764142033742,0.29902319088547047,0.34631836295419455,-0.21539465493084084,0.28462111307704324,-0.21435140589146567,0.20510937370204624,0.09060089230610982,,0.0018524950616806066
2016-09-22,,0.10345160243365477,0.3031215599149436,0.34925234265075183,-0.2170508616312513,0.28705460466168026,-0.22029709351855725,0.1991497012342099,0.07869323259851017,,0.0012476213006652635
2016-09-23,,0.10215622916180854,0.30163088358995527,0.3467256001870385,-0.2168654891903088,0.2867738522348657,-0.22099447745635775,0.19942066024583738,0.07799895992648785,,0.0012633121651629507
2016-09-26,,0.10033132269251345,0.30140532217994676,0.34775740214453477,-0.21547951797894657,0.2865242162176261,-0.21965749657166866,0.20332793762496587,0.0837706945701,,0.0010359883332430957
2016-09-27,,0.09873035487073055,0.297991445767652,0.34729429542499207,-0.2191918187033809,0.2746377279213799,-0.20644494147807235,0.19934700534349978,0.08495139696251389,,0.0009628573979411864
2016-09-28,,0.09704008317170458,0.2971710743540761,0.3499014478865588,-0.21916419847582116,0.27564557158191016,-0.20794918778795826,0.1999883700389587,0.08278355650750067,,0.0006853741400004655
2016-09-29,,0.11327716308232749,0.3073869725846464,0.35844167772752333,-0.23615600988501959,0.25662447865940785,-0.19733303866317273,0.20167118467973014,0.08707634874215496,,0.001880377788721117
2016-09-30,,0.11029276708251805,0.3075518597726314,0.35867832296021523,-0.23884134239575958,0.26026670211126374,-0.20508064030882175,0.20346704700243934,0.07836589651636404,,-0.0070630373109175975
2016-10-03,,0.1060472006145314,0.3062382112429749,0.3561576129475467,-0.23830309232063715,0.2578132206639596,-0.2034152563230978,0.2068118705527181,0.0853153841218867,,-0.03050307116735136
2016-10-04,,0.11544459655612364,0.30558376381087776,0.3547210445778536,-0.24352835529491812,0.25350230696112963,-0.20053719487457058,0.1951457663675842,0.0723877692974994,,-0.02959018694392738
2016-10-05,,0.11560092286651914,0.306332504520154,0.3559053456964676,-0.24443372357909315,0.25337579530962373,-0.20025979037393393,0.1947632871865491,0.07213256903381733,,-0.02956196884687331
2016-10-06,,0.11633061578335004,0.3061531385864708,0.3565471867055039,-0.24522810119139876,0.2522439325433047,-0.19918374744495837,0.19296212034596624,0.07172723468346905,,-0.029227280715235154
2016-10-07,,0.11506603205615407,0.30343114211425054,0.36061368037697034,-0.24715290782426452,0.2553752636282811,-0.2006881379973938,0.19701536046261628,0.07250075288894621,,-0.02980439615047763
2016-10-11,,0.10824014804309999,0.3063090379111909,0.36492415675972,-0.2291333188090361,0.2539396591012579,-0.1939612352245675,0.20254011373042877,0.06552728377101225,,-0.02936750769440861
2016-10-12,,0.10820647190223691,0.30623538066012346,0.3682757152048304,-0.2296159781687968,0.2537248838665405,-0.194239124414547,0.20194950250904248,0.06476059081819693,,-0.029163862535427295
2016-10-13,,0.10543891520707242,0.3062486226734283,0.3634591630707606,-0.22100963639994256,0.25246513920699576,-0.19411085830942174,0.20496536053371922,0.06677251977069106,,-0.028445798544832937
2016-10-14,,0.1015200921836126,0.30411857074369925,0.3642758042071811,-0.21687420596678694,0.25527028622380404,-0.19472550962737323,0.21043096771760475,0.07058416818390846,,-0.027831105156317152
2016-10-17,,0.10096214907357356,0.3039437182030413,0.3645957793191059,-0.2179406278323952,0.2551284784293515,-0.19416119238920823,0.2099949189126696,0.06997362346744845,,-0.027666068927507077
2016-10-18,,0.10010194723278112,0.30344333943262347,0.36653497645626754,-0.21737133726296662,0.25632029139499224,-0.19617250418662974,0.21016063868209703,0.07143068503849945,,-0.027959361316216458
2016-10-19,,0.09638057572909318,0.299854750197129,0.3631263349276826,-0.21434146855817607,0.2570247856015991,-0.19677379641368553,0.21139298394253123,0.07565435261823668,,-0.02858773239777976
2016-10-20,,0.09660509949240886,0.3001618273173913,0.3633344017867286,-0.21479170771762063,0.2571324228321724,-0.19622311771922996,0.2120089103127022,0.07565309205424998,,-0.028498336393240224
2016-10-21,,0.09622902019067678,0.3002542185989874,0.3629128969102173,-0.21506034520773212,0.2569818650445085,-0.19559827870151775,0.211927492587692,0.07571857225961595,,-0.028456931678872192
2016-10-24,,0.0963870248435924,0.2994793598341469,0.3627254303210974,-0.226214395261146,0.2537932891426223,-0.1919356909587002,0.21272823871191662,0.07793872655455204,,-0.028227773418936713
2016-10-25,,0.09969589145807457,0.3021781464764668,0.3561464741500975,-0.21899522443503364,0.25594520163708306,-0.18818463035950317,0.21844960292654633,0.07187032486397997,,-0.029501837361538358
2016-10-26,,0.09867031143619832,0.30104430066224575,0.3559398968102779,-0.21883349195781143,0.25592257158548376,-0.18804917997632714,0.21979719906014847,0.0719199002055254,,-0.029520220212772775
2016-10-27,,0.09931311895137378,0.3006945873580085,0.35699441295362333,-0.21626717722125513,0.2540775751531007,-0.18361452120254795,0.2241296318333177,0.07717627407178812,,-0.029898618880865424
2016-10-28,,0.10148802172344407,0.3042898214552411,0.35735968210850666,-0.21997635933397042,0.25373096988955984,-0.18156187759285883,0.22562326577198563,0.07826029535248179,,-0.030313308405339544
2016-10-31,,0.08873267123661038,0.2945574399361716,0.3553320329955905,-0.2262559050564944,0.2541701960599857,-0.17957558112278516,0.23787852443237217,0.08372526574664711,,-0.03125699910482797
2016-11-01,,0.09225261558243424,0.2990562645679397,0.35445636490942917,-0.23066059680133413,0.25072791613789336,-0.1752048396990928,0.236400564043138,0.08374110251274197,,-0.006415525223331901
2016-11-02,,0.09247368588328685,0.2993085730023449,0.3537226039875821,-0.23063693197971402,0.2507035960345024,-0.17495284209491274,0.23625451732170258,0.08362016660201883,,-0.005849172079780828
2016-11-03,,0.0951994755535406,0.29737309452562183,0.35102567791117767,-0.23261002859355606,0.24860997571158333,-0.17006796766380483,0.23596595640734114,0.08567432362327262,,-0.005998499637715416
2016-11-04,,0.09456545836889114,0.2962898463054022,0.34938540040216465,-0.23249013457423867,0.2476806731363902,-0.16885399281298447,0.23439235293213248,0.08473302789944077,,-0.00647983153564734
2016-11-07,,0.07932826050918854,0.2889385063937538,0.3479545044809511,-0.22354413142988305,0.26077058676333115,-0.1863383453950301,0.24604474640205778,0.0954749236330749,,-0.008771762820762441
2016-11-08,,0.07162273203890558,0.29056878395055774,0.3435968536387332,-0.21752482785102312,0.2615900376356679,-0.18526279620124758,0.25712380159361564,0.1049246488591817,,-0.010324858676252855
2016-11-09,,0.06933440095058908,0.28584297765640193,0.34076370513789356,-0.2009069533653601,0.2687303085079792,-0.2102249549732573,0.29190339205799737,0.13039604210020844,,-0.01191141568097383
2016-11-10,,0.06135066737358418,0.29325312436946643,0.33097451832793967,-0.1899842201692705,0.2672097038470937,-0.20591609397674576,0.2976619070287208,0.13542536189225124,,-0.013606015809033273
2016-11-14,,0.07353139037988113,0.2939992383633713,0.33417192329910245,-0.19763649511116077,0.26742375468054286,-0.20470214502539433,0.2845150620865096,0.1186684224813772,,-0.013037260943729099
2016-11-15,,0.0709821025909266,0.29283084309918767,0.32384253081564884,-0.20372109176025505,0.25762476727286376,-0.19382868652318497,0.2823389022491864,0.12040918203638488,,-0.013684481629386179
2016-11-16,,0.07120660596872519,0.2939429793231924,0.3237557615246604,-0.2048921221180643,0.2579639239643883,-0.19462858610394762,0.2829636629013828,0.12206388221269186,,-0.013045742410669515
2016-11-17,,0.07171382760329233,0.2944379781818354,0.3322014010273902,-0.19678051353929946,0.27507632636484214,-0.20666341778746058,0.28602916534410766,0.1251439480396644,,-0.014621906566730267
2016-11-18,,0.07118084027704462,0.29534316479151085,0.3300527693227669,-0.19774494152015235,0.27542177288177827,-0.20415114900847345,0.2801724644182591,0.1214629025353264,,-0.014451742139129545
2016-11-21,,0.0711129478125208,0.2906334157167939,0.3360189574443499,-0.1991075985434977,0.2888725683941694,-0.2125649872260169,0.2808576117055982,0.11735555939181583,,-0.015876946280887302
2016-11-22,,0.07169031358903105,0.29191252959908515,0.3366062234630263,-0.20026953506453055,0.28912630575458603,-0.21218534599536007,0.2788456617023863,0.11616317461938461,,-0.016413611798836596
2016-11-23,,0.05690279269023188,0.2813266571294206,0.3338133677177256,-0.18542774610285256,0.2897080528849405,-0.21552211225252998,0.2840761990147378,0.11955173883797714,,-0.01790229615862813
2016-11-25,,0.045436525157471284,0.28083105665165126,0.3293771428258409,-0.18551266408905187,0.2909899630126506,-0.21491066657305602,0.2841729344100774,0.1218804470008458,,-0.019636256395949278
2016-11-28,,0.040859195497452386,0.2786231120135975,0.32501317491174325,-0.1828492503403985,0.29198899525319816,-0.21771928931675205,0.28683670198194217,0.12464239477955712,,-0.018765565776283695
2016-11-29,,0.04188914089220082,0.27473209615315386,0.3319260273378709,-0.1746374006163545,0.2890140928321068,-0.21564837442914067,0.28748165625020705,0.12930941094389983,,-0.01781170021038006
2016-11-30,,0.03856910076332723,0.2719883149444473,0.3355784841043743,-0.1712122636586907,0.2877259814400656,-0.21418570872347967,0.29022241639768176,0.12848713936877343,,-0.018112241984972525
2016-12-01,,0.039312334108836444,0.2722250425760184,0.33570899828623835,-0.17141522632719772,0.2867881949135575,-0.21274517222264694,0.2899744967116053,0.1292125150739002,,-0.016981002219530333
2016-12-02,,0.03852870527597024,0.2692259199395152,0.33458560528104603,-0.16815104650986015,0.2841137485303175,-0.2100505527106926,0.2972897592182142,0.1319569762577032,,-0.01065542927855241
2016-12-05,,0.031936965404153056,0.26772253136422886,0.32585584009300816,-0.17507398108959832,0.28129163997730017,-0.2174138447665402,0.2983863439782662,0.12924706070007141,,-0.012838947182387272
2016-12-06,,0.03086280980181677,0.267757708014905,0.32450070468386927,-0.16659595255160925,0.2886415197597422,-0.2239209964819006,0.2923823887567888,0.12191150796866705,,-0.011909191770663949
2016-12-07,,0.023710464340273858,0.25660316296937424,0.32974238031236824,-0.1681913611482652,0.27805060808924476,-0.2223037141268484,0.2998655669477727,0.12642554178138807,,-0.010834339055746931
2016-12-08,,0.021260437730670288,0.2547851879286326,0.3217979679778873,-0.1686237407880957,0.27453467735818987,-0.22001878245837236,0.29340342941140135,0.12360784528189317,,-0.011236547300840047
2016-12-09,,0.01919150822868795,0.2540535387063269,0.32242588213556145,-0.16588275182271206,0.2761148148489442,-0.2226094729003807,0.29535587275838343,0.12642750757660634,,-0.011550251953525069
2016-12-12,,0.017873723507408835,0.25042582417604287,0.31921477706924767,-0.15866856244772964,0.2782543479310557,-0.22821039101991167,0.2950399737258456,0.1257885819129669,,-0.010720722940149146
2016-12-13,,0.01963023298839139,0.2521651914445859,0.3191108993847057,-0.15989425313542294,0.2757903368039887,-0.22821676526292908,0.2946884587271788,0.12398845039505466,,-0.010225176265129893
2016-12-14,,0.018010887725859175,0.2600590338193962,0.32618743177778203,-0.1535194693030693,0.2932268973472177,-0.250899203745073,0.31308646855221683,0.13466548997215072,,-0.009405951657506692
2016-12-15,,0.01889398622216077,0.25283923130330077,0.3270042181843478,-0.15360186055060576,0.2934171694192572,-0.25167682411155823,0.31520513938916217,0.13555098504733956,,-0.009423547783670872
2016-12-16,,0.014749781005667924,0.252283906885006,0.3337999015135046,-0.14277958928868142,0.30679494326769713,-0.25917127257495004,0.32370030723258425,0.13575124531435284,,-0.01005923066117727
2016-12-19,,0.009667037300456921,0.253505496355208,0.33443912930637915,-0.14355970471637908,0.302379006147721,-0.25248393698834576,0.32998428797415075,0.1454343023574225,,-0.008513124318117805
2016-12-20,,-0.0008919136317511631,0.2471162817177638,0.3329218196555571,-0.13381879488609744,0.2972612419480571,-0.25007001999363815,0.32661097714832427,0.13903629255901298,,-0.009215936750063101
2016-12-21,,-0.014872726760057818,0.23559194996799684,0.33965653598693274,-0.12247386203452608,0.3265344702339395,-0.26546512194363175,0.3410116966330292,0.15222635073604301,,-0.0075531486954267995
2016-12-22,,-0.020114400429677878,0.23299955574066275,0.3403875524437318,-0.12072434046431871,0.3242935125631243,-0.2620555653355947,0.34187121622732697,0.1501402237534033,,-0.0070221147415162645
2016-12-23,,-0.024184103291576373,0.23456089933411584,0.34843843138249925,-0.12293824917012403,0.33024178873188853,-0.27138254326545785,0.348442973827319,0.15596547017956527,,-0.007344648380301197
2016-12-27,,-0.021260411274540498,0.23749900889508424,0.3484417484541209,-0.12314773532041447,0.3291291274072952,-0.2668117778339699,0.348664120475076,0.1568171658775203,,-0.007692716379353167
2016-12-28,,-0.021415134574676985,0.23716579040638305,0.3484650525940938,-0.12420869899052717,0.33018216687035307,-0.2679874522264697,0.3497965807355278,0.15761269792857657,,-0.007434756242166296
2016-12-29,,-0.02907072891994298,0.2244223795426554,0.3434340336923585,-0.12295969253999305,0.330087033021549,-0.26422133306831735,0.3500183831025899,0.1609604746458859,,-0.008220120594709154
2016-12-30,,-0.03579433019728628,0.22290526270944813,0.33898803823861234,-0.12833266768084078,0.3217720359342371,-0.25961108759781926,0.3375242910619189,0.14827494471215005,,-0.007273474429407774
2017-01-03,,-0.03529200628810257,0.2192991047614336,0.3432948094630001,-0.13189640878167638,0.32078014025606355,-0.2582272466964762,0.3373972417050272,0.15061993271258062,,-0.0073787665433311285
2017-01-04,,-0.032991494823812355,0.22090139668860873,0.34558572215462924,-0.13807763549251262,0.3218644536836497,-0.2629660470093097,0.3338824571487702,0.14804334122352839,,-0.008912743129709888
2017-01-05,,-0.025271085359449663,0.22321429323054082,0.3451824920587209,-0.12741580722155596,0.31078106308808046,-0.2517523734530017,0.33448527751042484,0.14369524877410525,,-0.027043832047597444
2017-01-06,,-0.026489040740639486,0.2217424905949904,0.34787935282391214,-0.1288684552307478,0.31076975136803975,-0.25039255409671785,0.3346555018123494,0.14427284907024082,,-0.026781139671024648
2017-01-09,,-0.025946677924212007,0.22095267932092139,0.3481621848211643,-0.12878426623913425,0.310547709200148,-0.24986299546935442,0.33465270134935354,0.14387341506473345,,-0.026819259570517017
2017-01-10,,-0.011506039158326473,0.24346156724698872,0.3343476341507001,-0.15047450097845244,0.28504153411542904,-0.22761913947837925,0.33066899312079484,0.1475717728622412,,-0.030138405803453207
2017-01-11,,-0.012228827160878386,0.24481513029690555,0.3332533362618937,-0.15009853806454249,0.2857632107713458,-0.22778962940717384,0.33086891396042634,0.14787626118794822,,-0.030059369328341478
2017-01-12,,-0.011867080429199478,0.24288626173056252,0.3236350331182567,-0.15339849742705308,0.28419001665696,-0.23776830525739906,0.33545159562020493,0.16287659471778326,,-0.032658478336963316
2017-01-13,,-0.015368585202571153,0.24111702812075744,0.32034967101640904,-0.15289955996730986,0.2875205986359195,-0.24171011012429472,0.3338613866957803,0.1624804347497559,,-0.03346903512202424
2017-01-17,,-0.02571371164980972,0.23069421984517052,0.3177670247757567,-0.1366626100690783,0.2924526658750478,-0.24567188405651225,0.3399043864614287,0.17039750464754597,,-0.03198618501222671
2017-01-18,,-0.021886172617333582,0.23697321290464526,0.31698291478926094,-0.13904119018353017,0.2888900480997584,-0.24490178079651162,0.335207287342489,0.1659787396179041,,-0.031285645899408174
2017-01-19,,-0.012422228626428382,0.24184373416892715,0.30925675974935846,-0.14158845619893815,0.2791883286908204,-0.23839456491123182,0.3262013236527333,0.16635874287081928,,-0.03212345415288204
2017-01-20,,-0.01114144531208438,0.23835080835220676,0.31818175569716,-0.14336167092097649,0.28064694204099333,-0.23809182587041555,0.327371239527762,0.16583353285281344,,-0.031610630657156226
2017-01-23,,-0.004336394938137923,0.23989132223773263,0.31458203629216225,-0.14524860151928423,0.2758346333918106,-0.23516191308334,0.3196607482025045,0.16336203739738056,,-0.03256328117702019
2017-01-24,,-0.003010928686391177,0.24086487098545797,0.30305720390401775,-0.14189154160553444,0.277134896290239,-0.237589607549945,0.3240763861861876,0.1598813439352481,,-0.032715767733295945
2017-01-25,,-0.0027389380946794134,0.24083458957748807,0.30717516890635765,-0.14250395771963076,0.27886688988332164,-0.2389802614590262,0.3230244811931874,0.15968373638106442,,-0.03260914153983948
2017-01-26,,0.001112844105881223,0.24337189269307413,0.3043172516149129,-0.14574915004069441,0.2798990130296735,-0.23709205497371602,0.3235834442778981,0.16102176637700893,,-0.03187832825128615
2017-01-27,,-0.006851250484463996,0.23888149356257415,0.29847888256563476,-0.14584921234735893,0.27215637333319126,-0.23317803443091265,0.32789332340337257,0.1670494960509096,,-0.03126153897213266
2017-01-30,,-0.006363891533619642,0.24076257073790805,0.29693258540739276,-0.14114710102739092,0.28358935280971953,-0.2404850012912731,0.3273994770751654,0.16917330372632752,,-0.029852122194926556
2017-01-31,,0.003938438490565642,0.246882838135036,0.29798335754702926,-0.15711182753243136,0.2812542506332704,-0.23819871915428711,0.31704738847064734,0.16134637733077342,,-0.03143296071758559
2017-02-01,,0.004503825979220756,0.2475981242584439,0.2954302523564677,-0.16380593299197432,0.2809145060670491,-0.23593008664131493,0.31924068032924324,0.162311546726165,,-0.03298486390057503
2017-02-02,,0.003696995100588345,0.2486522686492602,0.29414094386736866,-0.16851255486429728,0.2803816008761648,-0.23656441928548244,0.32147564247085814,0.1648715083485648,,-0.030192446609070063
2017-02-03,,0.0026635173784831712,0.24532310193073012,0.2928240658014431,-0.16738520810766236,0.27318458319921746,-0.22506085737021458,0.3179077655036902,0.1614938969318733,,-0.028555029729855373
2017-02-06,,-0.0006008021233928619,0.2396406062109969,0.27870163047036756,-0.15157469786302782,0.2688181179572352,-0.22236961809734743,0.30725187780378166,0.15881771587137317,,-0.02832275190953094
2017-02-07,,-0.008466519589724138,0.23765170072089717,0.2850230097522008,-0.14533537448682307,0.26906495294766153,-0.22353443980781487,0.3116537859751619,0.15780644390263657,,-0.02710567709700907
2017-02-08,,-0.00755765368588276,0.23555361611190992,0.28123764030759424,-0.14050692791372815,0.2611471905111419,-0.21896306775368085,0.30612496878572915,0.15829844129523873,,-0.028490410323400328
2017-02-09,,-8.970945029561395e-05,0.24392475513368603,0.27854828214259597,-0.14422871847364238,0.2575568727090731,-0.21548691358534602,0.30261226310949646,0.15620396362924985,,-0.0285484646939567
2017-02-10,,-0.0005410858964432982,0.2490935582767367,0.2655356016314246,-0.1482174476318679,0.25741229892122125,-0.21007370122210964,0.30050474506890684,0.1531924071038746,,-0.03162930825704705
2017-02-13,,-0.0024459132458297885,0.24719355229657472,0.262767778575809,-0.1490511106888327,0.25776249237855947,-0.20994895193977622,0.299868796740778,0.15236389118332636,,-0.03226378443741885
2017-02-14,,0.014420938046545704,0.2545972220728001,0.2566295997975129,-0.15480951867561274,0.24956467255849424,-0.20428976058470794,0.2906193194825906,0.14329027535933422,,-0.03187787737350291
2017-02-15,,0.01693478423345727,0.2550804800880344,0.25305756235633897,-0.15812169881476026,0.2448647079615316,-0.19976118742622084,0.28658884366011605,0.14038532198916692,,-0.03142073272961498
2017-02-16,,0.023510074640856297,0.261321649411474,0.2550671344572745,-0.16010874129509522,0.2412556484333852,-0.19742851436438277,0.28743029126817826,0.13885584886391644,,-0.0304878183328154
2017-02-17,,0.022934094190772625,0.26145691207503213,0.25041180326066337,-0.160859474162002,0.23592471235299636,-0.19409176894260138,0.28590333256620265,0.1396998536461118,,-0.029692534216429894
2017-02-21,,0.02383998475191941,0.2604490708664628,0.25158786989963783,-0.15646958750912426,0.2381689003108046,-0.1934442795321235,0.28540759460739384,0.1380294188591866,,-0.030451437599985372
2017-02-22,,0.024606646069772444,0.2607961259107599,0.2540169524781681,-0.156174875116405,0.23859649635633093,-0.19377349017901613,0.2858855896044698,0.13891428326890196,,-0.03009321531685485
2017-02-23,,0.017343309752803945,0.25659929154439415,0.235296505270889,-0.1573962214035008,0.22795648149072611,-0.18789617193413216,0.2887604961124241,0.15117544377905942,,-0.027135979038496974
2017-02-24,,0.021340384938420484,0.25902386107352443,0.2337196543907764,-0.15662273704020027,0.22676314746507473,-0.1873375390349363,0.2790196443126629,0.1451347050234916,,-0.02801573902891371
2017-02-27,,0.023881965062352722,0.25944402335996036,0.23428210666151464,-0.1567709967291296,0.22792008777003023,-0.18700658840223564,0.2788086749242654,0.14430847957404952,,-0.028399253132792165
2017-02-28,,0.023038330521279377,0.25786904819711864,0.24053010002411113,-0.15925116425105007,0.23641049463634572,-0.19128105575172533,0.274386036271533,0.13644107889189325,,-0.029524937831766875
2017-03-01,,0.034922198110607684,0.27689910735038215,0.24507788717892245,-0.17182822630708947,0.24362675346080487,-0.19731737661931467,0.2686818637503108,0.1353718004867155,,-0.029679017662655512
2017-03-02,,0.0416878658295922,0.2860045371791394,0.24877248064724494,-0.17590908500301808,0.2505794835195291,-0.19257586895703652,0.2653637687875066,0.12824016514185366,,-0.02842760447975328
2017-03-03,,0.04185824275699139,0.2874754970085225,0.24810309154208562,-0.17653978218637567,0.251223811904601,-0.1911638100714729,0.2644288307670074,0.12657124882152126,,-0.04244052158770105
2017-03-06,,0.0376883200877008,0.2824476633334834,0.2477109500746458,-0.17580703895721864,0.2518004930461328,-0.19082762600159786,0.26308311955634517,0.1249135498703815,,-0.04085785283604522
2017-03-07,,0.03608586770898787,0.28381095588326194,0.2487321959350968,-0.17258946989533683,0.2523796573568647,-0.1908157368946264,0.26332841227850873,0.12684176861134872,,-0.03965863237763289
2017-03-08,,0.02782081785209012,0.2710860323127425,0.24086380512310057,-0.17044033356944807,0.2521017115505329,-0.19507831034882672,0.2534769613347346,0.10755730684972116,,-0.03831199890983273
2017-03-09,,0.02993409964256724,0.27339467642441445,0.242639131081619,-0.16819050926268184,0.2517947366689601,-0.19681639287467637,0.24956364805112471,0.10310160935753732,,-0.03767966877918792
2017-03-10,,0.029312804598955088,0.26700456107512816,0.23005204534048138,-0.16919096615295223,0.23993299949588626,-0.19104481165555523,0.23737611519075982,0.08889453653267432,,-0.03965043191546696
2017-03-13,,0.030542325637255403,0.26744475880803553,0.2283278442052338,-0.16796840585510497,0.23870661290766781,-0.19165649314181793,0.23774447526990114,0.0914404324100111,,-0.03990597348310563
2017-03-14,,0.033332796563212995,0.2691528820657428,0.22684490581411823,-0.17457470046569276,0.2380016460619307,-0.19086212568342337,0.23941605025544327,0.09498108157498117,,-0.040327697906256024
2017-03-15,,0.036215612759056076,0.2685914003494126,0.2270546962430818,-0.1785165611363693,0.23632510048159355,-0.18968133025865144,0.23009131554916307,0.08746280789641038,,-0.04027749206585954
2017-03-16,,0.04051065122760321,0.2703392527795423,0.22704706593465604,-0.18020499264729165,0.2352673466944337,-0.19042766050838913,0.23042847153638055,0.08806491285466038,,-0.04064643866965418
2017-03-17,,0.039727549990518,0.2701285780318305,0.22637474913781622,-0.18014835829965242,0.23440264184606457,-0.1902954377242133,0.22935560795519316,0.08785981064827715,,-0.04101996349407868
2017-03-20,,0.038631810826844484,0.2696471682266738,0.23067438720018213,-0.18185263634677043,0.23574116329482575,-0.1915610740080386,0.23105389477426844,0.0903587645985009,,-0.04053336321733116
2017-03-21,,0.008490022928864083,0.24810641897301577,0.2227092638136916,-0.1560447423241162,0.23923201250199744,-0.19518957829366848,0.24375162586931864,0.09791569188328553,,-0.038638513756337596
2017-03-22,,0.007478054273953384,0.2471552597364791,0.2223906555270973,-0.15579395961564077,0.2405738858653618,-0.19532159969584467,0.2411838573068738,0.09509484370321412,,-0.03905948031209626
2017-03-23,,0.008229238727438066,0.24705462963113153,0.22129303494059752,-0.15647543211429743,0.24003741579266563,-0.19448267587461787,0.24103196894757892,0.09589310326761065,,-0.03910906182296665
2017-03-24,,0.008368734895554626,0.2460313214580904,0.22343860975060467,-0.15534987279883627,0.24015524236468644,-0.19386013233692165,0.24189328061638515,0.09828485002519217,,-0.03896633495398516
2017-03-27,,-0.00892753880935382,0.23058281684126353,0.21228240438245147,-0.1495142868739445,0.23396713476998846,-0.1896885123502066,0.233251321860622,0.09688188894873248,,-0.04043807713850096
2017-03-28,,-0.009245773622247518,0.23180200771162343,0.21395522305913273,-0.14262506825234775,0.23788746155220516,-0.19440134536768547,0.23696641941312185,0.10296696304841178,,-0.041243341799565535
2017-03-29,,-0.008902285711947738,0.23201560519523148,0.21381225107184942,-0.14166611846294622,0.23803073708215028,-0.19562291286407843,0.2389093110181244,0.10351845449806303,,-0.040919999409836295
2017-03-30,,-0.0012215081999120566,0.23350977004039022,0.20790966160075644,-0.1526343659937503,0.24557389931718876,-0.20363735874285727,0.23302925119457177,0.08757554101601484,,-0.04166472792593639
2017-03-31,,-0.004417940716474988,0.23276881314305287,0.20760411429682393,-0.15512227137757567,0.24891011137833335,-0.20663294618295638,0.23545472712585105,0.08771930442619127,,-0.041827406903059625
2017-04-03,,-0.005626241575893835,0.23440080702940688,0.20881693411036317,-0.1573956693709837,0.24949817948720984,-0.20545154233658153,0.24015926992396047,0.09332673102028297,,-0.022132204637206596
2017-04-04,,-0.008942996706222428,0.2306468458759454,0.20482268073568058,-0.1575736803169972,0.25317535463615826,-0.2091347014143809,0.2406933249312071,0.09441943154069285,,-0.009763046387692287
2017-04-05,,-0.017403410523326304,0.22321089083113257,0.1995725751245756,-0.15780162943266848,0.24488100863285078,-0.19392280147743704,0.23880793713620982,0.0841641527792609,,-0.011156251585220283
2017-04-06,,-0.017879804405840225,0.2233018629702204,0.19838738541007991,-0.15801155093653743,0.24428857044706476,-0.19194110439768994,0.23942575923262852,0.08268997743046311,,-0.010907715517888468
2017-04-07,,-0.01811535307713171,0.2239684357935622,0.1984161501980972,-0.15902026468158947,0.24491410766043864,-0.19251679161793953,0.23803365151684364,0.08008445366479539,,-0.010648337362182785
2017-04-10,,-0.0038196219522875666,0.23459283679174722,0.18995971106809698,-0.15760987297982884,0.22831229311235932,-0.18229482339063655,0.22719125194223058,0.0672789712905291,,-0.011337921902898515
2017-04-11,,-0.00430911491044653,0.2332588196550921,0.18873046076613512,-0.15679922813782732,0.22776888869174886,-0.18088979359201016,0.2250692406904918,0.06628629070473588,,-0.011173447559209017
2017-04-12,,-0.00714300339317527,0.23305429726647248,0.18977077957273275,-0.15646802282120714,0.23142017604983556,-0.18458407262750123,0.22412634762782344,0.07224335251572966,,-0.010102592598263668
2017-04-13,,-0.006397609320895874,0.2291806244940718,0.17635653511261473,-0.15880301224115084,0.21787412506320933,-0.17560726655735134,0.210275740023111,0.05702544482161487,,-0.009513903685994581
2017-04-17,,-0.0019891706600240647,0.22806307512728557,0.17643064952775453,-0.1670096165344828,0.21725020197887204,-0.17588837543108482,0.21307645840336167,0.062218753234612775,,-0.009492975035935127
2017-04-18,,-0.002910176636727899,0.2334456567086063,0.1771449539131944,-0.14958205497239666,0.219812395015001,-0.17238552765803652,0.22439612811473433,0.07245025769541504,,-0.008335450839941803
2017-04-19,,-0.0010743111181395514,0.23514103896767236,0.17219183450726164,-0.15107826172517785,0.2191945024389862,-0.1726343429298151,0.22281312152171392,0.06969947573190574,,-0.008760165461672615
2017-04-20,,-0.001099608410296812,0.23510586832025057,0.17335206235854728,-0.15034001122254184,0.21840814565854355,-0.17261503253579238,0.22255597157396909,0.06982294190659846,,-0.008659699381090862
2017-04-21,,-0.01637995758609905,0.21763661740146475,0.16375819104725814,-0.1419277501820978,0.21709375848657475,-0.17337043831168036,0.22298065233954228,0.07488754339100086,,-0.007596061336449034
2017-04-24,,-0.018426329071487783,0.21641832886139145,0.15961323839778316,-0.1480227130411302,0.21908431142612447,-0.1756581956889268,0.2213952782325299,0.07289608146028036,,-0.007525840846030856
2017-04-25,,-0.021004736316231447,0.21263304868757174,0.1597463598092995,-0.1501473922131023,0.2229845852786644,-0.1767384815842226,0.2241940243917291,0.07503152459558667,,-0.007780409387270804
2017-04-26,,-0.017248478116378654,0.21348827995954106,0.1587016128429203,-0.15295157341002127,0.22310581163766238,-0.1753052224877645,0.22306447917866407,0.07397072062049079,,-0.007624009969603431
2017-04-27,,-0.01593319512437412,0.21471587977620568,0.15803782332403757,-0.15456220422881378,0.22255639654344964,-0.17310174297716124,0.22410862829430941,0.07552830919959727,,-0.007639599236826868
2017-04-28,,-0.015069091208260551,0.21480525863385166,0.161660970008853,-0.1559337383101287,0.2220989890175143,-0.17200728835369528,0.22456003171725095,0.07488162667695508,,-0.008067659539671333
2017-05-01,,-0.019693206191399273,0.20638259530876196,0.16428172785813921,-0.15650442977541854,0.22347062935482628,-0.1776026497366804,0.22380453122443508,0.07280583630159167,,-0.012878939339773259
2017-05-02,,-0.020829691234511335,0.2062910337569028,0.16727665496977573,-0.15515189508924782,0.2245351982353502,-0.18045426929550515,0.22594675067904607,0.07401132009816612,,-0.012425430964673835
2017-05-03,,-0.02785967729002851,0.2100161196945878,0.1649101937674393,-0.1473882267344282,0.23295729674838453,-0.1836400474886491,0.2246166438400592,0.058484427144958766,,-0.010011240087990526
2017-05-04,,-0.018963739611573112,0.21206193750985725,0.16960302696637125,-0.1458887119793875,0.23629010969994782,-0.18490768116517498,0.22274934862459395,0.06005536049523539,,-0.007378594469623313
2017-05-05,,-0.02160919656583549,0.20871618220625765,0.16412248317891784,-0.14271317955965235,0.22939400470927637,-0.18009003760885922,0.21404066407310926,0.05467396073021819,,-0.008462646933146172
2017-05-08,,-0.029338673061923667,0.2058277615135836,0.1638636807800431,-0.14482240759288553,0.22538954537525757,-0.17328204594681515,0.20978119950514842,0.04976521470533992,,-0.008492557876089116
2017-05-09,,-0.030519926564242662,0.2064328383058496,0.16684149288075242,-0.13851236018028193,0.22522870364183004,-0.17408846186500748,0.20632715863991652,0.04610128284122807,,-0.009138944617710735
2017-05-10,,-0.030569595361843206,0.20634001668185517,0.16542755153190333,-0.1385480689515408,0.22532527977556674,-0.17479897662799074,0.20658366324554658,0.04652320046169686,,-0.009093390838264569
2017-05-11,,-0.048422576579411666,0.19727942759686448,0.15824447809177086,-0.13565888833752754,0.2260733246191555,-0.1758146565872225,0.20361015000647403,0.044154637249625095,,-0.010195078567066952
2017-05-12,,-0.048078376938975986,0.19835596685299506,0.1618081465164385,-0.13652364007512907,0.23170794791496513,-0.17866357569543542,0.1994445367625014,0.041100590846724294,,-0.0107052280577005
2017-05-15,,-0.04921972087768151,0.19852245555237222,0.1616278308210577,-0.13637913960438788,0.23633412925771768,-0.18044228583958355,0.2004486889906705,0.04277188362587445,,-0.010730382617353713
2017-05-16,,-0.05030267632190494,0.19611225028683224,0.1639498322321941,-0.13487988442867818,0.23604806400799025,-0.18158062951305318,0.20252142110579663,0.04354013172285636,,-0.011434822687284045
2017-05-17,,-0.05093279461837343,0.19563338074172204,0.16380901046909557,-0.13374209554344946,0.234184501008798,-0.17512273092386443,0.20164856981165702,0.0442458757124028,,-0.011368207478073922
2017-05-18,,-0.050007659217672404,0.19709755198117326,0.1606224063347123,-0.1354832069875268,0.23065819355601397,-0.17244765125827685,0.19891172584717606,0.04382557404116238,,-0.010838268224437704
2017-05-19,,-0.04920829433568077,0.19919538752081709,0.1650890527375067,-0.14363655080997378,0.2360815375311033,-0.18386726298198475,0.19943955456071238,0.040424356171307275,,-0.01147915906379199
2017-05-22,,-0.048388349694271526,0.19995227032230936,0.1654106444611786,-0.1424148220326867,0.236896546727761,-0.18469261825307662,0.20815800878107601,0.04749226630437261,,-0.011889281894461045
2017-05-23,,-0.05437980495664349,0.1948919314492198,0.16526801520795859,-0.14108069324094014,0.23516701003514068,-0.18391633943084054,0.20575283879018405,0.049963630037068996,,-0.012262382920845643
2017-05-24,,-0.05411466101264754,0.19510425607014767,0.16507306584046497,-0.14050679562258298,0.2357302574861667,-0.18324309399234143,0.20653932136790001,0.050452008297076655,,-0.012158681976726256
2017-05-25,,-0.0536885723287118,0.19530882328444646,0.16014060721007806,-0.14056862755911978,0.23628036915874615,-0.18309340826125017,0.2059309811721541,0.05053596019297346,,-0.012378506673819683
2017-05-26,,-0.05532924314700739,0.19405161014409478,0.1552475941646927,-0.1430021555144938,0.23486139597950162,-0.18049749096736248,0.20555344789862526,0.05126286131395504,,-0.011660196450890083
2017-05-30,,-0.05269264139672444,0.19433771912802042,0.1514148772478264,-0.14080806769043264,0.23070391674881302,-0.17869694946172254,0.20487139635013069,0.05428511712449161,,-0.011078184977039987
2017-05-31,,-0.05102679189974589,0.19414984776813043,0.14866482852650684,-0.142060260252721,0.23031460097057813,-0.1786176024774026,0.204275530659765,0.05434712271342734,,-0.011282336383066662
2017-06-01,,-0.050815920584077245,0.19413210738521297,0.1488246614738945,-0.1424143983632202,0.230115743917079,-0.17868602114679413,0.20411760441945498,0.05390522816728473,,-0.009407833939215815
2017-06-02,,-0.05221431525595737,0.1896002993531788,0.14944534106170676,-0.13799809116674172,0.22845961695058623,-0.17603761752151686,0.20490246457244685,0.05813575323321003,,-0.009525870633239952
2017-06-05,,-0.05404497536714828,0.18818639063440298,0.14989818913461195,-0.14293831212492975,0.22980925109886066,-0.1771221624210657,0.20491435755251688,0.057305862495251964,,-0.011526371756717715
2017-06-06,,-0.05606504059312064,0.1877016629122017,0.14863661847713638,-0.14215504034742957,0.23078813929528694,-0.17819506310341957,0.2055446346927829,0.05744006429917262,,-0.011422012501700787
2017-06-07,,-0.07592128214443085,0.1805833396214891,0.15009945059750904,-0.12365906095469975,0.23571075225900084,-0.1782201860020006,0.2255570271986323,0.07233121136855963,,-0.010709258076865836
2017-06-08,,-0.08448221619448067,0.17376094751838825,0.1485485009660595,-0.12020257032165198,0.23384737965027425,-0.17912176370296368,0.22637528527036585,0.07364444583089709,,-0.01147410022962382
2017-06-09,,-0.08897791301069291,0.16988381001391736,0.15787259261263947,-0.11996598532784541,0.23664164080997202,-0.17396024806329966,0.2262683570179884,0.06511734359776512,,-0.013535409695204692
2017-06-12,,-0.09032611940521794,0.1723313981062749,0.15533739245344502,-0.11739580150617791,0.2366454746914912,-0.17727061688314,0.22482211046685424,0.06277837011966403,,-0.01274592271330521
2017-06-13,,-0.08670993730427459,0.17889553782707734,0.15220507084704693,-0.11212208660151828,0.2335119058174528,-0.17182870305392609,0.223168164264108,0.06279362069640636,,-0.012901841111400246
2017-06-14,,-0.08813989099142676,0.1738975350898143,0.15485314318085402,-0.11003522343213382,0.2326637450297149,-0.1706524369006802,0.22572092521625062,0.06445626167662417,,-0.012702420849396209
2017-06-15,,-0.08958375630645828,0.1734547035029971,0.15599529054314565,-0.10905530921223845,0.24002564646808056,-0.18418989569177166,0.2278195321366957,0.05993817033521779,,-0.012089434102402812
2017-06-16,,-0.08943677990602096,0.1735181354717481,0.15514120065855694,-0.1060402444838984,0.23934225536420572,-0.18451911668349702,0.22764967657471766,0.06121920231660852,,-0.01233644065584894
2017-06-19,,-0.09289495489196323,0.17022794612898037,0.15754648358436413,-0.0981691576439215,0.24699334718437693,-0.18404514399049632,0.23404698536001523,0.07250096616193015,,-0.011852638160523314
2017-06-20,,-0.08511902605984535,0.17528501539515876,0.1510147824703256,-0.10159603601200604,0.25580252512191715,-0.19091984217078017,0.23332327213799656,0.07910286457272271,,-0.012213292689201806
2017-06-21,,-0.08335362236392774,0.17397143286322628,0.14687327469042882,-0.10387572801363464,0.25393008477780854,-0.19075032439346687,0.2329735734539924,0.0787469939486609,,-0.012876782798075297
2017-06-22,,-0.08272707687285638,0.1717833744276153,0.1395545385638144,-0.09560138912250443,0.25032713171204857,-0.1873300104549966,0.22745012201965212,0.07338456399085942,,-0.012040467160765539
2017-06-23,,-0.07483485534428361,0.17584895915174917,0.1420716871629895,-0.10059103506190702,0.2497639606309072,-0.18919815748464364,0.2249535005356537,0.06917177394829725,,-0.011987762753007815
2017-06-26,,-0.07414244516849164,0.17601369418209684,0.14139308972986397,-0.09877449854324205,0.25104756460873406,-0.1953678247140468,0.2260511753980637,0.07154003296386414,,-0.011654365919826444
2017-06-27,,-0.07170624408542005,0.17572452138428699,0.14006283441002207,-0.10139657673990615,0.2406431337837171,-0.18334813882783568,0.22455060094733797,0.07685650774830977,,-0.011463961030548727
2017-06-28,,-0.028698557453039158,0.1925711071922955,0.12420613475251839,-0.06915827588263833,0.2100589015032374,-0.15168457608306443,0.20148174937381896,0.057145880847284766,,-0.012825128309671833
2017-06-29,,-0.03004636423836554,0.1916120337398214,0.12762341915453246,-0.07767732552314312,0.21681953680626764,-0.14464940998008696,0.21314351658085257,0.06231361847794582,,-0.012865990234772988
2017-06-30,,-0.026471469091398414,0.19000260589348497,0.12061740372559167,-0.07343587380703187,0.20216623312932838,-0.1275214465880225,0.2155585484922272,0.06956666041272085,,-0.012316669831314983
2017-07-03,,-0.02196151833006149,0.1914942206174162,0.11510320060386296,-0.07458290922346739,0.19968102060693854,-0.1254180486379287,0.21199506668398457,0.06787629210343933,,-0.018026024552788785
2017-07-05,,-0.022511939728503953,0.19324721096679506,0.12490749618439126,-0.07677265091874963,0.19759929946424873,-0.12341573687307758,0.2128875189267394,0.0707332067426552,,-0.017217781661544453
2017-07-06,,-0.027776132728586984,0.1882548543311718,0.12326888005147528,-0.0734919934431044,0.1954455599490096,-0.12053721550958472,0.2157120869908151,0.07608119104479746,,-0.020244866386918078
2017-07-07,,-0.014975534829927901,0.1980160157873476,0.11473003880150558,-0.06800304872029275,0.18650843026509797,-0.1131610047808578,0.20529896582965915,0.06465180830045571,,-0.02074333860728336
2017-07-10,,-0.01084500119608159,0.20378531098239058,0.11937832540200491,-0.06953887784918106,0.19183365897347263,-0.11626368814573913,0.2074874730163172,0.06180702235968288,,-0.021449699836209236
2017-07-11,,-0.012134841986333954,0.20069034262247004,0.11139819607977279,-0.06860457409134749,0.1900973004995268,-0.11805868506218282,0.20667104805910752,0.060695910206424536,,-0.022508301359637592
2017-07-12,,-0.011717805864164472,0.20256698594395975,0.11222507693757655,-0.06849792670935899,0.19684809564788502,-0.12092880105420509,0.20461102966720238,0.05786242586555888,,-0.022797359614042546
2017-07-13,,-0.010906988116101527,0.20202094935265935,0.11333650387931085,-0.07099492042050176,0.193992272660428,-0.12087263736538736,0.19771161259819126,0.04981874928751817,,-0.021851632211717858
2017-07-14,,0.0116851824819577,0.2110050269454889,0.09630369680502361,-0.07368443110900301,0.18690935853764834,-0.12417007060968495,0.1795758374707928,0.033781352508094914,,-0.021246458310773386
2017-07-17,,0.011136013900787922,0.21071449318033425,0.10348097722131142,-0.07144569249973882,0.1867577958634851,-0.12034734659886893,0.1834827347578809,0.03487031192147434,,-0.02124959331062616
2017-07-18,,0.011832750986076526,0.2109397406496106,0.10368293541802054,-0.07183308621037289,0.18690949588407782,-0.12024638469542859,0.18278684990327643,0.034194884220877665,,-0.021295939697373548
2017-07-19,,0.010909158273317558,0.20955680100310287,0.10194004051367708,-0.07072881528405228,0.18331717007361037,-0.12009926795198195,0.18624668392860755,0.03581907639817439,,-0.021156256812936855
2017-07-20,,0.011021450184473893,0.20971266248566403,0.10209540054637356,-0.071032488853901,0.1832015811826498,-0.12015006060938309,0.1862779814339924,0.03576754537918998,,-0.02117677709412409
2017-07-21,,0.010296485602530478,0.21096507109353,0.10403496104563888,-0.07650952975974089,0.1849698586446974,-0.11852825758692644,0.1891495806795138,0.033470195845441524,,-0.020773807629456964
2017-07-24,,0.00828513462786813,0.2095416996609399,0.10540161648696156,-0.07567346566169174,0.18591585653597037,-0.11874641747693511,0.19072439337488858,0.033821792302104095,,-0.021194785707859654
2017-07-25,,0.005194444814764669,0.21096357225265816,0.12342898373576072,-0.07129069617350434,0.18856141765071346,-0.11674540953370895,0.20859010615241405,0.04822593864653569,,-0.022434701119064666
2017-07-26,,0.001992735232170578,0.20886345606315937,0.1237055969808823,-0.06996782678996463,0.19155113409570887,-0.11902290696693345,0.20471689508623855,0.04631205909070565,,-0.023314166374467545
2017-07-27,,0.0012197219029067908,0.20881816063580894,0.1206139624376462,-0.07112425733178437,0.18975122270034664,-0.11610509583690455,0.20478494316161722,0.047943075540453545,,-0.02377237515480854
2017-07-28,,0.00037458197194045046,0.20807427635241266,0.12033267878481572,-0.0694358937604286,0.19002158336119654,-0.11651354458710206,0.20540143990160778,0.04870368494052992,,-0.023541819742950786
2017-07-31,,0.00392859900208732,0.21716284965329882,0.11431793896221654,-0.0727198202710363,0.1883578316933799,-0.11857616901667274,0.19878804633419114,0.04189593079042866,,-0.024721553488464436
2017-08-01,,0.0014120225307317448,0.21561131185840027,0.11850429252119676,-0.07144805424961667,0.18732908920141067,-0.1180303296460772,0.2005045980361554,0.04501441224152657,,-0.0292213129287742
2017-08-02,,-0.0015998523203646388,0.21480787163048615,0.11766544906106562,-0.06726846732859157,0.1870245451391466,-0.11648658864644275,0.2040289700723432,0.046785688087035954,,-0.02897560818113793
2017-08-03,,-0.00018493294437101215,0.2178660143162706,0.11170296494576587,-0.06548040516643755,0.18643145407582126,-0.11432633009062347,0.2088280979484856,0.056876233795704056,,-0.01031202959463509
2017-08-04,,-0.002209857377597711,0.21550188382255808,0.11290668241465318,-0.0623873699624031,0.18886707832400362,-0.11604880616001753,0.20829484644436186,0.05538603082484945,,-0.01023568160500512
2017-08-07,,-0.003618655120522306,0.21445862883612668,0.11602948074429101,-0.06067213008093567,0.19040910812600262,-0.11744179134276207,0.20757244695789645,0.05343694721735295,,-0.010792738045297694
2017-08-08,,-0.0030218988384806875,0.21642700923503141,0.12033928812718683,-0.05670560453645484,0.18800446423530565,-0.11382899857728733,0.20602397839141368,0.047912806574567486,,-0.011755996102182928
2017-08-09,,-0.014033632449355246,0.20575674065828048,0.11912271179892876,-0.05234086322600476,0.19533689419449463,-0.11916706442807595,0.21653189944362142,0.05538004257913398,,-0.012010266367593458
2017-08-10,,-0.01713574454912947,0.2026021036520437,0.12059140229296966,-0.052150228791349514,0.20128543285916373,-0.12867850218514376,0.2186173638082269,0.0576678759042419,,-0.011412315878490927
2017-08-11,,-0.015435702464782815,0.20333241805564722,0.11997995762943772,-0.05395882649148781,0.20149648459973124,-0.12852889657424202,0.21600288571189566,0.05610117071285854,,-0.011838656649719502
2017-08-14,,-0.01656885779250669,0.2004809699055857,0.12533779900207284,-0.05163544834250992,0.19995941742488513,-0.12359175232990487,0.2183455032395174,0.0542696861054725,,-0.011306355145644294
2017-08-15,,-0.013097816451147994,0.20525666989628677,0.12116704979853517,-0.05598609807756935,0.19858986284384722,-0.12157234595972481,0.2114021644738053,0.04809491495603386,,-0.010575451925880025
2017-08-16,,-0.015470188684890005,0.20458102430899408,0.12412826810505992,-0.06552998512368147,0.19815684576788775,-0.12541789256946587,0.19110202475290702,0.031562555496435524,,-0.012648679448465044
2017-08-17,,-0.01829503453019224,0.20269411684941796,0.12198967233850068,-0.06604245109743331,0.20077682072185596,-0.13065201703661203,0.1916904812493808,0.03255201834528724,,-0.012170520609014291
2017-08-18,,-0.021141233628631153,0.20253436721889315,0.11905803185048615,-0.06072862039561436,0.20457913020190482,-0.13289269922641692,0.1905265391597576,0.030286765586839227,,-0.01180119574043886
2017-08-21,,-0.021468831358376128,0.2005298225510306,0.1144352987936963,-0.06469892003926613,0.20602630807414146,-0.13845496009627223,0.18707395672480784,0.025990990614448678,,-0.012804651431110994
2017-08-22,,-0.02320442159263795,0.19997288372766991,0.1121793917189444,-0.06187486628999992,0.20451612674305247,-0.1364528329521994,0.18858567512564425,0.027866757066679564,,-0.012585229222471293
2017-08-23,,-0.024207476473006025,0.1996660782710964,0.11130826418201827,-0.060246004707275265,0.20494972209024964,-0.1372960687560941,0.19023473666093657,0.02945592960368056,,-0.012505266469468597
2017-08-24,,-0.026506833387639022,0.1916081724672388,0.09877515551779162,-0.05806469081124139,0.20118050464300288,-0.13296212713793298,0.18837039150142,0.029555609484025486,,-0.013809855623592049
2017-08-25,,-0.025549661083996013,0.19302060221451328,0.10389279447535776,-0.05694288570299292,0.2027998238857871,-0.13193154395750006,0.1903303278810214,0.02847221132567958,,-0.0143537041973613
2017-08-28,,-0.03101686801194325,0.18955718752129072,0.09055292723742943,-0.05669280540279329,0.19689617937775467,-0.12544220622817687,0.1908004779668817,0.029298852946353746,,-0.01570854243811017
2017-08-29,,-0.03084964263363097,0.1893894753516646,0.09079946972000112,-0.05620083237572304,0.1967923450830486,-0.12474781958612217,0.1901162769851953,0.02867057419948923,,-0.015947859539986963
2017-08-30,,-0.029580514033371638,0.1899238172014022,0.09213018999122498,-0.05847231667642651,0.19443150429979578,-0.12335480651380365,0.19138070592400303,0.029942084078386482,,-0.01571071692540625
2017-08-31,,-0.028550349536325084,0.1906998337996999,0.09267608353676923,-0.058941558963624144,0.19623524292501637,-0.12473261542498827,0.19016668484481133,0.02789784588215081,,-0.01597276285568479
2017-09-01,,-0.02854533595586127,0.191213347719742,0.09209098691774198,-0.05713297185132499,0.19617886897327175,-0.12529191393419098,0.19123795986673375,0.02826161458537901,,-0.010606580488373677
2017-09-05,,-0.027966294008892556,0.19145139735812639,0.09219787211702105,-0.057584973412094474,0.1943689852966444,-0.12254063499480664,0.188010560246526,0.026997383111603577,,-0.010741706633217007
2017-09-06,,-0.028658796344878737,0.1920672893931717,0.09245699420947653,-0.058327927753177924,0.19512552491633758,-0.12362622345168368,0.18947865321658056,0.028299753793254997,,-0.00667477677199289
2017-09-07,,-0.030153482343379674,0.19163437378608078,0.0930737818688802,-0.05500261163700527,0.19549200810907544,-0.12412518827014353,0.19084085323675265,0.03069718596655992,,-0.006494153421151026
2017-09-08,,-0.03504301810076919,0.18665259264183356,0.11005464034759682,-0.045282771910618004,0.19597353477757187,-0.12911749159249003,0.191228931950299,0.03703537324499843,,-0.004741166674795981
2017-09-11,,-0.03762692611972022,0.1858007666888073,0.11069193014721421,-0.042304595764268635,0.19870849742991842,-0.13170443820913277,0.19371103069430606,0.04142331973929914,,-0.004897941444013412
2017-09-12,,-0.03649141359111146,0.18565686320279448,0.11111741835482752,-0.04285525024998421,0.1963239924655642,-0.13090136417518666,0.18999112426096712,0.03949018102644073,,-0.004404746531617309
2017-09-13,,-0.03448931494740028,0.18385722381580386,0.10069057996039264,-0.05168014452647696,0.19668008857430672,-0.1275839673626971,0.18834488910149438,0.03989295265851436,,-0.0037690268278441725
2017-09-14,,-0.0342584369200606,0.18607317401043827,0.09830992013793652,-0.04788827374304126,0.19854541259149688,-0.12681102574220318,0.1881715498712248,0.03992833315350004,,-0.0032663562587761596
2017-09-15,,-0.033749560219539815,0.18640863205275715,0.09800394731016913,-0.046445813117348175,0.2005215228699615,-0.12642227910793008,0.18974887936310303,0.04134969257168772,,-0.0031542622833669303
2017-09-18,,-0.038506651321777344,0.17914221778396072,0.11144956378613012,-0.04016691480357047,0.20417725477653378,-0.12919725001517074,0.20216770248648472,0.049264115512648546,,-0.0024337154502914594
2017-09-19,,-0.038394941727612986,0.1788634058265339,0.11152485378180564,-0.03988503448191374,0.20530278296780202,-0.12945685652063704,0.20199370374324496,0.049107543340259754,,-0.002362380378000674
2017-09-20,,-0.0390340387737868,0.1785760031391076,0.11066824437477697,-0.039707402198953495,0.20520308878986954,-0.12970409855235826,0.20132640805862104,0.047712916467229693,,-0.002372199643230041
2017-09-21,,-0.02862266142578836,0.18518358785362168,0.11016887287676302,-0.03739863942421665,0.2077151364931897,-0.12872276259821924,0.20087783588610628,0.04663839730495424,,-0.0019061719762496264
2017-09-22,,-0.028413346412022634,0.1850947504817326,0.11015065860336559,-0.03786495676188482,0.20775403471316972,-0.12903143789295454,0.20059470529551554,0.04613054707016859,,-0.001930375921489608
2017-09-25,,-0.027401426954489144,0.18897861311000205,0.11334352127233278,-0.04111311323576259,0.21455196744422675,-0.13629068112054119,0.20046426622953523,0.04463390914836556,,-0.002035660265548172
2017-09-26,,-0.03310236385531181,0.18512867414473655,0.10828260996443696,-0.04044131800723637,0.20876195831112196,-0.12887504527997387,0.2071846274413985,0.056631829013901624,,-0.0009237435112448088
2017-09-27,,-0.03444358199087124,0.18558560247912484,0.11042149867629746,-0.03917564058125298,0.21059902651021825,-0.12942310706369112,0.20809531128312778,0.05827531635027364,,-0.0010235085552040384
2017-09-28,,-0.0328626214135814,0.18537036199322646,0.10847826508707555,-0.04298811507672538,0.21066610949410988,-0.1309037654555214,0.20664433606474877,0.057787026831282284,,-0.001806080705364406
2017-09-29,,-0.038065951018652594,0.18129866218521587,0.10168555434942035,-0.041386178446185494,0.21513372471117503,-0.13799939538875108,0.20172325860253962,0.05141646364843077,,-0.002003687250704723
2017-10-02,,-0.036452987208298204,0.18171207634558753,0.09672709441678486,-0.04148738077603309,0.2130735046017737,-0.13647438304894274,0.2013430806978902,0.05364330329223471,,-0.0012583169364912127
2017-10-03,,-0.03647795583568071,0.18180045829861077,0.09690190609408078,-0.041415554146173206,0.21481560048956727,-0.13694679906657797,0.20121853430767786,0.053239255032749254,,-0.0013493837569462505
2017-10-04,,-0.034496638456493756,0.18163851491704108,0.09612090417533373,-0.04072159126508547,0.21161751595360664,-0.13535162870259226,0.1987104534987284,0.055422456788117434,,-0.0009293967254154434
2017-10-05,,-0.03890803260053085,0.1777225516564789,0.10510698082286854,-0.02598050800934703,0.21659842307156216,-0.13882287970307122,0.20182473799845801,0.056928490641548306,,0.04297552603999711
2017-10-06,,-0.05988113213551532,0.1647883679430722,0.1078238782608396,-0.02117210962586138,0.21328793782159125,-0.14014515086343085,0.20833617486117795,0.06554037631260547,,0.04284712155590443
2017-10-09,,-0.060022357229617636,0.16423508844981366,0.10913071553484638,-0.02111187203644026,0.21416462577413423,-0.14070271075352903,0.2092721801419409,0.06634544298511458,,0.04278490679578741
2017-10-10,,-0.06060324009068723,0.16480701987731727,0.11360950170363521,-0.021853781544207165,0.214877616943144,-0.14171408841774388,0.208977340808297,0.0641316789800796,,0.04233044974508801
2017-10-11,,-0.062092130144152206,0.16345284852734523,0.11540575520778852,-0.02418648148606215,0.21639159160526047,-0.1432167990957626,0.20872700318637935,0.06323414047445775,,0.04203903998599181
2017-10-12,,-0.061687058243726715,0.16309470827174496,0.11101477823440792,-0.03232937866728393,0.22215307485949026,-0.14933530183906435,0.205922643987318,0.05951102467142965,,0.04213762735324727
2017-10-13,,-0.06114249130832805,0.16365805913763617,0.1107164338100372,-0.031081463324755514,0.22243065589190555,-0.14889197366765552,0.2050389577961511,0.060226714862269784,,0.04185897181881927
2017-10-16,,-0.05932812141600634,0.15971226844059758,0.11721200587340437,-0.034922600259889455,0.21696656523019048,-0.13754163868778926,0.20166508194584912,0.060703819121097534,,0.03977954521505555
2017-10-17,,-0.05048587436219871,0.16540730909148954,0.11667770466110265,-0.03488735981851837,0.21625195850123421,-0.1411227571224889,0.20665730913889083,0.05835344787441973,,0.03995180828692194
2017-10-18,,-0.049535772951555125,0.16590163982048645,0.11578285967012317,-0.03451764158620775,0.21549794394062383,-0.14022231135349023,0.20317658203994077,0.055769029577904236,,0.040046069657865516
2017-10-19,,-0.05016903042256319,0.16436691793408356,0.11719757276007169,-0.034144323901415065,0.21707816957795814,-0.14097661457801494,0.2035839300666135,0.05626711334122795,,0.04012161626266127
2017-10-20,,-0.04892874112856249,0.16476775443014424,0.11847743736656575,-0.03487017280134123,0.21629464031508122,-0.1416414455587765,0.2016469033359498,0.055379251074115225,,0.04012158737739408
2017-10-23,,-0.049265987408079824,0.16414437126447048,0.11766550167352516,-0.03191750537160789,0.21339789608392493,-0.1394651972573531,0.2009804828548632,0.055199357201058535,,0.03978322800755819
2017-10-24,,-0.04943829083591452,0.16341234851314873,0.11882282362624831,-0.030281940590890153,0.21330886785894831,-0.14012813189201492,0.200967965332296,0.0551885843330537,,0.039555154680743665
2017-10-25,,-0.049474232452632425,0.1636813189340908,0.11944001973173286,-0.028975768134050228,0.21528377393245077,-0.1402565392651402,0.19868821417781085,0.05469885222881633,,0.03975137014952282
2017-10-26,,-0.05560226530557559,0.16033823215062215,0.12360847164647101,-0.03211150768755311,0.2229206658178491,-0.1441571577334798,0.2008459050459307,0.06306182487443263,,0.04069178661859204
2017-10-27,,-0.056688899916122436,0.16153009558651327,0.1125054318293588,-0.03852554539042863,0.2075669610990325,-0.12648874094390947,0.204445273361367,0.07014125133213146,,0.04123802330547653
2017-10-30,,-0.057625020162694794,0.16156984153324944,0.11084096426702655,-0.04133051917197287,0.2102532825853,-0.1300106981805351,0.19925573466895116,0.0647529531212444,,0.04160227265567676
2017-10-31,,-0.05895071167590742,0.16072601436951642,0.11434097164446629,-0.03793591714434718,0.21314021713444464,-0.1318600647823151,0.19926896693013232,0.06500400383439665,,0.04208688702519059
2017-11-01,,-0.05536849409777767,0.1669830348071609,0.11766166340417519,-0.03541495073242484,0.2137406239233968,-0.13259703500030356,0.19923902173993538,0.064473911162649,,0.02226273532512642
2017-11-02,,-0.060584966975486196,0.16160530767368736,0.11855366210895492,-0.02996353618695444,0.22024120354618387,-0.1367609967238575,0.2007100676856475,0.06473667880795887,,-0.010445012278908053
2017-11-03,,-0.05781846139735029,0.16535667115397212,0.11520717294407554,-0.03214241651909136,0.21917920611616332,-0.13284034997022853,0.20097094008736224,0.06478876480499822,,-0.01029444730264459
2017-11-06,,-0.051323766382168144,0.1733283931442468,0.12263777309191799,-0.032824926846952075,0.22247102064348503,-0.13632868268527307,0.1975783634217961,0.06042481320853121,,-0.010355395177307904
2017-11-07,,-0.04679328251407918,0.18094977891575195,0.12503087830077358,-0.036041510075890994,0.22394859945423767,-0.14159602177338104,0.20098054067419027,0.06672952497947221,,-0.009826923207192686
2017-11-08,,-0.030878501260864607,0.18744398065935014,0.11962495044129802,-0.04757635607735811,0.2062146232564351,-0.12856630844139846,0.19585578991263136,0.06562055904430057,,-0.009606918606342099
2017-11-09,,-0.026775796244239137,0.18267520104908735,0.11986405221837637,-0.048396556504102815,0.20338662333402863,-0.13209415711035197,0.19001771232756928,0.05749857209316368,,-0.009148055952146156
2017-11-10,,-0.02403035578873118,0.18429638351288596,0.11889869363280156,-0.06682499194119193,0.1836807939714667,-0.0982748051279785,0.14012965862276566,0.024109577653172606,,-0.008675638345337135
2017-11-13,,-0.013003354335408064,0.1740527553113832,0.1302179634464135,-0.07576460063010985,0.18330947373310083,-0.10298885455672124,0.12816505564180442,0.017440802566490284,,-0.008431091667114513
2017-11-14,,-0.03891124483558518,0.15957819771365317,0.12928759750297555,-0.05197239820454395,0.184726978385388,-0.10462407345837973,0.1460624379016291,0.03789034140169834,,-0.008341440788286456
2017-11-15,,-0.03728854484968996,0.1622952174141141,0.1401503067576378,-0.05136155554940592,0.1909496701344981,-0.10976621125555706,0.14866583509758613,0.04001140153674969,,-0.00839470098550215
2017-11-16,,-0.037985489013010576,0.1594513185638605,0.13904459341284434,-0.048611603737471164,0.18627406371977276,-0.10619831548382358,0.1461496994844419,0.03519461058378698,,-0.008640366624347905
2017-11-17,,-0.03172821092139324,0.16374912182887327,0.14174748939284834,-0.05351982466295387,0.1825396092098194,-0.10591039041310718,0.1423799914168174,0.030255980704974005,,-0.008597461264761217
2017-11-20,,-0.04143098555154896,0.1523334000157991,0.14136413631231864,-0.04705825089056709,0.18075514203024048,-0.11050595717374187,0.15035830580777226,0.035001595544214226,,-0.00891158661170858
2017-11-21,,-0.03972101722669175,0.15799746171451706,0.13193102094023704,-0.04612942679971039,0.17650045900309574,-0.11206838247888638,0.14925370884299882,0.039143395420190505,,-0.008804013199891655
2017-11-22,,-0.03939959487067761,0.15668419472196837,0.1304368232317574,-0.04735867917283105,0.17527870828860737,-0.11208797450646962,0.1502762689579443,0.03943061992043996,,-0.008668162534607346
2017-11-24,,-0.020388161811621446,0.16597906510227622,0.1348717916647726,-0.06557922407996893,0.17718023641319755,-0.1140700428730166,0.14487902300988786,0.03407989323996321,,-0.008481075614108756
2017-11-27,,-0.012865895530305737,0.1634498246692816,0.15850801568217535,-0.0644421146513208,0.17346385200381131,-0.11516415082686907,0.14370540022417563,0.02833620376299302,,-0.007955055048255296
2017-11-28,,-0.01083154446410709,0.16991718116142412,0.16119104042565321,-0.07188637652727034,0.1546378982385677,-0.1149111724551178,0.13910563209142549,0.02597411943674658,,-0.007642299256790843
2017-11-29,,-0.00862554483426339,0.1795895615368324,0.14718586322914537,-0.08027958857103576,0.15773102321685287,-0.12105271858708716,0.13168492954279015,0.014958683320955134,,-0.007917154588687966
2017-11-30,,-0.00106362050217388,0.1846243382125854,0.13810140288558145,-0.08532978504197516,0.1587936584219756,-0.12312151524720713,0.12566691707718128,0.015523037479122875,,-0.007738226738862474
2017-12-01,,0.0012862983233217047,0.18301219519565112,0.13957874369711526,-0.08490325699338175,0.15799330687440827,-0.1234149755898923,0.11902984352173868,0.009037549428739617,,-0.03490176533624955
2017-12-04,,0.003859652491220286,0.18791565498286134,0.14172296557141448,-0.08673602938196037,0.15806138950442836,-0.12348229798729903,0.11587035136496783,0.009938911244245263,,-0.03492191096845811
2017-12-05,,0.02952857822615138,0.20467429214549746,0.13546477820477273,-0.08073710082809551,0.16048672405833844,-0.09472303911492803,0.12458735540969164,0.021467677111147707,,-0.03419583151005576
2017-12-06,,0.027862607001731526,0.2029198126642055,0.12939688714477374,-0.07746810735669425,0.16172400509592919,-0.09638332124285792,0.12382385489167873,0.019088347095806365,,-0.03419843490326101
2017-12-07,,0.03133886704966593,0.21532802684384747,0.12374825445235113,-0.0801845861381859,0.1781833946463999,-0.09438325918087198,0.11822293241529835,0.016510453804319522,,-0.034278309086688614
2017-12-08,,0.028928639452113332,0.21398694752803538,0.12812709421087032,-0.0752959087163849,0.18034669013316562,-0.09442191663603984,0.12154302409704443,0.01872006386150999,,-0.034285657872211495
2017-12-11,,0.031782221864295586,0.21490802048607643,0.12835385284164566,-0.07912964655542565,0.1795050105258667,-0.09303279195951737,0.11698046300014088,0.014920824291649785,,-0.03425990989212754
2017-12-12,,0.032945314194726016,0.21921527730792675,0.1339867193557473,-0.08453148271712088,0.17846756050670867,-0.08807992177367575,0.11948051734504692,0.014946384864845216,,-0.034310680244167786
2017-12-13,,0.03289290637763476,0.21978496976361567,0.13238281638931415,-0.08885206659012491,0.1820807925129035,-0.08650926771702301,0.11418930217325617,0.01370852354307922,,-0.03429195049672413
2017-12-14,,0.034233910320591816,0.2201349427676911,0.13628502920588872,-0.09132312829363796,0.18247177229671022,-0.08601803814319414,0.11349856280339024,0.012291441282110674,,-0.0342769298600396
2017-12-15,,0.03213291016016271,0.23803959285108386,0.13709225067195646,-0.08128725949635875,0.19344875298081593,-0.09548310552761963,0.1165468129998984,0.012968734203691622,,-0.03409075717314101
2017-12-18,,0.03764442075471037,0.24708899317124394,0.1434205672416938,-0.08380874189249872,0.19203396389893293,-0.0988458623382366,0.12027701769396727,0.020542420732139268,,-0.034174168485257415
2017-12-19,,0.043568941066203466,0.24329056766038532,0.1470689312631707,-0.07953162322520066,0.19602184335405173,-0.1047332095714908,0.10759245409981473,0.0038950540088632836,,-0.03449410639483859
2017-12-20,,0.04626532613715542,0.24546374145987246,0.14949032790179126,-0.08045807348334401,0.19408616131684822,-0.10639640378660445,0.11154775794922744,0.0068803052417280575,,-0.034404260929313216
2017-12-21,,0.04624050932641808,0.24414551820321717,0.15041100587117,-0.08151837507179555,0.19382070350452782,-0.10697782725635492,0.10970743797651884,0.004144490259553534,,-0.03438810572080163
2017-12-22,,0.04776816880873127,0.24563082671661285,0.15056120341102294,-0.08096610630722509,0.19342755383562524,-0.10617048720572528,0.10987516838159953,0.003680427581555867,,-0.034372094299803535
2017-12-26,,0.052581824743355404,0.24663118624417657,0.1561133246370487,-0.0818602543875095,0.19209716766022372,-0.10395830004631193,0.10679548946525942,0.00020865488537357647,,-0.03434087352899826
2017-12-27,,0.04980608096051911,0.2421296518341174,0.15238435448641982,-0.08246171183394911,0.19096466731088302,-0.1074411313612736,0.10439469160256222,0.0005832232014866423,,-0.03443252695841369
2017-12-28,,0.052158722899035434,0.24511909019163228,0.1531626376392621,-0.08372346254325737,0.1888184948636049,-0.10630617215584962,0.10280794071871217,-0.0016190297675297955,,-0.03441447063294284
2017-12-29,,0.05663070379513199,0.24624019830504806,0.15167162367344433,-0.08603346987122254,0.18908242253386326,-0.10614967937377393,0.10158279706506826,-0.001407617399233173,,-0.03443512362084901
2018-01-02,,0.05642604221015282,0.24887503511529055,0.1520258432181143,-0.08276372837055301,0.18614933312186413,-0.10222625581277107,0.09815324068568068,0.00023694936495056163,,-0.004585360570864288
2018-01-03,,0.05948708012938971,0.2569544204630095,0.14510459399350092,-0.07997637837835503,0.18837202454996618,-0.10349913075787201,0.09962911502855105,-0.002339624510173438,,-0.0034096315651637368
2018-01-04,,0.056886789075776614,0.2529030402521512,0.13748918302804475,-0.07047015069788184,0.18034972004171493,-0.09460127515301534,0.10009876529567592,-0.0024560225570260754,,-0.003761465412674828
2018-01-05,,0.0628074625657702,0.2537181511509687,0.14138989783622433,-0.08189578374548549,0.17240883577876093,-0.09514752522092099,0.09151015795881534,-0.008488951829426761,,-0.003805027126641874
2018-01-08,,0.06410681491916793,0.2549150775401758,0.1409356582824157,-0.08513199657735711,0.1717933863666817,-0.09523667991835093,0.09059139769340224,-0.009932771542450099,,-0.003871821951706124
2018-01-09,,0.06719414783657784,0.25704901228140475,0.1376032150879632,-0.08677673167318622,0.17062211764607788,-0.0955396397026419,0.08656601444095965,-0.01296454893260407,,-0.003857870035490494
2018-01-10,,0.06876212655361251,0.25156460770153116,0.15472846594795683,-0.09170107285650247,0.1732912173283673,-0.09649132381855488,0.08703858636535707,-0.013013888847401164,,-0.004187398570611235
2018-01-11,,0.06977012405054575,0.2516046378022758,0.15664317551489895,-0.09115250983835532,0.17226658954599078,-0.09672702184304038,0.08707991826560783,-0.014180210130676387,,-0.004181101182340353
2018-01-12,,0.0647528701029859,0.25138309697863326,0.15043936204584923,-0.07865708373728655,0.17572084047596398,-0.10083013124845146,0.0887311245066938,-0.011561854892430725,,-0.004558616406253113
2018-01-16,,0.06601855104786694,0.25225541728260203,0.15280854184090437,-0.0769572367003596,0.17528340753029942,-0.09992181388893702,0.08766727336825035,-0.013515733734044402,,-0.004663357320946396
2018-01-17,,0.08443860701176746,0.2747454549812207,0.15395743112739305,-0.09935404054398668,0.16023054432841155,-0.09502144752518461,0.0711935690029189,-0.03092818784441275,,-0.004515301541395831
2018-01-18,,0.08259130942568699,0.27433937013685944,0.15238048393616588,-0.09752591148689634,0.15996293288010696,-0.09376459567819695,0.07489855894848978,-0.027081306640435003,,-0.004429746993239829
2018-01-19,,0.08037117678542197,0.27308432432842095,0.1535152503215111,-0.09723343799176576,0.15776588425367355,-0.09153872989260202,0.07676114304042414,-0.027152137124157504,,-0.0044380595983978316
2018-01-22,,0.07957271209380774,0.2726451353603985,0.15183611548667056,-0.09598024431215414,0.15747316357465627,-0.08956761555168889,0.07701808418870068,-0.02713486331418754,,-0.004473982013015365
2018-01-23,,0.07031413344223156,0.271644524341745,0.13951857541317628,-0.08385732785932104,0.15515355817900017,-0.09027610910576611,0.09405882419506344,-0.011958026698447049,,-0.004898808867701719
2018-01-24,,0.1023976902253075,0.30139268197528823,0.14758773150287768,-0.11989527544499505,0.1394608653866885,-0.07650677159949743,0.08930700341223387,-0.012767458682880253,,-0.004644037511768677
2018-01-25,,0.10212662387346008,0.3010406783622485,0.14785624747678114,-0.12071526832682158,0.14024791555570146,-0.07666779370168106,0.09075126207964022,-0.011961740431313221,,-0.004690647148810314
2018-01-26,,0.09955574102612759,0.2999184475155327,0.15328546021046865,-0.11416421045947878,0.13199466892387465,-0.07671914756030088,0.08605623366730654,-0.016043136683149314,,-0.0045939016690870575
2018-01-30,,0.1008360160278606,0.2983371120442961,0.1552551732118037,-0.11544058115019962,0.13145614001932496,-0.07740273068929081,0.08531048265084525,-0.016499432810913692,,-0.004684436021245186
2018-01-31,,0.10391045397379624,0.2994777121631474,0.15271779229490537,-0.11637535057460266,0.12556679835489434,-0.07127671017461248,0.08553854422170118,-0.015517177978134969,,-0.004510106603898219
2018-02-01,,0.08844497126459783,0.28543429951851773,0.1536562019673573,-0.09776668103343772,0.1301253533411983,-0.07325837044965179,0.09713977439335954,-0.0067417225993834755,,-0.010694820488763015
2018-02-02,,0.09026780954434112,0.28700939832382677,0.15803810729890802,-0.10034155524861318,0.1354471740187502,-0.08040768571795462,0.0919376821104535,-0.006797361927257699,,-0.007504987926375074
2018-02-05,,0.09511204587714174,0.2861253250864828,0.15125157898499497,-0.09355959395598201,0.09021145720642589,-0.03665691820311879,0.08460845274521103,-0.010480096578769374,,-0.0070697529006393785
2018-02-06,,0.10078477338352719,0.29303656591758886,0.15840303748254891,-0.09370794101305262,0.08905959177976905,-0.03609515814439142,0.09375511345583126,-0.010218891483314422,,-0.0067977126277223715
2018-02-07,,0.1127667931251028,0.3037540711030739,0.17942846495183845,-0.11671976110350957,0.10159171275179656,-0.026711498550295948,0.0782325547052047,-0.022405882511111558,,-0.007679994646737406
2018-02-08,,0.11377374017954978,0.304423068439098,0.17737484889038138,-0.11418118510875876,0.09727877316408207,-0.028314258208537436,0.07619818153399681,-0.022979323428744453,,-0.007560883491855035
2018-02-09,,0.11461157736953849,0.3101369435009906,0.18648455527549854,-0.11871227975372348,0.08283827209674216,-0.01965996825900852,0.0851150290600557,-0.023294597900270584,,-0.008155742597285805
2018-02-12,,0.12048662443629708,0.3195378369871232,0.18778651046672737,-0.1197949915600598,0.09585901238763603,-0.028896920635302966,0.0916093810960811,-0.01990662058466213,,-0.007659282793219234
2018-02-13,,0.12788607028234208,0.30978535434526183,0.17569397318517352,-0.14088766170100742,0.09325428589637028,-0.031077134971097473,0.08331241093633189,-0.017913648389050792,,-0.008165294360649902
2018-02-14,,0.15098762204586008,0.3209993422262038,0.18750781537268343,-0.15274580853209754,0.10679770570939633,-0.053003185829882435,0.09719827779538513,-0.009250674258813728,,-0.007722915504886367
2018-02-15,,0.15044936229020006,0.3241192075687228,0.19054195313207517,-0.14892033090666287,0.11151555475894809,-0.055443705149783216,0.1030373610044327,-0.00455895586304045,,-0.0073331650230446885
2018-02-16,,0.15034822397408942,0.32387994083712257,0.1906342361762713,-0.14774668359992835,0.11133841064363434,-0.05602466676564734,0.10271509916209587,-0.004481099028713175,,-0.00734601112200059
2018-02-20,,0.168037543285727,0.33206677833822107,0.1893836723475344,-0.1645882275513338,0.11659712793942952,-0.06016417901968025,0.09573459871401725,-0.0061502690246310115,,-0.007537470017409665
2018-02-21,,0.16770382384617685,0.33347809511404897,0.18861149843483346,-0.15944513912750058,0.11414030449293561,-0.061414477721103915,0.09775137614504231,-0.004013550442450472,,-0.007281432641525816
2018-02-22,,0.16839115581531494,0.33446646235413635,0.18792339240497966,-0.16822065869954528,0.11045844730164762,-0.06366559902020529,0.09573059742452789,-0.0031349689579408557,,-0.007438012350373323
2018-02-23,,0.16808957239322184,0.3353383459958389,0.1840568879442836,-0.1696464453107351,0.10043795288137534,-0.058439747654804794,0.09934559267463335,0.0012532349468931088,,-0.007521582282099144
2018-02-26,,0.19860088047004223,0.35141052054151195,0.198846588857844,-0.18006309247267968,0.09836763706682072,-0.059167089589480984,0.09071554117739083,-0.009605644598009331,,-0.007011777367287861
2018-02-27,,0.201970109473982,0.35098460619095334,0.20568475462681934,-0.18786965687646812,0.10634129968620692,-0.0655446911992525,0.09512434856979052,-0.008838461050122072,,-0.007582347587731878
2018-02-28,,0.2012650158553064,0.34988723889114576,0.21229731898361442,-0.19195049661226693,0.11572440801844086,-0.06965985187703247,0.10091967370680324,-0.0056003507143239165,,-0.007956333339611127
2018-03-01,,0.2033941720732554,0.3498065683576145,0.21308720777977164,-0.19118011178469574,0.1180339501952081,-0.07230296710698836,0.10307720183597904,-0.0033236437015123047,,-0.013914758322931289
2018-03-02,,0.20321102302744617,0.3489070484887477,0.2139462169711003,-0.19734821553942436,0.11345024102526734,-0.07111173405683703,0.09627161843388787,-0.011522880669077378,,-0.012711802074341569
2018-03-05,,0.19253013406846214,0.3366764827767765,0.20617319139129034,-0.1908371943629677,0.10791741889255038,-0.07584372860871336,0.10154920773999812,-0.0010863978111049907,,-0.012559919308390528
2018-03-06,,0.19776994374171986,0.34026022883408996,0.2055041746017553,-0.19387901119093146,0.10884260816984515,-0.07598743269114275,0.10082868435811494,0.0007331778869304307,,-0.012460106038299912
2018-03-07,,0.19968504117275576,0.34519340805626203,0.2084338475177598,-0.19276045727557414,0.10616587706676697,-0.07366508178792339,0.10089676892317123,0.0067863575562834575,,-0.01240002128438334
2018-03-08,,0.1986957605685352,0.33932152971215335,0.21416743831836496,-0.19894497504507933,0.09937900704254155,-0.06740612799136173,0.10637054568285632,0.010671047661723908,,-0.012427424970823218
2018-03-09,,0.19735865965181196,0.3393937926981309,0.22023678693108548,-0.19600922416696845,0.11256219770294229,-0.0742636679072268,0.11410885733108432,0.0231602613108627,,-0.012088014911706368
2018-03-12,,0.19573893381512944,0.3370837592641128,0.21783909813204183,-0.19695727076154082,0.11320451572587498,-0.07430951605608689,0.1200349740666719,0.02825470938013128,,-0.012046985128056258
2018-03-13,,0.19714577527957905,0.33905606688090584,0.2193001939906289,-0.19565110839354635,0.1106792051996834,-0.07267282057624166,0.1200385557433624,0.029376257706801672,,-0.012067809960982166
2018-03-14,,0.1963127861485927,0.33726585397425235,0.22068463248023315,-0.19723611748868258,0.10871559503045634,-0.07043479406379853,0.11528991631990337,0.02356742564023732,,-0.01213784384059098
2018-03-15,,0.19901619894173772,0.3388777472858399,0.2208727073551958,-0.20228731975204464,0.10981826435359879,-0.0695761079405599,0.11461418888462757,0.023608994426852343,,-0.01225820664692978
2018-03-16,,0.20118911555923544,0.34031723395139185,0.21482126054069814,-0.19911631725015888,0.10662847820617621,-0.0667759837448618,0.12172001974032248,0.032335061962667326,,-0.012419921301928087
2018-03-19,,0.1955640917018337,0.33714450669851376,0.21625496993812424,-0.19394775152066246,0.11282117563879655,-0.0709077289544924,0.12115960315628331,0.03166361049982557,,-0.012588681148438802
2018-03-20,,0.19790206947260203,0.3388179397528024,0.20797583191856361,-0.20075788358866337,0.11218505007368618,-0.06816685686903393,0.1166426667215017,0.025500100139043688,,-0.01277291266644256
2018-03-21,,0.20173850859024592,0.3416092695796912,0.20866509971104694,-0.20256295408145814,0.11009020089507436,-0.06862445877782417,0.11574914905529214,0.02202559773111581,,-0.012592815175766773
2018-03-22,,0.2095767815582585,0.34833358509003526,0.20572404315259013,-0.214898464785947,0.11286413256642498,-0.07406687200512034,0.11802195850707269,0.02526949550005308,,-0.012564159999581256
2018-03-23,,0.1975738198378486,0.3432047809811615,0.19860361808166907,-0.20985804185418488,0.12088261993848498,-0.07646170097172046,0.12038180427245984,0.026481238819913384,,-0.01270543110444429
2018-03-26,,0.19639244487880209,0.3408257952800369,0.20066740967854052,-0.20647072856994103,0.1066543290564588,-0.07102648100816247,0.11826969673056785,0.02270717763563879,,-0.01285036020353859
2018-03-27,,0.1902472498195198,0.33948782140032263,0.1996664713696519,-0.2022204621374174,0.09621877663311958,-0.06880432145135824,0.11033226249883367,0.012315697108927416,,-0.012662529812648078
2018-03-28,,0.18881114091663548,0.33999500408543526,0.19928095051936429,-0.2005938043187451,0.09613702510598393,-0.06880021918674016,0.11043466188986288,0.012358171065023286,,-0.012659518604360414
2018-03-29,,0.1891008284440366,0.3375082195664369,0.196942901466735,-0.20990787004560327,0.09565978835528968,-0.0678772284127587,0.10203739451042039,0.0016344246324011393,,-0.012792799461742657
2018-04-02,,0.19218595757134377,0.339081413729015,0.19146784953639823,-0.21047643557135012,0.08649991155957344,-0.06350045014767279,0.10131062829146516,0.0006720635414396484,,0.0017863142565774173
2018-04-03,,0.1892584859469992,0.3346931559387161,0.19340184158979756,-0.20884824070909053,0.08931711624877739,-0.06540242573229034,0.10443003863757792,0.004025946695347081,,0.00180370977245648
2018-04-04,,0.18737016913460575,0.338204112570391,0.19457870492745044,-0.20779621693101102,0.07863486935441863,-0.06008376508777736,0.10199760447776171,0.0013494649678122154,,0.0017737703973124462
2018-04-05,,0.18004386308387918,0.3411201934361317,0.19190580363602022,-0.19580952575142122,0.08257105076362735,-0.06433418188166129,0.10126029481623984,0.0010842030475009925,,-0.020251419516001273
2018-04-06,,0.1777713233123782,0.34047011469100985,0.19348632945632427,-0.19367081354061566,0.0869870876600986,-0.06619705133816026,0.10412474070537661,0.004419452740223807,,-0.020225642002715056
2018-04-09,,0.19143413900458073,0.35082535942840076,0.19621909909226162,-0.19819233452305093,0.09269688268519391,-0.07485517313589381,0.1042117466969846,0.015110941806091465,,-0.020380174119468436
2018-04-10,,0.1959692862985623,0.3527409726933825,0.2087502079649692,-0.20013608502695618,0.10580259519202997,-0.07996846190687759,0.10425039921535244,0.01895516365040152,,-0.02034950173049597
2018-04-11,,0.19208089297950112,0.34918924316558253,0.20637969816913038,-0.19869596739191403,0.10722034996104114,-0.07903775696553444,0.10631198419573179,0.025259986216766027,,-0.020337366153109524
2018-04-12,,0.2003911380066498,0.3510489596694512,0.21128061814820426,-0.20436460266597278,0.10094717042619115,-0.06792323094250804,0.09589316904578908,0.020869027088303627,,-0.020331399886197414
2018-04-13,,0.2020485912459828,0.35242387491490085,0.21134438635996033,-0.20413474917790708,0.10071702377403428,-0.06855428198193483,0.09706962701778694,0.021009431413335975,,-0.02033259223875871
2018-04-16,,0.20843396272016787,0.35831429806399484,0.2062675355204471,-0.20531181104713578,0.09906445347412145,-0.06639451003380048,0.09691742340553626,0.013132060338545326,,-0.020580819848992994
2018-04-17,,0.20540593684862987,0.35434911766988736,0.20581590998564936,-0.2048376529717142,0.09931108170226148,-0.06492953060795066,0.10548410912369346,0.02288748413356007,,-0.02056306147524114
2018-04-18,,0.20609151468658074,0.367885502956301,0.22039948770433804,-0.19781030717376852,0.09566996288452598,-0.059703671122173264,0.11553135774249464,0.02495947500717517,,-0.020431792912174104
2018-04-19,,0.21189054488443854,0.3618388078546855,0.2200014710641125,-0.22362880277473976,0.09486331729310248,-0.06264662189650941,0.09177464606800252,0.003219777404591416,,-0.0206707812754504
2018-04-20,,0.21225446209403523,0.36209679999144906,0.22358705006856022,-0.22332685078039818,0.09459686970614481,-0.06268316316258973,0.09155064970424491,0.0030094884851478037,,-0.02066960688039727
2018-04-23,,0.21565581840289794,0.36497475608534924,0.2231207037552653,-0.22732075191750345,0.09414105184748749,-0.06121822732869896,0.08909230160206415,0.0013366751035245798,,-0.020625612885593995
2018-04-24,,0.21879700794242998,0.3659778359157915,0.21896539601497586,-0.2278512640382393,0.0873381979103624,-0.05758117340156014,0.08947124623427079,0.00486297645040145,,-0.020626946665206983
2018-04-25,,0.22310223496251913,0.3661899634970118,0.2201275251808126,-0.2261486396826208,0.08471585541103349,-0.05208687468325624,0.08621675749212315,0.0031859439914407074,,-0.020616301510091913
2018-04-26,,0.22963030947595114,0.37232069690916636,0.21900455117901643,-0.2264885012992224,0.07880253307749892,-0.049252815980090826,0.08354714354616431,0.0030922673295281145,,-0.02059823021404587
2018-04-27,,0.22494064610108527,0.3745701078139625,0.21860449913299954,-0.22547651461088639,0.0776263280588947,-0.04447155501629722,0.09177105977127514,0.012788995418424275,,-0.020384902665653144
2018-04-30,,0.2249511397247875,0.3736825891080151,0.21758570345148537,-0.22401109419244694,0.0769076811640385,-0.04518749900636792,0.09048133198823122,0.010639118902045408,,-0.02040560419299291
2018-05-01,,0.22954042997293786,0.3787035701148449,0.22167201341780948,-0.2304101031303033,0.07610331393373973,-0.04457562644316067,0.08600332009424833,0.00751443400652181,,-0.03755852668421807
2018-05-02,,0.24171914535618147,0.4017282951040296,0.22976006083520636,-0.23278791213458244,0.07158991365363268,-0.03866768951737124,0.07654411149002974,-0.0036504984608604907,,-0.03350589026935711
2018-05-03,,0.2433661712259015,0.4024466613499422,0.22583304311814598,-0.23466901922127398,0.07166195240443296,-0.03715417519086646,0.0726579794800778,-0.004720926684540836,,-0.0336653742199644
2018-05-04,,0.23530902185647778,0.39355775135788884,0.2322344940026017,-0.2304034426656928,0.07082922629776059,-0.03734660568068801,0.0782734472782817,0.018523164877275535,,-0.03470749940849761
2018-05-07,,0.2272473125690516,0.38989322227263695,0.22108724221015794,-0.23746570294507602,0.0707027729431808,-0.03851591087723971,0.08503884790431754,0.025757802207460424,,-0.03489008206091979
2018-05-08,,0.2279509268221104,0.39053510822495785,0.22239845728111396,-0.23917430387728467,0.06990087654649087,-0.03861598375885945,0.0841513250013441,0.023130867832156232,,-0.034769870996676576
2018-05-09,,0.228868242653097,0.3911325964718759,0.22195650043925724,-0.23348047096361751,0.06920214304792814,-0.04268241849404311,0.08733771871411242,0.028610168594341588,,-0.035002148501276836
2018-05-10,,0.2349227663110902,0.39647218555290714,0.22214760517251256,-0.2393715477607752,0.07549556918559551,-0.04351861505535834,0.08023538752632318,0.02356215172217944,,-0.03498122511632651
2018-05-11,,0.23520287580260504,0.39753379081542506,0.2249950061445054,-0.23917790552583348,0.07555452889288969,-0.04331219393588687,0.08035266935814182,0.02350005171450307,,-0.03500106773108881
2018-05-14,,0.23494574836200197,0.39799453357280346,0.22377864614944257,-0.23949673461762083,0.0760358020802022,-0.044458456029742376,0.07968334787838671,0.02447767293662198,,-0.0348974900305131
2018-05-15,,0.24328462372579887,0.4019115242724024,0.22252684442705836,-0.24425001093159918,0.08055531646383216,-0.04953361736976154,0.07240573905927965,0.01798328634882442,,-0.03466857106919866
2018-05-16,,0.24304605276382932,0.40151766015371604,0.22099968603240494,-0.24200063590164883,0.08029557538661311,-0.05094249502531317,0.07297866910309686,0.017155086358992603,,-0.034666376963491875
2018-05-17,,0.24173360568299535,0.4017430067753372,0.22129355102668608,-0.2406420083467716,0.08015426675080031,-0.0512350648337227,0.07408440791123823,0.019669028763907404,,-0.03467164903980037
2018-05-18,,0.24558789778339968,0.40263524394827127,0.22225589345130337,-0.24465144616613135,0.08097728487186336,-0.05056798449446413,0.0782112735969586,0.0234848284115514,,-0.03455881385323839
2018-05-21,,0.24373179449182683,0.4015780276557505,0.22541674676099688,-0.24128240672214166,0.08511469650736145,-0.05323235822549603,0.07860660474313759,0.02070226480640828,,-0.034676248527119036
2018-05-22,,0.24450025584616245,0.4000138750339494,0.21848328815998122,-0.23173093183353805,0.07863382241983195,-0.03977321760530919,0.0768078813547982,0.02708472150500999,,-0.03473177256264096
2018-05-23,,0.24382247590806036,0.40296369770159307,0.2189580271164009,-0.2374665748764858,0.07466201329989366,-0.033857080602204666,0.08940899355794825,0.03644727778202488,,-0.0343174391134036
2018-05-24,,0.24690033107104456,0.404845436201309,0.21557434977770523,-0.2392674726424936,0.07371426791137985,-0.033969872562902625,0.08736424132855443,0.035369823880086027,,-0.034351519835298765
2018-05-25,,0.24644168772604336,0.4059560144814887,0.21844796895544513,-0.24201138307239717,0.07507825953129775,-0.03681891142234134,0.08950962112865754,0.036393060744035456,,-0.03433348368891042
2018-05-29,,0.24677697281593033,0.40650371007909797,0.23045166187018581,-0.24411541050923966,0.07697399510390092,-0.04155056774490297,0.09554168948586214,0.04322103950857418,,-0.03424037113635762
2018-05-30,,0.2551623158143428,0.411150374538232,0.23699205768038017,-0.2422036992560387,0.07772164265080794,-0.04342390520705795,0.09533164460335244,0.04229960912868925,,-0.03446582106098668
2018-05-31,,0.25541538001712,0.4114528757400567,0.23683629517507154,-0.24198643052428703,0.07798427757785178,-0.04355829488720019,0.09567951160959377,0.042695327233333955,,-0.03445578373637705
2018-06-01,,0.2510115214404541,0.4109297686921563,0.2364002132676175,-0.23785039649223974,0.08264649204239627,-0.04869437350017051,0.10354570606353046,0.04756910175865931,,-0.040318233122165474
2018-06-04,,0.25042563103228244,0.4109015258991335,0.23112066010179347,-0.23999714241685063,0.08380472370045482,-0.05041301156892892,0.10696687048550847,0.049940763954424566,,-0.04301606190666773
2018-06-05,,0.25544878870736315,0.41647601420467806,0.23279169055220153,-0.24450490466465877,0.08441467581135918,-0.052537126525141815,0.09912181315700788,0.038834623830246016,,-0.04283525461301957
2018-06-06,,0.25468891605290334,0.42035509825154127,0.2244489152412585,-0.24670506869373596,0.09006774278280326,-0.05587993036203845,0.10983794960525006,0.05028178938829528,,-0.042696116175524344
2018-06-07,,0.25960445445404334,0.4223459643614141,0.22737172218090668,-0.24810550227135536,0.08921176164186544,-0.054734641305339386,0.10643189271541925,0.047636174649875476,,-0.04272424976738825
2018-06-08,,0.25952465387159757,0.4213812221259179,0.23327333069940467,-0.24687862787000897,0.08987175273676877,-0.05459261896739561,0.10634133635103282,0.04890697493434607,,-0.042708807745481636
2018-06-11,,0.274232282741235,0.4251500262941654,0.2345755720772978,-0.2525860544109323,0.09017119160950174,-0.05364612020163285,0.1015385216134268,0.04539464008905361,,-0.04280880297491156
2018-06-12,,0.28069448360257404,0.43224866294363135,0.23417880928547552,-0.25947787915134735,0.09112469640374285,-0.056525737723259306,0.10165642689303031,0.04238377409221201,,-0.04289468682948129
2018-06-13,,0.2801399727806883,0.4282371508827877,0.2362331171033769,-0.2619065660883437,0.09022670637253635,-0.05306063108690774,0.10359690633202491,0.04770473338066997,,-0.04305471147472862
2018-06-14,,0.27632583095976176,0.41895503459274375,0.23692627390332285,-0.2696752339327612,0.09077154633036025,-0.053457575373433174,0.10624947686310048,0.05285854848539404,,-0.04301994962675461
2018-06-15,,0.30049206712799553,0.4461123956334739,0.24465259120315488,-0.26847275309586127,0.09108462923366513,-0.0511699313325342,0.10543884326893418,0.0534325235916689,,-0.04263562515837549
2018-06-18,,0.2996550939757849,0.4473974785626162,0.2401376988649757,-0.2668340494290877,0.09197900069163809,-0.052034054385901654,0.10610365945603943,0.057445689077715294,,-0.04251146852102244
2018-06-19,,0.29860408598480276,0.44833595857662406,0.2446862891956345,-0.27203033882971334,0.09528210901435313,-0.057707864910316584,0.1121544778874038,0.06443282499922767,,-0.042225950331039895
2018-06-20,,0.3040038391770579,0.45232191622542584,0.24783021523086493,-0.2766012036271765,0.0921334159671561,-0.057591296523813645,0.10910680064685292,0.060570206996474404,,-0.0422647081602331
2018-06-21,,0.3039510079714106,0.45100641135492653,0.24354124148101158,-0.2727627367509248,0.09017910708612673,-0.059011432758479726,0.10639478342928707,0.059030362369916344,,-0.04237041905944489
2018-06-22,,0.30372150827485317,0.4546517243449334,0.2506991920567016,-0.2712960843044093,0.091571326078128,-0.058932933198018664,0.1070787349866072,0.05928950351821998,,-0.042537840353831666
2018-06-25,,0.3044172649236764,0.4572640916049027,0.2529594535312425,-0.26708051185109793,0.09956558781823473,-0.07014010861445234,0.11048016936874074,0.06021251250900483,,-0.04238178833122206
2018-06-26,,0.30099587471566475,0.4557308429479814,0.2508123732562053,-0.2644552214146463,0.0993206622654291,-0.06894663237562745,0.11175679661568376,0.06140367356184177,,-0.04241691226651609
2018-06-27,,0.3022872678678679,0.4561153521289876,0.24697199297554803,-0.2648019910908676,0.10027300670153201,-0.07001782347075544,0.11292187667463419,0.06282857132809365,,-0.042403257279720705
2018-06-28,,0.3042713645239009,0.4586972501266442,0.24183294172125602,-0.262153610940331,0.09995141888726108,-0.07018270811859502,0.10657238712668739,0.05372106737904453,,-0.04229013571199641
2018-06-29,,0.3037573599162955,0.4569685627128002,0.24061985501165425,-0.2574591829113171,0.09818102304726553,-0.06811501061347357,0.10557557758375466,0.054528146299190616,,-0.042293028913157574
2018-07-02,,0.3074121160923261,0.46050495117415247,0.24100263492411428,-0.25657604626074176,0.10065416696022282,-0.07111406163236193,0.10153298962758585,0.05033802133804308,,-0.03003225595145247
2018-07-03,,0.30232465407019776,0.45547299851855705,0.2387582471097983,-0.2537658707528503,0.10241143707560167,-0.07163977056210727,0.10239170607882321,0.050630151984083126,,-0.030064523121878385
2018-07-05,,0.28762992309175267,0.44514772398281477,0.2519649111910257,-0.24364474872998873,0.0896268141506019,-0.06136496178504153,0.10404563572371402,0.051800361896053776,,-0.023558608054361222
2018-07-06,,0.2895834275917864,0.44263553969126296,0.24397092828030525,-0.24214063726444893,0.08997151846435741,-0.06173740690451854,0.10264216852861242,0.048880019590358766,,-0.02352320814986079
2018-07-09,,0.2904794719510426,0.44325413520747614,0.24339917438041053,-0.24190394512127023,0.0934960653766857,-0.06385840501206744,0.10478488237410692,0.05189328623318695,,-0.023431805740695002
2018-07-10,,0.28950429938550803,0.44629354345060473,0.24136253316157438,-0.24117828613895548,0.09451052970617523,-0.06631661190232763,0.1056015917014284,0.05524803256399563,,-0.023425106410022125
2018-07-11,,0.29947726076473846,0.4553292732639318,0.2726680049533215,-0.2560137350239462,0.10404613200826747,-0.07427431832821614,0.11494910488901407,0.054419024392613154,,-0.02327652605343881
2018-07-12,0.16245061373604328,0.2996897794115952,0.4562933091394671,0.26943273385091226,-0.25226823737249077,0.10861627824284237,-0.07700029215615088,0.11695149647436313,0.06076318519784366,,-0.023230161066595124
2018-07-13,0.16512623968339984,0.29869470108768714,0.45487290629239874,0.2687909434370514,-0.2526063436456832,0.10750106178689658,-0.07621182270495602,0.11865957494345002,0.06370435459370445,,-0.023266679459681795
2018-07-16,0.1798954178405487,0.29855453696945333,0.4531008542717559,0.2717397596615692,-0.25193584447074124,0.10840000084298544,-0.07838326252208885,0.11910851556971008,0.06284191925201,,-0.02325584842454502
2018-07-17,0.18022914752567962,0.2970780064876808,0.45152789910723756,0.27034030296493955,-0.2492901819815104,0.10562743904264438,-0.07535921898245285,0.12255034563232955,0.06277623459325188,,-0.023412993461307548
2018-07-18,0.18548152062945208,0.2948822497051974,0.4488515085512276,0.27537095302149156,-0.24947442340447792,0.10644236205245695,-0.0768395760275269,0.1246596449917962,0.06880134094914826,,-0.023514704307416555
2018-07-19,0.18449869555498377,0.29599624233394267,0.4519478478096041,0.2680277841999848,-0.24918124143408737,0.11013336019367295,-0.0814241892861998,0.13227889294921022,0.08139980772688603,,-0.023513062321586346
2018-07-20,0.17966740001052858,0.30041602964852915,0.4555225569321044,0.2748922776727322,-0.2596319631683179,0.10971760190307565,-0.08136529071659482,0.1410349290021314,0.08853128960256887,,-0.023147824945584344
2018-07-23,0.18002659382039427,0.30069397243520135,0.4557057945279464,0.2747977244296833,-0.2602471088520401,0.10956626195250636,-0.08096460222727564,0.1378841628119447,0.08493001983808666,,-0.023184770271196316
2018-07-24,0.17797275507980762,0.29843159142000164,0.45631357998870314,0.27889868354638125,-0.25941338259123387,0.1128850695858512,-0.08161063277743667,0.133823179547318,0.08185217801008501,,-0.022867754650850083
2018-07-25,0.17866975614323521,0.2986918517594277,0.4566529084390863,0.2782846325494952,-0.2599009302436855,0.1137387699253014,-0.08182286914528528,0.13264972029540134,0.0809832847934582,,-0.022896672811927494
2018-07-26,0.16136373262995798,0.3091144252313504,0.4598880414331558,0.2590316804660375,-0.2683070005863422,0.11240062228057887,-0.08355530680347274,0.10872181826496226,0.06287242515707098,,-0.02374017446369203
2018-07-27,0.16044811004351123,0.3111686237209407,0.4619424178644248,0.2576308413244748,-0.2649945566662343,0.11422637179957845,-0.08561843418995635,0.11487219636638982,0.06908605918742537,,-0.023883550164447202
2018-07-30,0.16023319061575886,0.3115035463313512,0.4615675505065553,0.25538935532883106,-0.26410667736892873,0.11499595740185661,-0.08678536341999442,0.11412567160316452,0.06879008054968687,,-0.023917839273370413
2018-07-31,0.16026130133120617,0.31323353196856835,0.461764727849805,0.24754867350856957,-0.2636899294193639,0.11720265067054379,-0.09173424186931352,0.1116300459957527,0.06631631560171528,,-0.023728624465964875
2018-08-01,0.15858391525918036,0.31662964573494445,0.4607848297335215,0.254307076991121,-0.2621517517817575,0.11804496891115651,-0.09300171438899582,0.09926782075421006,0.05431535410941152,,0.030750724315847553
2018-08-02,0.15795356331017252,0.31804934907653537,0.46092172559782396,0.25219958246009894,-0.26198984749471,0.11772088867706736,-0.09233891391409497,0.09880092617501313,0.05428931740754879,,0.036579725806755406
2018-08-03,0.1574445538663714,0.319118070678186,0.46174981066935833,0.24984082245818628,-0.26189199892986464,0.11921290830557173,-0.09388766179679729,0.09488684006083709,0.0501901168299764,,0.03670521976220604
2018-08-06,0.15733691018520762,0.3207645226306842,0.46293905019675186,0.24755102288593875,-0.2635936214257687,0.11731407002951515,-0.09226297759794663,0.09628781782013086,0.04991202400436332,,0.036428657618075413
2018-08-07,0.1580027699229306,0.32287392225753625,0.4687460159403963,0.24709876960402608,-0.26879180853491447,0.11777187846509554,-0.09260772704261189,0.09758251572855788,0.051218772120852615,,0.036497942326531974
2018-08-08,0.1524793632210823,0.3230508368900998,0.46903410464478923,0.24589906312764787,-0.2681151105936031,0.11751178568898978,-0.09240110154301126,0.09872238844897249,0.05241952426271098,,0.03636426120912319
2018-08-09,0.13835006058401822,0.32427115279767876,0.4676238639011378,0.24743375110539717,-0.26830707871600756,0.1187537678541009,-0.09613046709537428,0.09380696434202754,0.0504210292826895,,0.03629132094538156
2018-08-10,0.13722209256661633,0.3297509044827153,0.47885883923894845,0.24574934673077165,-0.27216481795162084,0.12093375643335398,-0.09977979901498159,0.09766740371678341,0.05244464618052941,,0.0361797484180048
2018-08-13,0.14420179313250595,0.3336217560836477,0.4824233611156186,0.24365873602434882,-0.2735076814202129,0.1173867198476647,-0.09353404719977676,0.09479496293043942,0.05054450713261134,,0.03629680528064537
2018-08-14,0.1442220840241689,0.3303863182071224,0.4774893381382991,0.24380596408205274,-0.2766474169803504,0.11257247597180177,-0.08628625056477703,0.09273567848933957,0.046603360846582745,,0.035739873154035616
2018-08-15,0.14130994177541603,0.34731955046690455,0.5051646954022786,0.2655104320061484,-0.26712409705691653,0.12554330498991229,-0.1014877859011376,0.10985819749532288,0.058077239381889405,,0.033899709669699365
2018-08-16,0.1426978944046851,0.342571717949139,0.5111412885495012,0.26618816786463867,-0.264868217580832,0.13097520909988541,-0.10796905006511343,0.11597124888063184,0.06347556801702701,,0.03428673854590807
2018-08-17,0.10288041166238905,0.3420091706137401,0.5058513516295702,0.27849969949277814,-0.26011102884595727,0.13162787932708733,-0.10754598513172955,0.12704523376918608,0.07612653379344053,,0.034153247540842105
2018-08-20,0.10059815273332157,0.34958977083898674,0.5073100964261378,0.28034935999601734,-0.2616034490089837,0.13002475950059383,-0.10468069090452971,0.11733203491002656,0.06645560891238139,,0.034468626487956434
2018-08-21,0.10132456854823099,0.3513081494393507,0.5084287499853583,0.2834026212493724,-0.26543827752068644,0.13058360175984565,-0.10325369474162012,0.11896142649423073,0.06841295649979014,,0.03460018845498937
2018-08-22,0.09210723965267427,0.34782738917097494,0.5089422064637861,0.2919185739460088,-0.2611369992195724,0.13085955557085155,-0.09835206354286033,0.12298978521160932,0.07132691769739703,,0.03423386920514532
2018-08-23,0.09379628633731457,0.3496269484512172,0.5095919033295603,0.29186511374102103,-0.26430299161989756,0.13080305276556323,-0.09786332297353885,0.12268792159286106,0.07156621224593304,,0.034064124526584943
2018-08-24,0.09401901429545499,0.35866580119052904,0.5144303600335617,0.29571732757907077,-0.2713069925295249,0.13401607142293667,-0.09933387776818442,0.12233849542237757,0.07062047890905758,,0.03430901837534445
2018-08-27,0.08911810734316045,0.36189839490668246,0.5191101776433162,0.30667817453597407,-0.2749151415953754,0.13722712781482524,-0.0995170809105757,0.11986365226389604,0.06724064419575393,,0.03414609454679641
2018-08-28,0.09397531987953388,0.3610290378548748,0.5168060002146244,0.3046615107833166,-0.2763294811335148,0.13680458296860443,-0.09832112882132102,0.12316391867888893,0.07088714051272876,,0.034307055452426044
2018-08-29,0.09459974548521258,0.35775057327263615,0.5151151075917697,0.3110716873703261,-0.27112894113337827,0.1350600264853994,-0.09784772452056352,0.1248376788061223,0.07257031143148063,,0.03393183901200677
2018-08-30,0.09366132980940035,0.3582296706452295,0.5160336679136177,0.310197617423146,-0.2724845675169734,0.13624020287896077,-0.10055280695694113,0.12782928932122675,0.07493001355747786,,0.03368629653481896
2018-08-31,0.10148353464434896,0.3546602281595462,0.5154188711468126,0.3109274779473682,-0.2755617271918147,0.13705024213167794,-0.09823877384506632,0.12905041973656467,0.07131733621811012,,0.03339185382554051
2018-09-04,0.0988104428323677,0.35758145175566836,0.5235508298971054,0.3077393359579555,-0.2783084564510693,0.13730196160886812,-0.09839811806815459,0.11851304838257541,0.06765220263252043,,0.0894455874464655
2018-09-05,0.09365677490209615,0.35657817894841765,0.5230055409430502,0.30540397307131045,-0.2800762476355582,0.13634323912325583,-0.09649940093121306,0.11653612531350215,0.06742021655086917,,0.0840965114681147
2018-09-06,0.1051635834176052,0.35756640958250047,0.5212998185989534,0.3006572132029556,-0.2802408050941157,0.13576830046610142,-0.0977117234542657,0.1184221503251697,0.06992506108777818,,0.08420886167661805
2018-09-07,0.10559517501541045,0.36007374299896405,0.5217223318843396,0.29960249475841816,-0.28121098552863966,0.1355625514333303,-0.0965533779992701,0.11241794806459669,0.06571472973398856,,0.08382620807119212
2018-09-10,0.10543616341791849,0.36222127995573683,0.5236867484055457,0.2991067755216971,-0.2860443959945342,0.1356597600929486,-0.09715677759979034,0.11165573777627276,0.06482254585093404,,0.08399173093519688
2018-09-11,0.08750414080794897,0.3688516656983444,0.5325833451041507,0.27949967247762986,-0.2968161859957064,0.13445613208750723,-0.0924012755581124,0.11121845653137354,0.060467702097078614,,0.08616666202094794
2018-09-12,0.07717752755449589,0.3812660785657028,0.5394139901029299,0.28253844644251364,-0.306122825766968,0.13034743479609678,-0.08894977916374212,0.10270203542929861,0.05145980008681859,,0.08614040469857318
2018-09-13,0.07828675561322289,0.38054137916294123,0.5398237683525399,0.27981475448034815,-0.30644629639239745,0.13206547368257734,-0.09009773717316813,0.10699115835351053,0.05419045977939488,,0.08663717032471742
2018-09-14,0.060776877589255124,0.38181267194612734,0.5427008492024251,0.28793928800664087,-0.30313266423507645,0.1325992566460824,-0.08954118857527786,0.10706286992868083,0.05521232682893912,,0.08693054821510748
2018-09-17,0.05835857425914253,0.38293094366348446,0.5426049995127775,0.2900814667470602,-0.3074345400585427,0.13129187676450196,-0.08822456625596746,0.10714987762822063,0.05497617283153883,,0.08733914321526315
2018-09-18,0.05559262840247268,0.3751901980113449,0.5345921613088991,0.29408750008558343,-0.3020350752791771,0.13563051144268853,-0.09461832070971511,0.11797319478032732,0.06408989047389083,,0.08736394454389076
2018-09-19,0.05786824195133486,0.3807339789999364,0.5485683074178888,0.29359835502286835,-0.30356411531361904,0.13545572544719509,-0.09431992114982056,0.11616539432780973,0.06340316262591517,,0.08717371747390391
2018-09-20,0.061800840681749306,0.38119177069929283,0.5491375106193603,0.29324607735167346,-0.30427469268390506,0.13648169385993877,-0.09424319545973084,0.11574689102635508,0.06268221985855928,,0.08727707913153736
2018-09-21,0.06776606604381422,0.355652331119018,0.5422164262039212,0.2859098460824576,-0.28820884540322583,0.13178613857445426,-0.09373303806550909,0.10810302546905867,0.06067242224048325,,0.08664511610643708
2018-09-24,0.06575947460958903,0.349817058145329,0.5396557774103896,0.28337899012011236,-0.2919800841023669,0.13134451345269885,-0.09537272303051554,0.10752721509969072,0.06206365173965096,,0.08689947822658602
2018-09-25,0.06959604326443412,0.34925263369137144,0.5374288246112247,0.2831769979411548,-0.2910281317158544,0.1316467512797445,-0.09549494029289002,0.10735191930223968,0.06214705910708931,,0.08664082637972956
2018-09-26,0.06947803966447401,0.35170767435123423,0.5383846342123306,0.28601227853576505,-0.2911043527389486,0.1311473793208832,-0.09489616231127436,0.10584512535141591,0.060880097760715984,,0.0867590874503246
2018-09-27,0.05943067719223895,0.3549386129941112,0.5386441954269355,0.2822729787908077,-0.29690356769754916,0.12938492951890085,-0.09271493462572408,0.1071169359177984,0.06437112728766678,,0.08629620483096816
2018-09-28,0.05830891483456039,0.3611671445653569,0.5381480424119242,0.28374835159109313,-0.2976536807056571,0.12848581214924756,-0.09285861712846616,0.10443140769123803,0.06221099932201571,,0.08635587385484964
2018-10-01,0.05058829806197238,0.36141577001513964,0.5393437976324249,0.2857461224017396,-0.29493105482601634,0.12795578252506454,-0.0909583959364036,0.10436314510223894,0.060573938995230614,,0.08548484450357839
2018-10-02,0.047612269959706174,0.3624653945626675,0.5393787000003571,0.28547331330237424,-0.29349756416664197,0.12871941153082853,-0.09102723572977003,0.10339076831896048,0.06361703034850823,,0.08609310663791771
2018-10-03,0.04941161064044661,0.36133231189115333,0.5384864523901735,0.2892921875303856,-0.29216725359276846,0.12854096737048112,-0.09218773253381449,0.11076537611196606,0.06970050681083037,,0.0872834417369831
2018-10-04,0.04730602688768242,0.3602962025513882,0.5383487106970142,0.29844514669662464,-0.29034584990779133,0.13449103090875533,-0.10502746999734232,0.10410090525243973,0.060884548648739045,,0.08600971087375385
2018-10-05,0.0561856862622334,0.35930563053021847,0.5374009045818514,0.2985412998272765,-0.2897622316905177,0.13549262176443524,-0.10557842070007156,0.10282057790319209,0.058359399727988724,,0.08585528846527145
2018-10-08,0.03945113406881398,0.36281298560219405,0.5372315344042089,0.29324920650956654,-0.30736798271063326,0.13094055588474002,-0.10139286041160551,0.09956979798607218,0.05627236149938384,,0.08581156872947894
2018-10-09,0.0328029097344482,0.36418705810609686,0.5401546119215768,0.29374865913089615,-0.30886064489253534,0.12916111258302426,-0.09960193619170778,0.09617784583170605,0.05085175994350559,,0.08631573587435099
2018-10-10,0.03254789792816436,0.3635519102750822,0.5412938619857653,0.2965815105488891,-0.306878074410944,0.13652549963881647,-0.10788774058532154,0.09507169609916367,0.04888880457459916,,0.0858674129489903
2018-10-11,0.03252547407548404,0.36171368798558545,0.541479658114697,0.28340215344877645,-0.30725364939959293,0.12561593811300245,-0.1039868832239486,0.0863916323993918,0.04730687647386796,,0.08587634045236398
2018-10-12,0.03290801642693207,0.3643946243115215,0.543566270789054,0.2823554202359452,-0.304695437208665,0.12391948204770951,-0.10196410740668933,0.08682226733842018,0.04897706682377272,,0.08557171325964988
2018-10-15,0.03324489581662606,0.36072884820509743,0.5414183740301016,0.2852276952101881,-0.30545819584969935,0.1254628925561053,-0.10206395007231461,0.08810356432743308,0.051339781129483036,,0.085191262570891
2018-10-16,0.03346491537538257,0.35974014593977155,0.5410043569419427,0.28417859185311395,-0.3052628424486545,0.12136911034410504,-0.09870127468298207,0.09088922800498277,0.05220657005848941,,0.08491522749170817
2018-10-17,0.034866308843902676,0.36669994483895263,0.5506334554296587,0.28152860878514596,-0.3147723508557873,0.12142322033880061,-0.1033876541429415,0.08474370550880307,0.04153563910188111,,0.08493180980233792
2018-10-18,0.009247639287600622,0.3602878914312005,0.5480609287839212,0.2844699476036239,-0.31520243780008855,0.12665642695235732,-0.10620926446969323,0.0840284966075779,0.04342434057470067,,0.08510901919935308
2018-10-19,-0.00044717656213852814,0.3588509929708722,0.5481424697023357,0.28558720015852956,-0.31741356381779806,0.12625110725066,-0.10692580784550602,0.08784033516091032,0.04684449997563456,,0.08557602203412279
2018-10-22,0.011579745521547677,0.3595659372485666,0.5511724782525431,0.28523438379920646,-0.3165878708013398,0.12571303580085058,-0.10710410265088054,0.08720777218447247,0.04637139566443579,,0.08577461933966804
2018-10-23,0.011993980397836154,0.3538372010743778,0.5456789167206608,0.2888198795104856,-0.3166781734029359,0.1275577478748204,-0.1084875143413475,0.09026340745434673,0.047749065705839006,,0.08534366780524331
2018-10-24,0.012338414166847871,0.3535799725597287,0.5454079028375233,0.28797838274760046,-0.3176303682346911,0.12510755037340088,-0.11029107486867192,0.0904545619174992,0.047391147068678495,,0.08514635919491302
2018-10-25,0.01248860107746835,0.3542103517952879,0.546533758022978,0.28742436885741973,-0.3171728069753495,0.12470698792414507,-0.11053941601550783,0.08954688906191083,0.04647934183637335,,0.0850517162954099
2018-10-26,0.012349648293316267,0.35409606734825155,0.5460640524524987,0.2869375059743104,-0.3177420998206409,0.12377226689063738,-0.11049839926793256,0.09114890763797565,0.047142050463884255,,0.08518053869864055
2018-10-29,0.012383606099463918,0.3544355741053637,0.5444219250291747,0.2872617343963561,-0.3215103301710305,0.12401002534586777,-0.11057150232431094,0.0910787031472347,0.047244923218541846,,0.08515195559935715
2018-10-30,-0.003982649419604593,0.35741515955626363,0.5390249886444765,0.306139593439061,-0.3242416914492315,0.11448654085199261,-0.11645687931382773,0.0800163408022992,0.023098215298925334,,0.08475514303615321
2018-10-31,-0.006530326195820417,0.35564657467559757,0.5374823482058639,0.3052145731069393,-0.3238231457603753,0.1149208738679126,-0.11733362149874411,0.08246557383626064,0.02506401271990325,,0.08467491203613181
2018-11-01,-0.007605926944509732,0.3676906607746328,0.5456902943968884,0.29007920680802807,-0.33508333711484917,0.12206947423792103,-0.12371950205985958,0.07829581912277829,0.029311216874452477,,0.0309752275097727
2018-11-02,-0.008266506897483697,0.35533961994372193,0.5358985135830897,0.28214493261244417,-0.3285555816104618,0.11324280131712909,-0.12196433428091177,0.09559097291663923,0.04374921431009769,,0.04219911550469131
2018-11-05,-0.007442010711490254,0.3546541111761749,0.5367320529572744,0.2815178497941551,-0.32422991046266475,0.10964684773646143,-0.12252666949706395,0.09821629054781612,0.048024594795710515,,0.041376724906439226
2018-11-06,-0.0073910062357791465,0.3545168165558572,0.5369745444819406,0.28739575378903187,-0.3225237000968319,0.1084865005805456,-0.12464326569470863,0.09693991175924549,0.04706253673144138,,0.04132550980417683
2018-11-07,-0.007188936217431683,0.35097502689053756,0.5346045612650944,0.2799421830153875,-0.3224333845524974,0.11320627861132737,-0.13041203598662104,0.10002406873104613,0.050368724543388095,,0.04119938167000232
2018-11-08,-0.007952245385926272,0.34934922173198285,0.530553346216806,0.2813234734621427,-0.32163300878854173,0.11392711270553926,-0.12811053424700394,0.09651667733097534,0.044072971799383125,,0.04203873825099767
2018-11-09,-0.0069383892486398315,0.35604124828140704,0.5350601159650654,0.2837885639824157,-0.32408978383279125,0.11907902427968993,-0.1294923544740072,0.10324660827688403,0.04824818584266702,,0.041037301957103575
2018-11-12,-0.00698548706126054,0.35706383199221486,0.5348743721887136,0.2845550808500717,-0.3261033996949866,0.11929950054608453,-0.12947954699248965,0.10348660783124994,0.048642407758247186,,0.041080249049975315
2018-11-13,-0.007286882285148618,0.3569451553772187,0.534538767471237,0.26651070641053054,-0.32680280900790654,0.11894765676290536,-0.12923214119907342,0.104035015995133,0.04936105110872444,,0.04133348932125197
2018-11-14,-0.00706338243274355,0.35728797569992243,0.5334073111368642,0.2683580754098252,-0.3311772736302576,0.11619623180137137,-0.12843402794252964,0.10218389005892682,0.049580261940521154,,0.04119705100932764
2018-11-15,-0.008459812318240592,0.36303600875794134,0.5389862961135852,0.26425203439852496,-0.34209693228408705,0.11989536091958752,-0.13120448597425124,0.09841592805602527,0.04516278048945362,,0.042401827204126545
2018-11-16,-0.009458837676085786,0.36654390984250435,0.5404973055321963,0.262572017877944,-0.3477262338515734,0.12010907018837463,-0.1358380202998066,0.08794481089634143,0.03150005191269185,,0.04307575940617591
2018-11-19,-0.009547304294741637,0.3666069567353802,0.5411803266597275,0.2624978114993878,-0.34732754656697246,0.11959123703391186,-0.13627717325972816,0.08818613264355643,0.032538798252159606,,0.04315183695682742
2018-11-20,-0.00864933534851682,0.366704273669459,0.5422983754594028,0.2683771304743946,-0.3506449315355344,0.12735709873191775,-0.1397695617344863,0.09002708104391506,0.033103728177919366,,0.04232999701816659
2018-11-21,-0.008690258070982759,0.3806607883331065,0.5607362315646403,0.27339445727263767,-0.35600650242472714,0.1279663331182658,-0.14016945522976096,0.0896842610831618,0.029853366278217077,,0.04235634823226282
2018-11-23,-0.00781424835577269,0.3797612174368693,0.560505871337473,0.27107851173309133,-0.35615294847712786,0.1273643223414522,-0.13781675668666188,0.0917341375736456,0.03039794397860306,,0.04164192115919058
2018-11-26,-0.0074933009012181084,0.3796872359437422,0.5605696077497275,0.2678045895775028,-0.3575025812562489,0.12479965041415497,-0.13580359439288406,0.09279816138012148,0.03138464725282915,,0.04136747009218363
2018-11-27,-0.006255279961509828,0.3857630028182367,0.5647329510931478,0.26478988689147026,-0.35725204850872005,0.12203646575529985,-0.13490372064432415,0.09418732155119901,0.02177238358362178,,0.04023737262912863
2018-11-28,-0.008014764644564713,0.3963091058536559,0.5719420676278936,0.24472809950109156,-0.36675719598475376,0.1424798559105568,-0.1359276900483903,0.08789968474227798,0.008366142383488432,,0.04135066608539327
2018-11-29,-0.011491490103815004,0.39805725959569344,0.5696908618341356,0.2417862396351535,-0.3627428424659347,0.1500265983188106,-0.13591847110240446,0.09016716116913427,0.014888272718257666,,0.04203292782351835
2018-11-30,-0.0030214241750398914,0.39562726605068327,0.5672804987873148,0.24008727959681309,-0.3619259497224226,0.14986595079249262,-0.13424635598399462,0.09338189698613103,0.01792644624827304,,0.042448085661276155
2018-12-03,-0.003398472395368653,0.3980181750353016,0.5677914945651019,0.24328321285082552,-0.36364390245320566,0.15263276527983796,-0.13637173341465045,0.09193753946876712,0.016094372640485508,,0.028034341450367057
2018-12-04,-0.0022067791625259878,0.3895530261278816,0.5616832589528642,0.23812278482107593,-0.36020622163577926,0.1684226592337183,-0.14791387893492955,0.1077684520122826,0.032219231479182875,,0.03948402407716747
2018-12-06,-0.0021171262909671757,0.3898427902150405,0.5615815220370676,0.23810912723450878,-0.3599931025859012,0.16851955740632085,-0.14802909360875818,0.10851652504037351,0.03222929427072652,,0.03940131668237397
2018-12-07,-0.004535123068393114,0.38111738668055267,0.5560134503951674,0.24921655254157557,-0.3637181646427354,0.1604324417531123,-0.155118524019359,0.09900036044086986,0.031215433780628354,,0.042606289537641465
2018-12-10,-0.003663754359731946,0.38160076296736506,0.5582983587664682,0.2593322253329939,-0.3703288552705262,0.15931479688164227,-0.15294665227004337,0.09988130678041769,0.028754174150836306,,0.041748486710968986
2018-12-11,-0.004344660515987553,0.38153052025035455,0.5581664505036219,0.2620865022485217,-0.36677784115801476,0.15835617740075764,-0.15447323844383606,0.10245378037041251,0.04144448542380121,,0.04220482405400976
2018-12-12,-0.004171088419371455,0.3828491052487725,0.5564829362953814,0.260940216532889,-0.3669826474349771,0.15769367657193636,-0.15366849641052097,0.10241502386543992,0.041791578150146426,,0.04206243886318887
2018-12-13,-0.0035984114739224422,0.38424746928224224,0.5581088858534531,0.2569772979334621,-0.36715633568527106,0.1568098826842197,-0.15258845719140274,0.10253697805067175,0.04091105489211429,,0.041613582137137096
2018-12-14,-0.0033998854367946877,0.38520220800593474,0.5578398945640148,0.25751832540227326,-0.3677240985781686,0.15571217098768217,-0.15348706177945393,0.10199236397485224,0.04106780011918425,,0.041444960302497696
2018-12-17,-0.0028503337071033533,0.3812805412021334,0.5549398557722739,0.25967784796379123,-0.36309069616928086,0.15624724023099906,-0.15491656715155014,0.10853040561274942,0.045579693360294216,,0.04100443550616229
2018-12-18,-0.001241903265157764,0.3737370279609296,0.5510817491136543,0.28585863163320563,-0.360176039289547,0.15521816475148348,-0.1574847230765291,0.11667647113720621,0.05920842831679055,,0.03916050649657074
2018-12-19,-0.0011888960621477375,0.37562935995641544,0.5511121323968641,0.2904955666862976,-0.3713627858905393,0.1396412817802589,-0.15092411259929642,0.10644742798635416,0.05268778063423143,,0.03913688700272612
2018-12-20,-0.0007108438330770616,0.37052591126065487,0.5497013840004985,0.2923754766206253,-0.36271814350575077,0.1414893472921852,-0.15278890263838646,0.10463801579049707,0.046672572928944535,,0.03869869008705716
2018-12-21,-0.0002566124771908658,0.37240389554686476,0.5510309921827177,0.29267632038378216,-0.36455885780418545,0.145647322469266,-0.15441725389701066,0.1037828501952524,0.046714669532124616,,0.03826452464842514
2018-12-24,0.000510298200962916,0.36710084306413604,0.5483968878716857,0.2866040276965565,-0.3617084465318277,0.14674184822501038,-0.1539456665112277,0.1007518381503978,0.04486782981686275,,0.03767846293508769
2018-12-26,0.00017824619699296812,0.36689030762100305,0.5529339129957421,0.2957100461475329,-0.3525014727666449,0.16206465788710017,-0.16087571926518918,0.10807632695297231,0.05482246728887737,,0.03788853927249892
2018-12-27,0.0011054089347690645,0.3596594058284332,0.5442580671763668,0.3009986855243647,-0.34303384283250193,0.15776923964197193,-0.16019397547118575,0.11439693504230383,0.05756269327719092,,0.036983581419213665
2018-12-28,0.001476254009967282,0.3571530128670189,0.5429503471786309,0.29786904401522735,-0.34292757548687564,0.15824632779322115,-0.1626838887255461,0.11665739817501482,0.05689011589359698,,0.036728593251440865
2018-12-31,0.0023108036516464006,0.3566595950037818,0.5366681943221221,0.2958723254285191,-0.3375805274029528,0.1526390518392402,-0.1552028836028872,0.12526318303192602,0.060088437066915336,,0.03582391042985916
2019-01-02,-0.003082585697609596,0.35491307253728344,0.5346873444628174,0.294481076019382,-0.333299093732464,0.15221383865815666,-0.1541132936331959,0.12389953225178986,0.061469912519126646,,0.035494372452526284
2019-01-03,-0.002292217926231967,0.34589392674351604,0.5270362683123744,0.2890877990997075,-0.32301759790673973,0.16411186890286508,-0.15854267341107975,0.13998902101523417,0.07785904663044953,,0.034563978469526614
2019-01-04,-0.003805323088722581,0.3327751647957534,0.5212461037188181,0.29470067818858714,-0.32484563829508617,0.19119872756127496,-0.1759120313050259,0.1687078322740495,0.08778651492162715,,0.02736995532232672
2019-01-07,-0.003882008776675655,0.3327201317097941,0.5221386641343045,0.2962937073331496,-0.3215179262738717,0.19150401323722738,-0.17714543713659134,0.16728043034036383,0.08741291793217756,,0.027440762415605485
2019-01-08,-0.004107145726674361,0.33114222300960433,0.521147241933144,0.29819550018291563,-0.3197574474871035,0.19307201522945427,-0.17816131576805827,0.1690949257497377,0.08662940698085997,,0.02761794583078744
2019-01-09,-0.004579032320119761,0.3318885543146437,0.5222173779326935,0.2945277379086017,-0.3178855293696531,0.19565317593472017,-0.17856674017511562,0.17146846825582415,0.08762964647265928,,0.028056031783586944
2019-01-10,-0.004371298030783384,0.33252567071668643,0.5229305236197342,0.2940118124879272,-0.3192447708256513,0.1947399467449075,-0.17787010696124095,0.17131376229984074,0.08641470701386224,,0.02786547973379309
2019-01-11,-0.004841464723324339,0.3330773988293321,0.5227850848444437,0.2911574781420772,-0.31767895455613016,0.19457038956826797,-0.17966183145774886,0.1698902445780534,0.08107262262612956,,0.028240393272955997
2019-01-14,-0.004219387256703198,0.3311567188658926,0.5217436981740095,0.2920965542856297,-0.31581384829395426,0.1957894582369185,-0.18009090164824243,0.16902938719184768,0.07945376518846223,,0.027697316124662873
2019-01-15,-0.00431382065607869,0.3308515036355057,0.5214634115475415,0.2919278957862821,-0.31545071587205004,0.19630976629375513,-0.18027630646047454,0.1691759368072712,0.07968117542871486,,0.02777695981029708
2019-01-16,-0.00511440115560599,0.3358953934858831,0.5223698819067606,0.2926972682734896,-0.32043952597384123,0.19763241745924598,-0.17836106339203014,0.17204705647006127,0.0791037910552006,,0.02839128219784016
2019-01-17,-0.005223058517908115,0.33582047269776993,0.5216025234454624,0.29260378770931816,-0.3222360828944484,0.1981532503064764,-0.17954246298994486,0.17245562548619328,0.08055935402304601,,0.028482547829956815
2019-01-18,-0.006225805121870078,0.32998450125375967,0.5163036852505788,0.2990965931924672,-0.3170004154452416,0.20583223892873237,-0.17941795446370742,0.17947782676793844,0.08204700582085679,,0.02930555927159101
2019-01-22,-0.00530559242896397,0.3305377766123164,0.518717366995706,0.3034215982806521,-0.31454048640399823,0.21169679545399223,-0.18681965192423222,0.1858169130530906,0.08267513025998423,,0.028416804128049856
2019-01-23,-0.005505434590873019,0.33145242902864186,0.5194382872212312,0.30326891986226956,-0.3146789418939874,0.21223515116907585,-0.18803846019931406,0.18690341979474195,0.08312806262982249,,0.02858960633961277
2019-01-24,-0.005066767066240677,0.3322685069670158,0.5202262799524329,0.30176707828444205,-0.31576834152812394,0.2111561244545725,-0.1869208227069869,0.1881509830507281,0.08320359235395049,,0.028201013525542214
2019-01-25,-0.007150591736188046,0.3509276207947221,0.5300372927741858,0.313261093647268,-0.33824518116780244,0.2190245904008683,-0.19278755489147206,0.18728916712726193,0.07906877480950406,,0.030048169232029007
2019-01-28,-0.004965271350571734,0.3284036981329989,0.5085380709920452,0.31452930741279866,-0.313767396909158,0.22600616348814173,-0.2032130883509751,0.18175025508757003,0.07698053884560736,,0.028490238853284233
2019-01-29,-0.005730529386640862,0.33155045967156516,0.5099968483098746,0.3191069996241765,-0.3118245770264635,0.22471816862650637,-0.2018406828593559,0.17569050713040388,0.07027184032753171,,0.02906787683148961
2019-01-30,-0.006523213710814608,0.3309368282604397,0.5105489692197223,0.3228294559173094,-0.31869106641675216,0.23202367723812517,-0.20562568532701536,0.17490456267688168,0.0560980020412936,,0.02968977361382675
2019-01-31,-0.0060852150291824565,0.33367226057510996,0.5141627661371246,0.32236026341245533,-0.31709343974661885,0.23371629303015293,-0.20889286212610997,0.17237621199647063,0.051080967490868906,,0.029936541391676844
2019-02-01,-0.005809705071842461,0.3337565974057153,0.514757645295209,0.31914412388932756,-0.3167639977459156,0.23349443278970303,-0.20803426842067316,0.1694749172175972,0.04968261818646097,,0.02639743120237838
2019-02-04,-0.0059249067038280355,0.3322271814066147,0.5147424757404448,0.31663529098773885,-0.31396593132403516,0.23475133792604633,-0.20845681881305342,0.1699411400584311,0.05019522011979105,,0.03147406018683575
2019-02-05,-0.006463787994881468,0.33083929271166723,0.5151421053764943,0.3137723014087973,-0.31064637830444963,0.23387791855627857,-0.20663700006003344,0.17414370760849973,0.05024146410735472,,0.03186755594750416
2019-02-06,-0.006313904235717391,0.3300179074344205,0.5140462004527853,0.31852150500720283,-0.31269131399100114,0.2539717378842076,-0.2684531681658327,0.18111513461178114,0.0539498462345349,,0.03177918445112184
2019-02-07,-0.006619703564514643,0.32839483479727893,0.5133039965936039,0.3172266221231485,-0.3130057917337233,0.26061484263960144,-0.28007315275125255,0.1794585971153443,0.056606485796275495,,0.03203917628868141
2019-02-08,-0.007689223030509559,0.31616480121559365,0.5027930187476858,0.3096753057179006,-0.30016318553200383,0.2590412656103628,-0.2917970748075926,0.20610904975332997,0.07465328173229983,,0.033167675441649544
2019-02-11,-0.007487993692110606,0.3176230354454663,0.5040065508257288,0.30996803106141435,-0.30152389125278256,0.26441858520904643,-0.29423449914828853,0.2041587990163968,0.07352898675738924,,0.033003817614839955
2019-02-12,-0.007871526567478186,0.3158963867460383,0.5011392171646134,0.30331734558999845,-0.2972256708093881,0.2698613662434345,-0.3036704610422873,0.20051045674402457,0.07572256976840627,,0.033359194625669504
2019-02-13,-0.0072233875953115634,0.310891132384865,0.4953097192329025,0.30369628968389145,-0.29367554361504533,0.2644742581175505,-0.29784247628693145,0.19685917005156986,0.07416606396518945,,0.0329802548061809
2019-02-14,-0.006345520140599626,0.30976089049794603,0.5001940071747536,0.30668608155742466,-0.28461939391306784,0.26457283443830265,-0.29773084384131626,0.20088304532077808,0.0767642718969639,,0.03254125865787775
2019-02-15,-0.005846162227290346,0.2961104551010073,0.494578887799963,0.3032213490491054,-0.2749254148290912,0.26009867122634434,-0.28410863839773254,0.18871303365217704,0.06598509433487758,,0.03233059977746962
2019-02-19,-0.13440776291339207,0.31294424449380537,0.5005216498978684,0.3036380775966638,-0.2819375985722024,0.25802316480566,-0.2813070404146205,0.18296428114536337,0.06049094279204359,,0.032724567891155985
2019-02-20,-0.13385132244955986,0.3136900313092573,0.5042351188862053,0.30606232475494016,-0.2844617436893563,0.2579439846450731,-0.283985945368225,0.183752057406232,0.056712272250531076,,0.033054732411829386
2019-02-21,-0.1341829969413844,0.30728129044786806,0.5012748548529057,0.30781915779916014,-0.27805837725163685,0.25661120142489463,-0.28219320181482155,0.18377204712393852,0.05485719402637849,,0.033387564067882555
2019-02-22,-0.13355611171125345,0.3096293258584756,0.5014502268857193,0.3086183968943516,-0.28243855643292,0.2607752894546156,-0.2849884381220263,0.17376952753319586,0.04228643765561499,,0.033592279095741064
2019-02-25,-0.1337063979996368,0.3099908796562847,0.5024384909080275,0.3072079566245086,-0.2799459344950168,0.26063778316302366,-0.28391002231713947,0.1752843538187253,0.04282502192575963,,0.03327492904721352
2019-02-26,-0.1337960384883243,0.309597824351649,0.5016662172618371,0.3094028235487321,-0.27781267715918406,0.26631038833635207,-0.28980711869622344,0.17267727974276903,0.038895587050978016,,0.033507145026922994
2019-02-27,-0.13372933081026736,0.30797549857894674,0.4998488989105135,0.31090025878972377,-0.27740053941003123,0.2681146168524206,-0.2910529083258495,0.17419076463769578,0.04000449362663239,,0.03376137013733312
2019-02-28,-0.13144566788742393,0.30404409116229436,0.4978889525867574,0.30893194588790773,-0.2732506203838189,0.2649200056822845,-0.28642015885969574,0.17993496166494743,0.04472637456023648,,0.0340814351621635
2019-03-01,-0.13175214770689572,0.3058987101766697,0.4977626456570795,0.30639793435026763,-0.2719324483873378,0.2594584929844394,-0.2811321594391641,0.17252575341446685,0.040237333298110176,,0.02480322782551065
2019-03-04,-0.13169582370142086,0.30806086365514673,0.4987118281093594,0.3040432568019347,-0.27376662914206934,0.260074241182381,-0.28288409911406903,0.17412052084716775,0.04094937349805811,,0.028152308165753346
2019-03-05,-0.1315264818507187,0.3092209423621658,0.4993184520975387,0.30369950941743856,-0.2728393660529396,0.259475295661641,-0.2835062581341499,0.17445970496777177,0.041692184319702355,,0.028344428070657537
2019-03-06,-0.13151565495679976,0.3085934980207363,0.4994705161422836,0.3041466265487022,-0.2729490692883507,0.26036344340051387,-0.28439138303043243,0.17548138297574228,0.042133486811265226,,0.028131875787128148
2019-03-07,-0.13175161714694889,0.30507042722429933,0.4977315608490988,0.30403540389103784,-0.2684186512924051,0.2601087415643551,-0.2842018393304146,0.17619644733849638,0.04183921150158838,,0.027828438247679613
2019-03-08,-0.13177286379350062,0.29905270816589297,0.48957004557900374,0.30309807963154783,-0.26634042695435467,0.26041530948057706,-0.284437788736072,0.1771905931570951,0.04306234936975653,,0.027870593451428668
2019-03-11,-0.1321827810930667,0.29520703625597555,0.4914099652383914,0.3003308296622474,-0.2607586425919392,0.2639585994409982,-0.2908313992347846,0.17565914395305038,0.04156865496489359,,0.028527480012375903
2019-03-12,-0.13267338251500232,0.29672902520951766,0.4915539776752832,0.2937027671699142,-0.2629161346523921,0.2570218839928625,-0.28541974074417403,0.16781634356079336,0.033389151858116924,,0.028371062621615224
2019-03-13,-0.1326554697217762,0.29632785007767437,0.49142944113055437,0.2933253867079748,-0.2640659127188101,0.25716746475302227,-0.28504050552335247,0.16735200113820944,0.03248805756916278,,0.02853579926892863
2019-03-14,-0.13241651713055624,0.3011144435813012,0.4948825111767965,0.292033143820821,-0.2651497870443768,0.2581549691785203,-0.2855781871496431,0.1651369177646472,0.03348780736365136,,0.02790694700806731
2019-03-15,-0.13245685804117915,0.30272584405257164,0.49706330347402017,0.29154469154015805,-0.2661969464331151,0.2603843146624005,-0.2881939517423601,0.16518992401987923,0.0317400910270051,,0.027871885097622208
2019-03-18,-0.13254383952272783,0.30093618540155387,0.496202323808392,0.29232287404269464,-0.26364189826089857,0.2603726437171943,-0.28987128429549397,0.16619845333606542,0.031772092327376905,,0.02815449467309178
2019-03-19,-0.1324802624762452,0.30088062901212764,0.4958883275067524,0.2943513414768311,-0.26405232038251975,0.2606079505558463,-0.29021061095290046,0.1681331239191303,0.03494705931192899,,0.028462937664365973
2019-03-20,-0.1325376686345187,0.30292713350257067,0.4971032809122015,0.29357596360205046,-0.26491326627496503,0.258536743791654,-0.2880898891719723,0.16728375054736724,0.035501194334127364,,0.028653732264032946
2019-03-21,-0.13278913984066765,0.29944010618100175,0.4936088639380044,0.2994598071553562,-0.2614064480744248,0.2574335396824618,-0.29093560828886805,0.17242016356921225,0.04200216251373971,,0.02896857523007165
2019-03-22,-0.1322258962040652,0.29086221205416773,0.4903251751665122,0.3005413199231581,-0.25956757947862247,0.2679679804634682,-0.3022120337055569,0.18382276142686665,0.051691237292394644,,0.027995211118778684
2019-03-25,-0.13232866831343762,0.2952669895212905,0.4911452050690255,0.2985389789188932,-0.2597750804263802,0.26208482595455657,-0.2969424296726721,0.17602369768733053,0.0463488134415754,,0.02849496383525422
2019-03-26,-0.13241337628925054,0.30684948661440736,0.4954788430101462,0.30280829402308657,-0.26485969110629626,0.2584935673681537,-0.2944707583876728,0.1761473237085237,0.046478283176914055,,0.028784706112880264
2019-03-27,-0.13244929982842843,0.3082318953065396,0.49641862697761896,0.30200095348447875,-0.26952264215040567,0.268546296127713,-0.30219544998169073,0.17601017220620646,0.0483774138841028,,0.02909794867885818
2019-03-28,-0.13264961273389345,0.3085821034036642,0.49430982218554026,0.30300671616021635,-0.27154565597865693,0.27702843165493446,-0.3065475999640154,0.18291293836599512,0.05615675146673601,,0.028948996059920788
2019-03-29,-0.13194799724165385,0.31245786161024236,0.49947469222431173,0.3062923790682563,-0.27155434900495723,0.27986151177983304,-0.3089696472704738,0.1871429161454238,0.048091879808364664,,0.02935960790357207
2019-04-01,-0.13210498255558062,0.31376416027900494,0.49947101249596276,0.302626719439882,-0.27195004642385534,0.27482545939022546,-0.3058699228225454,0.18401947019553355,0.04708417088184915,,0.02965323401892369
2019-04-02,-0.154601375176702,0.3114544673927771,0.4998230017263046,0.3056662101699248,-0.271571145552394,0.2834429598043343,-0.3139677987175807,0.18528406345111373,0.04842459813299387,,0.020590524094425362
2019-04-03,-0.15412651996901955,0.31356440211691305,0.5051577014001915,0.30389854408402245,-0.2753829691324587,0.28215955700101475,-0.30993193771738897,0.18734979021038492,0.051200911114015125,,0.020842755422450357
2019-04-04,-0.15429320988107248,0.3164826943189666,0.5027799561135416,0.30487877183158674,-0.2793407537668262,0.2886623829067149,-0.3134587916279669,0.1888298772848851,0.0512905238766255,,0.021003341757091256
2019-04-05,-0.15544787625677664,0.3279921626978861,0.5013425053999973,0.30388945807655476,-0.2875844520809025,0.2850766656888868,-0.3089869154212739,0.18238650011986562,0.04311841008715017,,0.020216979708907443
2019-04-08,-0.15491675834032606,0.33243211631223896,0.5033011906240793,0.30589844082520645,-0.293503609327177,0.284332643206084,-0.3058774511016937,0.18264300310027898,0.0421214729751078,,0.020788038417160055
2019-04-09,-0.15505394843880982,0.33153870184123896,0.5026429869254428,0.3045729898559674,-0.29242084090599213,0.2834882183326286,-0.3053976194523923,0.18186851818922467,0.04137991518287854,,0.020624861091549793
2019-04-10,-0.15609891876705553,0.3281174928879513,0.5023861062191854,0.29703880474551353,-0.28852621416644214,0.27551927471890636,-0.3010151977126843,0.18102764933507792,0.040847691104716886,,0.019957018849736156
2019-04-11,-0.15595561647616119,0.33853221635142505,0.5081731315268743,0.30171618788593163,-0.29047492159183413,0.27429418209727824,-0.29976209640400214,0.1770893735042665,0.03424547107193147,,0.01970461803083289
2019-04-12,-0.15512069218194416,0.33139139753978203,0.505069047133095,0.30378734555417425,-0.291856609535863,0.2826280785496344,-0.3123491919452441,0.19389107776896106,0.04690202654014523,,0.020947431931486828
2019-04-15,-0.15519524062703197,0.3315383957617113,0.5049715502597693,0.3039651698431532,-0.29165231965559996,0.28307011338996435,-0.3124074234871193,0.194165133339812,0.04716706096140976,,0.020721501841811
2019-04-16,-0.15544548288580964,0.32952393412153425,0.5048453345587723,0.30651429382904083,-0.28963777711989375,0.28158852318178146,-0.31122934251814094,0.19317934139335646,0.04505848987844774,,0.020430032453407472
2019-04-17,-0.15474162565475255,0.32857428229268626,0.5060642892711624,0.3050140469112465,-0.2894230124089761,0.2819155784073127,-0.31048956087011087,0.19208260644563901,0.04504987132049709,,0.021079274642579506
2019-04-18,-0.15609287847360884,0.32621749429537583,0.4935144501563351,0.2950152801560983,-0.29820122110108355,0.28212571180844587,-0.3117078976631356,0.18568995945603295,0.04210118015897637,,0.01975917674253531
2019-04-22,-0.15610708311777358,0.32464866829967326,0.493184092667639,0.29087761726504724,-0.2947884075908481,0.2806356191907103,-0.3117665462425874,0.18759642116533878,0.04414654698126836,,0.019794223378014352
2019-04-23,-0.15615343254722136,0.32628693298293154,0.49310857963195664,0.2903531856716754,-0.2962544458130692,0.2803938791599441,-0.3123257727893028,0.18784914249846382,0.04416890558667566,,0.019660064487090824
2019-04-24,-0.15596829877956161,0.3255894700197462,0.4969039872045371,0.2901448030019966,-0.2895902266957694,0.279708558854343,-0.31093961747439913,0.18607388156864568,0.041129482924321684,,0.020145009712436997
2019-04-25,-0.15613687944782678,0.3222049942980619,0.4954114330337641,0.2943104670515717,-0.28836965552963084,0.28569855564473357,-0.31638121089765286,0.18310002853540613,0.03909184724840606,,0.0193149233929882
2019-04-26,-0.15367949626596455,0.3292799873880477,0.4983097819961348,0.27487781747007,-0.29099180575860173,0.2865831423024453,-0.3173983081537468,0.17402583852378833,0.03275913477283977,,0.020211270719230033
2019-04-29,-0.1527961817883634,0.3317322582791367,0.5014489721100616,0.2716767230300399,-0.28323117655928054,0.2864504011851889,-0.32129739805268265,0.16361384728921757,0.018903299667713026,,0.0194042095127551
2019-04-30,-0.15332928832689338,0.33745881493105473,0.501666220691442,0.27306319521637795,-0.2858915550922385,0.28864042411315977,-0.3280321632561587,0.1580523302458844,0.01176924575903205,,0.020325917125265307
2019-05-01,-0.1516494316504352,0.3348501985168903,0.5096684920551249,0.27136314305250514,-0.2884961048726597,0.2942583379452246,-0.33911467932879313,0.15517346038594898,0.0005899979735176968,,0.05936426115833997
2019-05-02,-0.15176234742320371,0.3326508812457387,0.5078114864471612,0.2704117388107117,-0.28455518547310343,0.2960113135444881,-0.3402323376974586,0.15733837876628426,-0.00034627917076272797,,0.07125562954294255
2019-05-03,-0.1515236650429667,0.33736952399810843,0.5096090278682653,0.2690196921072797,-0.2886033011894588,0.3027820706039927,-0.34670019985580647,0.15553712140707604,-0.003864138428936104,,0.07132943548132155
2019-05-06,-0.15150979472382664,0.3371545017445536,0.5087418174041592,0.2689395145130529,-0.2882838691722423,0.30227662858403814,-0.3394003214915081,0.1547927612721623,-0.00443139211791166,,0.07134543002752597
2019-05-07,-0.1513505289619935,0.3349672624273823,0.5070131123410286,0.2707970041568939,-0.28914265745608836,0.30790651717228523,-0.34606444195957375,0.16033397253799545,-0.0016905961795888986,,0.07044282271366253
2019-05-08,-0.15135687805337247,0.3351747281113279,0.5071206196977676,0.27074274663722453,-0.2889464802154087,0.30826432425416317,-0.34609236404334964,0.1592805296901356,-0.0029738338930099754,,0.07039411671368476
2019-05-09,-0.1513443445781007,0.33504811954791436,0.5069476328197862,0.26945654905081573,-0.2873233954398723,0.30824941793674826,-0.34626962415079665,0.1604700120896568,-0.0010249257613047416,,0.07065014914533128
2019-05-10,-0.1513311135702628,0.3350724708305585,0.5071583265401112,0.27064519880441085,-0.287399726335061,0.3088653515276674,-0.34439798568205565,0.16081578994347703,-0.0011117887896584934,,0.07068522131531524
2019-05-13,-0.1517034725926517,0.3161129778939503,0.5014705315765007,0.27217628608100164,-0.28062094788243924,0.31552648502497765,-0.355241546721153,0.17332889725069497,0.010403846820298364,,0.06908194733822372
2019-05-14,-0.15168284539019017,0.3154646039804081,0.5015646094736853,0.272676725840883,-0.27995581058444013,0.3156288288374412,-0.35453229892713234,0.17355406400319917,0.010392571630572387,,0.06912093326066267
2019-05-15,-0.15146014687787504,0.315409687960222,0.500948199462942,0.2733880516210105,-0.2795785525047718,0.31676312478732693,-0.35577041367045054,0.17197951742810336,0.01053232494011213,,0.06960009725659173
2019-05-16,-0.15150076977421306,0.30893227478025975,0.4945291780615998,0.27499665444774146,-0.27449933404686194,0.31508750998160423,-0.35263738311090864,0.18348008819456849,0.017200532203114467,,0.07026295032029295
2019-05-17,-0.1516610599537495,0.309037988071132,0.49412998338477204,0.2748764321685576,-0.275860577055932,0.31497970713272294,-0.35201424662640723,0.18298624459408863,0.015176398099520025,,0.06990685442252581
2019-05-20,-0.15185101719232358,0.30938229899050734,0.4925945889407411,0.2745106326312236,-0.27600143002397337,0.31585869606832934,-0.35239609802106053,0.18107614657160861,0.012183461443038956,,0.06950017383286547
2019-05-21,-0.15188465248079366,0.3107460938643686,0.49283960831646756,0.2744508775214109,-0.2754676619564608,0.3137880383226305,-0.3504246178758754,0.17832767160384902,0.008900102476648904,,0.06970102555317936
2019-05-22,-0.1521519682744037,0.3096477680724108,0.48978651198368206,0.2763043789520349,-0.2759795191012255,0.3125064654830281,-0.3484153026631735,0.18150267041963788,0.00981512423630621,,0.06863181774447501
2019-05-23,-0.15253293663006673,0.30853591566361444,0.4884052367685223,0.2717610454084114,-0.27532347221909237,0.31298081748133016,-0.3470325619250043,0.17831847311425433,0.008325442035548119,,0.06830025137314603
2019-05-24,-0.15268176879517725,0.30732116184167435,0.4845902283514564,0.2731587176048416,-0.27177494652665074,0.3162488375318072,-0.35358139790241233,0.1722289353215666,-0.0007705597497962893,,0.06961985556621329
2019-05-28,-0.1529464415126424,0.3044635963739084,0.4812522181295689,0.2754767987870717,-0.26994918363674253,0.31683681075619985,-0.3529419699866744,0.1734524463827844,0.00021415370244947678,,0.06929954190197972
2019-05-29,-0.1528527841417894,0.3020535675942781,0.4772950121321414,0.2747328980567712,-0.26990181496352994,0.31825732547760255,-0.3525944251406969,0.1741877684980513,0.0024684869676840264,,0.06899433443959656
2019-05-30,-0.15285349590717584,0.3000418876219743,0.4757380963043685,0.2744103798990947,-0.2692417047769339,0.3172781605421367,-0.35458768890539694,0.17559936141676125,-0.0018112560027603638,,0.06901381060938022
2019-05-31,-0.15379924324137845,0.29290902949990866,0.4747018339217121,0.27415300097050926,-0.2670202926206384,0.31797190322716884,-0.3557034278192084,0.1768694116893468,0.0007030695339835174,,0.06867331011014738
2019-06-03,-0.15370764723119795,0.2930533922049329,0.4749757086704344,0.2742035263230019,-0.2676541345628205,0.3178214235277758,-0.35562737412420875,0.17371641677872707,-0.0018822736399844908,,0.06562468522332378
2019-06-04,-0.15391345274664153,0.2961343078456456,0.47604490802720134,0.2784389529888542,-0.2707125177567072,0.3168895995916212,-0.35369156271545393,0.16987098419106375,-0.0037316603890644776,,0.06991500705163532
2019-06-05,-0.1540629399667727,0.2932528646490405,0.47426393069033634,0.2879985127556826,-0.2724603749722579,0.3099950237493695,-0.34690345201387857,0.16411490273265103,-0.004996130498083675,,0.06857542232910908
2019-06-06,-0.15482640691392568,0.29416045034323846,0.47412818952532026,0.2878953968433328,-0.27373702308024306,0.3127154121247722,-0.3465041192953394,0.16813661699549576,0.003964625973317482,,0.06841645873249466
2019-06-07,-0.15592119625194176,0.29475303534987407,0.46830306302647057,0.28854214727665595,-0.2661825088351845,0.3055659381498216,-0.34389968472389165,0.16096633840241387,-0.0019099352356359213,,0.06749628935915798
2019-06-10,-0.15549521578007028,0.2832657961534448,0.4508953828064346,0.284220587966032,-0.2628936853166571,0.3069471875719073,-0.34538680798855015,0.16953007098018147,0.00993697456700235,,0.06772798878484845
2019-06-11,-0.1556297141956942,0.2839393929916371,0.45288453743448925,0.28476014050842763,-0.2646358952066993,0.3062798228832782,-0.3456376661680204,0.16908788376537232,0.008639489180846133,,0.06762444310603652
2019-06-12,-0.15575880762081898,0.2833647474754211,0.45939457645009146,0.2875373927380401,-0.2659053208484859,0.3074496275320375,-0.34541419208502516,0.17257736154502878,0.010649178402082675,,0.06801385317921133
2019-06-13,-0.15571236687204248,0.28324898791866104,0.4588871978649371,0.2875346262800791,-0.2657933563818906,0.307649921298737,-0.34546410002749295,0.1718485505664314,0.010705270270143936,,0.06815122595852503
2019-06-14,-0.15573382723589313,0.28259122248492,0.4595625875150213,0.2863317681331916,-0.26862342832167874,0.30831067890988206,-0.34439911152775377,0.17082882433990418,0.005743104865067362,,0.06758730364759603
2019-06-17,-0.15555744363967125,0.28504934264274495,0.46691627531480234,0.2859019215483172,-0.2653907532463084,0.3093050697823039,-0.3472494205133924,0.16860035707686513,0.0036861207428004862,,0.0682934476586357
2019-06-18,-0.1550289525441789,0.27190252333526077,0.45979427856562216,0.28821019566453177,-0.26397388229866353,0.3147165605662578,-0.34987918134056367,0.1601957764928972,-0.011879206363878021,,0.07025254548564433
2019-06-19,-0.15510973049521937,0.2733935726701095,0.45994053102010435,0.2910631830620634,-0.25950664303544624,0.3134152660461971,-0.34697546834068205,0.16269388799093717,-0.008021811152139792,,0.0704698568782991
2019-06-20,-0.1550150015147242,0.2774360299621763,0.46005982318924316,0.2946606380812324,-0.25932161719618924,0.31475597589306403,-0.34124958776650943,0.1554754348233047,-0.02422649993370627,,0.07191106934513943
2019-06-21,-0.15504927407407715,0.27733286626039155,0.4598420990302351,0.2940263476218158,-0.2572517744796389,0.3148472151956845,-0.34165421965409365,0.15237878559652726,-0.026509087705842257,,0.07175321242619905
2019-06-24,-0.15503195849313664,0.27468365508406717,0.46006585415478674,0.2932908563017173,-0.2586054178873967,0.3138432150120973,-0.34026189448289457,0.15037099971258633,-0.0278175263098473,,0.07208724175079795
2019-06-25,-0.15467012425425203,0.2742985704313622,0.4573859932186504,0.2934970903949863,-0.25576744196378504,0.30897533829703266,-0.3360496567763686,0.1473639577705947,-0.024924853394919767,,0.07234268885717704
2019-06-26,-0.15478931786106698,0.27455351353797136,0.455449421172087,0.2882031579434757,-0.25987289159441856,0.3050815088511424,-0.3299648345888281,0.1396173417867193,-0.027974750073879232,,0.07261929510219682
2019-06-27,-0.04023907625597877,0.2758274548422332,0.45552071607918526,0.288791866027512,-0.26147774107334326,0.30501714241179145,-0.33008719775888784,0.1387415774903102,-0.027961869912849845,,0.07257459186330008
2019-06-28,-0.04024068755676741,0.27557748691013717,0.45511182197771416,0.29131754671887927,-0.2619194821700028,0.30434452445969895,-0.32994041254029993,0.13839044993811797,-0.02845134871843166,,0.07257093447421928
2019-07-01,-0.03631768186097206,0.2773795716364163,0.45433390770752,0.29169826225491685,-0.26489163525368953,0.3044318711498985,-0.3302864866698936,0.13761506114630437,-0.0288455554010706,,0.07127928964641224
2019-07-02,-0.03485957547167059,0.2702821653570789,0.45401728296830396,0.29427919841198363,-0.2670907192921785,0.3035086628668265,-0.32691977023660385,0.1407589331123432,-0.028132217573951176,,0.07091340641516442
2019-07-03,-0.03263642554689014,0.27108212818792937,0.4551977789142679,0.2960409801125881,-0.2655526030523699,0.30566527727295983,-0.3285252895722905,0.14034561575174218,-0.03027577698861447,,0.06649109822207153
2019-07-05,-0.033878243057944686,0.2781778735134176,0.46109972529788373,0.29610793703714217,-0.2707222193571962,0.30495228410438907,-0.32889043252262384,0.12978786150694097,-0.03499363760396925,,0.06653624989423979
2019-07-08,-0.03361459126820552,0.2881768610524554,0.47064342258050185,0.29283583039319033,-0.2784686981822625,0.31787567735712274,-0.3434576050904097,0.1329985825078149,-0.0349783776800673,,0.06862081675836397
2019-07-09,-0.03787973955261248,0.2878004965635595,0.4670714572023211,0.29185510328283204,-0.2801678425968597,0.3174414877056495,-0.3448365825365422,0.1302021175279651,-0.036306186264990215,,0.06804700004479493
2019-07-10,-0.029397193551385092,0.29409055754348146,0.4665382057920504,0.30414167063891223,-0.2876252787125618,0.31642388646278496,-0.34825649368545,0.12907775971481622,-0.04678442813764036,,0.06819208366030505
2019-07-11,-0.02956548172150924,0.2941665176621253,0.4666427051920617,0.3045353746590771,-0.2873161225444285,0.3165819090764174,-0.3481844242703716,0.12677201971187574,-0.047483908515863274,,0.06818299250000348
2019-07-12,-0.02944464441185463,0.28498496746395174,0.45846617367191955,0.28637195315045294,-0.27343163141027466,0.3135763062487486,-0.3436160608421103,0.1197196232527323,-0.04793682771485309,,0.07066591310140218
2019-07-15,-0.029630193880038843,0.28485192445888435,0.45695767404386645,0.2858183258233221,-0.27421800551823533,0.3109936306431899,-0.34002577659805916,0.11771129834087422,-0.05126014612505418,,0.07051585518988447
2019-07-16,-0.029744443123597943,0.28569145265745544,0.45126593748751265,0.28689053357302047,-0.2753082636826261,0.31140939620158054,-0.3402010591075902,0.11615439560214513,-0.051691298025016326,,0.0702588184055364
2019-07-17,-0.029511191397568404,0.28684153946575247,0.45180166495834034,0.28456994055013407,-0.2777267131026706,0.30943814647562273,-0.3365045595796289,0.11366402394846008,-0.05141440781630925,,0.0706717801503306
2019-07-18,-0.029520904398099908,0.28481091685410614,0.44829300374630215,0.284807180581622,-0.27415826888577427,0.3101370275065831,-0.33833738865438273,0.11457481616700702,-0.048377079172489505,,0.07086840538559994
2019-07-19,-0.02590782268333826,0.283154869460113,0.4474612726344641,0.2849401999660988,-0.2681950622517133,0.30561759077627754,-0.3329685801165601,0.11548218401290546,-0.04902973133374686,,0.07109323861825832
2019-07-22,-0.0257997101259813,0.2808822009805334,0.4369637480023259,0.28880228106093364,-0.26890970170448225,0.3031956008931627,-0.3256007032907546,0.11099080971400813,-0.06053503832417338,,0.07205359023180193
2019-07-23,-0.02654202580436255,0.2785833663374682,0.4326569528459474,0.284245740203007,-0.2592632681853018,0.30387423072330677,-0.32456292381671104,0.09909430494309263,-0.06943082706034001,,0.07127388322284023
2019-07-24,-0.02640025156939473,0.2783162699657376,0.4327630399167663,0.28296139674678017,-0.25877268490845634,0.30447131601128097,-0.32532345797072104,0.10136389582207972,-0.0680293826789474,,0.07154989270464757
2019-07-25,-0.027104271543170324,0.28138883913105844,0.43163397882534293,0.28130411191562565,-0.25906666466813183,0.30357842747051506,-0.32632252245301857,0.10382195750448947,-0.06726067235689293,,0.07099374962764353
2019-07-26,-0.02727534234209186,0.2800024667085039,0.4314470124636147,0.28044784150541774,-0.2597144366308298,0.3012398873338472,-0.32445027667341964,0.10329562643006798,-0.06821549528877625,,0.07058278996667383
2019-07-29,-0.026957975922599364,0.2797851552068906,0.4316621462059356,0.28218075853591457,-0.2595094863149648,0.2998324517338326,-0.3207120650542255,0.1009238984125707,-0.06932901188720479,,0.07095973081023534
2019-07-30,-0.026174525762021162,0.27344288110202414,0.4268427905014415,0.2753623810106569,-0.2593950105141937,0.2994434350867117,-0.3230709656870622,0.09881081097376627,-0.06980391710565548,,0.07045326543513603
2019-07-31,-0.02519677292214679,0.27376550663168614,0.4276483045057278,0.2760389136373641,-0.26196624393239293,0.2999410666879716,-0.3232842672931803,0.10065960107727272,-0.06851920196066111,,0.07037636347870181
2019-08-01,-0.025776786794274933,0.27317496412952524,0.42626283762907874,0.272242510472048,-0.26450728015398384,0.2977980920661364,-0.3173703954505709,0.0983966704334444,-0.067630858713351,,0.07016609760881763
2019-08-02,-0.021183177097070693,0.2325268907463287,0.4108426283987379,0.2458082373955965,-0.24829902700440198,0.3036756486413455,-0.31037180078413745,0.12105242474812834,-0.05793416834621279,,0.031091171484928674
2019-08-05,-0.020041394062411344,0.22402598347634425,0.40724194095524996,0.2490334404299619,-0.23971606000466028,0.308676681900375,-0.3148906911456567,0.1291121226610824,-0.0523858778292805,,0.030773462942275592
2019-08-06,-0.02037051727957953,0.22427397367332624,0.4068232997666849,0.24818648131013765,-0.23877396558628475,0.30897578603935527,-0.31421269395219903,0.13230154998081115,-0.05176899864556942,,0.030657950610064766
2019-08-07,-0.02068406448897743,0.22317963281103098,0.39890804212087755,0.2437287141753224,-0.23733552414047637,0.3109156631725229,-0.3170584274389857,0.1284204502548988,-0.05249532978646651,,0.03129070119416095
2019-08-08,-0.013301768607559784,0.2173771216352187,0.3896258016759393,0.24823033901422595,-0.23477490630247952,0.31624554261180654,-0.3218731043092872,0.1302902923047576,-0.05689758985253317,,0.03146563090287745
2019-08-09,-0.012885762169312979,0.21773782428633734,0.38959064211976624,0.24399505275949304,-0.23369302831333286,0.3172375615356787,-0.32292417116949035,0.12875160693639592,-0.057780792154041506,,0.031217036744642167
2019-08-12,-0.012885012790562192,0.21770368827289693,0.38865639061183244,0.24395074529228375,-0.23655342374510147,0.31719892039386616,-0.3223954685888537,0.13002337511935821,-0.055579515029062485,,0.030991078150334223
2019-08-13,-0.008956984464235616,0.21408685818807155,0.3827869123392932,0.25328879053501724,-0.22399109437574036,0.32156387990724067,-0.3281045355369622,0.13197095749625756,-0.05637780503511588,,0.03176193510118835
2019-08-14,-0.007652893256001488,0.2072063783025573,0.3734104041550704,0.25807205219198537,-0.22570519171078313,0.32839600431057997,-0.33468421503943746,0.14254335253295072,-0.051909977577261686,,0.031318715514317516
2019-08-15,-0.007166658745306605,0.2084329197598849,0.3767941658181889,0.2582282507868263,-0.22098909680094986,0.3333742690445913,-0.3441364357229878,0.14563909695531482,-0.0483437124937714,,0.032061547240660265
2019-08-16,-0.0063197810752145854,0.18497785973519407,0.3396767360974623,0.24607747768288313,-0.22882304405966422,0.330551564761578,-0.3358865088197818,0.13481874401404206,-0.05781495325281627,,0.03454251116347341
2019-08-19,-0.006864093168717132,0.1866167415145102,0.3295098481367002,0.2456604041330494,-0.22830057770147177,0.32770725166988973,-0.33147562590934726,0.1318599291698086,-0.06021631441076534,,0.03409476756830467
2019-08-20,-0.005616233994895914,0.1858054246192156,0.3262247682199629,0.24463880038341648,-0.22536348756952274,0.3289598382158723,-0.3316245087744224,0.13380348787482904,-0.058630014172987785,,0.0336062010377107
2019-08-21,-0.006161791199439952,0.18107947295432553,0.32620866799283393,0.242909745910244,-0.22256924536749087,0.32921886473673845,-0.33207429881288725,0.1410213873026733,-0.05172124234414127,,0.03328848261624411
2019-08-22,-0.004423556599153751,0.1820196541015848,0.3265956519201043,0.24171716694385698,-0.21586392332089757,0.3287305702420085,-0.33519959198004695,0.13491924323468368,-0.05685254539014617,,0.032553967448356896
2019-08-23,-0.0048939631493630145,0.17078426101785227,0.31609086999096125,0.245438136986382,-0.20951492374375827,0.3331252135639323,-0.34115358903004367,0.13988934370847858,-0.04824851684813844,,0.03242394457412447
2019-08-26,-0.004620085787459302,0.16854132012424752,0.31597992577208206,0.2446401446145404,-0.20422322704051765,0.3341033822394496,-0.34150657212820074,0.14107427651405885,-0.047227581264692696,,0.03283062178842057
2019-08-27,-0.005161001790769258,0.15810265435286344,0.30684045831081136,0.24219043254982425,-0.19705471278270298,0.3320624182711276,-0.3400382596373774,0.1389366914183896,-0.048654119999124404,,0.03240670119812961
2019-08-28,-0.00560663801401687,0.15742276812335437,0.30707432236723375,0.2425924957017861,-0.19581297196591554,0.3322038606318622,-0.3405457833040662,0.13788876093288274,-0.04956273870094482,,0.032430420508216345
2019-08-29,-0.008177955794980919,0.1569979214521394,0.3084844944445753,0.24429309252880138,-0.19385941065574475,0.333094794563685,-0.34277297998307027,0.13558973530225452,-0.05392647343147435,,0.032219412302158995
2019-08-30,-0.008063988982709918,0.1582023423504989,0.30680676686295216,0.24992995249290803,-0.19878636051664048,0.3345995157676045,-0.34549660667094817,0.13638447673444848,-0.05810546041321267,,0.032165585778274275
2019-09-03,-0.0070213477611356335,0.14837058779952225,0.2824697154095593,0.2531139206368556,-0.19814000656295622,0.33514852047409893,-0.3447108144701044,0.13750699694292462,-0.06046818043279309,,0.02540596734685935
2019-09-04,0.0011372637354924264,0.15054512348937013,0.28984339080069055,0.26517659840209984,-0.20389358764697615,0.34137100817063143,-0.3575889746384918,0.13609215839418667,-0.0582522490307069,,0.026558178798628033
2019-09-05,0.005827757222848295,0.12008941388756864,0.24610801642101862,0.2674615093242511,-0.19882545122368186,0.34768676226984563,-0.36108890798830484,0.1637589162442131,-0.04211240583571008,,-0.031525340682376536
2019-09-06,0.005466109801070701,0.12086103347465763,0.24417975940419223,0.26825579187338233,-0.1979567436363596,0.3479656863938518,-0.36033407654742466,0.16387746293711478,-0.04272480116256308,,-0.031698355568747595
2019-09-09,0.00487979899755005,0.12055154256877992,0.24561731824383595,0.2694691756069228,-0.19664832179266345,0.3497450801605689,-0.36322568752188844,0.16312098601846406,-0.04289462513254028,,-0.0320394458750606
2019-09-10,0.005016512726251207,0.11913208528718999,0.24548071048452633,0.2695704828358467,-0.1950920109320281,0.3495101906876785,-0.3630652158995241,0.16600239410717268,-0.04012446560237248,,-0.03191018405177144
2019-09-11,0.0043696136575483045,0.11883666857897558,0.24564476180984388,0.27085678716805256,-0.19583409989193915,0.3478569419430451,-0.3617514379924287,0.16414727617454436,-0.04183723435588383,,-0.032094879487845514
2019-09-12,0.0009683559429535576,0.11971730012923926,0.24501752776768232,0.27039852321069263,-0.19911253416864955,0.3485801391305892,-0.3634367850247293,0.1698268450509595,-0.03987093459518402,,-0.03174083126303627
2019-09-13,0.0036023620094013838,0.10691073976890313,0.21378009354495447,0.2642372214343131,-0.19459487126456992,0.34763452638331466,-0.3655558644144144,0.1897030425458631,-0.02142988712269237,,-0.0316983260023703
2019-09-16,0.007916026288017637,0.0986891432106945,0.19445393543748438,0.2034344791670723,-0.20114469312060496,0.34726421847120736,-0.36816386540153734,0.19835951375064592,-0.00830819563572422,,-0.032093892333480915
2019-09-17,0.008916172858622675,0.09465337166669653,0.19116613478151973,0.2062961728304237,-0.19348853398875904,0.34779994893889,-0.370202401698271,0.20403603286350616,-0.004265250516086441,,-0.031933217826373386
2019-09-18,0.008399622746966,0.09416018689323812,0.19237222070307344,0.20743847208111382,-0.19457895178306298,0.34828412462347436,-0.37198047815315083,0.2046086279405174,-0.007740079600992431,,-0.032113855465984185
2019-09-19,0.007342832319438763,0.10030270850371152,0.19789732421867162,0.20431387642703377,-0.19903918293480244,0.3478105179652901,-0.36910261479373224,0.19493092744263976,-0.017445804514018014,,-0.033293548982834084
2019-09-20,0.007346463722315245,0.1003014390927426,0.19811506063178877,0.2046993188121698,-0.1989744769795839,0.3477138594093874,-0.36936029972248824,0.19549534704951443,-0.017203739045159365,,-0.03328480663824131
2019-09-23,0.0070206421731072235,0.10037895219684165,0.194702479681383,0.2051679224328247,-0.19760467688847927,0.3470962479099296,-0.3696259519393436,0.19441814981584013,-0.017235327042012763,,-0.033349984081853
2019-09-24,0.006563119263247297,0.12155518642194961,0.1966943409261069,0.2103580300925647,-0.2163302020206856,0.3566947450905349,-0.376298446518694,0.20090338172101968,-0.018260811146861847,,-0.035340938877404374
2019-09-25,0.0065318843374424515,0.11829031316556068,0.19167628318105775,0.2120333243498499,-0.21250294775034745,0.35643894835065765,-0.37573082609299235,0.20158503061174352,-0.015962402804111646,,-0.03512024431597398
2019-09-26,0.007990564382178376,0.1173020840926899,0.19593216964815216,0.21183951333004972,-0.2148330504398006,0.3564727821298973,-0.374897538652127,0.2066060081058265,-0.015383601531934991,,-0.03527282720609845
2019-09-27,0.007895455282867019,0.11471817408392769,0.19172089993273203,0.21074785836467036,-0.21578466516598224,0.3544376956907153,-0.3717436835777978,0.20678615529908348,-0.011849582401739727,,-0.03503003255264139
2019-09-30,0.010460739928401323,0.11323194599878225,0.19274288637090448,0.2155969049810272,-0.20738223054521754,0.35545855968864587,-0.37322083776413334,0.20706480848617959,-0.012470658940705936,,-0.03491369342329481
2019-10-01,0.009745931871925845,0.10821018332638736,0.18533884164011044,0.21439328603386526,-0.20772188190865898,0.3566213491279656,-0.3733650211730497,0.20765879926066336,-0.011934084789449545,,-0.0372926691820078
2019-10-02,0.008174877949370822,0.10904987531630952,0.18541799416910626,0.21558522145687947,-0.2077216462778052,0.3527778171307049,-0.37092493289024026,0.2070831626763387,-0.011126852065192618,,-0.0605741470840608
2019-10-03,0.007373113377782202,0.10437017308107359,0.18337528364436273,0.21579803362798808,-0.2083166769180279,0.35107670389400997,-0.36879530324316845,0.21045173066994316,-0.007469824567453009,,-0.060794096694467156
2019-10-04,0.007711909430420897,0.1063168216562058,0.1837946604299421,0.2142856809340193,-0.21185000027353817,0.35204245699120523,-0.36848715011974026,0.203539804496474,-0.015991990131758057,,-0.06095510799905458
2019-10-07,0.010583634211931514,0.10294204592558387,0.1802959827307633,0.2084202179021205,-0.2121712275025536,0.3478084268020598,-0.3564258186216067,0.2147213104235232,-0.004241433660075223,,-0.06090783018327564
2019-10-08,0.010187726693260152,0.10370530660380319,0.17993554274765888,0.2086072825897726,-0.2134644178881016,0.3472478935489615,-0.3558764374941358,0.21675235171842328,-0.00246221524806012,,-0.060895519114579674
2019-10-09,0.010158205986212483,0.1056264268365194,0.18205522378356198,0.2085967327891251,-0.2138124929088874,0.34670553637427937,-0.35578347429090573,0.21552831926836655,-0.0026664420136557772,,-0.06092726550631724
2019-10-10,0.012437087025680752,0.09750622771411804,0.17390302301922075,0.210711888526341,-0.2190171074334746,0.35030410902188885,-0.3601507036280233,0.22722774175385352,0.011028775305892278,,-0.060830069737092256
2019-10-11,0.010060797595292796,0.09537473860262992,0.17194673990090262,0.2096609708975598,-0.22295315183305703,0.34873069344068075,-0.3614638981170545,0.23123410337390474,0.016288103192974423,,-0.06067292177065237
2019-10-14,0.00972230098375832,0.08498319483650071,0.16795627378990147,0.21406953091574807,-0.21817447690625782,0.3592396785959504,-0.36670613580159567,0.24101459831259492,0.02041874194273195,,-0.06088331367411833
2019-10-15,0.008405227645364733,0.08793437143098197,0.1709557577670907,0.21529852998826524,-0.21641140562502392,0.35783691644629634,-0.3671295945702371,0.23778486966090837,0.019559262340140136,,-0.060922312680296874
2019-10-16,0.007841079146523345,0.08629712004855208,0.17104076795554782,0.21395155171354374,-0.21375466259501225,0.3575310423392808,-0.36718847495089557,0.24003613593498724,0.022237530333464296,,-0.06093131962838456
2019-10-17,0.008233717373644334,0.08660196273936294,0.17149404009452754,0.21454553922375996,-0.21460179539237184,0.36304489159321063,-0.3736488569484342,0.24033643562474785,0.022133218156754644,,-0.06083949976992858
2019-10-18,0.011848601772955636,0.0836281249180762,0.16974535033508234,0.2136674676272069,-0.21959763526574833,0.3596222821150723,-0.3702120612754391,0.23946502840014014,0.021449126104820637,,-0.0604128572108407
2019-10-21,0.012139509109364673,0.08356399987457948,0.16870902618168068,0.21140828162115888,-0.21641712607967947,0.35694448364265713,-0.36681159787821965,0.24093702851721852,0.024347322121452915,,-0.06029387000704455
2019-10-22,0.012829721926778758,0.08492000261946624,0.1689250528778982,0.2091820390011491,-0.21528792527784393,0.35830038438547246,-0.3676158187925511,0.23945460848770297,0.022425333952594502,,-0.060617550598097085
2019-10-23,0.016440235253125088,0.08859372967815009,0.17029650033819188,0.21503482235345567,-0.2168264698165741,0.3588106899346966,-0.3681234914928432,0.23808962116138804,0.021222268510915212,,-0.06021477360330783
2019-10-24,0.016827870761750963,0.09285519844963752,0.17380017015382995,0.21089539601579457,-0.217849972840822,0.3575465790904729,-0.3665583381122415,0.23641325169041036,0.020690060537084644,,-0.06017808891984036
2019-10-25,0.017145803412481894,0.09287396678280663,0.17434736906443327,0.2112025408392572,-0.2179787868283858,0.36472343797661705,-0.3712979109304974,0.2372944338104152,0.02085115959430997,,-0.06012763092067914
2019-10-28,0.01753876801236275,0.09186694781790403,0.17421921904458687,0.21050180196673146,-0.21864502358893015,0.3667284983746853,-0.3707361799270999,0.23745971438127156,0.021867886239878127,,-0.0601016200403966
2019-10-29,0.017355001242812078,0.09147527323038142,0.17401611221689098,0.21034310273615214,-0.2199550374242734,0.3678753180846692,-0.3705027838757735,0.23706287205075077,0.021882441212480848,,-0.06001410681153065
2019-10-30,0.01722921518604728,0.09084514772672017,0.17376318201701638,0.21021965235918966,-0.21967117626388633,0.36767547390312577,-0.3697009372395793,0.23727326738485993,0.022054792923933905,,-0.05999917207157278
2019-10-31,0.018529757319940738,0.07817602625239714,0.1703714744017132,0.21070367037155452,-0.20192676303530827,0.3888990393719005,-0.38421661065896817,0.2583471935139924,0.048905119894723965,,-0.06027861730076472
2019-11-01,0.02165525073861505,0.07742006556244022,0.17041616406367446,0.2133775348053019,-0.20268155861655412,0.39092584660961394,-0.38639421347519604,0.26089230389068313,0.048431282060812715,,-0.06511237680949639
2019-11-04,0.02270681743801475,0.05900387720870146,0.15317973800256135,0.22343919992873124,-0.18358532070066166,0.38723656971115117,-0.379860967925154,0.2664398452010693,0.0441439904404471,,0.005930952602450602
2019-11-05,0.02279168628682162,0.05623322571042073,0.14654498926151563,0.23158775033273907,-0.18841765519669434,0.3989315276971416,-0.3847364904586794,0.2577293731012951,0.034448282017487314,,0.005895007859226731
2019-11-06,0.02340089059372949,0.051466681770716984,0.1425675275692258,0.23460555906717911,-0.19236398500140928,0.4030008209908057,-0.3815947039061403,0.26155314022061543,0.035091885886464676,,0.005932164332370382
2019-11-07,0.02654223836195974,0.027224681707304733,0.11379078785463329,0.23597279290275872,-0.18623106722753474,0.4040326871701667,-0.37768367984188495,0.28020125090270503,0.05683216148399754,,0.006071207021201778
2019-11-08,0.025400836298581454,0.028831858645947114,0.1178328405184599,0.23571975403156553,-0.18667981888951282,0.3987943562041917,-0.36960747392560067,0.2771868793180927,0.05565569398137661,,0.005909381610726932
2019-11-11,0.027600362647281294,0.029403342247068733,0.11668734514933393,0.23516702461499625,-0.18284799932653356,0.3987180317174183,-0.3702348114123591,0.2776406225341871,0.05684106639028061,,0.005901992177156432
2019-11-12,0.029310646898982752,0.017839725028508883,0.10811702918809282,0.23432366178347824,-0.178965840574608,0.3945832202371268,-0.36894069425167986,0.2745892693330378,0.05433875913989569,,0.0059964805012600805
2019-11-13,0.02963565777587193,0.016505794927631077,0.10646260971557045,0.23397361622595705,-0.1783516500221292,0.39574484374972074,-0.3700700593936129,0.2748937378021534,0.054386601156615186,,0.00600312480474756
2019-11-14,0.03126603897908045,0.014898459662952107,0.10543946223134337,0.24248500098816145,-0.1756226083334562,0.3957336544911545,-0.3697809430381236,0.2782362874937883,0.05656241914042409,,0.005942395526323123
2019-11-15,0.031545648312233096,0.011073035596967618,0.10293771620109846,0.24277662809125994,-0.17275701153133766,0.40024527946343685,-0.3742962394378671,0.28101218860298344,0.05717874000357808,,0.005933662725591984
2019-11-18,0.031211517687280654,0.008227768987275723,0.097909581854899,0.2436740203343875,-0.17366879396026838,0.3968174922211916,-0.37268457698819646,0.28239797759083524,0.06011509222349071,,0.005830329970844924
2019-11-19,0.029857536469539123,0.0031436329472979874,0.09628679477164809,0.23683527842120264,-0.16271546096837677,0.39632330545586153,-0.3640887124398683,0.28832303596425496,0.06813039635706626,,0.0058148496799947285
2019-11-20,0.029298823753790434,0.003208953674017132,0.09632750619056595,0.23466677893451496,-0.16304035019327856,0.39934358555735805,-0.36549281382454196,0.2886663241291318,0.06869124576407293,,0.005798329758191761
2019-11-21,0.030080052180246283,0.004080244955533723,0.09369016772661456,0.22174812390996004,-0.155186754150955,0.3942590360811769,-0.36170735481985244,0.28503916558169184,0.07088738067185739,,0.005829241093326971
2019-11-22,0.030605073090658175,0.0012740018746430848,0.0880349298528978,0.2164040716383111,-0.15022119105142437,0.3939548496685626,-0.36121832200181525,0.2841726169931849,0.07197993555568359,,0.00582920205826994
2019-11-25,0.030883444527865313,-0.0006911051841013972,0.08387709308220342,0.21132197472723174,-0.14840900034043134,0.39221222476726936,-0.3602481923601941,0.2843478392025488,0.0723888516349378,,0.0058848934686354555
2019-11-26,0.033912630594233224,-0.00021740783143225654,0.08585632785584024,0.21390065046894377,-0.1484439033359463,0.39644563735934535,-0.36534526209608414,0.28318943100190536,0.0716057762825434,,0.005958794870433283
2019-11-27,0.03455838961533505,-0.007249023697489534,0.08158617270521669,0.21442922419708166,-0.14303157772825803,0.40009254458022003,-0.36642296894243964,0.28257960769824014,0.08056427049384876,,0.0060883055896931845
2019-11-29,0.03387984171791921,-0.023943687356019382,0.06706079819523346,0.23778517902130028,-0.12096290705214657,0.3852039450051588,-0.37111534317025907,0.2865164117385996,0.08608163356339116,,0.005921155122343625
2019-12-02,0.03314089667759093,-0.02297871308242632,0.06737656102113232,0.2396099007726593,-0.11891162668176505,0.38525856357328264,-0.37001656829902413,0.28322979707900814,0.08165721027324548,,0.019890882683281295
2019-12-03,0.036008092944358805,-0.02744656726088798,0.0628585120971035,0.2390764960029778,-0.1180051995686327,0.38729951073685515,-0.372027347329347,0.28777054552512477,0.08910634441457269,,0.019655574589928327
2019-12-04,0.03383895031792656,-0.034214123766705525,0.049880936430269106,0.24230198587638926,-0.11711761459150906,0.38700902289332484,-0.3729416230719239,0.2954770057096737,0.09395108348684852,,0.03449306844142732
2019-12-05,0.03441077249061207,-0.02962956139417019,0.05547666032501907,0.24513081637992637,-0.11983948209024772,0.37513464735142715,-0.36172915197483285,0.28884525091046037,0.08586084705826787,,0.035020211765273375
2019-12-06,0.036821613495970074,-0.04446869196172224,0.03460833008831447,0.24692376764473659,-0.11082410227793418,0.37882617403630703,-0.3646927949479719,0.29470424293580877,0.09109334338366111,,0.035146725923727584
2019-12-09,0.03788047614392657,-0.046720311796407635,0.033398446637036276,0.24404335129682414,-0.10948778056806689,0.38731092709733744,-0.3553890443143083,0.2943605633303884,0.09039388542212531,,0.035185008510267006
2019-12-10,0.038351703822231555,-0.04883073297825437,0.03093932328810376,0.2388475861776165,-0.09917545597285063,0.38889911524652876,-0.3583525262018224,0.2967196126202219,0.09620485525214162,,0.03558955438349245
2019-12-11,0.038692240150167714,-0.04523701832317844,0.032920611076248135,0.23512611879624615,-0.10623037091917782,0.3917698028271394,-0.35839140943061104,0.29039630467287647,0.07919744866286645,,0.035582691652673845
2019-12-12,0.03912096229185019,-0.045593790845217134,0.03301372736680807,0.23555549803292838,-0.10524320880073078,0.391976252735897,-0.35855195404062296,0.2889974183926949,0.08031229767591078,,0.035606518804941846
2019-12-13,0.03954431498342435,-0.046642184614893244,0.03266223463146578,0.23618547222941408,-0.10409048521980523,0.3919457295927942,-0.356449346537944,0.28952659248595464,0.08193934303386473,,0.03558527433505286
2019-12-16,0.0414226862570766,-0.04751263417095257,0.034661352224862205,0.23610088328608966,-0.10550661070388369,0.3971569537812228,-0.35769645896209773,0.2957401689962069,0.08808483663392404,,0.03571807329275274
2019-12-17,0.04155239639400256,-0.04652629388190253,0.0353887958135638,0.23539055449680102,-0.10705888786506436,0.3994977572638516,-0.3580225843654855,0.295354991930417,0.08767540183263647,,0.03576218904943613
2019-12-18,0.04276444235943897,-0.04593415432694528,0.03214560182246243,0.20651029962889117,-0.10734667596438628,0.4047237821126358,-0.3573162697229275,0.2922824694377894,0.07665329616335358,,0.03681631282976411
2019-12-19,0.04391651437009086,-0.04694961849252444,0.02906514838646989,0.20230599675998762,-0.10546422898277487,0.4232004804577581,-0.3596050532151586,0.30060175021082247,0.08444838328631715,,0.036785152807531835
2019-12-20,0.04380460580022745,-0.042743950808582364,0.02891670671716398,0.20097710424910278,-0.11700008698845844,0.41968308972377216,-0.3573345557172601,0.30072705586098003,0.08999676616110419,,0.036783163826299925
2019-12-23,0.04441478736752215,-0.046251149911442864,0.02656070524550012,0.20019499279067407,-0.11060356309169161,0.4171961401759275,-0.3554531581737766,0.3018179545596414,0.09001088225357991,,0.03701688862249632
2019-12-24,0.045182808158982124,-0.04020680793136382,0.031546641912228494,0.20041188442565774,-0.11335784532759745,0.4209719592784416,-0.35551414313886653,0.29931057392431637,0.08656813017711706,,0.03718617794547285
2019-12-26,0.045139218469253915,-0.03797178979888872,0.024997776986814133,0.18705708756026532,-0.12495473997219139,0.4200423318633033,-0.3476458069291888,0.29438226188720035,0.07972711116293565,,0.03717430854571252
2019-12-27,0.043536986653712965,-0.03477772063344081,0.031502840776216116,0.1787956297604884,-0.12774532768414856,0.42773627428598643,-0.35204552305635023,0.2913721128796307,0.0795195369617072,,0.03735685492972244
2019-12-30,0.04342607328687373,-0.03503101279886176,0.030252198973941376,0.17804257368306767,-0.12633186845689678,0.428739327362741,-0.3517886024827131,0.2906479278113183,0.08127637116608132,,0.0372315852979563
2019-12-31,0.04546008447566811,-0.03873289908283438,0.035967566316173476,0.18125905668525819,-0.12665749259373152,0.43693295680267347,-0.36004158846767204,0.2817484078192439,0.07967293241692924,,0.037507341009796524
2020-01-02,0.04331608898526544,-0.036690634506892784,0.03903804016162426,0.18190134653384155,-0.11721899770618137,0.4395093587801868,-0.3658670627109191,0.27651025401352536,0.06837486091336155,,-0.0540369676657565
2020-01-03,0.04050188720474634,-0.038140810187477635,0.04373538352294382,0.17983281567667508,-0.13346328911888536,0.4287999833923286,-0.3645560125063193,0.26956625699540343,0.05729967098368868,,-0.05407095794520186
2020-01-06,0.04046583342579406,-0.025989912157310516,0.04568588606213682,0.17369866002990406,-0.13051395234957625,0.40113942955393034,-0.3476128627388171,0.24832758569963898,0.04656837190810262,,-0.05585806513324862
2020-01-07,0.040271432108585935,-0.025325294364297236,0.04569389601471678,0.17436483063674474,-0.13349364354167725,0.4026716556164751,-0.34767372335163227,0.24962739080570784,0.047542292153603435,,-0.05572552073807781
2020-01-08,0.038732433760171985,-0.026573087305424906,0.04429735615214022,0.1651236356628581,-0.13294575692819222,0.4015819393697789,-0.34703980760883196,0.24935940549742322,0.04998432914019063,,-0.05580842161329458
2020-01-09,0.038589295934028295,-0.025892537000271706,0.045490032951137065,0.16667956802562955,-0.1349360589497492,0.4001777291956447,-0.3452822485113751,0.24964408440439284,0.05021512659811884,,-0.055900483235473246
2020-01-10,0.03919078652842727,-0.027137274506156262,0.04480605989002565,0.16683572755920098,-0.13249943541010065,0.4013041197562757,-0.34641359727832555,0.2493716779580297,0.05101485615052291,,-0.055665111138958896
2020-01-13,0.03622731832314955,-0.03266215444244896,0.04158367569645664,0.16537819745775603,-0.13428611873574425,0.40494648283621554,-0.34416471277152627,0.2544186715198427,0.05849793715118247,,-0.055380207306618884
2020-01-14,0.03742191957885812,-0.03340639150832238,0.03982869657774866,0.16245606977371232,-0.13555102305265926,0.4023283084279997,-0.34234255801384283,0.2544850667468954,0.059590900728130156,,-0.055041926139678975
2020-01-15,0.03762085748673572,-0.033827010195695006,0.038975731665270255,0.16255688936721863,-0.13634928429178378,0.4027748904032349,-0.3422503233784528,0.25478180310592763,0.05954331275162084,,-0.055152372512967895
2020-01-16,0.036071451275258584,-0.03586674239266793,0.03947678209370162,0.16070720744461986,-0.13960504365027884,0.39997051384503224,-0.3454411234842787,0.25104068855284056,0.05648953551107033,,-0.05600411980142163
2020-01-17,0.03601335374383629,-0.036010863120944606,0.039695413711221775,0.16093858820964654,-0.13976002492001338,0.39959730371952146,-0.3450884882970815,0.2502249709313866,0.05507537525462385,,-0.056102244049895736
2020-01-21,0.030217971157177982,-0.027430578647576868,0.052282507967251576,0.15388211538888452,-0.14320540964641765,0.39472250014037674,-0.34870900686505224,0.2540531106804371,0.06391084806323655,,-0.056940854903853574
2020-01-22,0.03275849195876929,-0.026504325070005937,0.049268194094429396,0.15202283598069727,-0.14500968276095633,0.384925399376171,-0.3380265752893094,0.2469908366368445,0.06094475643831895,,-0.05696614139619067
2020-01-23,0.036949620392142744,-0.030373441514428664,0.04912301607178817,0.15672200719076657,-0.14728106051539894,0.3830953702965029,-0.3371110185210243,0.2488807659942605,0.061542340218743906,,-0.057216480739464504
2020-01-24,0.03809357369371587,-0.03443209564004235,0.04060133273853682,0.16408682520820042,-0.1457279986000479,0.3884767009609315,-0.344774431325469,0.2523095993402578,0.06359394653107102,,-0.05725352183605656
2020-01-27,0.04421114017562234,-0.05571458667704199,0.026032086280740857,0.16951080709685076,-0.12356150146927229,0.40075789722563626,-0.36426257206647716,0.26036388663232624,0.07023890518719682,,-0.05831389951119222
2020-01-28,0.04530851543160855,-0.05118024032140053,0.03452640038821819,0.159788238799549,-0.12601227730469858,0.3915849835636078,-0.3543259891525762,0.2583762320702558,0.06961907035652488,,-0.058283108259857545
2020-01-29,0.04785043543447219,-0.05439610626852064,0.032027663772923175,0.15374076010887766,-0.12737559884233993,0.3957254627242606,-0.35705386567782527,0.26653404781438184,0.07885525380042814,,-0.0592290492933904
2020-01-30,0.04555326280430798,-0.059550025339722576,0.019350374237342212,0.15381745026695598,-0.11520222595231694,0.3865990173245768,-0.34872135360205114,0.2715615578294038,0.0966810380283311,,-0.06009989314377253
2020-01-31,0.04550838981881926,-0.06177299443203353,0.017817519717154444,0.15496671807915907,-0.11606797551500765,0.3813321717127259,-0.34381728726262084,0.27553650191619167,0.10322619583837774,,-0.0603443810379002
2020-02-03,0.04672489928990618,-0.061915006910562544,0.017828140027981037,0.15847509187457517,-0.11700062179355077,0.38010596976791144,-0.34378145436244495,0.2790047312840002,0.10393292636152847,,-0.03570426809692932
2020-02-04,0.047960190233127926,-0.07283046077252996,0.01565970626507041,0.15736570778940245,-0.11672672296907054,0.38467821337053415,-0.3484047706664499,0.2846363143796547,0.10974039242146029,,-0.035366367716999705
2020-02-05,0.0511023455292745,-0.06970533098942112,0.01717556163588284,0.16456974082111853,-0.11386720364831374,0.38779702245056374,-0.3506437506512004,0.29022333407667583,0.11581326789306261,,-0.03513661181429811
2020-02-06,0.05443979859011035,-0.06658127023959047,0.021778492868645416,0.16430237830811734,-0.11465293439562822,0.38979084843984646,-0.3506236053155289,0.28984939042168406,0.11395328558303548,,-0.035089554158365927
2020-02-07,0.05829714771727273,-0.06755867272117291,0.025013804845067697,0.16635264497825167,-0.11752943986561247,0.3927809841742138,-0.3514212112709666,0.2952653081112925,0.1205101240324126,,-0.035442543837455334
2020-02-10,0.05854204275582909,-0.06682277001381097,0.02605303766119926,0.16654908383823205,-0.11654423300826816,0.3923507924022433,-0.3529668357662409,0.29454329138920393,0.12075241276612919,,-0.035238356040091866
2020-02-11,0.06358822153179598,-0.07262526668577664,0.02056161005977251,0.16725169184067346,-0.1151661010091404,0.39202083827721734,-0.3511956626610921,0.30036442789963963,0.12802214628770617,,-0.034455288349479585
2020-02-12,0.06387789857143407,-0.07216652093808813,0.01929682540814647,0.17134332487763843,-0.1150519621300397,0.3989898879282393,-0.3544674915883025,0.30389717854450315,0.13142086526693797,,-0.03395623897487498
2020-02-13,0.06445864921063468,-0.07093888079343466,0.020313341446079082,0.17188273880343777,-0.11552039270319159,0.39809220236965953,-0.35341237186131036,0.30354614210275904,0.13028163479863797,,-0.03373483527779023
2020-02-14,0.06538381002198106,-0.07185461569537097,0.019649331708710947,0.17046233664743612,-0.11563341250909238,0.39797305821920037,-0.3526136568828766,0.3053527674726877,0.13130035569973206,,-0.033951226247856056
2020-02-18,0.06454742873994578,-0.07351585663080774,0.01700150411797776,0.16730963274804062,-0.11355527687056204,0.39452459209151103,-0.3484116189736922,0.30408917508720323,0.1314758621919177,,-0.03430316486653183
2020-02-19,0.10212755445070267,-0.09800068106045419,0.006230377127081087,0.16521260334778085,-0.09826026386005478,0.3992064528290815,-0.3532389124337601,0.3121950513085039,0.13894324609723896,,-0.035835551556309984
2020-02-20,0.10285245677877908,-0.10146784060283567,-0.00023824300604727207,0.16035033307656402,-0.09877556043363912,0.4013923250764799,-0.35193400749945375,0.31369972623013365,0.1440858094027477,,-0.03691391161870493
2020-02-21,0.10254768133440684,-0.10079025034495169,-0.0035287716207392287,0.15922995958984562,-0.10407237857839514,0.39240999954061406,-0.34532663829784915,0.3124175458702025,0.14241346947118355,,-0.036200695443568416
2020-02-24,0.10389793219890936,-0.11181911084952366,-0.012708797797177611,0.16345257670719596,-0.1016418919310841,0.38953738180046876,-0.34233991435948863,0.32422923596351133,0.15749999879924473,,-0.03758756300623158
2020-02-25,0.10419512551780274,-0.1131068290133416,-0.015353280453923715,0.16058760816174839,-0.10289154266297479,0.37465205983487304,-0.33967497371430927,0.32377469940688886,0.15835917280367692,,-0.037385901354998655
2020-02-26,0.10540471606075673,-0.11115192185575418,-0.010956217027676567,0.16313230801981618,-0.10449468903804955,0.37549007602982176,-0.3387936936021452,0.32422778771874083,0.1584591016165531,,-0.03757371773396867
2020-02-27,0.10526823013340166,-0.10944512428677809,-0.008841319277046074,0.16107562815217724,-0.10366841593669159,0.35687047333011596,-0.32845743774823616,0.32268668124662575,0.15641484228311997,,-0.03786931876682187
2020-02-28,0.10485835013799126,-0.08034844933783304,0.010623191569074743,0.16778952675057077,-0.09887182263517581,0.3589782753749652,-0.3287701412492319,0.32745546706507034,0.16144164294139554,,-0.038081350738633314
2020-03-02,0.11292961613276233,-0.06494503177274641,0.017648453630618528,0.18041823543085073,-0.11832017776099836,0.3814693178601552,-0.34419481285893794,0.3213474459697792,0.15501521411902697,,0.0647985984251715
2020-03-03,0.11170392980913688,-0.07745772271415256,0.009849516372342755,0.18100347905552658,-0.11430838432775296,0.3821135551247966,-0.34475806729864017,0.3230225190488023,0.16035843892318566,,0.06477943513540751
2020-03-04,0.11206097485183138,-0.07664735546300296,0.010385421993342556,0.1803003449099203,-0.11503970500188544,0.3780592093121128,-0.3469610200773596,0.3222430088786705,0.15871593619043625,,0.0647912869632491
2020-03-05,0.11278884327755953,-0.07824746871879813,0.009303535459269029,0.18076478954096045,-0.11141428110524129,0.3722086650655614,-0.3450587654749373,0.3221482731462426,0.15953236333063195,,0.06483894389421378
2020-03-06,0.1140697054577983,-0.07864003923432512,0.00981594274690457,0.1788291181799954,-0.10489492367544674,0.3719019828962428,-0.34531876874869355,0.3145468229426816,0.16017611407616883,,0.06481312562911673
2020-03-09,0.1173022689910972,-0.07706374377323555,0.019427537122195627,0.2089641120190097,-0.07639460720886347,0.38028506982729343,-0.35935549075332057,0.330999703533161,0.12918939187353598,,0.06425129149256331
2020-03-10,0.11884246216452495,-0.07815545330628135,0.019062964406994575,0.20942707746657868,-0.06266104013629756,0.3736412137119665,-0.3600943042282739,0.32253715394271865,0.12996907405426666,,0.06426188179364421
2020-03-11,0.11902286083515422,-0.07582205494230965,0.019074559684774995,0.21247758058899702,-0.06027828575428968,0.3724885104914744,-0.36151982069920646,0.3189995339783833,0.1214381100722999,,0.06404843381835676
2020-03-12,0.12286790728813825,-0.05726009203494313,0.03325250005216816,0.21707792228901376,-0.07215605871939886,0.36100250622194924,-0.366996354667356,0.31463405827481405,0.10805561027607037,,0.06369451272786922
2020-03-13,0.12321110288675385,-0.05715429077881821,0.029294626236983517,0.21925288635036733,-0.06916648454189654,0.328752572877609,-0.35936271066186315,0.3143700281727446,0.10615103899233015,,0.06412013562360583
2020-03-16,0.11548797407348352,-0.03189898185004559,0.10534147278522131,0.24797481725960274,-0.04204884307202531,0.36975252181410734,-0.385172376255032,0.3461298031173485,0.1174289914458371,,0.06261279808775765
2020-03-17,0.12505077104487222,-0.0650320603499278,0.11971255633369793,0.2659294492248682,-0.09619679080247731,0.30972812529150673,-0.3642381495383018,0.2617941816408848,-0.009464183676187267,,0.060869651749982386
2020-03-18,0.13530963607036992,0.018986099447062973,0.18649561306123152,0.39816873233364364,-0.18933522152990762,0.3535633567167437,-0.33942893246681655,0.1247481188886242,-0.0886113558908738,,0.05566198872775717
2020-03-19,0.13345813924085603,0.01911942316616679,0.19581702389657074,0.4068440423143888,-0.1544674525498864,0.35360981429962607,-0.3419009724141079,0.10755468356335877,-0.07866738677605087,,0.05560347317792097
2020-03-20,0.134649400749307,0.01933313589297603,0.19480641095788565,0.40319755892395565,-0.1529211205259761,0.35323172987650736,-0.34066827785580234,0.10911475067665277,-0.05860608321047704,,0.05562196944643337
2020-03-23,0.14667983435567902,-0.03637336607610065,0.14716867783803506,0.3843059315958238,-0.1383977362082613,0.35943952708203064,-0.31742001401292197,0.12730661485494066,-0.022023953026751853,,0.05504100987954757
2020-03-24,0.14507890975027304,0.030411657902371155,0.1866545045763034,0.38655840015115284,-0.1599959935215412,0.3957738117367511,-0.3116951541777022,0.1372828278386862,-0.04086519376123232,,0.05438758456229922
2020-03-25,0.14193222798764935,0.020905825535233027,0.19697375064242975,0.38816925276385944,-0.16952641033815422,0.39748882792754064,-0.3087959752186835,0.14102942625011494,-0.04640614540374691,,0.054356391684820614
2020-03-26,0.14379893509495711,0.018068434366026283,0.19953920119639665,0.3917478280241668,-0.14746025870675694,0.3775491877962142,-0.3065576423504422,0.14376616484781649,-0.04344616380990627,,0.054108553536838584
2020-03-27,0.14297487724565183,0.022448138753418737,0.20227163638884957,0.39215519009058664,-0.1436572872234207,0.3772135227896023,-0.3065042486170231,0.14421589025595136,-0.044322201906630256,,0.05400903781569222
2020-03-30,0.14435868219954281,0.022337993271982017,0.20604274511720483,0.39654243003617234,-0.15514717565755592,0.3653454015211492,-0.2944074057670512,0.14625917391107154,-0.038426009807711325,,0.0538088407428125
2020-03-31,0.13331649522296357,-0.005969514692673218,0.20358665772880052,0.39781145172419,-0.15678463720593572,0.34969917623725383,-0.2981353877930616,0.15286111215945353,-0.018950459519275736,,0.05321308030526092
2020-04-01,0.13892920008939624,-0.0033825158987253216,0.20634389276881668,0.3973516248149242,-0.16537557417672816,0.35954087473725715,-0.3005695090900228,0.15757647299284644,-0.005416527966096064,,-0.0028354517330139786
2020-04-02,0.13989616486749823,0.013570293299162655,0.2181210724522514,0.40683400564116845,-0.15278457449825966,0.36473191992705145,-0.3083084109469605,0.15384855055864297,-0.01989900483589044,,-0.0028270313471476087
2020-04-03,0.14202094773854865,0.01193966314383961,0.2196039285516852,0.39249755042763956,-0.15354625535038,0.36737912062707734,-0.3058688733390283,0.15559767760955856,-0.01673428997467762,,-0.002826998695566407
2020-04-06,0.13837421358563895,0.020730996246759465,0.2260773460152211,0.38239747958028264,-0.15200031333051295,0.37206275012528395,-0.3080847526125354,0.1606405438840087,-0.017239930515594783,,-0.0028088369551314656
2020-04-07,0.14358601943703958,0.013098068303989413,0.23067905036866954,0.35680671266746256,-0.1608148349335402,0.3692295414247596,-0.30521567506103175,0.1661749628271126,-0.010840484049897386,,-0.002784929141221936
2020-04-08,0.14430078635123733,0.012974936277252986,0.23133034422207863,0.35351562636321393,-0.16107064644715732,0.3653438351340974,-0.3045968573644133,0.16552860861420599,-0.010865312676930366,,-0.0027887294747797543
2020-04-09,0.1444408963698757,0.013717737175303337,0.22869735172795072,0.34999712863026705,-0.1608184007243635,0.3653025121828049,-0.30551541976484536,0.16521687297234905,-0.011811029267007365,,-0.002786610091056295
2020-04-13,0.14512418370332794,0.01029287189557122,0.21253159728266063,0.34621507424299386,-0.16107331795110905,0.3608508200967536,-0.30667934184969226,0.16944416106985055,-0.009150868721340447,,-0.002753063171397028
2020-04-14,0.14789462568758352,0.012041983213110253,0.21709771618022,0.3329933248312354,-0.16214348702623593,0.3643491773960323,-0.30540932332078297,0.16413720582370733,-0.016163079805859237,,-0.002771385311824273
2020-04-15,0.14710972010801143,0.01860096833631147,0.2236929516089915,0.33287218363990323,-0.16757728806792072,0.3674770683366391,-0.30759028361605334,0.1703609323598405,-0.01410240411346656,,-0.0027733106902650497
2020-04-16,0.1456843595790393,0.018910468873523517,0.22332719293545128,0.3328551134082503,-0.1680340843659754,0.36714860701096025,-0.3073675731396276,0.17082764693217628,-0.015868054078638668,,-0.002774876884452108
2020-04-17,0.14641391126888403,0.007580675057418059,0.21442852942489354,0.317185204225239,-0.17149602872871947,0.37462329106299036,-0.311997117285131,0.17536356624607213,-0.009411775587106718,,-0.002762450273362109
2020-04-20,0.14820085772042324,0.005779579404988953,0.21242448056290825,,-0.16755011887968213,0.37736556995522663,-0.3172625791995588,0.1746365699699656,-0.013684738514321712,,-0.002762546585344826
2020-04-21,0.14887859599496112,0.01735186674696595,0.22925517591637487,,-0.17343205374015983,0.3857867656439491,-0.31655929300587043,0.18081523383851159,-0.00269442099495163,,-0.0027529665526014606
2020-04-22,0.15680627735844513,0.03438896405254258,0.23717038891753536,,-0.16987545227874218,0.39081728938169363,-0.3204639968953697,0.18567122868392838,-0.008414501816576173,,-0.002715749131196316
2020-04-23,0.15627971338111338,0.03382620505698673,0.23666587784241874,,-0.17364470158255393,0.39123710940605566,-0.3226649158124686,0.1874504848789698,-0.006733797793796364,,-0.002720046941267407
2020-04-24,0.15689792872354968,0.031429049038764895,0.23519912640873028,,-0.17331267995752095,0.39344296590889144,-0.32651206159070545,0.18833276206619232,-0.01100920630537379,,-0.002702857815663589
2020-04-27,0.15745444066894634,0.023238061979681902,0.23225663358835236,,-0.17391240626478457,0.39824795726283085,-0.32890744848196435,0.19862264300458649,-0.007217750428356667,,-0.00274456730997623
2020-04-28,0.15956668964932702,0.01935094222632828,0.2301560711845561,,-0.1784559280066499,0.40182903486686894,-0.3294258922844412,0.20512509321458924,-0.0013289071056999512,,-0.00274700404977423
2020-04-29,0.15916674324884642,0.019329379859234525,0.23002536024227402,,-0.17735798183585236,0.4000498961102114,-0.3287395539184764,0.20528477721001334,-0.001157640598830347,,-0.0027505539624491254
2020-04-30,0.1636073940285511,0.02023718419953171,0.2263112564987806,,-0.16980993335624686,0.402825857813352,-0.32274024782593386,0.20977326361339518,0.0014892633423504295,,-0.011584838754236817
2020-05-01,0.16331719448457233,0.01648567984834862,0.2256995958834467,,-0.16595794184089613,0.4066782934290282,-0.32621895836341414,0.20892837555989174,0.002838165159450129,,-0.02713519705058821
2020-05-04,0.16284283885727976,0.014377964382698633,0.22045966600482308,,-0.159893007242434,0.40589790146891563,-0.3223216802243564,0.21068710296212428,0.004920064460283354,,-0.027160802382569692
2020-05-05,0.16323941800905717,0.013674539737003303,0.22293959297741167,,-0.1582060507990479,0.4070683556703461,-0.32908251052906373,0.2123074033477898,0.005370781969388858,,-0.02716036890981852
2020-05-06,0.1639779733886938,0.011764158872712557,0.22307468634603078,,-0.15539130787813138,0.40403378209589874,-0.32205707313047394,0.21103099971917028,0.00606540972552569,,-0.027318339636560128
2020-05-07,0.16445687512824664,0.019769052062038366,0.22938178986868324,,-0.15741217997660223,0.40526087448181786,-0.3248743290928055,0.20509996063788327,0.0013639133142998594,,-0.027320857442874748
2020-05-08,0.16459962487570354,0.017470511929758493,0.2307228376547719,,-0.15871505782344592,0.4068687742510857,-0.32759010024346125,0.20754068907651632,0.0026940400719225725,,-0.027330382149478635
2020-05-11,0.163384212787302,0.020177512853822736,0.23144107375211032,,-0.1621979638695322,0.40623621865306114,-0.3281044232454533,0.20421601686039537,0.0007884784792429734,,-0.027238243626259418
2020-05-12,0.16603484111005018,0.024686972129054054,0.2316475347217283,,-0.1607852762130344,0.40344228426353135,-0.3201041762107826,0.2025309291928187,-0.003247046886555986,,-0.027401230329426693
2020-05-13,0.16591168281150376,0.024508180766260566,0.23163972254637294,,-0.1621123189535718,0.40379878557513743,-0.32086748768661644,0.20271889295769135,-0.0028149810685314824,,-0.02736585189242798
2020-05-14,0.16581042685729544,0.024966857403301346,0.2316066295522193,,-0.16205920826817966,0.40347917172387,-0.31916216475338494,0.20403115991941095,-0.002121712292201581,,-0.027357957641701867
2020-05-15,0.16538100712063736,0.024222876626501667,0.22387657842229586,,-0.16218372059324948,0.40261164984494113,-0.31810728175640357,0.2025497647687775,-0.0018428824664072107,,-0.027300582215817902
2020-05-18,0.17066435468376942,0.011726146111368742,0.23113296661704125,,-0.17692748444161951,0.4104895350074708,-0.3226452226805399,0.21601094056619527,0.0009295936142805331,,-0.027119780486183118
2020-05-19,0.1706560739360959,0.01298715747673091,0.2334498038174133,,-0.1788186987909251,0.4083711848678217,-0.32103347943955773,0.21541473976959843,0.0011798647937493138,,-0.027156279750953777
2020-05-20,0.1758649769028582,0.01364440263010933,0.23369538927274225,,-0.1813301354927603,0.411509336319647,-0.3266923752951256,0.21255177414389162,-0.0013137402144127392,,-0.027143213141656068
2020-05-21,0.17569658645090808,0.01656847676832317,0.23645766756256428,,-0.18221094216770703,0.4122954306521096,-0.32892786078781083,0.21113212983792673,-0.0017809485546452742,,-0.027228849965688005
2020-05-22,0.17851202309045064,0.013164768281677378,0.23060603358467863,,-0.1876618988220757,0.41050641468394505,-0.3261492176107822,0.21258076344093632,-0.0021113870118987005,,-0.027043833160557768
2020-05-26,0.18064704963202644,0.007429806321516605,0.22965310708103323,,-0.19341581506178657,0.4119156768206099,-0.324583082250827,0.2138535324886446,0.00018410283495717657,,-0.027031543355046556
2020-05-27,0.17748976474032285,0.006508206023099122,0.22783941860672446,,-0.1946083232241293,0.40727954986381587,-0.32339175828941474,0.21420946311407835,0.001328663223216057,,-0.02689824054572096
2020-05-28,0.17915968234802113,0.0071965908822990456,0.22972033990866386,,-0.19484627075074837,0.40646860614787605,-0.322418525170734,0.21376223093990548,-0.0006320363979528501,,-0.02700389954648171
2020-05-29,0.1795577526005212,0.009582984715806778,0.23173656964746886,,-0.19499130213932717,0.40686011383902193,-0.3236587877440242,0.2118573239348443,-0.0015008116240542285,,-0.027042688728933943
2020-06-01,0.18046097815780768,0.01102870252541628,0.23554346502028742,,-0.2034058393075177,0.4052316249200597,-0.3195329560357786,0.211440556257934,-0.0053214707611641855,,-0.0193142693539176
2020-06-02,0.18255981597364046,0.007996342521933954,0.230117654002116,,-0.203344699350203,0.406033135087307,-0.32068560694087317,0.21361240552817093,-0.003121857615480456,,-0.018830464755339463
2020-06-03,0.1825129083147233,0.007583650941161771,0.22961298115474135,,-0.20302244742605702,0.40474942519364676,-0.31916174114556867,0.21208152685177037,-0.004383988734660091,,-0.018803187073808438
2020-06-04,0.18373597035438713,0.008481055911313911,0.23055455432685082,,-0.19840121989928064,0.4084935737543836,-0.32391094892000616,0.21288977389623426,-0.005299836431827828,,-0.018979807988448873
2020-06-05,0.19174285650913864,-0.010618254655251276,0.21451315750973887,,-0.18906218349409537,0.41353973283052076,-0.32572462088695897,0.221576987851312,-0.0006940145479439703,,-0.018947882999698594
2020-06-08,0.19332222834115972,-0.00855753941619506,0.2169571921790546,,-0.1936107119826141,0.41598300693163176,-0.32425354699751746,0.21989982246325931,-0.003445673392556607,,-0.019050390160665138
2020-06-09,0.19264752076453556,-0.0014696949453574441,0.2216072330363959,,-0.19786996646626973,0.41367792596024683,-0.32039407882613535,0.21311591313287712,-0.009503883081528719,,-0.019049890376304203
2020-06-10,0.19730434130093363,-0.0025155153056314055,0.21981984707006258,,-0.20235943832702633,0.40949255926024986,-0.3187867388610471,0.2032477991425157,-0.020694193222428974,,-0.019054884619628537
2020-06-11,0.20462821390786495,-0.008759140146106138,0.21627686824933126,,-0.21411618374972244,0.4232515718736091,-0.33977629437793283,0.21222114640727457,-0.01703409216021637,,-0.01876271974364844
2020-06-12,0.2046793146363921,-0.009243996570548566,0.21364949205870554,,-0.2104400812381865,0.42385835524319243,-0.34085857589355395,0.2135580089037744,-0.015364630155471345,,-0.01878712320098461
2020-06-15,0.20910271669223113,-0.007299113828038684,0.2135377910092651,,-0.19950963553812734,0.42164548215460257,-0.3396246985596815,0.2132315099660618,-0.012025451358642665,,-0.01875521359930374
2020-06-16,0.2083553300954906,-0.007064124326410729,0.2131695955084288,,-0.19956462450686263,0.4209121298427796,-0.3397048949379846,0.21277346658413465,-0.01284828926691672,,-0.018718159373551174
2020-06-17,0.21000962934581738,-0.010062175909769279,0.2118981159989566,,-0.2000426908270111,0.41928648644909594,-0.34031734170469596,0.21491463965685778,-0.006498505858675382,,-0.018726593037434278
2020-06-18,0.21034338721929396,-0.010570639060466756,0.21156633469339267,,-0.2040371131592073,0.41997664046018807,-0.34239417377348014,0.2140530524740199,-0.00888011635523069,,-0.0187932296607297
2020-06-19,0.20740606071256185,-0.018416333026066455,0.20924093339023467,,-0.19876878975218804,0.4179119165188889,-0.34147766536391455,0.2158940980309876,-0.004912205826389114,,-0.01878970822991032
2020-06-22,0.20921098457204035,-0.016107854664669602,0.20870605595010847,,-0.20588564249212368,0.4180317051642407,-0.344627398200126,0.217943281212838,-0.005747766484871124,,-0.018857977252184015
2020-06-23,0.20900911197411104,-0.015730198284454416,0.20888625911340974,,-0.20621958431648435,0.4180949762077369,-0.3447008683652323,0.21817327762149413,-0.006007354795183299,,-0.01886930030598646
2020-06-24,0.20954172622863718,-0.015209098987476062,0.21078088747290652,,-0.2088252693857983,0.420511475243756,-0.3481370528906242,0.22000515400901866,-0.007860772326549812,,-0.0188014570185148
2020-06-25,0.20983871747727806,-0.0163259723626201,0.21146001477619883,,-0.20748954555537802,0.42114306905977983,-0.3491755266559772,0.223076656575991,-0.006889751432030993,,-0.018901698706167203
2020-06-26,0.38381261860322535,-0.01579660817872843,0.2118339694304916,,-0.2072544371639261,0.41861884536549965,-0.3478768908608558,0.22262578215070802,-0.00733462541878027,,-0.01891804684201349
2020-06-29,0.38409726109988634,-0.015767068746087926,0.21179236498687357,,-0.20731150126068898,0.41909978555482114,-0.34870641870431723,0.22269901599311723,-0.007791102042409063,,-0.01895225303038666
2020-06-30,0.385080616628792,-0.01736768609250978,0.21488764503251614,,-0.20452997905305534,0.4223073217890468,-0.35286859510202556,0.2258890964633983,-0.004441186143717122,,-0.018791382010964693
2020-07-01,0.3836624463706633,-0.015017706743527488,0.21448708677063372,,-0.2055480200383985,0.4230518055713786,-0.3560347902630344,0.22430861047177217,-0.0046821382824299325,,-0.018725387468316517
2020-07-02,0.38173909264063727,-0.016015601096586087,0.21436396271099428,,-0.205290255284112,0.42276779268879816,-0.3560200791440811,0.22490830571520595,-0.00544326743516795,,-0.018717732924534086
2020-07-06,0.3845604200744402,-0.01890534454136566,0.21409700699813683,,-0.2068186975856807,0.42438197660446175,-0.3543099210226506,0.23088987603746555,-0.005164725980273657,,-0.018833841491717414
2020-07-07,0.382928841017521,-0.017361512224625383,0.21459793769719823,,-0.206043379563921,0.42259228149920863,-0.35267099662078816,0.22953481536542794,-0.005757479931729028,,-0.018879467340195483
2020-07-08,0.3951366519049914,-0.016293005390326718,0.21835773909498077,,-0.2079285296476423,0.4240211728211317,-0.35401646256394953,0.23169558934270298,-0.00311298065279683,,-0.01903901434097121
2020-07-09,0.3869430175559818,-0.02300290556810717,0.21764767577466376,,-0.20107020086854488,0.4253165936317133,-0.3498067257673351,0.23076776320463954,-2.6994322984157095e-05,,-0.01904595667982408
2020-07-10,0.3929721609234343,-0.02427515411836303,0.21751166243662615,,-0.201000966870385,0.4262076739360654,-0.3526862068902295,0.23471948175658833,0.0022936894395909134,,-0.01911786050137305
2020-07-13,0.3916662452089935,-0.02143438847297525,0.2248235286340324,,-0.2023873813234439,0.4215077688340207,-0.3392512001709973,0.2350370534730826,0.0008477795312576869,,-0.019143729844613405
2020-07-14,0.39354591119912996,-0.02113851896146462,0.22579472148477644,,-0.20130374807735435,0.41915600886868687,-0.3361431956236439,0.23594185718669994,0.001390251508571664,,-0.019031408886719337
2020-07-15,0.39716048696441003,-0.021215666407387344,0.2243809769184066,,-0.1970209241367876,0.41554122173295205,-0.3314001668314519,0.23470875886734638,0.0005875295593479051,,-0.018907913445895142
2020-07-16,0.3978097876597885,-0.023449124012271113,0.22236594122748243,,-0.19503673660936582,0.4159485111304237,-0.3332945848669397,0.23635049003838857,0.0006471405833253284,,-0.018904890263194345
2020-07-17,0.39806241590007446,-0.023259121752513427,0.2229745144621449,,-0.19598403062495265,0.41611498081653253,-0.33319303173817166,0.2361655366173811,-0.00011511396923180501,,-0.018924682849292333
2020-07-20,0.39513967681110124,-0.022378240531951733,0.22439562821574513,,-0.20120054405172985,0.41891369634499726,-0.33770178207362556,0.2356064402376299,-0.0007439509314823387,,-0.018896778137025946
2020-07-21,0.3997446577309978,-0.01751813353242471,0.23546335440412033,,-0.2066566317081994,0.41920862903247363,-0.3395676461708944,0.23489930301845227,-0.0018197348019393534,,-0.019050902471607033
2020-07-22,0.40003192783520125,-0.021618290655093336,0.22027766443727795,,-0.2029036274382057,0.4187309128723585,-0.3406145592829714,0.23663674761671868,-0.0008819503195243238,,-0.01901124542868319
2020-07-23,0.4006541022479064,-0.019996343710767146,0.21936828499457742,,-0.20386254857543018,0.4172180077935779,-0.3387505708903803,0.23674665480369575,-0.0012062826821790126,,-0.019019678118818346
2020-07-24,0.39974953750009257,-0.021851376153999524,0.21974102753214672,,-0.20014904456728827,0.4172555912021728,-0.33690657803967833,0.2357844794368621,0.00044904095128933165,,-0.018893712144447145
2020-07-27,0.40016162890310997,-0.020633001893218803,0.2174286399028348,,-0.19883278716936645,0.41845834353071926,-0.3385765971534917,0.23656563121956628,0.0016448699875513863,,-0.01896687750438028
2020-07-28,0.4013466087602833,-0.019666715024268006,0.21671524946432763,,-0.19903913962312078,0.4187317778329106,-0.3406934881737338,0.23745775008166897,0.0015281920392503587,,-0.0189498660616667
2020-07-29,0.4013294174331001,-0.01749159241650318,0.21855499746028334,,-0.19860805866519254,0.41896352376523366,-0.33796093446573283,0.23897527325640414,0.0011452666182955606,,-0.01909966680051924
2020-07-30,0.4006289640897451,-0.01785441551382142,0.21701575407228324,,-0.1971089404551248,0.4185043959077509,-0.337220459162479,0.23832433387691543,0.0007975506700928705,,-0.019134820457500094
2020-07-31,0.39925384338462966,-0.021576353694970702,0.20838648324386425,,-0.20212998397185392,0.4155968073114564,-0.3363163196259253,0.23953736133805603,0.003066291187786923,,-0.019000341207016894
2020-08-03,0.40652528494381795,-0.006337624863008582,0.21492905294620382,,-0.2122312712729817,0.4186342108194531,-0.34323422953993565,0.2392132076869206,0.0027009417635311516,,-0.01831614224782759
2020-08-04,0.39864047642957434,-0.005753962182688129,0.2073741191732849,,-0.2178610817392281,0.415239259296541,-0.33868167663879845,0.23566686757463842,0.0008524141886910787,,-0.018366888574243852
2020-08-05,0.3975410457704519,-0.0037567068833901387,0.20938474191277648,,-0.22065117986750174,0.41502195515918344,-0.3389891180755032,0.23642297114323074,0.0015959749153751466,,-0.018375304194041066
2020-08-06,0.39818201891218263,-0.0072716252655793,0.20416803468183048,,-0.2203981479725738,0.41481814104296966,-0.3384166329639465,0.2380783899054535,0.0022177179843263675,,-0.018328053689507802
2020-08-07,0.389637600157213,0.01825764714614111,0.22011324363850235,,-0.23770200139320216,0.4042469754661004,-0.32438848721869595,0.2251192369704349,-0.006250327337245018,,-0.01763279408829214
2020-08-10,0.3917845008734138,0.021364336174620933,0.23360305078187507,,-0.23394465461613456,0.4018522680598944,-0.3215744019190529,0.2265287376003336,-0.0026327590805218415,,-0.017731327288680584
2020-08-11,0.3917299406942089,0.01590013815371559,0.21734475346450063,,-0.23383716972926152,0.4010455509556295,-0.32070666252280544,0.22753647219089768,-0.0022298676477321266,,-0.017769904628589787
2020-08-12,0.3883277507217722,0.017245460521223874,0.2190758424278042,,-0.2412669791485455,0.39975356311443816,-0.3145950280664626,0.22509525645369682,-0.003116161574051635,,-0.017745090283918352
2020-08-13,0.39765287412851086,0.012649736035239448,0.19551693466239353,,-0.23539669193476093,0.39284823727656054,-0.3037173349910502,0.20982720585684903,-0.008805082086690114,,-0.017511611214290512
2020-08-14,0.3833182680412217,0.007638939017110833,0.1794063578282429,,-0.23762875272290426,0.39111111806601384,-0.3028025948047765,0.20914867585130303,-0.006399969530227505,,-0.017558401806219096
2020-08-17,0.3869498006478165,0.01563469343865257,0.1866910657369366,,-0.23943953753713615,0.3909722289174378,-0.3051030602590108,0.20705272682681064,-0.008274551632120002,,-0.017611909906668027
2020-08-18,0.3953159406038464,0.01963398527109473,0.18928671445161196,,-0.2478817340812522,0.38875267891305215,-0.30240288874476434,0.2041188954699594,-0.01311794400338917,,-0.017636649568439345
2020-08-19,0.3982768342096712,0.011845311172288764,0.18465720841335836,,-0.2395357946403232,0.3859038490433204,-0.2982990299150818,0.20305498848268683,-0.011957300723758292,,-0.01776918968255179
2020-08-20,0.3985379394103001,0.01742658961998295,0.1857970272828092,,-0.23798712479801032,0.38387342394076107,-0.29770394051081556,0.2044026749152293,-0.014412468799439138,,-0.017586361423321588
2020-08-21,0.4018319280830195,0.01606199338899309,0.18792299891023045,,-0.2446932388231771,0.3817525623806856,-0.2943665826381712,0.20601165964245893,-0.010352098745161796,,-0.017480690956298804
2020-08-24,0.40277141117482124,0.020886330143771233,0.1908650770312356,,-0.24982250549048293,0.3793357056410624,-0.2903627952875173,0.20271863929876954,-0.01563306737919168,,-0.017595578793748862
2020-08-25,0.40297035094949174,0.02048772275163687,0.18983844394688046,,-0.25237410600788945,0.3789543685716627,-0.29011117474276665,0.20259626046123605,-0.016082717869487437,,-0.017582363985166185
2020-08-26,0.4027104745182826,0.023330743017405148,0.1932212083983772,,-0.25204918295644446,0.3797429413132603,-0.28825808399492797,0.20325198585852053,-0.016617238641999002,,-0.017619838738739676
2020-08-27,0.403543215078256,0.023143587428208375,0.1926583323301561,,-0.2525844688972056,0.37963828591055915,-0.28766328401203567,0.20351924223193207,-0.016123760794439904,,-0.017613561000612968
2020-08-28,0.4157686514421134,0.028295142932508354,0.19476614261263378,,-0.2564914817651412,0.3798100758243368,-0.2888994593894498,0.20225916284535803,-0.01776984256215334,,-0.017640870630309773
2020-08-31,0.4150966851662248,0.026914016111156857,0.19863625470989035,,-0.25547132705918574,0.37879352905637725,-0.2783988408227855,0.1992479617886068,-0.018696309283794323,,-0.01778921781199319
2020-09-01,0.40973444651910707,0.030637545077074262,0.20440723241710448,,-0.256737178566694,0.37658060357835,-0.2768454439209558,0.19863282119409623,-0.017835244042730285,,-0.018583133137643454
2020-09-02,0.40408841822556146,0.030795865084375068,0.2019953537305898,,-0.2508032086039455,0.3749106468358575,-0.26904062934518946,0.20078102397684094,-0.01739872410638485,,-0.018529683864995216
2020-09-03,0.402349809220303,0.042315740099828275,0.2142033839435483,,-0.24964041991678357,0.3783072896796746,-0.2743670695913849,0.19489266412158998,-0.026500171802646015,,-0.018320176599361908
2020-09-04,0.40263141759064586,0.039291517742630344,0.2088759720606192,,-0.24726517208853044,0.37109567206937605,-0.2817180386213832,0.20623280398692628,-0.019640858654425636,,-0.018368243159752464
2020-09-08,0.39961072773205125,0.03796906118784533,0.2073119217837323,,-0.2520881685426891,0.37393998651341154,-0.2819469748097152,0.20926440390333056,-0.018595201099984863,,-0.018278910088803793
2020-09-09,0.39736229714392324,0.03885016622939043,0.20731322535571264,,-0.25301530971662994,0.3753379961704724,-0.2837348255010028,0.21100351913863363,-0.01867920359200866,,-0.018324390721491144
2020-09-10,0.3932020120902812,0.037298153560307384,0.20521450457595503,,-0.2524768932257242,0.3787636517112363,-0.28533687472564767,0.2125974246931669,-0.017140824446517777,,-0.018179910463822963
2020-09-11,0.39608777496570097,0.03343231052147231,0.20188839136577302,,-0.25015334803837863,0.37789298161022616,-0.28842821037255156,0.20898639383513848,-0.015154026097881986,,-0.018189246628120787
2020-09-14,0.3969994871752237,0.038323543704734085,0.2137439141364608,,-0.2523131077595004,0.3811759978618934,-0.2883100855190839,0.19951949289851012,-0.02258402883395312,,-0.018186280230813506
2020-09-15,0.3929884471719499,0.042480549724248945,0.22190330637067784,,-0.24751457703677374,0.3821714827890311,-0.2853527581769877,0.19436480618497234,-0.029253964324818933,,-0.018439715074592106
2020-09-16,0.3923123062424074,0.0424728125411309,0.22227445292436082,,-0.24947177804216933,0.38253300163813175,-0.28584342174921984,0.19370536273165753,-0.029718093042920234,,-0.018462346276524374
2020-09-17,0.39158767982032994,0.04192354275777537,0.22099042632637064,,-0.24857384607150126,0.38226187058950956,-0.28667977569578174,0.19319308089692272,-0.02750388735306096,,-0.018523383734427617
2020-09-18,0.3953702066067627,0.0432210412461438,0.22039205200366604,,-0.2490001364334307,0.378758763280606,-0.28721868605906403,0.193668323738924,-0.027422183560657842,,-0.01859317295270741
2020-09-21,0.3984924281346018,0.060517472279482995,0.24461567293162725,,-0.2587148248417028,0.3798622582910346,-0.29110017569999697,0.19445806573262442,-0.032388113810210964,,-0.018252643308412468
2020-09-22,0.39913386345045804,0.059798984601193414,0.24572266403696105,,-0.25478305671147766,0.3806296155902202,-0.2917816892082536,0.1945836453615157,-0.032079597310798895,,-0.018288697201118427
2020-09-23,0.4037376779711822,0.07045085610660957,0.2565891804855975,,-0.2602282107703003,0.38490953153447427,-0.2945064629769371,0.1914117310129689,-0.03526013591441479,,-0.018061121000302313
2020-09-24,0.40542054664855964,0.07062702105383528,0.25724481048430853,,-0.2621362875086508,0.3841948703366588,-0.2941184296186572,0.19180700636801132,-0.03656315865325156,,-0.017978675972149877
2020-09-25,0.40387583985703346,0.07098230506013777,0.25626733807352353,,-0.26061462661965495,0.3842708179218418,-0.294282303436276,0.18941856315917316,-0.036365909299718814,,-0.018116014618379264
2020-09-28,0.40471553549421485,0.07309184171769151,0.25876295342775196,,-0.261096946686447,0.3858436678937526,-0.2967685105902194,0.18995262914802763,-0.03827213052612504,,-0.01810267831000189
2020-09-29,0.40151735723628984,0.068629112991374,0.254863996370334,,-0.2588618793963498,0.38674007098172275,-0.2987845784504124,0.19038134967710457,-0.038014807493151274,,-0.018147421691044455
2020-09-30,0.39890049269579286,0.06833075748242971,0.24802636853855328,,-0.25916803294566176,0.3867208847268852,-0.29698685212420783,0.19176093002123093,-0.03509408171396087,,-0.017847121431756055
2020-10-01,0.4236676366730137,0.052394402808547555,0.22054720559162394,,-0.24391118737957404,0.3716024224558775,-0.29090366802047757,0.18522849690997617,-0.03191458176348328,,-0.027131063511107358
2020-10-02,0.43955414082661676,0.047555017121894846,0.21293287258458576,,-0.23697035110285433,0.36150979750402823,-0.284471765209974,0.18508653110682377,-0.02999380949056433,,-0.027037700339495607
2020-10-05,0.4390160369692785,0.04701196477769401,0.21170136213758,,-0.2354750858337335,0.35951919452013836,-0.2843426300408176,0.1832048116470368,-0.030493020916248063,,-0.026976978791352687
2020-10-06,0.43845719392258103,0.04794938085864582,0.2118490726492934,,-0.23620419512350957,0.3598146056209265,-0.28530654823693136,0.182309970070907,-0.03149442450228643,,-0.026944281665241255
2020-10-07,0.44425261424800294,0.04251251634624475,0.21068965192195904,,-0.23740130797061454,0.3620996319041663,-0.28696246959429117,0.18582396147647107,-0.030671689205804775,,-0.02698977359241504
2020-10-08,0.44282317668136495,0.042732792789458,0.21073478225541364,,-0.23739387679323623,0.3624302930740734,-0.2879088219465055,0.1862885271895743,-0.030727413456681018,,-0.027009649017875476
2020-10-09,0.44360588318611044,0.0496009806266227,0.21767699892792589,,-0.2374493954759252,0.36284104083186247,-0.2872294596478941,0.18233186886270403,-0.03479779290100942,,-0.027012729454023703
2020-10-12,0.45033671384591467,0.05047413826415343,0.21751819123997082,,-0.23676786605850206,0.3605739547152553,-0.2865229599028028,0.18099561622348917,-0.036196767415234116,,-0.026931810207991454
2020-10-13,0.4510734966125943,0.05286662617542647,0.21928732311557517,,-0.23844994027638208,0.36099710215542513,-0.2871582666548662,0.18226740275303865,-0.035704117069777,,-0.026867403966321066
2020-10-14,0.4528806284976861,0.051220068786846255,0.2180669724056653,,-0.2394440559841011,0.36215543532504113,-0.28969493305920696,0.18416402914137395,-0.03513200387089834,,-0.026945017745791517
2020-10-15,0.453501249017589,0.052581755053656115,0.21718049211839002,,-0.23684898958913592,0.3614497460291125,-0.28872156482673017,0.18392471678472463,-0.03561558539053705,,-0.027080576559450162
2020-10-16,0.45186654219018535,0.05278950439359304,0.2165249193486244,,-0.23576186452830544,0.3612985526379768,-0.2889226723973293,0.1831806930459984,-0.035685226423941195,,-0.027012131843322813
2020-10-19,0.448060292445448,0.054230113945039855,0.21778672166039054,,-0.23408923836530365,0.361303191261738,-0.28968662996037703,0.18430240558001865,-0.03481023775303963,,-0.026996017289103526
2020-10-20,0.4399395135693819,0.05485773093136043,0.2188909417008691,,-0.2376970293504037,0.36082739499142236,-0.2882804572893815,0.1866497938010311,-0.032919529679571624,,-0.027006382960746846
2020-10-21,0.4406505256638961,0.05668773265525342,0.21944481173110478,,-0.240673536177659,0.35927105349075356,-0.28850299768666,0.18737741224389948,-0.03296885491613117,,-0.027091933666846802
2020-10-22,0.4391829951825781,0.059428170233816885,0.2220653643566007,,-0.24356498062712453,0.35790145875038915,-0.2859118000350397,0.18512574792454078,-0.03428300539155933,,-0.026896180148551066
2020-10-23,0.43885454074636415,0.05971542800073133,0.22245515953868641,,-0.24222912032286062,0.35737188830211586,-0.2852619610444405,0.18524552220211346,-0.03407641028007288,,-0.026835325376812623
2020-10-26,0.4405127512217149,0.05981113196788537,0.22339366223061807,,-0.24463961147612776,0.3593150268436413,-0.28925650400592884,0.1867152491051743,-0.03371742358249332,,-0.026698096267264302
2020-10-27,0.4404624323698059,0.06011106744813943,0.22345289372474775,,-0.24456685619604032,0.35924017820424736,-0.2894766888680973,0.186583347862962,-0.034320885186306764,,-0.026687165200033686
2020-10-28,0.4424880259030735,0.0644810694051561,0.22760317920212025,,-0.24726297025644917,0.36213653923701655,-0.29321539115831213,0.18620814956640103,-0.03546346830332308,,-0.026561072149969087
2020-10-29,0.4436410234088528,0.06485119850687468,0.22762438213537725,,-0.24716401643231348,0.36166110633330706,-0.2929866781161753,0.18518244513735052,-0.03606757325549846,,-0.026554397546986304
2020-10-30,0.44151920438648395,0.0692701176782728,0.22983989078665526,,-0.2518265493890451,0.3623450425426554,-0.2905130714398606,0.17735714807450342,-0.04193983617045779,,-0.026739764272426494
2020-11-02,0.44205321208223686,0.07085693699357172,0.23111123884711862,,-0.2511972136808411,0.36276668956410135,-0.290066034099323,0.17591257567033802,-0.04245320242743209,,-0.0246750865384753
2020-11-03,0.4408361619745396,0.07162731030459568,0.23153083281435152,,-0.2530265362268171,0.3629890666462549,-0.291272447643414,0.17525874565027233,-0.0423753156367907,,-0.024666253394059947
2020-11-04,0.4412191770519919,0.07537875394344469,0.23411924115171917,,-0.25733184620832733,0.3638737862660707,-0.29180336416967095,0.16891269343939325,-0.04473213372575124,,-0.024640830530040052
2020-11-05,0.44070057448689554,0.07678418504951473,0.2333419223188735,,-0.25590042240582395,0.36413248851643687,-0.293853165956133,0.16643392876595983,-0.04652053095273024,,-0.02478935660534957
2020-11-06,0.44136456007795893,0.08717256773293501,0.24518432436054255,,-0.2624173858129889,0.36455171031481937,-0.29897668658350623,0.1585144155368123,-0.052579768173703224,,-0.024800916440144427
2020-11-09,0.44306559298791304,0.08335556221630172,0.2396915967420137,,-0.25978067691927414,0.3659879586170653,-0.30315856787089057,0.15824639947023963,-0.05224903067860804,,-0.025015124545506043
2020-11-10,0.4420086472411555,0.08230030843056511,0.23880110459529605,,-0.2606005917085951,0.3659725302022185,-0.30213909478937145,0.1587248943975141,-0.052102579536298196,,-0.025078116126800814
2020-11-11,0.4403505215099658,0.08312702646125598,0.23899275439214432,,-0.2613147136411726,0.36530439822140764,-0.30057198638979155,0.15808935206951466,-0.052470523434280374,,-0.02507745397704423
2020-11-12,0.44046095716615125,0.08388901472255585,0.2393827918446848,,-0.26131212292188644,0.3645977397805722,-0.29907469601365194,0.15606051541574692,-0.05319752148803687,,-0.025126270870897152
2020-11-13,0.4397602947889672,0.08603282419127582,0.2412014780801551,,-0.26332364908903483,0.36584593179269703,-0.30112996143435694,0.15491721239139164,-0.05358405016853672,,-0.025249847200030272
2020-11-16,0.4421956355899187,0.08636158254713394,0.24116643738921617,,-0.2639487717820375,0.3665792300641967,-0.3009904488670285,0.1551655418505947,-0.05232637956102091,,-0.02527282230675984
2020-11-17,0.4379012966922422,0.08700818098929677,0.24183376041483012,,-0.26415829045558925,0.36705325093039426,-0.30053038006936517,0.15549068232978377,-0.05264784064070332,,-0.02526514321523352
2020-11-18,0.43967459514992313,0.08696810337934871,0.24152752835956492,,-0.2653600843692588,0.3676732669510063,-0.30215888813965647,0.1568659946053448,-0.051741916501588006,,-0.02520534621789356
2020-11-19,0.4401632655139103,0.08669704031072577,0.24114236508560377,,-0.26521259409975445,0.36757667034630176,-0.3023065215809105,0.1561755904248649,-0.05227224884805465,,-0.02524160675373188
2020-11-20,0.4365513534499768,0.08741096389715619,0.2422386879379341,,-0.2607696325544997,0.36244939700329265,-0.29775410860558965,0.15446924961657071,-0.05335028323405417,,-0.02537529911365576
2020-11-23,0.4386632984860589,0.09184254267081253,0.24550438751948103,,-0.26375100595105183,0.36134277910530566,-0.29426256446160404,0.15239045934306134,-0.054720473092481334,,-0.025208327086808636
2020-11-24,0.43981319363778637,0.08670731130453489,0.243281978361809,,-0.2652038403885441,0.3629369270347935,-0.2956821314045659,0.15364996923609664,-0.05501248328558395,,-0.025270164225706142
2020-11-25,0.43744605641621037,0.0864932229576738,0.24281121195123276,,-0.2654096112717118,0.3629459704000486,-0.2952391548320779,0.15469857506414642,-0.05441742896161283,,-0.02523981920717588
2020-11-27,0.4441834650550139,0.07831193693138776,0.2316940366357354,,-0.2666857393366496,0.36134473419404534,-0.29506111716537936,0.1500293936546122,-0.058336786402667255,,-0.025282341083839702
2020-11-30,0.4418240778954877,0.08008558217249914,0.2322153178454707,,-0.2676576873478518,0.36074417858273133,-0.29321560256150714,0.15118203980899517,-0.05665098662607314,,-0.02545881934252401
2020-12-01,0.4471385290554669,0.08474621078814895,0.23705041278386071,,-0.2725997605199022,0.36137929782724837,-0.2920833296727726,0.1575402935805131,-0.05346015601269599,,-0.031486864727854516
2020-12-02,0.44524268475869816,0.0871703223938771,0.23899617998746253,,-0.27355093891805027,0.36087775096655733,-0.29045531990987783,0.1530132653437489,-0.05815805427165685,,-0.03164569615077699
2020-12-03,0.44574815177527066,0.08826570597596889,0.2421256982456569,,-0.2729975459818402,0.3605753712794926,-0.2882979713386626,0.1491951747982158,-0.059705229112667804,,-0.0315558728963288
2020-12-04,0.4472607410026465,0.08793214712025763,0.24221093283259817,,-0.27273591651525403,0.36111602906029916,-0.2887152254920631,0.15103016186107474,-0.05868141315119858,,-0.031623357797448515
2020-12-07,0.446931828834944,0.09368968406686319,0.24936958819905827,,-0.27909279988347957,0.3606290811678177,-0.285957096661248,0.14717593793338468,-0.06141184593812899,,-0.03149879859364557
2020-12-08,0.4468993610487115,0.09358283279239313,0.24967367011088057,,-0.2797619149109681,0.3615123017672169,-0.29314588984426326,0.14815878457891693,-0.06048427947465466,,-0.031344920001719644
2020-12-09,0.4440519133766722,0.09179037974046629,0.2480303460194183,,-0.2791908850880411,0.3611062873337893,-0.2919522046643066,0.1484471015795677,-0.06031048145106399,,-0.03135179667065223
2020-12-10,0.446026664280923,0.09044017455499136,0.24738242502925167,,-0.28044441430108924,0.359728822492082,-0.2897216155517239,0.14752012988414348,-0.058354073765589175,,-0.03137734888297782
2020-12-11,0.4495111594300114,0.08963092404311393,0.2470376549022088,,-0.2823211016067587,0.35930496757408914,-0.29058654100220005,0.1482094870214249,-0.05875046093459615,,-0.031144250078159044
2020-12-14,0.4462923890816558,0.0902852792051247,0.2472231987434998,,-0.28257326573194386,0.359390341752912,-0.2927591612549842,0.14720662759125955,-0.059964786265335426,,-0.031178352332215442
2020-12-15,0.44276295831944085,0.0915431372434529,0.24750260661971646,,-0.28279382032572165,0.3592608878398777,-0.2920162017738456,0.14351652658383732,-0.06316041857410708,,-0.031120935396797444
2020-12-16,0.44304736915531656,0.09158727197423605,0.24782215833657414,,-0.28269565501639615,0.35926935298192086,-0.29214720778702385,0.14352027336569687,-0.06335456529120528,,-0.031171417052679156
2020-12-17,0.44536524829131025,0.09473823170026285,0.2509216145575526,,-0.2856313551956622,0.35951398265628326,-0.29264010268056484,0.14454797082232734,-0.06283266707309311,,-0.03127789772725157
2020-12-18,0.4457141226728636,0.09417876981355229,0.2500613249047238,,-0.2842078308533091,0.35874951723904,-0.2928439542875177,0.145516617197026,-0.062521323097449,,-0.03130450850247445
2020-12-21,0.45027223133306965,0.0949102940284457,0.2479855079754869,,-0.2828087800746285,0.3594378590607993,-0.2984155358010206,0.1460010113224217,-0.06258137506317332,,-0.031153131056009774
2020-12-22,0.45391420391479037,0.0970990520854996,0.2519666134868629,,-0.28786575907521,0.35903019782647116,-0.29545692925602374,0.14700122693249532,-0.06223815430246489,,-0.030877344201631796
2020-12-23,0.45469678825810994,0.09637056727533264,0.2519325603287523,,-0.2889792890806794,0.35900813739318643,-0.29641622689938113,0.14923765633739863,-0.061209338175732576,,-0.030890212626018963
2020-12-24,0.4550693955154468,0.09551822548534089,0.2516011398931834,,-0.28904923776229585,0.3588286768871844,-0.2963599636654373,0.1491799919996287,-0.06194391796655862,,-0.030834312005111112
2020-12-28,0.4579041716413486,0.09599609551530247,0.25157897999613993,,-0.2949818057043379,0.35924660783401147,-0.29495010485172946,0.14808419432586464,-0.06224543425432587,,-0.031007005274139215
2020-12-29,0.4583541533323519,0.09589275686772401,0.2522451248730828,,-0.29387817117440557,0.35911225784743084,-0.2951625111697888,0.14844064738205698,-0.06254402239016034,,-0.030984695215556534
2020-12-30,0.4550568446528855,0.09626097503094425,0.25140164038307794,,-0.2959368041511166,0.35999937725319087,-0.2988351796701971,0.15053716302912312,-0.06224327167671828,,-0.031130894643736993
2020-12-31,0.46010997481660654,0.0956530959977272,0.25148569595823383,,-0.3027607130340279,0.35837179850244094,-0.2956061468894597,0.15304714736271596,-0.05711300016933925,,-0.006121316549065128
2021-01-04,0.46683601588237505,0.10477976018634746,0.25478186900421573,,-0.30304463733662357,0.3550780725286448,-0.28457757162282765,0.1483253117357633,-0.06095451601035414,,-0.009598793566037158
2021-01-05,0.47157564572829974,0.10591949506978869,0.2553337044088154,,-0.3075755570539767,0.35508991335540446,-0.2875367176873769,0.1521354473407198,-0.058964286243004496,,-0.010013100380984194
2021-01-06,0.4722102551104709,0.10445158989230949,0.25469803839432625,,-0.30781133894510854,0.35517006872188955,-0.28758059675678227,0.1520871865943122,-0.05851455780438559,,-0.010039596015544277
2021-01-07,0.47427816109709175,0.10578431624814438,0.25581369767210677,,-0.3058520507164557,0.356320363660656,-0.2900923791714162,0.15277550318426453,-0.05840742168097363,,-0.010167670646194966
2021-01-08,0.4751126714790053,0.10939498671797808,0.25597857405219465,,-0.3065031693881632,0.3561041940895667,-0.29033365320219906,0.1511172192058374,-0.06114676534502786,,-0.010106403333217558
2021-01-11,0.47912369927403564,0.10343337344822458,0.2459971637064027,,-0.31271570836269263,0.3556380699084744,-0.29721156846663865,0.14555736888351625,-0.0639191362406211,,-0.009367603553281862
2021-01-12,0.4848355589002017,0.10449193403247348,0.24759889602344137,,-0.31564951160458155,0.35484884783972936,-0.2975694203627555,0.14443415812380656,-0.06575152793499826,,-0.00930353944416398
2021-01-13,0.48406369544676925,0.10511610740328964,0.24842541710842422,,-0.3149955079395676,0.3550495834570443,-0.2978288595026937,0.14431716397143274,-0.06554047752276848,,-0.009270776374495675
2021-01-14,0.4809601965667948,0.10467083878099495,0.24932709513236465,,-0.3152249233895376,0.3538197547248372,-0.295491574674716,0.1463082911504488,-0.06399384169734652,,-0.009569927200950476
2021-01-15,0.4860535366405199,0.10831884914689331,0.2540410162182039,,-0.31978446591749526,0.3553418422199785,-0.29725252735783314,0.14927472018212826,-0.05841245636533939,,-0.009317621695579299
2021-01-19,0.48226330004660894,0.10925227909527857,0.2551048340310685,,-0.32070933036923516,0.35591161181448955,-0.2982684224050238,0.14943960056330344,-0.058410048726085184,,-0.009506018992609784
2021-01-20,0.4875235007177245,0.10915943195316756,0.25349959321193727,,-0.3224161084347458,0.3564652212591866,-0.29621370916057893,0.14451897705455594,-0.0630623140471279,,-0.00995146759135489
2021-01-21,0.4752418165538562,0.10894688234522175,0.2538444119410171,,-0.3225115643801953,0.35693089723718624,-0.2965762241672517,0.14495927561996585,-0.06199772644097196,,-0.01022934742800879
2021-01-22,0.47278319326405416,0.11159450308279178,0.25485912175222253,,-0.3219197499510898,0.3580515803518923,-0.29748233629370235,0.143762473554831,-0.06239516525370778,,-0.010434714050585714
2021-01-25,0.47137148795615996,0.11299258081732096,0.2577297801872563,,-0.32076724276341173,0.35710936004960436,-0.29327283091445777,0.13979890417069324,-0.06379191698070447,,-0.010780899842399654
2021-01-26,0.46819703656568357,0.11667476223444403,0.259224185479739,,-0.3207027738166508,0.3544569271155752,-0.2755619056252789,0.12937154520469896,-0.07086880440195259,,-0.01150698238493265
2021-01-27,0.4709234370914179,0.1168568618974876,0.25792390052477454,,-0.3244759443031221,0.3594518343557418,-0.288073026678616,0.13255953909618548,-0.06930742595401172,,-0.011300933460384422
2021-01-28,0.4682888867689513,0.11675319884121102,0.25838808978722017,,-0.3249837127941586,0.3597922976818171,-0.2865675356156252,0.13065969778765477,-0.07161157567735013,,-0.01157926736275597
2021-01-29,0.47100850229602836,0.11875944138654664,0.26056134283966853,,-0.3265775446653734,0.3612216570309468,-0.29011324564230273,0.12792631421236816,-0.07423105310304864,,-0.01177889027024229
2021-02-01,0.47117510477598407,0.1180219931710856,0.25265035094726196,,-0.3286252802602602,0.35978059365037374,-0.2891026533823057,0.12782558865919122,-0.07541259795740671,,-0.010839975173718363
2021-02-02,0.47226534544372456,0.11996254338713655,0.25344430504531246,,-0.3289029143948845,0.35846757574000515,-0.2838832286862447,0.1266079738597934,-0.07416484257217236,,-0.021933490755653318
2021-02-03,0.47242641998594187,0.12484844977158731,0.25581219664265864,,-0.3310038730303968,0.35678592719021496,-0.2831226836148319,0.12341638190639521,-0.07858247914333934,,-0.021867109790298787
2021-02-04,0.4686966850969751,0.12567442278081883,0.2567601573042844,,-0.33472638998349286,0.3550336103956318,-0.28075088946502,0.12089836814978097,-0.08111656590186933,,-0.021399305806987564
2021-02-05,0.47173870498562004,0.12901063765433668,0.2597278246517859,,-0.3399894515160315,0.3544913772671753,-0.28195968924647924,0.12356774995622519,-0.08000474703542834,,-0.021724968416863152
2021-02-08,0.46985145515271326,0.1317137565531398,0.26035417079870254,,-0.33905723734068777,0.35466899276292735,-0.2804615589239133,0.1184793402280018,-0.08437594034218761,,-0.0225765071692805
2021-02-09,0.4723990272977252,0.13196522745503433,0.2590089637293878,,-0.3416467923358443,0.35401719570624635,-0.2795469886664571,0.11795798822904767,-0.08494624671326034,,-0.02301064402414365
2021-02-10,0.4720095651705604,0.13385646946435031,0.2585480218119795,,-0.3413503921825624,0.35358286613010953,-0.27911817475359535,0.11437854516019662,-0.08828650813995466,,-0.02305648462420263
2021-02-11,0.4722765242483599,0.13389957043149744,0.25899347416329854,,-0.3431060322376256,0.3533205863484461,-0.2780731877301119,0.11328238397613288,-0.08904886638576501,,-0.02287085332550525
2021-02-12,0.4722227998387832,0.13350087471252425,0.25899769736182415,,-0.3430891301815813,0.3535575623421201,-0.27863810272554396,0.11386956772617621,-0.0883173273253191,,-0.02283113488888621
2021-02-16,0.46930264655184945,0.1308423706117847,0.25896329806407675,,-0.34207362406576175,0.35329004973441536,-0.27675397712592376,0.11735672503395596,-0.08435453840485217,,-0.023353176625072417
2021-02-17,0.4667281689549243,0.13200960639814574,0.25918808177893665,,-0.3431115601447233,0.35329525911916904,-0.27713531032729916,0.11735724171076838,-0.08485891749129038,,-0.023198713628778348
2021-02-18,0.469777308923471,0.13195255524221808,0.2565270126181301,,-0.34571757888314947,0.35083270367273983,-0.2736786400590228,0.1157862756569981,-0.07935277513637794,,-0.023724374936265686
2021-02-19,0.4550245120838068,0.13155374377524245,0.2541908363252882,,-0.3442655655349256,0.3436043486596555,-0.2704004893027743,0.12374914501546457,-0.06389835598750528,,-0.024864854499314894
2021-02-22,0.4588567064088937,0.1334744025686484,0.2562062427838927,,-0.34492105826216296,0.3428525773312961,-0.2699009087410733,0.12716305385807466,-0.061793100129796406,,-0.025026292444915364
2021-02-23,0.4560743034936715,0.13746566490684628,0.25726904380148924,,-0.3437507609068836,0.33985727243161773,-0.26639418848087765,0.12248192635719755,-0.0651455147507621,,-0.02559780875754733
2021-02-24,0.4612592426271906,0.13457424470750276,0.25738938853523324,,-0.3413932428741907,0.3422445353274735,-0.27098463815473833,0.12497445757795395,-0.06447758060393072,,-0.026208914414479218
2021-02-25,0.4456213538588503,0.13601053612028585,0.2565958957905372,,-0.3408743094587581,0.34399102582752006,-0.27445174270728,0.11665793065406378,-0.07259795948088062,,-0.026193611588297357
2021-02-26,0.465514116392452,0.15444477516115152,0.2681425299141841,,-0.3577540092407633,0.34208425623782407,-0.26978474650141077,0.1259554257211674,-0.04986607259669963,,-0.024604405250712825
2021-03-01,0.4612491253034853,0.146997014605964,0.26410048764882055,,-0.3599535084642601,0.34166093145395043,-0.2693424236144576,0.11843361321129076,-0.05258391674618534,,-0.024673589014061508
2021-03-02,0.4672251081481128,0.14328836454798843,0.2622319852355874,,-0.3558778684243747,0.3301876458745427,-0.2578892103425986,0.11812326602247301,-0.05762552510295246,,-0.1296161894664195
2021-03-03,0.4697585926006427,0.15444118540606092,0.26733590280919145,,-0.35843079102298375,0.3300653336280555,-0.26041008515038694,0.10903430316454005,-0.06740191381386194,,-0.1289746082236524
2021-03-04,0.47738056741933343,0.1592226633086573,0.2755484019335418,,-0.3700804769551354,0.3328012420068295,-0.2645741029058508,0.0923763397217868,-0.08123853216179949,,-0.12589796347483972
2021-03-05,0.47645924333117495,0.16009629675707898,0.27327216679160105,,-0.3656298358338493,0.33530558988035564,-0.2709901966740518,0.09061678882439676,-0.08194842210021336,,-0.12611795515819862
2021-03-08,0.47714882104602846,0.1596621949461109,0.2729226045076581,,-0.3703270438286841,0.3344016646704035,-0.2700270696356113,0.0880227209787261,-0.08411446184148282,,-0.12634175201083436
2021-03-09,0.4745264195966381,0.14977978297277034,0.26344521343507743,,-0.3824875132760122,0.31879898691293856,-0.25411406538007575,0.07469412464426219,-0.06909334608024637,,-0.12623608789897758
2021-03-10,0.47538676731659524,0.1504622285350315,0.2634661733546322,,-0.39474643042789714,0.32103998401986505,-0.25492850155152985,0.07478509218020032,-0.07410076414588768,,-0.1262671498313171
2021-03-11,0.474342383168,0.14806034305365695,0.26165534687314157,,-0.39725262041895976,0.3195125956581158,-0.25270530543826536,0.07902138967381388,-0.07007951574942622,,-0.1266766440057968
2021-03-12,0.47159534133388387,0.14103825093422329,0.257562323171474,,-0.39332911645532015,0.31761289586778807,-0.24562608485563137,0.0796958079756643,-0.06389254740174112,,-0.12722952659945777
2021-03-15,0.46872801219462634,0.1398777773769635,0.25870679131189883,,-0.397086234515823,0.33756777201247923,-0.2544259814084288,0.08299872094654903,-0.06203194726945301,,-0.1273295009840316
2021-03-16,0.47974512767699456,0.127843537826794,0.2346004656143452,,-0.41548048493773554,0.31201724325495717,-0.22626561481913704,0.0458754798366125,-0.06590858875588389,,-0.1285270072544403
2021-03-17,0.47428685485289435,0.14899130013381784,0.2285512748413282,,-0.39661736314647617,0.358439193794375,-0.24016311747264593,0.10768175813517797,0.004980636754300586,,-0.13122066650583372
2021-03-18,0.4728977135997098,0.10798158275591628,0.19785792188304138,,-0.34943866478753005,0.3154172639741328,-0.24973168265312487,0.2407116061034343,0.06888757828752175,,-0.13940347788765498
2021-03-19,0.4752887723808913,0.10803317921918476,0.19462946613476712,,-0.3800869928915544,0.31544143379474876,-0.2474007550569366,0.2625924763662654,0.06275032056172908,,-0.1392845349321626
2021-03-22,0.47614014797658916,0.10830179646516024,0.19487720575553907,,-0.37994709272848015,0.31571170655597086,-0.25047789386149377,0.2624551525718493,0.05349111585619059,,-0.13961490728664666
2021-03-23,0.47111964513256555,0.1596802596425213,0.2253780004453275,,-0.39700280382996134,0.3034428821062083,-0.26574720028324644,0.23564500363974486,0.004612913657886602,,-0.14144152188768003
2021-03-24,0.47702268849276686,0.12185691285681374,0.207026306010051,,-0.38764827139082675,0.2709766628047398,-0.2702919360841206,0.2281442826902881,0.028450439510272114,,-0.14188661954256984
2021-03-25,0.4805787743111675,0.13037624017551,0.2036321588637669,,-0.38800799027473504,0.2658421892328035,-0.2657198051886854,0.22428330148432854,0.03430012282124354,,-0.14030762432911115
2021-03-26,0.48374672161526083,0.13580989123765605,0.2012396159096868,,-0.4192697102575678,0.29748952524791916,-0.27053061171106696,0.22529520124349195,0.03261656266609907,,-0.1409349869782992
2021-03-29,0.4863193232293169,0.13624284622558827,0.20194139139873296,,-0.43298320675637886,0.29642373638348496,-0.271938828293572,0.21725137429306016,0.03022587528686885,,-0.14073310169187414
2021-03-30,0.4890954156109346,0.14210367325495551,0.2010879648824465,,-0.43009350152355064,0.3136202781572206,-0.2790248179911307,0.20796235767658322,0.024753176906535838,,-0.14081979980220607
2021-03-31,0.5058945152252612,0.16480524760996618,0.2037553960038712,,-0.4322650110424746,0.330928355860682,-0.27531716420727953,0.20483543268577775,0.004171824437969627,,-0.14153927546736028
2021-04-01,0.4995432899799104,0.16320403681974674,0.20109580635976984,,-0.4241275857842577,0.31563309941871687,-0.26948512466676544,0.19506902216458616,-0.017805314813140623,,-0.09512312852232033
2021-04-05,0.49335751401590794,0.1522646079996185,0.18994623920513196,,-0.4370191874591895,0.31564925702787877,-0.2571394038568416,0.20353029553583973,0.007065601227486856,,-0.09469258337968639
2021-04-06,0.4856269198108612,0.1522194948905641,0.18713722350740775,,-0.43237960112142015,0.3127025570776993,-0.2621109739675964,0.20281012154214567,0.0028535791317042787,,-0.09490552761755006
2021-04-07,0.49241521556911255,0.1481680334337437,0.1839130946726695,,-0.43457959800609647,0.3160681070518902,-0.2571320875811752,0.1996367510822172,0.004814058341838471,,-0.09406393202484464
2021-04-08,0.49112956245884126,0.1543292554086877,0.18162294400251108,,-0.4292417609026706,0.31945761502480285,-0.26128380090887127,0.19084929387861155,-0.005643284943729563,,-0.09412552397729436
2021-04-09,0.49316710652647827,0.15689467613662159,0.18187899220719114,,-0.42925661859315745,0.32603725609189854,-0.26232026413112,0.1881881940250798,-0.01182036550883311,,-0.09375052590853356
2021-04-12,0.49338298966778754,0.16475833834193973,0.1857340746426238,,-0.4323909940600142,0.3276512987194412,-0.2630513187062306,0.18745915710759223,-0.013579316061314345,,-0.09359208127576939
2021-04-13,0.49438754307136296,0.16324677512834596,0.19268943735758887,,-0.4315615770806635,0.33378994767192094,-0.2633089451865965,0.18484492969750616,-0.014045879951176229,,-0.09349204101134381
2021-04-14,0.49668343714395785,0.15756619753307044,0.18965701489805287,,-0.43031726424050487,0.3270009193541164,-0.2582201070506877,0.18596359052293263,-0.011728810807716733,,-0.09341643053364196
2021-04-15,0.4968995671388803,0.15854471621371885,0.18592048465935596,,-0.4239823128488865,0.32353537992292913,-0.2549478511087927,0.1552270999710719,-0.027878360642285778,,-0.09418454636723596
2021-04-16,0.5031338223675725,0.1548441429566372,0.1854237127336016,,-0.42180309982366365,0.32292660187704314,-0.25396938931310936,0.14924903752126492,-0.02206757284861667,,-0.09382151943964852
2021-04-19,0.5051172439638262,0.1625201821686329,0.18855422435581978,,-0.42357307393190163,0.3124280764143158,-0.2475927573456773,0.146538912153563,-0.0267992334598122,,-0.09385845622116834
2021-04-20,0.5048686912831831,0.16363206247974052,0.19097479576770426,,-0.42341580714670046,0.31070854387753466,-0.24586389122926186,0.1466613283434299,-0.02183793272387316,,-0.09393975074051283
2021-04-21,0.5071101051173749,0.1565767975807079,0.1800590567604796,0.12085658258793511,-0.41974416804854303,0.29459197218076694,-0.24607610285088266,0.13442443131811632,-0.04251543805007241,,-0.0958031764011754
2021-04-22,0.5033101523008309,0.14495121528076116,0.17587547570450715,0.09120172668720075,-0.4245785424748029,0.2878821179362095,-0.24264812455491214,0.12913200067917463,-0.03478963335070988,,-0.09562107626609093
2021-04-23,0.5031563422299273,0.14393995708697593,0.1748507411815522,0.09484256729001247,-0.4271345262281238,0.2899156739799541,-0.24511095639412642,0.1298057665883795,-0.0345837395964211,,-0.09575034145132892
2021-04-26,0.5075021259011704,0.14520295215344556,0.1755007855186615,0.09183859062259594,-0.4255776904215072,0.28711014056393597,-0.23998207481341938,0.13043400081110526,-0.03357868415275193,,-0.09567387424351759
2021-04-27,0.48179794400269926,0.1408814318132042,0.17328530832621633,0.13378212641201942,-0.40088751325459443,0.271247090437926,-0.2291284740842323,0.14267945252962438,-0.02273947595661064,,-0.09337034313704355
2021-04-28,0.47430779538995244,0.14115850329684895,0.17632804032508256,0.1270413266497698,-0.3821517204486589,0.26783543915001856,-0.22205407214907316,0.14082619044813566,-0.015664002511453043,,-0.09050653040331287
2021-04-29,0.47184619946767337,0.14144981562586956,0.176403098380763,0.1423037911489091,-0.38334342067582233,0.27100783531958517,-0.2241181943195879,0.13964778749152246,-0.01634379693454954,,-0.09022432562597109
2021-04-30,0.4707807190615067,0.13880603180356463,0.17507114369117047,0.18349197002311887,-0.38945235347106133,0.26971275387070476,-0.22222611166946418,0.13955581298426262,-0.009631236345576792,,-0.09042437558512623
2021-05-03,0.46967452268106424,0.14505669075022343,0.17831456975803178,0.19330165594915355,-0.3951379111559968,0.2613909045825031,-0.2182014842969543,0.13942828936055707,-0.01068492501649165,,-0.060744165820577005
2021-05-04,0.46892879368918955,0.14593238914091178,0.17889746844270457,0.19301304866571667,-0.3984080636903197,0.26195606471786614,-0.2189178135427528,0.13989911443044373,-0.0100628505265298,,-0.060700154769041954
2021-05-05,0.46831547227345544,0.14588338889627844,0.17825816257996663,0.2027657311438496,-0.3999260363232735,0.261422407559549,-0.21807587385858923,0.13957210765451772,-0.008570502190517207,,-0.060652249462399846
2021-05-06,0.47192438968408734,0.1521129776614592,0.18240289513479221,0.20044151532205887,-0.4041954967085533,0.26386980696062984,-0.21968827037140312,0.13602861357062815,-0.008312849009843965,,-0.06064169736633139
2021-05-07,0.4793984011289575,0.15196291004592308,0.17731254256426512,0.20183462285812764,-0.4131336926232413,0.26380285127739844,-0.22444866029405708,0.14574850545117649,-0.006328132561378249,,-0.06040860787463962
2021-05-10,0.4805357208099424,0.15246039877902257,0.17681506727197283,0.20008005732100032,-0.4125656315671074,0.26430201691027055,-0.2260519120386744,0.14225497062887793,-0.006135904427905438,,-0.06024224751390893
2021-05-11,0.4802986120089316,0.14967698921200565,0.1761578609467509,0.19677795071967155,-0.4095033011649645,0.26215505319537863,-0.22368197902137824,0.14761644453345626,-0.001348878252939556,,-0.06049942024872949
2021-05-12,0.4796482303911144,0.15267780021679925,0.17767787588912667,0.20645185355909093,-0.4139230006545811,0.26041015676352935,-0.22145761674897177,0.13893457411363908,-0.003971012418789099,,-0.06057071805856405
2021-05-13,0.4816569401800176,0.15346860492860237,0.17832871486803045,0.20901181294659107,-0.41305784338277163,0.25439464841275267,-0.21004504197584384,0.13984829402394383,-0.0059149083839102334,,-0.06047012685707068
2021-05-14,0.4814503964549545,0.15214426631950684,0.1778965258733879,0.21223886709333947,-0.40765894708795525,0.25049855158639744,-0.19989688101754927,0.14226365155894538,-0.0032075447839997923,,-0.060314140010181615
2021-05-17,0.48263005808992376,0.1574909743027109,0.18696406154622014,0.22317151319793155,-0.4083863514198873,0.25016312584777606,-0.19891899581988878,0.14365871788732212,-0.006128891502714209,,-0.06049271188478329
2021-05-18,0.4801946462781116,0.1675380969942169,0.1824476148492599,0.20542332627126011,-0.39851145049593223,0.2350225311520735,-0.19252143956124115,0.12656371023326288,-0.008769896978925544,,-0.06067393545820889
2021-05-19,0.4928531935844672,0.15932090429892526,0.18391675473280933,0.21533306004941086,-0.4056363344065709,0.23805460524430222,-0.19579713626181167,0.1173586178866186,-0.03039783705525826,,-0.05971863405291706
2021-05-20,0.4908457970942756,0.15839507221829896,0.18364256902931372,0.21215844773037884,-0.4021424001357446,0.2323519097434732,-0.19086576575698078,0.12289076393473929,-0.02756893677146909,,-0.05967144197018772
2021-05-21,0.4963897612773842,0.1564559904565208,0.18489416081237514,0.20690106849537512,-0.40328304185547725,0.2310179382415963,-0.18701141769628066,0.12293759344931776,-0.022790842155695934,,-0.05935758239170633
2021-05-24,0.49370618840662306,0.16165466457060373,0.18990019169035585,0.20493208585950268,-0.3990592610984011,0.2335389036748404,-0.1926538953470399,0.11827280416768089,-0.024345026546418853,,-0.059784411186278245
2021-05-25,0.4934680367772857,0.16554214066291095,0.19048121667970003,0.20257090221109922,-0.3967248971916717,0.23204767360693643,-0.19315582120725647,0.11789046657854894,-0.024468887604273033,,-0.05966797482689519
2021-05-26,0.49611141666964864,0.16721149413374944,0.19185104487483784,0.19520835428876293,-0.3940635962489192,0.23914341455203278,-0.19401312032087337,0.1155675265741333,-0.027061127989902695,,-0.05998163897047346
2021-05-27,0.5050400981324622,0.16389178802990761,0.1906701606711231,0.19592752289175072,-0.39419049207289075,0.23775223664898254,-0.1960643231569018,0.12066526889257237,-0.024239058252743976,,-0.059816429467649535
2021-05-28,0.5050335406589159,0.16345524603360073,0.19027514953440997,0.195801860608,-0.3940782745882544,0.2375512123407947,-0.1957882533352475,0.12224728770724881,-0.02396465905172718,,-0.05980224897825124
2021-06-01,0.5068313070969519,0.1637719325778673,0.18801642346446507,0.1953043832366868,-0.38888212754209966,0.23734659974359695,-0.19914197663395525,0.11957371455935828,-0.02156411094224694,,-0.09570298114054085
2021-06-02,0.5089328149118572,0.1638534803308086,0.1896185812657924,0.19090212921808372,-0.38893226558359056,0.23603790574708045,-0.1967857531717135,0.12184195301141829,-0.021388066599710497,,-0.0956904259944148
2021-06-03,0.5154537437121658,0.17621809600177923,0.19589821795215528,0.19052624341952767,-0.4000796492759527,0.2386841456312841,-0.19878568716028394,0.11583353683468056,-0.035346474156124484,,-0.09512935671706076
2021-06-04,0.517199660757348,0.18010663364963167,0.1973389208353221,0.1915647525667924,-0.40607949327286574,0.24011288582402143,-0.201693961959005,0.11088898023534724,-0.03873756640677597,,-0.09488193060259367
2021-06-07,0.5127903138233169,0.19728697900042144,0.20667885407034287,0.18053162015719862,-0.4131372574927193,0.22976974813890658,-0.19900569618112637,0.09868607449422824,-0.047141602643349184,,-0.09553615993644496
2021-06-08,0.5132744984996365,0.196634293802973,0.2057856785708996,0.18304327708243529,-0.41236682437805133,0.22937805256521784,-0.19903446609407774,0.09770117560149727,-0.046658654780240755,,-0.09552105331901857
2021-06-09,0.5145287794082749,0.1947593119711203,0.20586003767292213,0.18172389993657603,-0.4113417598936451,0.23241388701846444,-0.20267453309849315,0.10443872805141168,-0.04603794246203895,,-0.09568874990144347
2021-06-10,0.5085304736023267,0.19569005772861717,0.2066796447336901,0.17860069547584556,-0.40762396122227956,0.23499643549490032,-0.19824172161308984,0.12058824433551278,-0.023279766984427144,,-0.09613947036893909
2021-06-11,0.499759153397382,0.2026175226841604,0.20930547835186766,0.15501333675849,-0.3903555910951741,0.20575545409799573,-0.17036577428513874,0.10170625531565902,-0.02624465984632515,,-0.09648076760773297
2021-06-14,0.49812999204405894,0.20339792272468216,0.21075942497423153,0.15538420176322262,-0.3946796789087512,0.20512851422223835,-0.17029804534827536,0.09946596484219072,-0.027892851689222654,,-0.0965411466239777
2021-06-15,0.5019697269898408,0.20411352756288062,0.21261403499735268,0.14872125155580715,-0.3998786011935493,0.20872345815074045,-0.17629773248096792,0.09956896531093355,-0.022912866816770936,,-0.09521563088531212
2021-06-16,0.5038785725649852,0.20499970671753232,0.21316570795618855,0.15005452699149308,-0.39128570999470735,0.20936039893035038,-0.17381083129986807,0.10527165842947879,-0.012965423443837124,,-0.09503506604219002
2021-06-17,0.5198088690345165,0.2490169309149014,0.2408141347766689,0.1587032944946651,-0.41217077480342057,0.2082042781787205,-0.1666223123123111,0.1264062336874834,-0.013097345659097986,,-0.09349504806959874
2021-06-18,0.5205466318146948,0.24933232212398118,0.24033982052654762,0.15893565563151185,-0.4131326347685197,0.20990412326572358,-0.16906227357707088,0.12851400131520002,-0.01183292632077591,,-0.09349791974445602
2021-06-21,0.5255022517456447,0.2484320392173226,0.2394110553509236,0.15828665999564934,-0.4150385034686331,0.2121562493191671,-0.17180741692226584,0.1292827303576481,-0.00891592679122865,,-0.09355289617046858
2021-06-22,0.5257030807999353,0.24613715323074262,0.23866261130234756,0.15491922549976964,-0.4125737816432937,0.211475577619551,-0.16993851638343838,0.12795567410206235,-0.011414358308278987,,-0.09366216898092494
2021-06-23,0.524960669316123,0.24715638315598099,0.2394830039244143,0.15386616002193018,-0.4103720081168327,0.2095230188164869,-0.17057192844406488,0.12923927510831648,-0.012865904975811356,,-0.09316168205912359
2021-06-24,0.5245530868830149,0.24723580496446407,0.23881385049248785,0.15223836770618196,-0.41016958100277784,0.2079159689038814,-0.16902994737295038,0.12841558265013958,-0.013482422541689331,,-0.09316044180412619
2021-06-25,0.5205122893646326,0.24728711510724646,0.2385942336347903,0.15141723156827167,-0.4114235401656749,0.20735401756249625,-0.1683935511725146,0.12669477745312516,-0.01368179317601019,,-0.09320685447401345
2021-06-28,0.5210605843742001,0.24683363524962731,0.23818692249858364,0.15282247502091795,-0.41189504656343634,0.21121995600754936,-0.1693814151831884,0.12971309287583388,-0.011290795596158459,,-0.09324073644096222
2021-06-29,0.5166261974913735,0.24693235767791383,0.2383924764072683,0.15306091870626679,-0.41200055560810983,0.21173269768804692,-0.16964884449213816,0.12975424787822581,-0.01133370962910368,,-0.09326277776426942
2021-06-30,0.5140469481753198,0.2452258057709336,0.23636636926659405,0.15515751325826746,-0.4091367063565796,0.20876123021207865,-0.16850180032287632,0.1277262688061647,-0.013819688729103321,,-0.09341041353636104
2021-07-01,0.5151091480023862,0.24413465304972448,0.2368451204171608,0.15108287271924367,-0.4105271611954355,0.20690088435158507,-0.1675066162710321,0.12400281804131488,-0.013874481529605185,,-0.04784272068177999
2021-07-02,0.5158468035092317,0.24420601765542135,0.23747616925785472,0.15000428260966955,-0.41215456692561775,0.2076005117977273,-0.16765146858947108,0.12118850957987501,-0.013437393564200715,,-0.04776659082366826
2021-07-06,0.5172281924615141,0.242546715441268,0.23730284643617247,0.15228278589077307,-0.41135637734270936,0.20529692802211463,-0.1698744961762481,0.12297686686032969,-0.0084787043802806,,-0.048101463901569955
2021-07-07,0.5114404863525227,0.2427096326214392,0.23622501622809217,0.14880126752373127,-0.40995262308841085,0.20844812109574215,-0.17149009983773658,0.11873176030134848,-0.008632029363045671,,-0.04786906998241313
2021-07-08,0.5137067493297242,0.24173693595282955,0.2354611182300214,0.14673633357152804,-0.40436418580584615,0.21052881169841328,-0.1767813382001913,0.12207288854788226,-0.013888192106791299,,-0.04821975391051123
2021-07-09,0.5176757144523407,0.24429701265651513,0.23660695452324207,0.15208744296817234,-0.40727963495603925,0.21496402548620502,-0.18438963707965525,0.13033774958635636,-0.01206167921587385,,-0.047854691694865656
2021-07-12,0.5164022640728992,0.24560553600888654,0.2365415389165786,0.14887336180463903,-0.4084891293917734,0.21066763667442642,-0.1809156132343477,0.1272082967770318,-0.011090106324684379,,-0.0484653284369831
2021-07-13,0.5149204780175468,0.2433377132932576,0.23212467331994976,0.15149692822120203,-0.40661357796548,0.21708354044791434,-0.1932139236643954,0.1253793892940469,-0.008906898675172876,,-0.04895865416672201
2021-07-14,0.5146424879196593,0.2410667090818926,0.23045635004880097,0.15493645448676252,-0.40484932028438425,0.22123427728774386,-0.1949392080096502,0.1272154492263565,-0.006599970795676542,,-0.0489572263412512
2021-07-15,0.5105367196553549,0.24214205587608298,0.23303162310076966,0.15611400877636283,-0.405374069891842,0.224045456137065,-0.19711991148409252,0.12330422545939004,-0.008529097654040056,,-0.048504861166433905
2021-07-16,0.5096244638956312,0.24306138533564492,0.2335425501916462,0.15683241513472554,-0.4068849671362148,0.2246764370370881,-0.19730336543196905,0.1239254646802084,-0.007881458789993504,,-0.04860917297873278
2021-07-19,0.5184681256584288,0.24368464612899796,0.23904724870026373,0.1792464617660249,-0.41005063158165966,0.23550129694982755,-0.21376151946822602,0.14519977988429172,-0.0015618655720955844,,-0.04876912908358317
2021-07-20,0.5204607763315091,0.24355802537112542,0.23764857619786642,0.18077071651509596,-0.40833324014441197,0.23897161461329772,-0.2177629923629129,0.14734223280770778,0.0008165154332172477,,-0.04850132708684048
2021-07-21,0.5189152830482098,0.2402011599503204,0.2326363403290718,0.17678987037233007,-0.405219960282398,0.23897024534933892,-0.21832466820788887,0.1482743195745307,0.0038642614587775918,,-0.04879324979443247
2021-07-22,0.5202895124638038,0.2445808144383194,0.24513250648497759,0.17915167845309854,-0.4057694610318689,0.24089614703068374,-0.219609949423778,0.14537697075671138,4.283482815759225e-06,,-0.04830956501292838
2021-07-23,0.5209926490686708,0.24333210805038893,0.24442123047239567,0.18030609662947408,-0.40409729609103306,0.24542955106559824,-0.22162079230656512,0.1470511693024092,-0.002847993271506427,,-0.04811901077284793
2021-07-26,0.5170718358313833,0.24151410668144366,0.24197972793005976,0.177120452201155,-0.4109000117480581,0.2411788674138402,-0.21682794399951602,0.14273478427934141,-0.02176797513218737,,-0.04665307180287703
2021-07-27,0.5184389384555074,0.24226633257368654,0.24745305801989087,0.17765742244902474,-0.4126656272445779,0.2426841596641032,-0.21956234932254692,0.14553305575891076,-0.02022996321138706,,-0.04681022172198653
2021-07-28,0.5104670347061124,0.241169588833426,0.2458366152682689,0.17663765115560942,-0.4107048733349807,0.2439559173612512,-0.21642967809177932,0.14346152677497573,-0.017335549643298198,,-0.047080957947675674
2021-07-29,0.5100657372809302,0.24308668666951916,0.24737530753221446,0.17769170455926162,-0.41410806173016873,0.245521488829031,-0.21749717177048708,0.14360816770400986,-0.01763599955945423,,-0.046902787433437815
2021-07-30,0.509695350666432,0.244745894960832,0.2484293030716739,0.17735070041770912,-0.4164351879187842,0.2467858501794015,-0.2181656758424108,0.14530404497581184,-0.01721786431291625,,-0.047012540903833534
2021-08-02,0.5081581018449672,0.2488592444850263,0.25557170146978103,0.18334225342333121,-0.41085933440625616,0.25128487815227046,-0.22141274895902546,0.14929404129655255,-0.020124745104935678,,-0.016127751579395583
2021-08-03,0.507305252922997,0.24946825815185938,0.25454475984763114,0.18250874010454227,-0.4116441628930897,0.24652351763788335,-0.2177717369474008,0.14708350122646835,-0.01620313480508875,,-0.022567998511788045
2021-08-04,0.5124648414236233,0.25375844960505095,0.26314234154873606,0.18849837365954297,-0.41392324146707044,0.24877081588899144,-0.21798483086211176,0.14429023678603337,-0.02093358235045598,,-0.022689203207310864
2021-08-05,0.5135391879143302,0.2525507798003727,0.2619717589191345,0.18812196326527242,-0.41393193195600164,0.24827288614527313,-0.21764115142695167,0.14367157163938887,-0.019543812884997992,,-0.022794846245123387
2021-08-06,0.513800318524716,0.25224845968510934,0.2658479136892844,0.18797409700498988,-0.41216211757614,0.24893701582036448,-0.21718822475752056,0.14179826472875207,-0.02048932083524263,,-0.022745467600225316
2021-08-09,0.5191297787630226,0.24312069445688228,0.2624139922887017,0.1856616555495909,-0.4002396404811818,0.25232542025875204,-0.22410141259893723,0.1475329464299947,-0.010763459690177122,,-0.022353657090015987
2021-08-10,0.5201985900014192,0.24107467938561336,0.2530459953351621,0.1857172777741602,-0.4027495123486698,0.25198811916777547,-0.22429212413364932,0.14844513276696586,-0.014073913007693483,,-0.022644625335458808
2021-08-11,0.5203193131868915,0.25305882972835775,0.2681444323801859,0.186200484685208,-0.4028948863080567,0.2532280645914129,-0.22568525496080616,0.14794120337840427,-0.015010204972956676,,-0.022692670967227154
2021-08-12,0.5209001426840113,0.25296766121275,0.2686064165547316,0.18581040443527846,-0.40287157411637425,0.25257995311343023,-0.22473963333835392,0.14667365347395933,-0.015786880267178567,,-0.022870805138558742
2021-08-13,0.5157563741613934,0.26520747951939566,0.2973983764935017,0.18229983504100353,-0.408603504079996,0.251985040290417,-0.2271424680112275,0.15348841756059314,-0.01244325327895372,,-0.02212344696650199
2021-08-16,0.5253350014981283,0.26659471960543374,0.31201128275398915,0.1870680109137973,-0.4072646175775664,0.2518916891023338,-0.22926618726779271,0.15885044020674532,-0.012584365149584099,,-0.022971759619394874
2021-08-17,0.5219496382204427,0.2604801269845157,0.30721177183902193,0.18747287225876333,-0.4128948143212519,0.25613731372455883,-0.23619341814109723,0.16072613922963294,-0.01642961890493074,,-0.023924845300232693
2021-08-18,0.522534803813219,0.2572861052492479,0.30587161261540186,0.19242124818424217,-0.4049111469584145,0.2616813618346717,-0.24729974625157145,0.1615969432347252,-0.012840939975093906,,-0.025083734595104375
2021-08-19,0.5210458036499325,0.2663607736285557,0.3119858719762056,0.1982458211057562,-0.4205875086386435,0.2635181425218709,-0.24960882769640538,0.1652070370922552,-0.016521182789311212,,-0.025930378200524178
2021-08-20,0.5189400246160873,0.26173906358126053,0.30922339789226116,0.18983426630305533,-0.42280214140260797,0.26807723791294685,-0.25785930342945446,0.1635683514447178,-0.008983327942123384,,-0.024884301006077168
2021-08-23,0.5202752969052852,0.2681906240984364,0.3111504701898864,0.19886432430537562,-0.4240205478502887,0.2734004684920787,-0.2632391117730456,0.1614724457244807,-0.015112827502929992,,-0.023779870026489267
2021-08-24,0.5206070183458591,0.2684750873924554,0.3114780629398849,0.1992400150244911,-0.4242276258523299,0.27351504540758226,-0.26313435287606013,0.16191721482973365,-0.014641004063505622,,-0.023734148834985057
2021-08-25,0.5205553830465587,0.26843695363147535,0.3117758902821728,0.19919498933176202,-0.42459392572579896,0.2734787727120709,-0.2631081016693967,0.1616032596055615,-0.014681709314652633,,-0.023748447962494708
2021-08-26,0.5209615630816782,0.2661637304237283,0.31060158537510196,0.20017312309521837,-0.42530030107153016,0.2728449945604271,-0.26596926464292747,0.16161848000309045,-0.013913927943154013,,-0.024111689102752295
2021-08-27,0.5220050010087445,0.27039035536641864,0.3134527722747132,0.20261569319849687,-0.4278646276800978,0.2751129304303601,-0.270735423791275,0.1584249970724965,-0.02360836980672123,,-0.02369914294194655
2021-08-30,0.5199824855915066,0.267223699250215,0.3115323465167253,0.20341429585104895,-0.42723084025387287,0.27469640126380035,-0.26965459553460475,0.15771742489341906,-0.021181522598341985,,-0.02369373778866798
2021-08-31,0.5157693025454074,0.2667955561210075,0.30844459702433574,0.20549927725966738,-0.42568014444204527,0.2764511836786331,-0.27797539866529625,0.16151289216981676,-0.016826945149547055,,-0.024120460716899005
2021-09-01,0.5212037756018592,0.2664686035847458,0.30500346411975343,0.20514005545533998,-0.4187102061163895,0.2782454139834697,-0.27573626611164037,0.15993261456051502,-0.016750267131082595,,0.023955910245729496
2021-09-02,0.5216031902331546,0.2661181228912918,0.30463726737936525,0.20538215713168928,-0.41993586695649504,0.28109656623963825,-0.2751764771716131,0.15911854226608294,-0.016504757730401536,,0.024238701452375156
2021-09-03,0.5214117319311784,0.2666297582944041,0.30338186326423067,0.2037619924452687,-0.42304223514752387,0.27328226132523215,-0.2678631651439401,0.15716169104961872,-0.009603885908677414,,0.02507028390295615
2021-09-07,0.5193328070651503,0.27334496655701296,0.30882825120868174,0.2212809053322973,-0.4277899345807056,0.2840358533780342,-0.26535154484244405,0.13756774910262154,-0.020628796563201424,,0.02382390916909432
2021-09-08,0.5179921967656613,0.27582069345030874,0.3121220801018925,0.21362123080427828,-0.42622783586122925,0.28032185638425006,-0.264107902297348,0.13737592230012374,-0.01707960541822936,,0.02384439000557913
2021-09-09,0.5221041749973223,0.27567768743418275,0.31228661133505625,0.20883306612848607,-0.4263090550409449,0.2764531089661456,-0.26060555471874525,0.13355082853562242,-0.02033766148978819,,0.02393529539680887
2021-09-10,0.5347593849411032,0.2724534416389384,0.30706816017354593,0.2109252092853095,-0.4185455190695552,0.25653504850345266,-0.24299307862254205,0.13921581902639724,-0.013617488445474312,,0.025606708896396557
2021-09-13,0.5397494790533508,0.2742369713918952,0.30999743042140865,0.20888372615237907,-0.4184083457659218,0.2556320929198813,-0.23326841979199378,0.14337218633625393,-0.01818655669204687,,0.024392498464843843
2021-09-14,0.5400977059987134,0.27014251987339466,0.30777433972777757,0.2095902398359706,-0.4171422883982601,0.2553588414799382,-0.2323771899374244,0.14674601356805722,-0.01803213178386668,,0.023673114995951546
2021-09-15,0.5434207740424158,0.2664431657261185,0.3065276729303236,0.2153235183307786,-0.4182594328659667,0.25860994838238593,-0.23539354095637954,0.1492815581597556,-0.017013817114152514,,0.024304649257834987
2021-09-16,0.5426155170703151,0.2778953243895366,0.3163123778377177,0.21798425972592184,-0.4230903014736172,0.25872219517663125,-0.23625469408681432,0.14338398972873265,-0.023328788905240292,,0.023228526255192727
2021-09-17,0.5436773001961571,0.2791073909353983,0.3179875832856468,0.21887022913576692,-0.4245345284508954,0.2615257736852868,-0.23842952008405502,0.14095748246640138,-0.026649744758536417,,0.02286495864051706
2021-09-20,0.5445462422921559,0.26924608737066247,0.3173317511107685,0.22598151511275757,-0.42233127718403946,0.2800093933771346,-0.25353238015606044,0.15169528153524034,-0.021972002750865964,,0.021203141606251218
2021-09-21,0.5426749706730252,0.25614148413428517,0.29920118327488576,0.21415062436754081,-0.4141250714937529,0.27247462091265,-0.24912415964799137,0.14817614164358284,-0.0158492510816547,,0.022334501112554223
2021-09-22,0.5503860904276952,0.2553448358603701,0.3009819710467879,0.218877246350969,-0.40990285776257435,0.2755418466880712,-0.25857242302379707,0.14955608264735526,-0.015746122548061216,,0.022865117881446823
2021-09-23,0.547853778313875,0.24812725655200066,0.2914063131543356,0.22026029110436252,-0.4023203552349601,0.2615752449242096,-0.2522121766454937,0.1475787167308706,-0.015198873207816769,,0.023501526105597238
2021-09-24,0.5425686298306809,0.24966636023705666,0.2901585149521338,0.22188154030063129,-0.3996953681059597,0.262047266244696,-0.2536683888260721,0.1498919662493738,-0.012021414781499151,,0.024203465046182294
2021-09-27,0.5413753811200348,0.24979155064060568,0.28999161326715484,0.22160722975813996,-0.4001108973574536,0.2634926309152275,-0.2538973557326928,0.14981291333906943,-0.012031287059629959,,0.024205191037353222
2021-09-28,0.5352577942888487,0.2511710714025984,0.29054485934011287,0.2217469313501108,-0.4022310312896158,0.26768899647150685,-0.2584175499520317,0.14540262017025823,-0.014084631183456658,,0.02361893055455087
2021-09-29,0.5367148471144118,0.25459386623178826,0.296898473421866,0.22241522155905605,-0.40679763953999876,0.26689739894271686,-0.2569693875548336,0.14460339024350286,-0.016702641403653122,,0.02330869245082373
2021-09-30,0.5454513776266187,0.23931988764983367,0.2944001163207638,0.21849002638273324,-0.40280004335132236,0.2723953574494875,-0.2580963705622099,0.14429981151483043,-0.014496387338576954,,0.021838087287517346
2021-10-01,0.533896705882308,0.2620794787667099,0.32930467428941673,0.1998545038223902,-0.42426310705675563,0.2921097596474418,-0.2674629176099547,0.13757885714770376,-0.027407876946806034,,0.07320000249735605
2021-10-04,0.5289352574346161,0.27020593202791304,0.337637812406132,0.2274827208131579,-0.4347719521043007,0.3018930068372133,-0.27108027192785006,0.1351069555976653,-0.029595476803925512,,0.07292630479848707
2021-10-05,0.5281122474615999,0.27217979535151693,0.33978303249311576,0.23187842473774092,-0.4384537529156514,0.30276889459646505,-0.26745917001543573,0.13426296005067462,-0.026193623778669465,,0.07262299537560245
2021-10-06,0.5293569851450192,0.2715918039040831,0.3404016678544679,0.2359652070172145,-0.4406901697911341,0.30250626435113775,-0.2666641625714306,0.1346424738722161,-0.027031314119638276,,0.07210058037012271
2021-10-07,0.5305444619143991,0.2763178810202158,0.34205801901447946,0.24394524117559432,-0.4383954694002255,0.29833508020619764,-0.2678945321159486,0.13499744030909383,-0.02399961165026756,,0.07209141779788165
2021-10-08,0.531580058644112,0.27609747283481595,0.34211661591211867,0.245015476765367,-0.4388127318040395,0.297804287115242,-0.26851040258667636,0.13629271270764312,-0.024174130236344762,,0.07226963245478625
2021-10-11,0.5347865164898937,0.27206546265529075,0.3382048111640485,0.24976016579297064,-0.4310150046714457,0.28997882998125085,-0.26213014834184684,0.13624650204376423,-0.02413254222899297,,0.0724599785024904
2021-10-12,0.5351777383530599,0.271485192735946,0.3394418940731203,0.24803045080931116,-0.43225494910106665,0.29617250422505054,-0.26161858397738913,0.13871618559803117,-0.023256225931747684,,0.07223353109787799
2021-10-13,0.5024631040576932,0.28496785990950624,0.3470111272268603,0.24376703141386952,-0.438885577834889,0.29360667673069474,-0.26480052336939885,0.12534181066346917,-0.04158707372233998,,0.0731791300087221
2021-10-14,0.5082674085868863,0.2851050324219753,0.34909190881214325,0.24523296323273824,-0.43944128115944425,0.3014770705814932,-0.2697363946280295,0.11985746608412849,-0.047641360056108736,,0.07376163030744909
2021-10-15,0.5108054716006412,0.27457218293838326,0.34780155759433484,0.24732557631651542,-0.4447849305247444,0.3049949953727647,-0.27166425369982483,0.1256664841662318,-0.043920147109797164,,0.0739811212386034
2021-10-18,0.5108343969233493,0.2745665686811094,0.3487698430764455,0.24704573548046932,-0.44642352265064883,0.30471664474499727,-0.2714048818929027,0.12612092602040215,-0.04425118831912434,,0.07420990837160994
2021-10-19,0.5111563685762847,0.2738697559619456,0.3457718685015886,0.24697281475694735,-0.4453127970943492,0.3077531552637253,-0.2717217032289583,0.12390094382877273,-0.046675065770614865,,0.07386313842663743
2021-10-20,0.5147228858399315,0.27456332187215177,0.3454417878420159,0.2455722348593848,-0.442917934250173,0.30708375363287066,-0.2730355900083926,0.1204196893069361,-0.05080102671613839,,0.07359463700005078
2021-10-21,0.5302879771910263,0.27074534273883644,0.34526207844206575,0.2597435698199002,-0.4412137120120796,0.30353348838412575,-0.2661997842077159,0.10895174032788639,-0.03985187459360818,,0.07087194119878543
2021-10-22,0.5313878398672656,0.2636767790009444,0.33997932418164384,0.259892192345417,-0.4358167413396456,0.3064863335907666,-0.2682831444325712,0.11404966570637294,-0.03571481944810435,,0.07091333837955262
2021-10-25,0.5312507151130051,0.2644054614677686,0.3402336187344759,0.25797888300303506,-0.43675136701519973,0.3076668954508861,-0.2690593907645471,0.11284748224537175,-0.037390345759571085,,0.0714696560265618
2021-10-26,0.5323395291501494,0.2669662315987291,0.3417003484056102,0.25207067438885217,-0.43576882956698915,0.30268313948793346,-0.26654741141131755,0.11127171389452586,-0.03387260127184286,,0.0713338233916215
2021-10-27,0.536567632600306,0.26406586044588,0.3390993869204101,0.25866045330439696,-0.43214706994506846,0.3054413850072078,-0.26957597719072685,0.12332421922760879,-0.02568403715289337,,0.07013991170241662
2021-10-28,0.536085704152244,0.2611017520407429,0.33547549218120515,0.25414423256431096,-0.4314243488686847,0.3062305359480905,-0.26621023310529884,0.12540069672955606,-0.017010399869770994,,0.07101829730940783
2021-10-29,0.5378833234594579,0.26370901076668024,0.3361401545556439,0.2527822617918601,-0.43631124273775795,0.3074256768207802,-0.2660637479728697,0.12788407587747624,-0.020140413115496095,,0.07041472728126849
2021-11-01,0.5403329789942051,0.2651158299505754,0.3371485363074537,0.252418874718161,-0.43644114082107716,0.30745032640170733,-0.265700275889646,0.1289384568956782,-0.01776471023560895,,0.07258983750381039
2021-11-02,0.5405608746100676,0.2645270984393517,0.33729549607942966,0.2510936962778777,-0.43746330058964444,0.30516609508343523,-0.26473017969440976,0.13096078856178348,-0.015122744460808898,,0.06698797739164747
2021-11-03,0.5424027410569136,0.26720437901418365,0.33819380928768705,0.25467752833062485,-0.43528297075461714,0.3036179382348409,-0.26183718280501156,0.1281819659091152,-0.017200959810483373,,0.06637142428217085
2021-11-04,0.5355403325490533,0.2660399666867342,0.33768797942464335,0.2543405423030135,-0.4334410877382627,0.30549601340665616,-0.262726448108953,0.13271254744849528,-0.01530209893622037,,0.0662166361033053
2021-11-05,0.5347280468269483,0.270176710401126,0.34243727506550786,0.25485276574666105,-0.4412767643439162,0.3091296648327361,-0.2619176942241518,0.12995395572477214,-0.016778113612276872,,0.06635538027677791
2021-11-08,0.5344929850086864,0.2709549824995584,0.3419751143087258,0.26571238401284225,-0.4408921531864033,0.30972998469883223,-0.2570301547305438,0.12961790611295768,-0.022579949707940458,,0.06632267512931882
2021-11-09,0.5347923909921755,0.28459132617339467,0.3522333941908511,0.2716793883302478,-0.44234390466165036,0.311747010552317,-0.2576086160304788,0.13536772915313447,-0.01967637786374756,,0.06606982480647858
2021-11-10,0.5338213007199009,0.28179134249558646,0.350530571351134,0.2767911187135103,-0.44375069383910126,0.31431031602038284,-0.2594766158205901,0.12223891312354088,-0.02243719063593523,,0.06557443448704259
2021-11-11,0.5368955102970945,0.283180090736889,0.3527279955634049,0.27640170846061424,-0.4368075772487886,0.3157298982261063,-0.26327053133751843,0.1210289310621589,-0.022176382993930193,,0.066330226752861
2021-11-12,0.5368966494791897,0.2833389117443383,0.35261079299320447,0.2749590014465328,-0.4367935268165396,0.3194925407407117,-0.26627606641500734,0.12445985482907389,-0.021821187167239915,,0.06652990893667989
2021-11-15,0.5383606914335921,0.28216843458819624,0.3522357247464058,0.2791707501724609,-0.43743125137834615,0.31783510108826213,-0.2648172148059774,0.12095177641017657,-0.0235719456886565,,0.06575063734476932
2021-11-16,0.5385329550115764,0.28373468918956746,0.35300634470363856,0.27655798676814936,-0.43837934393660516,0.3135550213305179,-0.26361452643006644,0.1195441034496472,-0.02781368041788886,,0.06488035980268922
2021-11-17,0.5289288729388263,0.2775115044391705,0.34907036408173664,0.28283379406303,-0.4367326955339513,0.31376118733144565,-0.26529238033172,0.12159710593632515,-0.02894777710086619,,0.06426318962701018
2021-11-18,0.5291525747379966,0.27648296851127113,0.3478125913742956,0.283333300351253,-0.43769643212219456,0.31558191419767845,-0.2645560191316713,0.12070841161575156,-0.030710028602078814,,0.06452090696156153
2021-11-19,0.5331667954164024,0.2728489250867856,0.3458554657455553,0.26948327674989464,-0.4251880470617495,0.3127620076608031,-0.26240654649762246,0.11269350211107428,-0.026207507295400726,,0.06502524262160204
2021-11-22,0.5364738740758123,0.26936564563768256,0.3441086378638608,0.2681419814059948,-0.42915986463900435,0.3222270287964486,-0.2664183455881035,0.11469116167694478,-0.025969197328878157,,0.0642908297628088
2021-11-23,0.534640180500986,0.26358201710608603,0.33725507373459596,0.27233679932274363,-0.42872976173162347,0.3245132619759847,-0.26815146959855163,0.1176584063013568,-0.02419501905019427,,0.06492824800470583
2021-11-24,0.5345545022434807,0.27081052847433074,0.33989812936480923,0.26883164669043647,-0.4244791092438704,0.3220505667682682,-0.2676328433746432,0.1151902601546362,-0.02433903727172685,,0.0648080260294723
2021-11-26,0.5456316114953247,0.26654894821604413,0.34329998818555985,0.3077464567435303,-0.389969706998393,0.3434827937198028,-0.30132539977604694,0.15058410880429499,0.0019842312338530874,,0.06245566195064494
2021-11-29,0.5436371318059211,0.27648692344600984,0.35495216296694876,0.31299533577869854,-0.3848840541560892,0.34647917932104544,-0.30447468104924197,0.15992624438463635,0.011861202720819064,,0.06222533988522314
2021-11-30,0.5445448351176484,0.2783155043900297,0.3547814059210689,0.3179748829163205,-0.379517878675444,0.35183589730430287,-0.3084826842187223,0.16589658391336337,0.016922476702137007,,0.06145101769196291
2021-12-01,0.5405625881575008,0.2731550090339009,0.35346017918251055,0.3222802914636071,-0.37677516051861165,0.35047688636590935,-0.3105698579996279,0.1613098900040845,0.01066381986975955,,0.056723128416616794
2021-12-02,0.5351676356173977,0.26876765489862864,0.3530553432985665,0.32343969712255505,-0.37603819254719945,0.35275026106720914,-0.31280533080157363,0.16187010580667338,0.009369519596005644,,0.05695301710239226
2021-12-03,0.5360998302514187,0.26531438788753114,0.35197723599031994,0.32374757257916487,-0.37707417095564555,0.35404576556271206,-0.3141036923336743,0.16512436455943247,0.011995195969794118,,0.05667705279832747
2021-12-06,0.5304974009129086,0.2641006684167913,0.3490872477142337,0.32743880188242014,-0.37446874933421037,0.35595736066729944,-0.31720093428929935,0.16937951740494062,0.01746865224945722,,0.05678986626755442
2021-12-07,0.5299781435471724,0.2660527901203392,0.3502999912679796,0.3255064101925159,-0.3743909319525164,0.3512069925815794,-0.31299205045434964,0.16861906206625388,0.01710350255144133,,0.05684266781159417
2021-12-08,0.5267339523577166,0.26682189856007876,0.3493523719291351,0.32530340875369873,-0.3761357143090543,0.3519396941156762,-0.3154351081700307,0.16964937115387335,0.015514140606615491,,0.0572572072262185
2021-12-09,0.5271340751038454,0.271907301978177,0.35440198909953063,0.32784080463506676,-0.37901328420580954,0.3560647420735534,-0.31875749796895647,0.17101041880041296,0.013468247480292723,,0.05666323119850034
2021-12-10,0.527578143842188,0.2708065423346685,0.35249135065013026,0.3231300259835023,-0.37330799249724633,0.3538356101745838,-0.31350393137194343,0.17488439732033548,0.012041176777311376,,0.05592311377163705
2021-12-13,0.5234467430483164,0.27241208713190207,0.3528708743603915,0.32273732145484113,-0.3719841292281543,0.35276316481588144,-0.31251369954996466,0.17349521581533478,0.011385040970373572,,0.05635088391805266
2021-12-14,0.5253423514410395,0.2734170737767436,0.3536628261198295,0.32340760371622734,-0.37369007074192007,0.3537146986723916,-0.31342431609852744,0.17292045875962286,0.009181000809971782,,0.056176636500282054
2021-12-15,0.5288416750334435,0.2744243786097885,0.356079128022935,0.32224624614498165,-0.3713183554763435,0.3420745758073982,-0.30491790702106086,0.16952591061276212,0.008307123555197589,,0.05541982540160064
2021-12-16,0.5345280006123424,0.28411809772636737,0.3651106084200721,0.32577637277149224,-0.37778070865211016,0.3310278898831247,-0.2979533756084633,0.16152624361165957,-0.0016216135310535254,,0.05578113136805358
2021-12-17,0.5320042712138529,0.2808730671996617,0.36283180141477056,0.3250351613927655,-0.37497032017246884,0.32963758113570707,-0.29770173656741183,0.16144057049855848,-0.0017913785621112735,,0.05543232112956969
2021-12-20,0.5301383237665535,0.2811358034675889,0.3635484115816999,0.3227996569651342,-0.3764835079913032,0.3300210329892697,-0.29747000962627185,0.16066267522766112,-0.001867289530505626,,0.05519478638964723
2021-12-21,0.5263206348835194,0.27923937924788456,0.36807543194831105,0.32174643653669266,-0.37760223401927484,0.3309338537633511,-0.29478664797711907,0.16332262815225554,-0.0018950876625868133,,0.056007173039705996
2021-12-22,0.5250197051682393,0.2788757054294196,0.36543031138632615,0.32141405639195353,-0.37535340360721736,0.3320762852438409,-0.2992912243584442,0.15908748299428713,-0.006192107990878877,,0.05683182502345718
2021-12-23,0.5245959408240181,0.27776148641094106,0.36420651799154247,0.31975577278533907,-0.3741266315849625,0.33183030666204644,-0.2984474332301634,0.15717633062532077,-0.006521836657022416,,0.0565778513514863
2021-12-27,0.5231960879194001,0.276453024248337,0.36397608384761104,0.32247722963754827,-0.37271429392280986,0.3357820503079826,-0.2986415189841161,0.15584782389681434,-0.011348228446344026,,0.056891540388919574
2021-12-28,0.5230198650810687,0.2759092172390041,0.36335084153179376,0.3223320194723746,-0.3730486754222254,0.3362453163912312,-0.298221414194792,0.15581983693185347,-0.011990193371691436,,0.0564815344368117
2021-12-29,0.5229341002182337,0.2764445799538575,0.3632558209556521,0.3224185224897863,-0.3739902749460145,0.33577458862542015,-0.2970627987711716,0.15354974979617275,-0.01252715862473291,,0.056503892012986785
2021-12-30,0.5239914137196197,0.2765796229075667,0.3635844036991564,0.32249035197226517,-0.37665643518913067,0.33619638768733023,-0.2974356511863183,0.15399903190618022,-0.010357832167612626,,0.056467275868409855
2021-12-31,0.5186526539135257,0.2793598500503827,0.36480697609012025,0.31731742282336656,-0.3777950681062294,0.33588012809315876,-0.29732800861804737,0.15281657166522467,-0.010185709771514815,,0.05708197060470293
2022-01-03,0.5174321282156134,0.27941051590530885,0.364606008286301,0.31893049673952273,-0.3790988521759055,0.3412333325833613,-0.30313771325140215,0.1445431130597584,-0.013045355571470234,,0.07441406379834135
2022-01-04,0.5168122811204469,0.2796350525048152,0.3640410586672781,0.3119984915746819,-0.37297743129138605,0.33795202175703043,-0.2999202856400413,0.1426058520984046,-0.010575241344941198,,0.07433546410334609
2022-01-05,0.507848875010706,0.2813489986778659,0.36376275988206996,0.3098482149758976,-0.37096711204567573,0.3420174108325573,-0.30374237697814754,0.13960936890915665,-0.018652904075351154,,0.07381082234356276
2022-01-06,0.5069920275264482,0.28481745044447554,0.3661889100682434,0.3062508572101653,-0.3744933866232365,0.33976162560698686,-0.3008349023617156,0.13590517825850135,-0.026100109946506914,,0.07315599374058367
2022-01-07,0.5053251788693104,0.2905450643181304,0.3793647558814501,0.30747810990971486,-0.376127582436439,0.33871009831941373,-0.3026248102468793,0.13929155775807694,-0.022580969909904974,,0.07356439697703146
2022-01-10,0.5018334099627879,0.2995523919904095,0.3934506401432696,0.31016691675253655,-0.3711502624317136,0.33529329555133625,-0.2971347507806978,0.14391095718257654,-0.02081297557891178,,0.07439986036749838
2022-01-11,0.5035821534106366,0.3044169491958967,0.39514075260630604,0.3130822972896856,-0.37233987451938105,0.3383842966904114,-0.2980760563220025,0.13993570894939547,-0.028023810687036212,,0.07445889409416094
2022-01-12,0.5033249342227035,0.3059754376291738,0.398626476107046,0.3160937755131653,-0.38302536951548755,0.33766923760416584,-0.2992871318220788,0.13592428966099954,-0.0185451844659688,,0.07464560568708523
2022-01-13,0.5060938628366848,0.30743708807714326,0.3977348235615489,0.31556016301006656,-0.3806456278264353,0.3409503164580252,-0.30268668229890694,0.1340691582518079,-0.020405278456424987,,0.07419832000608304
2022-01-14,0.49885408426144556,0.3035840811375351,0.3941858285523791,0.3041845824329507,-0.38070921116973444,0.3361289646627209,-0.295100091616167,0.12052181827036265,-0.03687642634524985,,0.07372313831202049
2022-01-18,0.49889372483908373,0.30304557264772003,0.38859675258533066,0.3013966968526912,-0.3808416094777971,0.3361864285721121,-0.29613025484786526,0.11544346911947731,-0.039591578826555736,,0.0732936862471539
2022-01-19,0.5017627913232061,0.30928530084953726,0.3931957360185099,0.30347393791019944,-0.38282627874932695,0.32942245301633233,-0.29291199024245723,0.11077744836070173,-0.0372505709495273,,0.07351417610062547
2022-01-20,0.5100883861617806,0.3078022697503,0.39685599332620786,0.30156568609414425,-0.37773197002552183,0.31861813431473124,-0.28681086743870654,0.11063187273215651,-0.02789070960996874,,0.07376743237866071
2022-01-21,0.5121415379310666,0.3087816083056641,0.3981873241224787,0.30330895388279283,-0.3753410558334396,0.32251608057416387,-0.2897283235987294,0.11612448792937059,-0.020368323749128656,,0.07346032096217925
2022-01-24,0.5120762568803384,0.30350001117957837,0.4022586842912911,0.3076397312298764,-0.37827179429091234,0.319450877798725,-0.2909190251855912,0.11809981315114858,-0.014289468888399706,,0.07249294858939488
2022-01-25,0.5127908449658702,0.30421634871666586,0.4027345616041137,0.30877020428877344,-0.37941681591927595,0.31476168727016235,-0.28993532821295365,0.1197615407865967,-0.014394287906288173,,0.07277151969281379
2022-01-26,0.5100922452321679,0.2977881826400673,0.40130908402082893,0.3115514584314684,-0.3683965890709963,0.30800441599161416,-0.28478522412210683,0.12118343601385562,-0.008380662142963307,,0.07354568488788826
2022-01-27,0.5082241719419169,0.3054834889447538,0.4081365227159858,0.3132531445920615,-0.37499624260170505,0.31046234911107706,-0.2829400518163008,0.1253284201278109,-0.0008104346528514246,,0.07273421219708735
2022-01-28,0.5009406996287933,0.3076737360346074,0.415856886618865,0.3115439648175077,-0.3727340925174457,0.28861660935978567,-0.2736649214362451,0.12927759888607807,0.009999608258253363,,0.0718496785255593
2022-01-31,0.49862321809751375,0.30903023671462104,0.44112838546923877,0.31339507888962137,-0.3703042857117998,0.2909541981273016,-0.27520990075930535,0.12889126609960327,0.01009459855233096,,0.0703730230349368
2022-02-01,0.49592570854502105,0.3086405313689845,0.4669336511612615,0.313932011085567,-0.3710705637121965,0.2978793941494503,-0.2868594887014058,0.13143229689211186,0.013358122491729746,,0.034803177266081065
2022-02-02,0.49047110838534735,0.30974822253542067,0.46614319196523807,0.3123040023973789,-0.37308010915587797,0.3001822653232854,-0.2843607462579262,0.12745563053514178,0.013176699167039382,,0.03485813924811298
2022-02-03,0.4888600003109891,0.3118515639315219,0.46714573032836654,0.3107817360672377,-0.36782820543432676,0.3013232880275684,-0.28611822741429993,0.1251478159643305,0.011215877094912416,,0.03480339032441863
2022-02-04,0.4874109790058672,0.3076592158886015,0.4631931484012108,0.3099412727223564,-0.3629784137469015,0.30060301233939274,-0.28489983650559875,0.12297234043592299,0.012603364320665942,,0.03447629285664186
2022-02-07,0.48440815787317554,0.3040923590764339,0.4571199917067464,0.30915867896726706,-0.3617995743169135,0.2997468585208806,-0.2852727871700567,0.12422580041134579,0.013336004005117717,,0.034092615039780616
2022-02-08,0.4808103901316115,0.30364112120740433,0.4587649762952044,0.3084945153046403,-0.3586301775753713,0.3000597455758803,-0.2858455887572117,0.12447620105965333,0.014154067972985749,,0.03375521910664528
2022-02-09,0.48505112825668506,0.30474797372295637,0.46166614908855796,0.3069178460391097,-0.35954333631853463,0.3087908224757022,-0.2905764454850563,0.12119736315261594,0.012027949868949837,,0.03401519349342433
2022-02-10,0.4846014559547738,0.30514357177260504,0.46238373628782303,0.3068049937904786,-0.35887332552323464,0.29968094580953536,-0.2821496387934516,0.125916103141574,0.015522064192122619,,0.03428049908823626
2022-02-11,0.48682138482281045,0.3006770180955447,0.46145439495210644,0.2911362467655664,-0.3669395126313987,0.31193319794122737,-0.29069763140606963,0.13757960241309658,0.03121324274035637,,0.03308705820522939
2022-02-14,0.48835315621130726,0.304758290401378,0.46027021146011143,0.2898951576713846,-0.36684683788679495,0.31238509439637546,-0.2934497717774786,0.13307702258115087,0.027314909432137758,,0.03282965254066818
2022-02-15,0.4898682123298611,0.3036763526699738,0.45740918813846765,0.2873690133362466,-0.36722612547231476,0.3123043270970575,-0.2938995771276858,0.13388646268074628,0.029212923218471337,,0.03303852763352807
2022-02-16,0.48807691197753994,0.30371429261636657,0.4609655349309406,0.29072844825487376,-0.3631183859055001,0.3160218855604935,-0.29724766813803605,0.13605802858326485,0.02425595110307852,,0.032659105465573955
2022-02-17,0.49871889744706766,0.3026473906439934,0.46151087133762475,0.3056872597095414,-0.360000192636443,0.3211169240351101,-0.2985082618160005,0.126583059872959,0.009660646206124463,,0.031886586106405
2022-02-18,0.49703274715628726,0.29863484732854084,0.45865230223898,0.302192580840156,-0.35723444080199357,0.3252393632121568,-0.30163995207771777,0.12521477375950402,0.00924128918708896,,0.03151899352473423
2022-02-22,0.49751752754913436,0.2987475525183425,0.4599406478765211,0.30171107425669663,-0.3583378578841663,0.32496135699229245,-0.3015793266794304,0.12551761733426767,0.009563799664397226,,0.03126548348182565
2022-02-23,0.49497855289001763,0.30339366636545756,0.45829683204233945,0.29751950934182214,-0.3602742310155993,0.320137206965125,-0.2985040189981889,0.12173011121404353,0.010841373364749907,,0.030567008381025117
2022-02-24,0.49443247147178065,0.2999817920927646,0.4570342555350581,0.2974365841621139,-0.35934429218288255,0.31554526487837736,-0.2985442950579382,0.12969833699976313,0.021773002943009025,,0.03062485916925252
2022-02-25,0.480880175122734,0.273282190602104,0.43775618747476286,0.28651214226981103,-0.34255368989189955,0.31223941459288934,-0.3064386571866496,0.11860605133157141,-0.0031746050511600845,,0.032162792715291565
2022-02-28,0.48390073851622684,0.27247904798745193,0.4349433564733773,0.28278108639433963,-0.34328130916012706,0.31325107048804124,-0.30722113002124696,0.12166474357135881,0.004717022442159481,,0.02971838247634443
2022-03-01,0.48341983023594465,0.28329782595410113,0.445529938799994,0.30554411862128433,-0.3191972412612441,0.3038254548475052,-0.29938425612907454,0.10232120275819001,-0.003724150835619247,,-0.04150144325968087
2022-03-02,0.4853001239698283,0.2732814425060796,0.4385123980980159,0.31598810769770735,-0.31813981022610865,0.30313842669542224,-0.297910574421159,0.1173166798645872,0.004351739292028895,,-0.040489671575955705
2022-03-03,0.4873016667909894,0.2696659682209962,0.425119148413126,0.3281049196016255,-0.2950895063076094,0.2874140873354479,-0.2932450291639148,0.13250278855701292,0.024764269312707414,,-0.03876206841890622
2022-03-04,0.4950630106651648,0.2814653092596582,0.4351269094555188,0.3374133097249931,-0.277635732508037,0.2692287645060511,-0.27965033479827234,0.11037879597068048,0.0074563822489467435,,-0.03835190895636585
2022-03-07,0.5075162396657781,0.26230800809163185,0.4310114735620281,0.31998571773614937,-0.2922041403406759,0.29521400844792833,-0.2909673523838556,0.10250549881062027,0.020112978260374982,,-0.039295593424016555
2022-03-08,0.4912613448510217,0.2727639709914351,0.4374867271073481,0.3144280533440177,-0.2987619243993411,0.3058659739967558,-0.29508094288089187,0.09324513527034298,0.017144690231666617,,-0.038911704333648586
2022-03-09,0.501125910652718,0.28746361004096593,0.4474696937677963,0.33202992177290663,-0.26674286627893823,0.2792749395618927,-0.28526123420929783,0.08190410141445607,-0.003363981596925584,,-0.03975809432188702
2022-03-10,0.5048949392988005,0.2903901532729118,0.4508087121037617,0.3231262568050402,-0.2537880549180008,0.27203473157292096,-0.28686921615569055,0.08627585190864849,-0.00039197515208304345,,-0.040074327828049865
2022-03-11,0.5007465386965958,0.2912546416446927,0.4513731710988717,0.3205400317579941,-0.2551283856247543,0.2730136219512105,-0.28730230038359844,0.08728534775485483,0.0014776347747382313,,-0.04026624021276165
2022-03-14,0.5075093868113787,0.29666202082710924,0.4576747157784816,0.3288053529918845,-0.2527734935706921,0.2764701341716018,-0.2882705143623823,0.07051149742765844,-0.01639161974444066,,-0.04082529012392284
2022-03-15,0.5027248872289932,0.29673558979552545,0.4565371315107348,0.32511757167570127,-0.2530684691517143,0.2718812876207578,-0.2886408112781031,0.07136799687878877,-0.020249030815483633,,-0.04047043223689043
2022-03-16,0.5024015612300871,0.29090475192119103,0.4497316086326884,0.32212453583158107,-0.25665958495051644,0.27811046393369837,-0.2922024922684993,0.07258821602547239,-0.013165087957201688,,-0.04018956565229935
2022-03-17,0.505660711592385,0.2977694987928743,0.45600935456360453,0.3339948165305767,-0.2609654651076647,0.2830951230505464,-0.29358976661912345,0.07437746090157327,-0.02229194961127589,,-0.03929549304034459
2022-03-18,0.5063824899616746,0.2957233615659099,0.45219605487826575,0.3349368255750593,-0.259668696011497,0.28444476290311893,-0.2946429291176029,0.07242579681189854,-0.02260999891895285,,-0.03906485216531428
2022-03-21,0.49955037020530063,0.29613114574773786,0.45407493971708374,0.32664839974822946,-0.2600041479133418,0.2839198164403223,-0.2935654459504859,0.06700925765380342,-0.02500069102902279,,-0.03944165341382998
2022-03-22,0.4975072630130727,0.29413013905421603,0.451597147274232,0.32226475207229865,-0.2558445071454455,0.2800169400741669,-0.29105630533727667,0.0626441824691445,-0.027333634929966377,,-0.03912809671760324
2022-03-23,0.5000892901039832,0.2969194823591891,0.45292847230098354,0.329938560794975,-0.25392638674916257,0.27322171288771874,-0.28905076020161413,0.05791034783636723,-0.03449319384678088,,-0.03846733963703415
2022-03-24,0.5004051502527056,0.291621816559862,0.44667854149625424,0.32476831146036683,-0.25058842704773854,0.2729684514744355,-0.2921473916254509,0.05713445931277519,-0.03609975585146902,,-0.03813705577726736
2022-03-25,0.4978925818810713,0.29139600488723094,0.44834998265686676,0.3180401759469552,-0.2491703211578804,0.26497039418757323,-0.28876531532952504,0.04496111802984867,-0.04322838428193802,,-0.0392531297586783
2022-03-28,0.4973041677763028,0.28812069338509194,0.44524797378742537,0.30987038475042544,-0.24715298105881098,0.2653931912796252,-0.2877220292556926,0.04718636706957925,-0.042032119089271375,,-0.03881238457009365
2022-03-29,0.48825454138416735,0.28227344553160166,0.4414266662833009,0.3077512403227252,-0.24211035248123583,0.2636114041767689,-0.290828023679829,0.04723104195880687,-0.041354148205030826,,-0.0383973932072628
2022-03-30,0.4877454091167562,0.2826998433462894,0.4414256147104704,0.3096696027132015,-0.24208360550535074,0.2623171373534609,-0.2903957613365706,0.04592715049504372,-0.04225051732110836,,-0.038402212395889174
2022-03-31,0.48700324194781175,0.28274317214794015,0.4424124088976902,0.3059380091623478,-0.2416381941510998,0.2616214442876865,-0.29131408269190134,0.045871033697184455,-0.04236517653607897,,-0.038780349359248144
2022-04-01,0.49324766720608687,0.28889410733921883,0.4518224303741667,0.3274581768829449,-0.2373722758180842,0.25123014874019867,-0.29489259238767784,0.0367084815347063,-0.056262752275860604,,-0.016996085736226872
2022-04-04,0.49150209015595797,0.29210770703059,0.4525960119173468,0.33254203558574186,-0.23353498761061015,0.25383307788375464,-0.29682113613613526,0.03778976043799939,-0.05428720218420748,,-0.01610704049851164
2022-04-05,0.49112837673049387,0.2918177152667563,0.4535226389320909,0.3333678275186927,-0.23138317581935708,0.25293148994567366,-0.297940068711861,0.03840622803681593,-0.05405482283716989,,-0.015521966408710983
2022-04-06,0.4913063015851548,0.29091126892464336,0.45259822119763393,0.3370583890516878,-0.23002222779418907,0.25467196724380664,-0.299008593251319,0.0364454559872931,-0.05722545670774168,,-0.01624225291880138
2022-04-07,0.4910202566334509,0.2866041481488846,0.44953444413668575,0.3368495193863452,-0.23016618049348878,0.2567553529432828,-0.299190021260961,0.03677073762786679,-0.05651674448892816,,-0.016092716552055242
2022-04-08,0.49062855224739044,0.28625256905030766,0.44933073166344417,0.3375931856206715,-0.2303381373571066,0.2562905509776996,-0.2992543278114767,0.03807394356988574,-0.05638686755669815,,-0.015745442479989807
2022-04-11,0.49524221992966394,0.28481730365636704,0.44681895285819495,0.3425539317989794,-0.23079836452547495,0.26248771995065306,-0.30465824531144603,0.032731636531943525,-0.0583713852661405,,-0.016463029208311438
2022-04-12,0.4937846276457346,0.29424421745301643,0.45035636375142774,0.34074202509551843,-0.22431525414952225,0.26416152139081495,-0.3068295424253316,0.027219133397650214,-0.05990872707120733,,-0.016750079043623006
2022-04-13,0.4942101582616972,0.28771151960190483,0.44723646663534156,0.34026456389427756,-0.22358520588513803,0.2592897222785467,-0.3053632483362247,0.038754091413729666,-0.05181290029542266,,-0.017510292151783673
2022-04-14,0.4931941396197767,0.2903026527004215,0.44799732916406826,0.33971452603836644,-0.22419151600406756,0.2592982498930352,-0.30616494990356136,0.04158422907145916,-0.05167380299418138,,-0.01705380282306538
2022-04-18,0.4919919221588525,0.29517654688713646,0.4536961106537846,0.340750764326213,-0.21384785298721098,0.26155317602730216,-0.31036636592160116,0.04202681164923722,-0.055671577249489075,,-0.017053748028217217
2022-04-19,0.49306663725174665,0.30056984097322376,0.45742935979655247,0.34522079799029537,-0.21444319685404914,0.25179864917788075,-0.3068173597193373,0.03679941008309841,-0.06156463069486487,,-0.017393773218000133
2022-04-20,0.48885895301309557,0.29877648701035786,0.4551108983473335,0.34810140191961403,-0.20626090187651072,0.249336357217947,-0.3022384291919344,0.04198562872918716,-0.054745622113054636,,-0.01835103956621468
2022-04-21,0.4892971259223746,0.29718418560842136,0.44890172904708825,0.3485161116985974,-0.20476339716149564,0.2437154346485506,-0.29753161739246037,0.045386292639725226,-0.05744552460011728,,-0.01790001703132295
2022-04-22,0.49338496452583264,0.3019285584990566,0.4527586041822903,0.3502052440552736,-0.20909748708689022,0.25391092155816103,-0.3060406950277844,0.04670430475848117,-0.06173703318390254,,-0.019193747964854548
2022-04-25,0.5006044315654009,0.31314699357378367,0.4582068943907624,0.35897395322424924,-0.21581017329674557,0.24814097307470936,-0.3025420877982129,0.05812904606173003,-0.055776046960196876,,-0.02093519973290973
2022-04-26,0.5200851596021204,0.32409151687959703,0.4652111854744479,0.3604073063087625,-0.22512221929466403,0.2532836804694731,-0.30802126952719333,0.046095652967229665,-0.06316938563501051,,-0.023862200771765554
2022-04-27,0.527259725701511,0.32422321693989087,0.46469649026920745,0.37116150632341893,-0.2380697099419668,0.2563310376285345,-0.3153583859835822,0.04600542065373599,-0.06889834558792395,,-0.022557093806653716
2022-04-28,0.5298244420455809,0.32319285164989003,0.4658789772881009,0.36939482424689946,-0.24092716714033968,0.24955750600145615,-0.3132497014596328,0.04490522129558035,-0.06545482351794696,,-0.022541332574619564
2022-04-29,0.5278643300646851,0.3211235986875852,0.4658619536856319,0.36952272701722366,-0.23749071819322035,0.24643776418042376,-0.31332891545502034,0.0443194108719801,-0.06710776102026166,,-0.022577688247454493
2022-05-02,0.5250972632661678,0.33213621363793844,0.46815379872423746,0.3649420490068176,-0.24619754029142438,0.23936955469975799,-0.30733633486351014,0.03004407157179178,-0.08874326155313034,,-0.05289204194055328
2022-05-03,0.5143324099932562,0.3326625719922947,0.46868070899841335,0.36357248707027107,-0.24673831350499822,0.23968628609614243,-0.30766018308905163,0.029131991404844286,-0.08961035431512636,,-0.05275197172102658
2022-05-04,0.5161142505141956,0.3318150623059238,0.46550508044438466,0.3667950957854212,-0.25165596430469844,0.24499746844558853,-0.31104658151668885,0.02602370507025383,-0.0939851051953523,,-0.05234732881359561
2022-05-05,0.5149991953298725,0.3254632557806267,0.4607371947246193,0.37004590999113973,-0.25041018894585115,0.24495099096860612,-0.3119379117104676,0.021516574801069676,-0.09885590386364423,,-0.05315170123537864
2022-05-06,0.5115852086337029,0.32070777085685054,0.4640501276821477,0.37193681793553524,-0.2362074783384444,0.24208449120758027,-0.305587938791753,0.01896044185151982,-0.0973970205269299,,-0.05452280834815447
2022-05-09,0.5142978374019981,0.3250664689296566,0.46713390973847196,0.37635867401184,-0.23547560132301093,0.2480215590045609,-0.3088906838075157,0.023115686233740648,-0.10060211861116052,,-0.05467937523505777
2022-05-10,0.5147161080841037,0.32688998406937614,0.4675546520788388,0.37764556882213884,-0.2357395064735317,0.24978458309555143,-0.3111579935667298,0.025920263102108276,-0.10273073609890032,,-0.05517840576894187
2022-05-11,0.5151425990594068,0.3281278120364505,0.4680681463014554,0.38182159159224593,-0.23576434804897642,0.24232707125372094,-0.3124150321818006,0.022245240273640637,-0.10963645773833515,,-0.05459515980269166
2022-05-12,0.5159783036323393,0.33553459073361774,0.4745359558724042,0.37795707872907525,-0.24731005905601972,0.245236295191372,-0.31661113450437994,0.033162148304444285,-0.11349919866822727,,-0.05477512175659136
2022-05-13,0.518025817549404,0.33193347097729814,0.47828207850705434,0.3841454095156383,-0.25453692278123635,0.25631969449236985,-0.3292236498692465,0.04095327499031301,-0.11594159451585913,,-0.05395393363314371
2022-05-16,0.5166612714754576,0.32914419069635115,0.4755976045568907,0.3836399860247153,-0.2540460506925864,0.2568857131647454,-0.33186802335156756,0.0396822085639396,-0.11539272819667293,,-0.05423260136260836
2022-05-17,0.5186990986310498,0.3295663694809987,0.47636129531210053,0.3819414999857248,-0.25713227785211196,0.26076959509687986,-0.33430701780327476,0.043600532862474554,-0.11196571782983418,,-0.05400228401099416
2022-05-18,0.5143181403197344,0.3383739839877214,0.47652528096412433,0.378291524946534,-0.25327464771980346,0.26541549581097795,-0.336989158795683,0.05384204787571686,-0.09483508450007665,,-0.053868245390329396
2022-05-19,0.5168784734021605,0.3443794940166254,0.4797029588051427,0.38097992302334094,-0.26685785334020257,0.26175669545392427,-0.33979055021334503,0.04938651151602995,-0.08524483423603216,,-0.052940581926752335
2022-05-20,0.5142910942615614,0.344057147618106,0.47667865793369146,0.38605885411181534,-0.2651743279163102,0.26223952782359883,-0.3422457663320113,0.049021082989131055,-0.08749219207448973,,-0.05261455283772256
2022-05-23,0.5132035311600753,0.3439571744802261,0.4753622549961249,0.37890350351213137,-0.2701138474515361,0.26508032098456313,-0.3413703903374075,0.05482948372370264,-0.08393254680307134,,-0.05241901411971497
2022-05-24,0.5129977953777625,0.34323139049327084,0.4737868534850295,0.37907245402338857,-0.26994878147764684,0.2655033959969274,-0.34149217419783745,0.055893215626305275,-0.08324801113003878,,-0.052436246588171816
2022-05-25,0.5137309835721307,0.3449809112416359,0.4747920700788021,0.37842075435920564,-0.27190723462579636,0.26242112598255984,-0.33979204533291935,0.05654236353280606,-0.08241377117333414,,-0.05274591213228612
2022-05-26,0.5079665780942385,0.34939657333093016,0.4761003230846747,0.3766624000937829,-0.27017951520469047,0.25951967770756834,-0.3382836093198799,0.05279719000151381,-0.08211262244075443,,-0.05398543878670953
2022-05-27,0.5080438977846546,0.3494455811426159,0.47644348659725183,0.3773638682251382,-0.2713800963242557,0.26312999483389216,-0.3398797412322721,0.05241365663305109,-0.0827759876117871,,-0.053722649249923135
2022-05-31,0.5056480131372395,0.3495688429039283,0.4762359438820485,0.37847520348690983,-0.2724204182776542,0.26320349079647626,-0.33959611212431423,0.05191648954986682,-0.08311954112448877,,-0.05887058036356466
2022-06-01,0.4992614805543442,0.3508787348885869,0.4785690738077339,0.38084727293434,-0.26650803486626773,0.26227604021961815,-0.34136479693313904,0.053120787345095455,-0.08081242784072726,,-0.045727271322724604
2022-06-02,0.48697680189244125,0.35026065690844466,0.4757856130219698,0.38024626028720154,-0.2769293956750766,0.2751611212919914,-0.3400645395133805,0.050848733634827455,-0.0805701796881528,,-0.04376369913554723
2022-06-03,0.4839878750691321,0.3510463534312339,0.475991768151024,0.3764648994394129,-0.27637894611780706,0.27739349436332356,-0.3367479002210184,0.05256218179827647,-0.07355842283728012,,-0.044279708905794496
2022-06-06,0.4805646306670344,0.35165520132053757,0.4744462039048678,0.3766484540579986,-0.2776428135946193,0.2766095189506451,-0.33679352203081725,0.049589836090228226,-0.07548040251831993,,-0.04439197456765652
2022-06-07,0.4802471822666915,0.35202516194474365,0.47564558955269415,0.37629487060624955,-0.2780334523756641,0.2762994259292411,-0.3375276521298994,0.050752058157410934,-0.07506165508633512,,-0.04451041780729141
2022-06-08,0.48063135148040875,0.3523918170144858,0.4767267226506019,0.3765565337352341,-0.27753606796842084,0.2746502374079596,-0.3370450804114502,0.05058724619701467,-0.07438220084159737,,-0.04434249751048632
2022-06-09,0.48495296155777484,0.35281306433510745,0.47871483677117177,0.37731499445497585,-0.2825433081824982,0.28106717764609673,-0.34404782163474557,0.04837141839420351,-0.07898861739249678,,-0.04438775632584589
2022-06-10,0.49057406146047927,0.3477723255966139,0.47502154509523226,0.37743067756963367,-0.2942136252653478,0.2887568486029781,-0.3455366693158445,0.03900697491053747,-0.08946843787516558,,-0.044836528901685206
2022-06-13,0.49299723877539653,0.35442358560323967,0.4791263261746315,0.3763081656531075,-0.3009980628152619,0.29749082739503263,-0.3519396859792197,0.021591202612065184,-0.1090642043414295,,-0.04500974412119924
2022-06-14,0.493755053094089,0.3561734290040991,0.4806195300213412,0.38901718688573106,-0.3083049951490992,0.30083945520556943,-0.3505071369129288,0.014036478665706262,-0.12349244391258626,,-0.045072967114350264
2022-06-15,0.493650915252658,0.35580689786525305,0.4791289801866375,0.38809345505919524,-0.3143159732893232,0.3020983923928533,-0.3529633188260055,0.010153921313854564,-0.12715112505384374,,-0.04530643212615919
2022-06-16,0.4888396997212667,0.30920772170282257,0.4462535416249111,0.3850822002136884,-0.27701112344502493,0.3118930359547389,-0.3655463464279966,0.00224582404792147,-0.13176330228535427,,-0.04546877488411484
2022-06-17,0.4881129153657662,0.31090875520471495,0.44886932512566907,0.39369696409164323,-0.28597059076368014,0.30862029600763097,-0.35970033727241973,0.008116093010333659,-0.132772793243461,,-0.045598643759300735
2022-06-21,0.4882625685132112,0.30991435102627074,0.44923175168714347,0.3933346514555174,-0.28583814115304906,0.3084346891940862,-0.3596754330277825,0.009071651795273996,-0.13303112158597033,,-0.04559117486351238
2022-06-22,0.4912079852120055,0.31022815297776324,0.45339721137807776,0.3999444722016197,-0.27957667050391616,0.3067104150650438,-0.3535299541642853,0.0247374969365521,-0.12052339372830266,,-0.04604517814594048
2022-06-23,0.48254940652278144,0.30993736117776716,0.4547608918644193,0.40226453641351945,-0.2807432811686324,0.29211327948034443,-0.34694782468303526,0.04259978604712705,-0.10994693557362606,,-0.04660170986313268
2022-06-24,0.4823668468977804,0.309676398302959,0.45472510642777286,0.40172512605204125,-0.28074479363823546,0.28984542759900883,-0.3470744794502476,0.04263958355135078,-0.10966062390222378,,-0.046522747002033064
2022-06-27,0.48428169682143296,0.3090940759383344,0.4549363428243131,0.40242111964586325,-0.28148225850398273,0.28969827739905063,-0.3474161309471081,0.04440932609902923,-0.10758510529882416,,-0.04637750392795332
2022-06-28,0.48422714895228985,0.3092158465356908,0.4542038981616343,0.4020713061066373,-0.28008543568952216,0.2878153501997215,-0.346896280883461,0.043393047896529396,-0.10783060596891443,,-0.046276542108637
2022-06-29,0.4855601387076016,0.30994561623504596,0.45469222973762363,0.4018399493882223,-0.2795214322938112,0.2878177328671813,-0.34688802329047247,0.04346578821959726,-0.10786864979490209,,-0.04629296440521778
2022-06-30,0.4870054123351291,0.3110947409137336,0.4567179151355052,0.4049528734302574,-0.27542583628663964,0.28956857208822084,-0.34682103709782086,0.0524680401678945,-0.09980355701280304,,-0.046578709328766614
2022-07-01,0.48596180237684566,0.3128562865422009,0.4633479594853748,0.40057677487639115,-0.2788147352434908,0.28403307586402077,-0.3404330928620079,0.06258651248512422,-0.08722870319660195,,-0.06528940766291484
2022-07-05,0.48699095768782896,0.33187549388526194,0.4705984936524678,0.42426101828692064,-0.3046369509479385,0.2745926329449327,-0.3368735351495714,0.08136619406853204,-0.07894844677304402,,-0.06472907507127053
2022-07-06,0.486550169681178,0.3316351270264105,0.4702468702691008,0.4239576786737872,-0.3036482637663846,0.274355529897321,-0.3362548932218397,0.0794866011848903,-0.08010270143919801,,-0.06469442651975262
2022-07-07,0.4906918180274254,0.3273612622181916,0.46584778017313716,0.4347102626638089,-0.30058306140867586,0.28228063067123343,-0.3342139321107657,0.0979630563137485,-0.07170293003765195,,-0.06341503044293026
2022-07-08,0.48861374184960266,0.3264307453859251,0.4643921863424447,0.43330925115052765,-0.30218244839146735,0.2806384349972343,-0.32842865300549007,0.0913866112399833,-0.07224467738242912,,-0.06341550708863503
2022-07-11,0.4884650446873045,0.32675759400980126,0.4622717667082048,0.4311943446592954,-0.3087654169773455,0.28127878072047324,-0.3252175219787215,0.09778998731741649,-0.06658123274134387,,-0.06384256160922476
2022-07-12,0.4866677436336668,0.32648850731699636,0.46125253551022405,0.44611605966124834,-0.30475650049212405,0.2849775372152147,-0.3259593743165205,0.10263094509100427,-0.061264459425709517,,-0.06354622218557165
2022-07-13,0.4880869032177493,0.32765826828628636,0.46219719862176756,0.4464103038982508,-0.305955058775153,0.2840025370449572,-0.326374269151857,0.10044371326300114,-0.06285457291434533,,-0.0633746170765573
2022-07-14,0.4765331940021247,0.33967453312169804,0.4747700803232056,0.44384344663160613,-0.3142153014720496,0.2836450319751039,-0.32349802247132803,0.09164338143349368,-0.06521906692677897,,-0.06321818289929751
2022-07-15,0.47798185489609113,0.33891074054416326,0.4751084503868683,0.4479406756832662,-0.317347020245051,0.2863597618082404,-0.32681106332617915,0.09413377162404957,-0.06459764830397882,,-0.06333922172011777
2022-07-18,0.4861423086966514,0.34025261791447503,0.47897170088877,0.455131703772446,-0.3264587518400938,0.27888863927577384,-0.3206155283226574,0.09639565209401747,-0.06218764119105094,,-0.062390912866257496
2022-07-19,0.4839408854522279,0.33914689745618953,0.4745347113807631,0.44409610056198734,-0.3174486228232277,0.26216651222556075,-0.3086309497368448,0.08138091566477045,-0.06757942169737977,,-0.06246251672382527
2022-07-20,0.48331539032935356,0.33669743898661464,0.4758414831644869,0.44046677621210917,-0.31541979692786115,0.2599486119617668,-0.3054099682933404,0.08067750228680279,-0.06682781427766428,,-0.06254290705916848
2022-07-21,0.4835601373114728,0.33512851643785463,0.47523617859997747,0.44073354390113656,-0.31412480028387907,0.2579442782259489,-0.3045329198637499,0.08293096077381201,-0.06477912829003138,,-0.06264931191286267
2022-07-22,0.4844117221812014,0.3373077074914018,0.47320833028700376,0.4360966826387781,-0.31602373225973773,0.25460319460210296,-0.3042060118629901,0.07616908055973745,-0.07050653155085974,,-0.06267930652676319
2022-07-25,0.48172438262086426,0.33808681950383435,0.4737860043847788,0.4364683572443124,-0.3167884390245328,0.2525850513741191,-0.3034410764505447,0.0756611208388189,-0.06814038992771061,,-0.06291699749285487
2022-07-26,0.48533178109382313,0.34309513734336994,0.4779234524761793,0.4405090709500029,-0.30830299821530677,0.2506986158400557,-0.3074210469179373,0.07741627636015572,-0.058993575356511806,,-0.06399740333016012
2022-07-27,0.48342665403593105,0.3432272873415255,0.4775254108467658,0.4418985219206223,-0.31379598225188216,0.2549029639696464,-0.307944834309635,0.0725640653324598,-0.06481331559028797,,-0.06364757070966931
2022-07-28,0.48876227975527664,0.34711767556784406,0.47831567759944715,0.44172903415491543,-0.3162605187658795,0.2576586422088737,-0.31189466608051125,0.07043817289389506,-0.07389302932257247,,-0.06330227415727409
2022-07-29,0.4854309394477711,0.34835555672871243,0.4809763386405643,0.44286570587313,-0.31978434429206376,0.26294870381865687,-0.3130573234529756,0.06464504237472121,-0.08064312331688243,,-0.0626474070266668
2022-08-01,0.48642748332972785,0.3463648646275897,0.47909048664574555,0.44372454678718876,-0.315988810356986,0.26264743780495137,-0.3135943905462186,0.0648306268057701,-0.07935267052258674,,-0.06311060149921838
2022-08-02,0.48845442730703587,0.3471107817691078,0.48013654580341025,0.44209709443928996,-0.3181426638036137,0.2631291550708488,-0.3129800177638085,0.05868373415498561,-0.08307050578406695,,-0.08134212433747103
2022-08-03,0.4889732175933868,0.34816709330436807,0.48172451001378197,0.4440838880071603,-0.3194576043211238,0.2597020012084533,-0.31114878042381494,0.058439845188512335,-0.08146839168321604,,-0.08131125995192967
2022-08-04,0.4888179132509402,0.34818198817637414,0.4818545491917237,0.44101266644577136,-0.3186684221131122,0.2590038194873435,-0.3117884581442293,0.057030911359608465,-0.08082015247314038,,-0.08125497352413162
2022-08-05,0.48957054906616887,0.34256369307904594,0.47686550682126866,0.4401844842584275,-0.30645271706252475,0.2573928369655112,-0.31139183248579905,0.06750375920660327,-0.07018839964523298,,-0.0809146607916051
2022-08-08,0.4904819587628813,0.3493989916961453,0.4820324222867054,0.4412584615293656,-0.30848641062078624,0.25700440441672606,-0.3112725617168142,0.06417211296797891,-0.0731828661012695,,-0.08078738234281789
2022-08-09,0.4891307207616554,0.34669018026358783,0.48084008740216994,0.43964222858000906,-0.3082165632024986,0.25692987585897037,-0.31033515104945625,0.06540211159361194,-0.07230903443555388,,-0.08076885646962823
2022-08-10,0.4873891968480517,0.3457284311547451,0.4820952240612167,0.4387566817082405,-0.31531965357414415,0.2619490665017088,-0.31441922961036944,0.06320948004990634,-0.07103564479605816,,-0.08070657515026333
2022-08-11,0.48855634166744044,0.34389201417305365,0.476283203957402,0.44027122147043346,-0.31575307683700665,0.26131718554242733,-0.3126718862826062,0.06841231304166825,-0.06802652297273742,,-0.08049626016803803
2022-08-12,0.48879139508266456,0.34244238235043134,0.47355324547350747,0.4411036209647264,-0.31697259566482844,0.25772352331829995,-0.3118192414450946,0.06986812577229991,-0.06680986480321004,,-0.08050918223378921
2022-08-15,0.48964386104025653,0.3433202092813077,0.474859317556722,0.4435437089485353,-0.3185217760691179,0.2563960557934665,-0.3120809473449929,0.07474585288522277,-0.06471677517422114,,-0.08060289741511882
2022-08-16,0.490290452769225,0.34599377427706196,0.475156366814237,0.4406258510507185,-0.3186000588247839,0.2575431203948015,-0.3110871327397022,0.07282951518994076,-0.06585442570291439,,-0.08058812887911038
2022-08-17,0.4912989330599503,0.34828312971628317,0.47697787364983674,0.43869655529902607,-0.31382725394757244,0.2565291989645652,-0.3055519216814181,0.07026313377766123,-0.0652928047343856,,-0.08083317616788958
2022-08-18,0.4885757847122502,0.346785949850749,0.47258305061171596,0.4389324160517686,-0.3069848699187325,0.25403037990664845,-0.29934129829914824,0.06997880130238165,-0.06795091514420407,,-0.08070036907504477
2022-08-19,0.4872305002479474,0.34568698450168844,0.4677726600346956,0.4364161624510688,-0.29987957381840974,0.2519886151525201,-0.29775898667464984,0.07113697328762147,-0.06526648639977309,,-0.0806227012825207
2022-08-22,0.4884745036540709,0.3468157118764204,0.47108787025338283,0.4430770661970098,-0.2989830051356693,0.24943715160053911,-0.2898633437207496,0.06996159819749102,-0.06783044294940753,,-0.0811263497460162
2022-08-23,0.4862086651789188,0.3428725553056354,0.4674678347088329,0.43892681559791497,-0.29478676572747753,0.24631857881090083,-0.28545418977693515,0.07160937208694815,-0.06655394887943421,,-0.08151213878903478
2022-08-24,0.48492687584390864,0.34224084301052843,0.46743615589369847,0.4371105750713543,-0.2942105577450016,0.2452893936058051,-0.28319231449512483,0.06915246496879479,-0.06714859758125087,,-0.08157549691077048
2022-08-25,0.48448243661967233,0.34507894823996066,0.4688964910103877,0.4327651100670087,-0.29536353597214554,0.24788804897451208,-0.28439916370755514,0.0640266409716548,-0.07026485310947783,,-0.0813876316516473
2022-08-26,0.4832172398016562,0.34389969337112963,0.4674482199630207,0.43257361957287893,-0.2948444706467627,0.2438711209411047,-0.2817478905678215,0.06394719580497936,-0.07007746724173097,,-0.081362068987846
2022-08-29,0.48096430499185594,0.3386668799241636,0.4655976696504073,0.4211830249728025,-0.2906193980827381,0.24336020578763778,-0.27756972407745134,0.06053602951193271,-0.06942718951934129,,-0.08152333159979193
2022-08-30,0.48680150170267167,0.3428783233866492,0.469662982325534,0.42646175713040074,-0.28781925454789803,0.2456900756949108,-0.27633353488788726,0.06231544932940467,-0.07004914333438907,,-0.08155620348366464
2022-08-31,0.48908485702501775,0.34353838219984756,0.4700395288898955,0.42720863549765326,-0.2872384398314356,0.24633676664714177,-0.2759959978493062,0.06189539055344893,-0.07226423641063305,,-0.08158336917564907
2022-09-01,0.4931672099816297,0.3483784593165147,0.4758631133492318,0.4327570165922473,-0.3001765703443382,0.24418530875544484,-0.27567443817441534,0.047823488749220405,-0.0855170660881047,,-0.09743366974686146
2022-09-02,0.4930996263131922,0.34898867709290926,0.4774260445323976,0.4322084943224695,-0.2995944452717488,0.24304441959944378,-0.2761635089993315,0.04728046306744918,-0.08596586084909014,,-0.09748146920678746
2022-09-06,0.4892288888585805,0.34487411635520665,0.4772700274427692,0.43261353907821415,-0.2932595959318226,0.24184868578878524,-0.2734113909237054,0.0532953602610712,-0.08011399472698519,,-0.09736917547628601
2022-09-07,0.4922344730499402,0.3404283841208698,0.4725182164398264,0.43218164622988126,-0.28938730165659754,0.2378265816113452,-0.2686535997379518,0.05694786660506557,-0.07825865085093471,,-0.0973859528310358
2022-09-08,0.49468119961478113,0.3349628042005445,0.4730925155616123,0.43493950981380397,-0.29023888383800184,0.23991918815585409,-0.2710823184288804,0.05714178561612813,-0.07461929979694475,,-0.09672887417204541
2022-09-09,0.4947196280038738,0.3352690011017099,0.4743644826196482,0.4393937402508483,-0.2921856827825521,0.24382305919333208,-0.2741147308647889,0.06004331313534941,-0.07114490718271069,,-0.09671705372792784
2022-09-12,0.4874241220519245,0.3445181713682107,0.48409380342398756,0.4382379714497998,-0.29890979869703976,0.25326777709000975,-0.28750813736409453,0.057533845695409376,-0.07324473690851628,,-0.0976921817962827
2022-09-13,0.48473032500168683,0.3482077555839461,0.4857017750050839,0.4407976163144341,-0.302389779454909,0.2579068085398992,-0.295504007917378,0.05386083880005841,-0.07408520144760565,,-0.09779846654654772
2022-09-14,0.4845775724423355,0.35142446688585494,0.4857014648150161,0.4397531060750594,-0.3014752056913742,0.2564761359448496,-0.29414352989103976,0.05264335669031285,-0.07344999844477677,,-0.09780271137324743
2022-09-15,0.48001331080650855,0.3558927361501891,0.48812491859813584,0.4373058829315244,-0.2999848143071857,0.2549272681448018,-0.29132317127401225,0.0507094126910775,-0.07482014656854215,,-0.09818157064561739
2022-09-16,0.47953446327470334,0.34706731356578296,0.48101566410536406,0.43911225401261905,-0.29721978085213696,0.2541856198541714,-0.29059228195770603,0.05198153359415668,-0.07133640977592201,,-0.09844899290758054
2022-09-19,0.4795151056154959,0.34668568363602104,0.48052499973442336,0.4387781318124783,-0.2964689713750009,0.25324956914807917,-0.28945576654863175,0.05271919535052355,-0.07030320181408738,,-0.09845215598214921
2022-09-20,0.4801512121502141,0.3551404899627603,0.48151049581136623,0.43645035605541554,-0.29870477691166486,0.2469808817454701,-0.2765844538143453,0.045107730770346036,-0.07385016420900314,,-0.09894848348707189
2022-09-21,0.48138766769795566,0.3539266292762956,0.4785086940195959,0.4371950541475841,-0.2996414959775277,0.24889795575280635,-0.27691779555799745,0.0472747107449053,-0.0722480385761473,,-0.09895065391860554
2022-09-22,0.4738053346611115,0.35525704769176797,0.4760840225008436,0.43493813312629265,-0.30499621908538044,0.24572258174988001,-0.26638287797304805,0.04445962040545541,-0.07275520433734463,,-0.09975013840727869
2022-09-23,0.47839619812971723,0.36481788026402284,0.4849758263957213,0.4448597180869303,-0.32526993743819993,0.25453164465465555,-0.27536170042226366,0.04761704158583098,-0.07405319823041942,,-0.09898985588797664
2022-09-26,0.4821328084807317,0.36823238961411614,0.49043281877032757,0.44640838256276894,-0.33074841378903264,0.2563516109931274,-0.2764192010921413,0.0354081662250252,-0.08619226444283669,,-0.09908323776012093
2022-09-27,0.4817821178606242,0.36837153220588503,0.4899517527302555,0.4465649827074833,-0.3308192874254186,0.2563346162817059,-0.27692764260545083,0.03621758599606857,-0.0850181690966887,,-0.09907016441376092
2022-09-28,0.4861133237196955,0.37233177121930017,0.49271879915174976,0.45014107335082487,-0.33599727668649165,0.25876431589128346,-0.27768371147193616,0.02003164516673946,-0.09775079424749047,,-0.09877496026668434
2022-09-29,0.4896731833840079,0.3698285276354645,0.48971333415420504,0.447297988532605,-0.3366361134080596,0.25128061446055905,-0.2752147765923299,0.021906617657056243,-0.08630439196300883,,-0.0984963598313728
2022-09-30,0.4857764778207785,0.3882316395250581,0.502514601029479,0.4491873807888124,-0.3403687466831043,0.24692204927422234,-0.27470187537199153,0.020411447805043663,-0.0893295347934267,,-0.09883134350493172
2022-10-03,0.48757129178878056,0.38862966672888766,0.4850282415849557,0.4488568567317665,-0.3390550478433108,0.24370077161232642,-0.2700059665210264,0.02245661503792722,-0.08720929419869071,,-0.0922534409105157
2022-10-04,0.4887513727153689,0.3918306757074784,0.4877601429949845,0.4501485097556716,-0.34366139406412316,0.25367735452931284,-0.2755541885692627,0.02018155195609432,-0.09041984317557963,,-0.09211054189041906
2022-10-05,0.4897882910961998,0.3902588732334255,0.48418815705739243,0.4521799213752476,-0.3394508933687741,0.25582872929064226,-0.27873921761626513,0.023451879290131643,-0.088385804784453,,-0.09200651179580803
2022-10-06,0.4886902458921938,0.38990560536991226,0.4820073100069092,0.44963365264059735,-0.34284633454298885,0.25876753553433385,-0.2816794053173712,0.01995005100183422,-0.09115102153281941,,-0.09197020153580311
2022-10-07,0.48900244049635927,0.3938862935324936,0.48439393037671485,0.44067609717778494,-0.34501391454072455,0.2620275665621193,-0.2787361336442533,0.014374442389408612,-0.09204297921691425,,-0.09254293979116016
2022-10-10,0.48502295501234816,0.38390744892185613,0.47588505742278453,0.4378018467196775,-0.34248874600214985,0.2604390550310893,-0.2762903195614113,0.013512407997958383,-0.09186700129245015,,-0.092435241176195
2022-10-11,0.47978153860409833,0.3864945384865491,0.4769203218893137,0.4353327000790872,-0.34563520545737914,0.262734209997433,-0.2806713816010124,0.014648860650619685,-0.09170004362695855,,-0.09285872546878711
2022-10-12,0.47424868917528806,0.3880182664569896,0.4773326622519303,0.4365496010901643,-0.34515747972323035,0.2628596843827272,-0.28088371191429634,0.014624945741353125,-0.09204507067096139,,-0.0928600750917067
2022-10-13,0.49417873867731954,0.3737337901672255,0.46930971012878286,0.44439466201900857,-0.34036838223421045,0.26529297099731824,-0.27721883052237617,0.021820382863726773,-0.08352155058679475,,-0.09453037944462006
2022-10-14,0.4891286072785946,0.37340088032959173,0.4642201443357979,0.4442270510220854,-0.3394535251699114,0.2597755629233528,-0.27133182682555246,0.02467363828136614,-0.07918141663878119,,-0.09527772724233148
2022-10-17,0.483726422841905,0.3869272568680571,0.46514948299999276,0.44395510908451224,-0.3375575370706582,0.2570910312584717,-0.27002232548427524,0.021078495701184332,-0.08121771741784885,,-0.09586794709532144
2022-10-18,0.4857582037721763,0.38784533168951296,0.4653254551356788,0.44567207606254394,-0.33719035875938713,0.25372695596527417,-0.2683465345393303,0.022212817486164733,-0.08196061494622404,,-0.09589117076345001
2022-10-19,0.4864920756081201,0.39033107152429963,0.46901862273105993,0.4413367906207514,-0.34000192715903477,0.25506332476244487,-0.2687035782963216,0.017494395366399306,-0.08558365913960872,,-0.09589436291101933
2022-10-20,0.49111418882760605,0.3884667264526268,0.47089481754712825,0.4394338990023465,-0.33911262618381727,0.24957830237679246,-0.2692728872700121,0.025878494314292903,-0.08392858169443429,,-0.0952319510119009
2022-10-21,0.4770546522849598,0.3952409217257743,0.4739006742504616,0.43570181245265366,-0.34543074951715746,0.2607812809062487,-0.2754825519290655,0.02783526987502716,-0.09366324138236481,,-0.0951632629427025
2022-10-24,0.477431065868188,0.3989054272493336,0.4750380269405416,0.4378539908947786,-0.3465301760377395,0.25794853802539025,-0.27472008438544043,0.02616596459824102,-0.0933715472395884,,-0.09516846586756651
2022-10-25,0.4749772760835071,0.39753402049037473,0.4734062047587615,0.43727640097215537,-0.34102276013469396,0.2546303409068383,-0.27303206245783573,0.02994739796255161,-0.09026630379766568,,-0.09531076092103398
2022-10-26,0.49181594552553454,0.397363693914437,0.46779570241589213,0.4414519260403962,-0.35899017004399136,0.24480220861517926,-0.27336560995704057,0.011036420637215756,-0.09094207059999165,,-0.09292747056225967
2022-10-27,0.4857635126881789,0.4005725756164762,0.47084590410766064,0.4393256913811827,-0.36049882665770505,0.2440679831482831,-0.27067693945334026,0.004162370864353323,-0.095086639643402,,-0.09301763508345123
2022-10-28,0.49536445304356413,0.4073302747529806,0.47351546870360334,0.43794185014315123,-0.3536080893100009,0.21972624980647507,-0.25732649186153017,-0.006032355570561885,-0.09664724486014158,,-0.09241823864077249
2022-10-31,0.49192595682339435,0.40549694559741667,0.4725268635758448,0.44026792689547284,-0.35380339756387125,0.22173466858601557,-0.2581645710551864,-0.009515807299826427,-0.09798748117407251,,-0.09240933582951134
2022-11-01,0.4932427493746826,0.4064810785617558,0.47772032499953265,0.4417068995719491,-0.3525641437638811,0.2186626015372203,-0.2573246088584194,-0.01283160194972108,-0.10078801425270191,,-0.13745627942107816
2022-11-02,0.4929592692148448,0.4062038229262962,0.47763957247470434,0.4414047662394478,-0.3522090923908133,0.21800934117196344,-0.2578539661102886,-0.013466730122148947,-0.10154861669334257,,-0.13738401059664657
2022-11-03,0.4901078900792611,0.4067737384549933,0.47744069777191145,0.4412574742174499,-0.3570397634366197,0.22108386731232346,-0.25894977348243475,-0.01511114492591496,-0.10681141797795056,,-0.13737483343204066
2022-11-04,0.5078674573121441,0.43676565649199256,0.5094603217444974,0.4499550692766972,-0.39441409387797816,0.2291988622990909,-0.2567438709635145,-0.009590115163476671,-0.11634235003091829,,-0.1312488931586945
2022-11-07,0.509427337339541,0.4337352490768867,0.5058684057336914,0.44955860002523745,-0.38453727471310895,0.22428209520491493,-0.25675805043686534,-0.011348385611131,-0.11419194960268116,,-0.13137890820907847
2022-11-08,0.5112150767040639,0.4378254142661947,0.5079999434823107,0.44221272569225756,-0.386112113315711,0.22556366910774814,-0.25505622201440814,-0.019134735361139767,-0.1165249084529186,,-0.13099872984260896
2022-11-09,0.5059354579510368,0.43761393676066196,0.5063147140383787,0.43984382516192827,-0.38141984514018545,0.2212220124074119,-0.25392643162171935,-0.019874622617898536,-0.11613726995161996,,-0.13064639478339132
2022-11-10,0.5074441990480816,0.4439137869668806,0.5118129352143413,0.43855413700852847,-0.3805895113520683,0.22636061797154045,-0.25595600633229854,-0.02998753544473214,-0.12463807349869295,,-0.1300773236200044
2022-11-11,0.5163970895445575,0.44519074128841346,0.5038754902583991,0.4419148791058419,-0.4009455675191089,0.2298660297421771,-0.25609115345789246,-0.03222573470851875,-0.12426156392169359,,-0.1285834570679802
2022-11-14,0.515839587706726,0.4405378383757037,0.4951635418335268,0.4465810043077248,-0.4020305359248067,0.23079826037022155,-0.25644881486206805,-0.03560531175719509,-0.1278432179819885,,-0.1288924113739533
2022-11-15,0.5151611338306098,0.44059577803678057,0.4938048856209948,0.44649724956975734,-0.40082703623010685,0.2303837189102902,-0.2565259770156027,-0.03383763987350488,-0.1267333217588458,,-0.12884318780353224
2022-11-16,0.5148438822183273,0.43931859810398016,0.4928761980607647,0.44742100222026887,-0.39842263409322115,0.2323826271571021,-0.25596018946968657,-0.029248917315673015,-0.12288373580468485,,-0.12884163584216526
2022-11-17,0.5223396309758268,0.4468762450397342,0.5001261600640751,0.4498999667805808,-0.4018936823456883,0.23232206994566637,-0.2526088575714166,-0.03686813049025675,-0.1301283013526136,,-0.1287243447586897
2022-11-18,0.5185798055649803,0.4491085160624878,0.5006959195750897,0.4507453630323865,-0.40156524937659493,0.23033517778677554,-0.25149766835527987,-0.03768795858581382,-0.1315622698445423,,-0.1290545368831873
2022-11-21,0.5173910540816854,0.45531088334240877,0.5036842772886058,0.4594651838886265,-0.4109314740842666,0.2317341279120902,-0.2514327512257662,-0.033511604166605924,-0.13018757040542506,,-0.13000648095047798
2022-11-22,0.5187035919767626,0.45995629390441667,0.504835559540312,0.4603357255914188,-0.41270506567897475,0.2336904924935084,-0.25276592345101406,-0.035794603076750565,-0.13285628204727967,,-0.1296055070236148
2022-11-23,0.518292827454225,0.46380563217795584,0.5109920295898123,0.4580773452701517,-0.4103828518465107,0.23360237401215111,-0.25310702408319047,-0.036755747895551374,-0.13345182972782849,,-0.12974537883235135
2022-11-25,0.5173415386515325,0.46403622975866327,0.5110224149657028,0.45743155478335523,-0.41200702430544495,0.2333607241002773,-0.25223836628992224,-0.03624635840981318,-0.13312920357571761,,-0.1298927168860943
2022-11-28,0.5109609424348076,0.4694128669226372,0.5086994687639507,0.43949530284270255,-0.4301886413862325,0.2238453782010485,-0.21930703430800788,-0.057128708814474655,-0.14793016008479612,,-0.13051176252051067
2022-11-29,0.5107102340689689,0.4708578199755621,0.5121730295066687,0.4383627752864154,-0.43163474111396377,0.22155398301804463,-0.2144501384358018,-0.05811071287966538,-0.14848601190827274,,-0.13077264847656114
2022-11-30,0.5169165608940451,0.46693679148722583,0.5146053005432631,0.43936868276529,-0.43975652327686177,0.22863438398086364,-0.2140855451933271,-0.06613301183389952,-0.16229261552009505,,-0.12952999645218463
2022-12-01,0.5182100793271962,0.4732028787287503,0.5190100973844913,0.43884590037522203,-0.4451655125326851,0.22692482081373444,-0.21459929171075062,-0.07772466831673139,-0.1708529864582567,,-0.10737248127536675
2022-12-02,0.5224294075644959,0.47760042650377305,0.5204109663065964,0.43663212325051864,-0.4462237866814738,0.2246512873789911,-0.21245560389171758,-0.07879139710291991,-0.1720245128852592,,-0.10747617907397743
2022-12-05,0.5236993886152584,0.4834877005476195,0.523170752889635,0.4388043978245649,-0.4485106418493584,0.22694445900816348,-0.21431345156956577,-0.08488766255098637,-0.17743185352556648,,-0.10749952443279914
2022-12-06,0.5268365931713698,0.4854395708355584,0.525818286397629,0.43286367483255517,-0.4494393989947979,0.22287094820985812,-0.20763844825451325,-0.09075455030040767,-0.18110342487827144,,-0.1078556949801582
2022-12-07,0.5255754655436629,0.4867160488301069,0.5273222213569235,0.4299086558938516,-0.4506663528633087,0.22309190275271748,-0.21009179475439244,-0.09433745157014879,-0.18246223453053426,,-0.10755746427332165
2022-12-08,0.5278990494688965,0.48718471804865304,0.5289469929421886,0.42938318497762024,-0.44976166783195604,0.22328258787050628,-0.2074633231809189,-0.09350053859189633,-0.18129014718781414,,-0.10773451192945127
2022-12-09,0.5284137767061996,0.486061093785295,0.5263738268984596,0.428265291612228,-0.44875611576429886,0.22229579493203308,-0.20468057145853302,-0.09480981664041745,-0.18071358112894975,,-0.10762853371163043
2022-12-12,0.5301846327379076,0.4900787188285265,0.5291530180654255,0.4232651288126381,-0.45103307185217356,0.21891879427989508,-0.21638046796657123,-0.09683512544258978,-0.18067607928377433,,-0.10760464146244417
2022-12-13,0.5323418004545311,0.4909419580795411,0.530320829649352,0.42458611852163436,-0.4523061047714965,0.22003978838150826,-0.21961509161708295,-0.10035648055151741,-0.18247929322737066,,-0.10731542225761859
2022-12-14,0.5302655071380435,0.4894817448293037,0.5303899136030267,0.42532344391721444,-0.45248000691691603,0.2186332656091378,-0.2203159201362601,-0.10039594825772914,-0.18126840538461989,,-0.10700158974882852
2022-12-15,0.5320018214772014,0.49455866761013256,0.534095255161267,0.42716200370441954,-0.4581316338268347,0.2320096877181075,-0.23517375503931925,-0.09402857687406999,-0.17825158593377677,,-0.10684912584147074
2022-12-16,0.5277624567780301,0.4876436473763603,0.5278157143357286,0.4248345777101906,-0.4555220635786902,0.2365691488466253,-0.24301104837130505,-0.09046762330574776,-0.17367477013425822,,-0.10793300816979935
2022-12-19,0.5277464027358526,0.48766264634682477,0.5272934973498115,0.42529851307866373,-0.45581115479998474,0.2355637842585043,-0.24310962708870804,-0.08874263339540067,-0.17239108972634926,,-0.10776700519552379
2022-12-20,0.5288235314063043,0.4869310388673708,0.5243010379968288,0.4267544541137892,-0.45554189583752414,0.23584348589732876,-0.24383066309458104,-0.08730290409341326,-0.17210321727634634,,-0.10767335385108599
2022-12-21,0.5284487614497696,0.48838752631624854,0.523569760637119,0.4248612821463417,-0.4553248312760621,0.23359547161985714,-0.2415152368538763,-0.08960649817467976,-0.1721872784340641,,-0.10793530935954264
2022-12-22,0.5250211096584675,0.4891641828602506,0.5243216712737505,0.42414795479625506,-0.45466962354752516,0.2342237883663992,-0.2413344419829066,-0.08728463663422513,-0.17241285614441865,,-0.10837883166960346
2022-12-23,0.5239007542155851,0.4902115511284358,0.5252886879816488,0.42588442828288764,-0.45485008645499586,0.23533236669059762,-0.24336312228643164,-0.08405571770629165,-0.16968648032033234,,-0.10798648421126125
2022-12-27,0.5245959796004631,0.49268808238421113,0.5265141464956459,0.42388513738687755,-0.45631770421635537,0.23178843445148642,-0.24160769974854315,-0.08037145745430864,-0.16661592060406472,,-0.10833496430157227
2022-12-28,0.5248639535567815,0.4930718052755315,0.5267956532352809,0.4244616910510792,-0.4561409019011974,0.23162428821705583,-0.24197359492608567,-0.08066215722781148,-0.16671072612006232,,-0.10822261391425153
2022-12-29,0.5239173319068411,0.49218853731316237,0.5254890945379465,0.42480075860050087,-0.45527076171900727,0.23048120237010858,-0.24215834541674422,-0.07970234295893706,-0.16609446625168617,,-0.10820578800788304
2022-12-30,0.5241016071741015,0.4926880698841255,0.5260756412501073,0.4238684278949428,-0.4545126122695292,0.23046305872086606,-0.2420665184996849,-0.08042126940619224,-0.1674579181487418,,-0.10820686293059131
2023-01-03,0.5274934999314109,0.48714233120457573,0.5236516477452862,0.4291395356131337,-0.4544119599033518,0.23159464867466112,-0.24340527186037925,-0.07702341834246958,-0.16626106683682343,,-0.09797271234543091
2023-01-04,0.5278972063558172,0.48512910419533545,0.5234371733584806,0.42990927226853803,-0.4525917577368198,0.23171549503970346,-0.24362653289345765,-0.07280682223167187,-0.1635671521455105,,-0.09854281861388979
2023-01-05,0.5246022354590251,0.47673863372840447,0.5144154897267273,0.42980195723507886,-0.4446989605758628,0.22757034644806742,-0.24248487576553207,-0.07363046882630439,-0.16446499648926796,,-0.098340867359314
2023-01-06,0.5318767075573791,0.48382403681450725,0.5188320495910498,0.43020619161261014,-0.4512854870557534,0.23118877232556762,-0.24213091036776596,-0.08255038525603607,-0.17066095074761545,,-0.09805583215735919
2023-01-09,0.5396534173471828,0.48287369667877666,0.5139770604552946,0.4330499582648353,-0.4565569139372516,0.23022226553159117,-0.23763158443958668,-0.0861085249246931,-0.17040791906082212,,-0.09762406158116287
2023-01-10,0.5409418320931478,0.48158031807076,0.5114350385437773,0.43433360627743467,-0.45368918439956873,0.2321564056761675,-0.23818659109618556,-0.08365209588404363,-0.16859600042482217,,-0.0976334476850169
2023-01-11,0.5441479041728234,0.48158697840685954,0.508783819889804,0.43667473655850847,-0.4524831661959904,0.23544523250475785,-0.23461009404160402,-0.08776304717345398,-0.17165415213798627,,-0.09742040822911556
2023-01-12,0.5429927009152746,0.47985879532529635,0.5077647916202533,0.43443245398721053,-0.4514367076017344,0.23392610626952537,-0.23376184841099898,-0.08801776794755309,-0.1692872576075505,,-0.09758075763157115
2023-01-13,0.5437837446220949,0.47978666118338226,0.505901866580988,0.4337750765400518,-0.44748268748253506,0.23411388525362412,-0.23108202146973156,-0.08514975547961505,-0.17261366645353593,,-0.0982280050125702
2023-01-17,0.5434289990159059,0.4788517671519737,0.5052230536637409,0.4336692497728788,-0.44814055915852885,0.23322824638653636,-0.2295402504767571,-0.08544846589631858,-0.1722900926320609,,-0.0982409723874875
2023-01-18,0.5482550804978719,0.4792376311294035,0.5030918734454455,0.439892296424633,-0.4468651300291298,0.2336833847092063,-0.23535692896857238,-0.08265668808771309,-0.16902543476593054,,-0.09866168634805596
2023-01-19,0.5491190891623493,0.4781407709338528,0.5068120515720244,0.4413990813312109,-0.4458638879505908,0.23225532264782395,-0.23398150387943065,-0.08095696057137072,-0.16763117500557695,,-0.09869305275866835
2023-01-20,0.5482873677822615,0.47460524989567393,0.5036440633967059,0.44044866024262963,-0.44530060413012873,0.23641813699884806,-0.23839265508576793,-0.07735231148144431,-0.16780494236048737,,-0.09893620411027937
2023-01-23,0.5452198749860839,0.4768898599321281,0.5000086499919392,0.44239496717528937,-0.4492362049859506,0.24161879241217427,-0.24629686098400855,-0.07745067358740955,-0.17321721305507998,,-0.09937371787320881
2023-01-24,0.5434615732166028,0.47563863556774433,0.49837008027736335,0.44117060576608846,-0.4501988526887063,0.2387948158839941,-0.2421442504039582,-0.08097792323159032,-0.17720929178386047,,-0.09948157929839604
2023-01-25,0.5447068588332704,0.48049686098196503,0.4951443628115543,0.43939929534988925,-0.44930168786432495,0.24087541492610168,-0.23999860913571797,-0.08255634237495582,-0.18110328760673025,,-0.09984039735729462
2023-01-26,0.5434311554475724,0.47831029764491134,0.49512587681668196,0.4387615999781225,-0.44895475735737966,0.24371119299998975,-0.24203323215594444,-0.08323772898183628,-0.18126846398207397,,-0.0998708675091505
2023-01-27,0.5442547162680871,0.4844746819711694,0.49728694230068576,0.4382505946264668,-0.45302742281156133,0.24369751047501428,-0.2432756816244848,-0.08620355216147817,-0.18611687807591218,,-0.09995935337151157
2023-01-30,0.5469277719162838,0.48043890591054533,0.4927905789422012,0.43851281875875253,-0.4500191215174245,0.243365712934556,-0.24795765682904042,-0.08958572687911312,-0.19128288610218908,,-0.10019849975313713
2023-01-31,0.5536045601923713,0.4799295867468474,0.490752011390424,0.44120032597477427,-0.4522316472196198,0.25570519191907776,-0.259101495123625,-0.09274510574751907,-0.19767489832825155,,-0.10055786793249724
2023-02-01,0.555237891291768,0.4781017357499533,0.49111632448472714,0.44438178453599037,-0.43900417656961976,0.24937528195755027,-0.2489495692789304,-0.08062441480935939,-0.18383535792097755,,-0.1392983645917552
2023-02-02,0.5574885870058748,0.4787255186957613,0.49073102209687397,0.44619102940772604,-0.43935847718377175,0.24640003574430575,-0.24097030980607748,-0.0817354360188526,-0.18659151465490298,,-0.12830907957778304
2023-02-03,0.5616843642709899,0.4744665631456401,0.48793130962107095,0.4472570301555545,-0.43779765719051694,0.24563184353569814,-0.2409571968414442,-0.08245521267704387,-0.18775356601074944,,-0.12824264005128821
2023-02-06,0.5637511898080337,0.47398780256394885,0.4878622857348137,0.44821869813977433,-0.43998649048226157,0.24534636022045284,-0.24083857936199304,-0.08271815985884871,-0.18764622020633334,,-0.12825391499869776
2023-02-07,0.563392656332605,0.47416226873999734,0.48695539022043055,0.4495786708405184,-0.4406069218432572,0.24678836959634418,-0.24166068284734574,-0.0829277844353605,-0.18948844874864354,,-0.1282232407330353
2023-02-08,0.566186366281049,0.47443930575976545,0.4880769586897306,0.44734403865891215,-0.4403517199611998,0.24792736940729446,-0.2434469076643062,-0.08229094906951741,-0.18682326070598504,,-0.12808840492480356
2023-02-09,0.5682148849318076,0.4711849311064548,0.48484031419791407,0.44647254097151107,-0.44091014394374006,0.24555206393430054,-0.24019382175310355,-0.08114222895590342,-0.18456277310682007,,-0.12802493271636134
2023-02-10,0.5671544638386016,0.47075974373086144,0.4852570692379423,0.44402886023751403,-0.44289944922197894,0.23918868559128253,-0.2330506089096474,-0.08144531787387882,-0.18605342746017078,,-0.1281156627262259
2023-02-13,0.5631553016678322,0.4679338493209932,0.4820664843921763,0.4441811753773528,-0.44437855875837673,0.24567940665221527,-0.24584766974665614,-0.08655038298605433,-0.18832817137196622,,-0.12808093183550823
2023-02-14,0.563475816757088,0.4733435161846753,0.48321265163668436,0.45658407818523256,-0.44187034869206493,0.23864823358839252,-0.23423223330339146,-0.0944848960806197,-0.19841271549193845,,-0.12933034956405262
2023-02-15,0.5640780598966938,0.47694592978186295,0.48514750362966413,0.45697680627314374,-0.44396382268927104,0.23776372729782794,-0.23227092344863948,-0.09605973441319407,-0.1978578266287404,,-0.12903092835225913
2023-02-16,0.5625778482588798,0.4786750322788834,0.4873442724341763,0.4572989157420317,-0.44217514094296095,0.2295136015699571,-0.21829262699362362,-0.09414259126481077,-0.19630580668623526,,-0.1285870816617018
2023-02-17,0.5631152618984971,0.47869751421692647,0.4867973346261476,0.458609323890959,-0.44158525068126114,0.2296915390495746,-0.217654164620205,-0.09324596320268158,-0.1947197845017518,,-0.12833686008231943
2023-02-21,0.5674227838934154,0.4770661813807162,0.48755590435545465,0.45564161434193723,-0.4358665664504358,0.21870659733776843,-0.20073446729316288,-0.08336069352602014,-0.18874644768706378,,-0.12791624122115997
2023-02-22,0.5677713544013939,0.476958149602825,0.4880851110245847,0.4562492242236613,-0.4364345849840853,0.21875661540739863,-0.19998717850730718,-0.08265220927305411,-0.18847772015441283,,-0.12781490543577192
2023-02-23,0.5675171777364537,0.47924469217827903,0.4910114577882482,0.4488282022817471,-0.4334801320221397,0.2146339372436097,-0.1924789381038173,-0.07752941134496485,-0.18415014278099331,,-0.12676165838600897
2023-02-24,0.5697253266075559,0.4801208568592136,0.49576032329090874,0.4434935075588313,-0.43618114061174007,0.21683855208685676,-0.19312574824943526,-0.08173286899355212,-0.1893512467855353,,-0.12590276162051459
2023-02-27,0.5764029127094651,0.4828273963867112,0.4946907618516663,0.4426070369987542,-0.437987066016516,0.219033632982853,-0.19496552965779068,-0.0832343132191648,-0.19095642438878596,,-0.12594586922406525
2023-02-28,0.5758527340556979,0.4907108854296159,0.49974237738580884,0.4445393258875823,-0.43511832723232285,0.216943308270572,-0.19461718499543643,-0.08394147381792799,-0.1949576728362597,,-0.12572366623798678
2023-03-01,0.5783293822146495,0.49310558012668637,0.5006756995216705,0.4486970960803897,-0.43647393975265864,0.21523216482949886,-0.19346886767027072,-0.08344575198027841,-0.19770383525290733,,-0.12791307724840462
2023-03-02,0.5731915957108584,0.48444741733926494,0.49278665244598624,0.4367457610236697,-0.45060918199527783,0.22134550963720007,-0.2035256018383713,-0.07547682527953961,-0.1898038518522975,,-0.10187335615286028
2023-03-03,0.5713548079843631,0.48965566134500355,0.4954451419667691,0.4334209834594174,-0.45017337182202316,0.21720972646544884,-0.19947281192321845,-0.08196774619726996,-0.19002019756706265,,-0.10182278675426008
2023-03-06,0.5666081618237341,0.48780034942797906,0.4965169711445363,0.44101120371981456,-0.45621585709150897,0.2200864388818117,-0.19943495993854907,-0.08001753645088146,-0.19094164231998959,,-0.10197433644744522
2023-03-07,0.5632500032123852,0.4873576216548564,0.4990485304028081,0.43488193248199414,-0.4782579923763061,0.23046335127469214,-0.21150288334387024,-0.06707422291030808,-0.18835540619227728,,-0.10144077477545721
2023-03-08,0.556676400179618,0.5100944568056145,0.503123455720517,0.45016541567908414,-0.47422953046262717,0.21561975990015061,-0.19556797751908964,-0.06589305086271793,-0.19633323797945776,,-0.10320756896826336
2023-03-09,0.5675539913875269,0.5185712494825406,0.5109824644507838,0.4523283977740355,-0.4749745116318168,0.21353429599189785,-0.1907372013932162,-0.06544983568388577,-0.19757412825681894,,-0.10330710286514956
2023-03-10,0.5608480450070751,0.5060573302619203,0.5027721151651541,0.4423727890134656,-0.4916436747678149,0.22763510154188935,-0.2006092975947841,-0.05792613442839538,-0.1856822630685348,,-0.10422986744146057
2023-03-13,0.5587625285883678,0.5006851065175568,0.4936630270124864,0.4453888528799847,-0.49673379257087713,0.22905848847773178,-0.1946716807786131,-0.06374114682727115,-0.18802988489070016,,-0.10427648810972559
2023-03-14,0.5603306428945756,0.5006223635928616,0.49166636552569115,0.45038521257946085,-0.4958036699205202,0.2238119609183378,-0.18706605631765297,-0.06826333122063645,-0.18956603021408627,,-0.10404795269682954
2023-03-15,0.5626448668585731,0.4810369492358628,0.4854394392563505,0.45398150488331535,-0.5049897633647203,0.22391263121234203,-0.19621527984011417,-0.043176025506147755,-0.16704196816036243,,-0.10314939216509984
2023-03-16,0.5651917813164595,0.48198236629462243,0.48427098161505466,0.4582109858102379,-0.5053689002460409,0.22696561828967773,-0.19910098639741364,-0.04100545511232551,-0.16375604086083678,,-0.10323310209117688
2023-03-17,0.5639073415716975,0.48695947334967643,0.4902699594591348,0.4595130007115929,-0.503248895043666,0.22005394609478474,-0.18860350631916598,-0.046102987914836475,-0.16945091302693938,,-0.10330463665710467
2023-03-20,0.5609855772231374,0.4829784273021127,0.48613397672655917,0.45451649262456006,-0.503275328624413,0.21842954266747233,-0.188873697068033,-0.04235265176022725,-0.1618588439562498,,-0.10339459708938151
2023-03-21,0.5602618245175872,0.47431448051266417,0.487869917627795,0.4550619327357931,-0.5041045289208526,0.2189556717297934,-0.1905620073417219,-0.03717546338984499,-0.16062945581164403,,-0.10339143638863912
2023-03-22,0.5675800465852067,0.4751137766426125,0.49007650733861147,0.4657920178354938,-0.5054998245688548,0.21496240262214095,-0.188596791650431,-0.038807632327067625,-0.16403137922641073,,-0.10353249157174306
2023-03-23,0.5691557220486158,0.47910682757273243,0.4927480276214983,0.4625871545350041,-0.5030438311926502,0.2161306777392875,-0.18724995722526738,-0.04358997612483226,-0.16436949505742723,,-0.10355125558944511
2023-03-24,0.5659048655898044,0.4782441695199499,0.49074987021451966,0.46073331562330966,-0.5055973286031551,0.21855923524582527,-0.18750850453130674,-0.04030975685807762,-0.15947300670121636,,-0.10332196718459144
2023-03-27,0.5662331027470852,0.4792044194267048,0.49500838915023526,0.45753648837896743,-0.505356306961035,0.2205862776232045,-0.19020408339317624,-0.03929205030603005,-0.1578049367600924,,-0.10344852587387475
2023-03-28,0.5658404606053952,0.4782615368027278,0.4943660120481454,0.45923335255749614,-0.5054477380425072,0.2214593448316288,-0.1918959575166006,-0.0358513629874756,-0.15611422336837444,,-0.10363465568414439
2023-03-29,0.5655757405292058,0.4798863413764068,0.49645605228851636,0.46942310183616937,-0.5062442542171205,0.22071075037905294,-0.190906945263898,-0.035526474589144034,-0.1557221218050952,,-0.10359598042062454
2023-03-30,0.5719734874350524,0.48090106570712715,0.4946959047759029,0.46828746264690524,-0.505525206061695,0.22017654191116012,-0.19075374908252404,-0.035047691096829876,-0.1552232671299663,,-0.10349394806020376
2023-03-31,0.5743445237102527,0.47986814293111296,0.49458233779399013,0.46846996925924433,-0.5045277612235873,0.22123759627971823,-0.1914913750046014,-0.03501329032986917,-0.1549108920872326,,-0.10348488879040371
2023-04-03,0.5749030994729543,0.4774802486096931,0.49481631870949344,0.4650299638059464,-0.5029688493330852,0.2211801803906327,-0.19173097358389243,-0.03284827718039636,-0.15393871719432442,,-0.07619627001317289
2023-04-04,0.5753702682957329,0.4627606034291364,0.4778201979937794,0.46288939672373147,-0.49704541610282793,0.22315510256115403,-0.19534671475357637,-0.026302584205115723,-0.14820222433038133,,-0.08595665896668607
2023-04-05,0.5772751635210346,0.46165964346403415,0.47956198789840443,0.45907903059009847,-0.5008830547829458,0.22101459955475983,-0.19189353446934287,-0.028777685889916922,-0.15040286542775405,,-0.08605729392198132
2023-04-06,0.5776334410952622,0.4608746797340716,0.4797395851731166,0.45963483861827276,-0.502110238624084,0.2224197114901299,-0.19601969232548724,-0.030440068325990655,-0.1517196390603291,,-0.08606303064355306
2023-04-10,0.5768921778894806,0.4615977345687146,0.4801503283735006,0.4590782732885838,-0.5028757389922203,0.2207856671147654,-0.19516996852818616,-0.03190925075503461,-0.15129846376795197,,-0.08610668922562123
2023-04-11,0.5741459044160534,0.4647776726587319,0.4823492921968723,0.46017825920977334,-0.5034426196795844,0.2213548085319398,-0.19557968213823387,-0.030637289223491397,-0.15037465745373968,,-0.08622096489397726
2023-04-12,0.5752290913750455,0.46474375087223024,0.48315008458552594,0.4613521689654922,-0.505583604833997,0.22033863608474671,-0.19496339495859166,-0.03225197586624126,-0.15047784941605907,,-0.08618110909529023
2023-04-13,0.5732165872337357,0.467504869236382,0.4868264709648546,0.45625356355320235,-0.5068263416019404,0.2180559622752543,-0.18934878395423838,-0.028144395229030728,-0.14898524058277843,,-0.08656271890367245
2023-04-14,0.5723647792345866,0.4625396009005418,0.48403673142233483,0.45292184872764213,-0.5102269632388307,0.21939355066486485,-0.18878187932322527,-0.02615492651926442,-0.14849493125159313,,-0.08655472903009095
2023-04-17,0.5721488364152874,0.4630950535555972,0.4850318601964765,0.4551889629283811,-0.511350012215312,0.21874661691556888,-0.18908863539796722,-0.027729741652929994,-0.14992430884006308,,-0.08641639640814447
2023-04-18,0.5723221248977034,0.4641550606908148,0.4861677336163002,0.4554801681374092,-0.5126785183555872,0.21961080236200617,-0.18977071610038826,-0.029302670117709196,-0.14993837113636926,,-0.08642653216903365
2023-04-19,0.5726631813398833,0.46307798345549867,0.48403650531674364,0.45471088632887247,-0.5172943478498486,0.22001297190453334,-0.18837539788901217,-0.031132887545202638,-0.14961981327911067,,-0.08642261140357538
2023-04-20,0.5722192650878789,0.4577941469197695,0.4808830823447506,0.4527523790366189,-0.5161416566359812,0.2260263834727792,-0.19266528045013018,-0.026951437977969516,-0.14529664725829813,,-0.08654176314818088
2023-04-21,0.5753874293777708,0.45886333343408153,0.48150899651836576,0.4524845200907983,-0.5200276939054397,0.22588263902526692,-0.19458888714299477,-0.03041410344428792,-0.14856811498781894,,-0.0866117681861431
2023-04-24,0.5748888803766068,0.45955689662137456,0.48641901121779296,0.4508774637291893,-0.5196753725166082,0.22923049722749714,-0.2014014701564921,-0.03200739994643516,-0.1457828019892827,,-0.08652920417213464
2023-04-25,0.5750765361328959,0.45387169486122025,0.48695250062299156,0.45179984766667464,-0.5188310701403892,0.22567752774541297,-0.19484529862849084,-0.0237367373531058,-0.13562944399259483,,-0.08647648969703907
2023-04-26,0.5684326811814946,0.4459966531347381,0.4826648760953316,0.44483466266693805,-0.5166245710821542,0.2296423352946363,-0.20082650164415375,-0.030439136590825214,-0.13833819303546482,,-0.08721026893763596
2023-04-27,0.5682228242507383,0.44642601420471895,0.4827682609544711,0.44685207313060393,-0.5170152230384315,0.23125127041816862,-0.20569500100122942,-0.029487519394599437,-0.13711606215021363,,-0.08724705975543841
2023-04-28,0.5669652452723588,0.44791570873034403,0.483025621315683,0.4462239332719841,-0.5188875264111122,0.2312590225337999,-0.20515725442957122,-0.030352061874253086,-0.13732362380817142,,-0.08723855387653165
2023-05-01,0.5674764577856477,0.44673500173702113,0.4817956189647446,0.4483241582251532,-0.5147014580931667,0.235889041800086,-0.20594656422438237,-0.024997096802192694,-0.1353028888075215,,-0.09751045910203364
2023-05-02,0.5690005348472736,0.4392968449754185,0.4769385517144267,0.4517712036095912,-0.5144312778194013,0.23934842415683327,-0.2112429942305308,-0.018009360421162225,-0.12757505491689997,,-0.09728347932605104
2023-05-03,0.5727291404970135,0.42755212801387615,0.47275258178268786,0.45572299498421165,-0.5083537359996583,0.2443636792935857,-0.21699973025046007,-0.008244879867561117,-0.11347938704045546,,-0.08173045380706541
2023-05-04,0.5831270257374319,0.42767341539463327,0.47279852094837455,0.4574688983754876,-0.5079492096383101,0.24333246932444824,-0.21354062520027406,-0.00859932650792054,-0.11308421856606214,,-0.08172529478594129
2023-05-05,0.5819328820696513,0.4240812295507714,0.47447270478829595,0.4550903940438704,-0.5062837320634219,0.23995579126917277,-0.2091893053537561,-0.005299395149996467,-0.10956943802299478,,-0.08180533428222309
2023-05-08,0.579571748057323,0.4259221242372051,0.4736614098293722,0.45745671382393327,-0.5045089473099843,0.23729212756448137,-0.20684308291304573,0.0012162148930773258,-0.10485315916330738,,-0.08179075850645376
2023-05-09,0.5786165237723204,0.42542800507475964,0.4732117339852833,0.45772824918981614,-0.5051442177718317,0.23733535767862587,-0.20862600177295232,0.0020497958715186646,-0.10400903652708139,,-0.08177600407707825
2023-05-10,0.5784209010375566,0.4230517205849287,0.47162123812879625,0.4558155780588689,-0.5042394103854846,0.23001095291376625,-0.19892177363047928,0.0036443167358098795,-0.10037570737331636,,-0.081783242626192
2023-05-11,0.5845675598311079,0.4249226687054195,0.4811096394655405,0.45745921026209485,-0.5064806978403364,0.22971590116676677,-0.19986640808912048,0.005633292194007617,-0.09539675428638836,,-0.0811558011138474
2023-05-12,0.58404726840463,0.42346741658800174,0.4795133024394822,0.4545004173153998,-0.5043964610466578,0.2345780544770024,-0.19927961779728418,0.009608833153218626,-0.0896705809130841,,-0.08124423796329593
2023-05-15,0.5829774723443417,0.4177756896689479,0.47384721455332995,0.45825697931564713,-0.49997482369786944,0.23517532277154835,-0.20230776793947977,0.0027876492365349753,-0.0869621534946624,,-0.0816061929286292
2023-05-16,0.5777187117787285,0.4286314744472669,0.4751044586935731,0.4535017517068822,-0.49887363459330186,0.23120734192710854,-0.20035898753595954,-0.005672735303995645,-0.08835749344465146,,-0.08149803541102249
2023-05-17,0.5797394963208118,0.42401075031821156,0.4736329222475165,0.4573846674012188,-0.4934071309783421,0.23517152492079413,-0.20487217263038143,-0.0029010347843716508,-0.08782758448137819,,-0.08119603543394935
2023-05-18,0.5784772568999522,0.4265092302716658,0.47407320550978643,0.4601215984666794,-0.49432412944144327,0.22955955169811945,-0.19928106592137862,-0.008461444764831008,-0.09280379850728729,,-0.08109597727396001
2023-05-19,0.5781871138082597,0.4281009579047553,0.47455410692796884,0.4579130300220289,-0.49403482748623556,0.2241955236767019,-0.19093339830769027,-0.010284138645271553,-0.09592485522666558,,-0.08113702077712488
2023-05-22,0.575456664158863,0.42357578873414575,0.4729423198300825,0.45345791143675074,-0.4884315100745376,0.22767322694775272,-0.18773373589177397,-0.008747620595668413,-0.10236966621009681,,-0.08135931747640178
2023-05-23,0.5770395959073664,0.42366193247502393,0.4737504075926881,0.4520504386550529,-0.48931477081815683,0.22888888841506455,-0.18958606095782338,-0.008244293495999318,-0.10122200798118741,,-0.08131533640028278
2023-05-24,0.578056273048527,0.42443118045904116,0.47622272833805784,0.45041201521474517,-0.48787291074348793,0.22712551768623668,-0.1943756509077919,-0.01253757551329904,-0.10460139704414365,,-0.08111658476909389
2023-05-25,0.5784426925470149,0.4229300537835412,0.4754564783662176,0.44614796689202335,-0.48699451722199943,0.2276571046562302,-0.19513002682434283,-0.0116385024377245,-0.10276382347879695,,-0.08109883542730345
2023-05-26,0.5773479828676903,0.419822027728854,0.47782348315816336,0.44807439496444273,-0.48451255546110666,0.2340854829238356,-0.20252256789647613,-0.012655708491706759,-0.10433075327358036,,-0.08081322514974872
2023-05-30,0.5773337546940172,0.4188366986278885,0.478224187266298,0.45011370226008907,-0.4850307675315815,0.2366648535888104,-0.20272581912333557,-0.01140866102939997,-0.10387165807285517,,-0.08081807949552838
2023-05-31,0.5748790268185006,0.41806661133760825,0.476113145667486,0.4500648886000027,-0.4849517005806784,0.23390037551468498,-0.20081721617079773,-0.009571413248750897,-0.10277196322365162,,-0.08085712008724169
2023-06-01,0.5802491341604937,0.41998393873521345,0.4787842898738846,0.45333609458015217,-0.4880616649255746,0.23650978347932017,-0.20965432187936453,-0.011086547454444333,-0.10327068558406093,,-0.08679824779099703
2023-06-02,0.5845977504550763,0.4169009146569844,0.4772943791938703,0.453244203870182,-0.4911643847907084,0.2385803533061995,-0.2099016310902563,-0.012045011295269048,-0.10449889733049866,,-0.09243954606695329
2023-06-05,0.5915855307560012,0.4105333686362144,0.47511068985227123,0.4545908949941312,-0.485693705954903,0.2265817014764578,-0.2052661851955908,-0.009213265287929241,-0.10156685722521824,,-0.09411065493998813
2023-06-06,0.5914606894685878,0.40788393378234566,0.47339481172194287,0.45864916196943256,-0.48450095282146843,0.22295094658423942,-0.2053607721116547,-0.0073165424329966885,-0.10398880079141196,,-0.09423235532339297
2023-06-07,0.5957307634324187,0.4069532561551749,0.47461911387319194,0.4581909191464385,-0.483976272856564,0.2236247858674616,-0.2050239076288873,-0.006187147344912964,-0.10326002985701793,,-0.09425447166518465
2023-06-08,0.5967176710974049,0.4087191214513197,0.4760873934809007,0.45585052253371877,-0.48546628157822136,0.22470832061965354,-0.20581884665729552,-0.008507031720205895,-0.10494218586776376,,-0.0941357947529304
2023-06-09,0.5965155263131807,0.4085871462574973,0.47639935122708305,0.45555998815511145,-0.4860638814312172,0.22600037293552613,-0.2059002347550548,-0.00938073182171964,-0.10538973434431927,,-0.09416641810213389
2023-06-12,0.595573654733212,0.40905503496590634,0.47606162191886886,0.4568647252409029,-0.4840123584784929,0.21938027373530664,-0.2040061028370476,-0.009335016444136842,-0.10540835636717082,,-0.09424048389542775
2023-06-13,0.5921844827132434,0.4128052570504901,0.4743223395948177,0.46102786583175126,-0.4811369451935365,0.21328980851186338,-0.20124518158126184,0.0011370239650665965,-0.09530490892876989,,-0.09409711103556424
2023-06-14,0.5914198479661423,0.4083509539261048,0.4713536047743626,0.4610776425735726,-0.4783137198857923,0.2034839199012064,-0.19174712491884738,0.011568059181470716,-0.08151504429164705,,-0.09419975330015416
2023-06-15,0.5890548620195757,0.40646152085394716,0.4691076473567351,0.4608722727210876,-0.4777175358786725,0.20402396748970292,-0.19212618895140643,0.014284492376282671,-0.07737527950370467,,-0.09420940025477281
2023-06-16,0.5883878813169817,0.40640041231220536,0.46942988116610945,0.461535033703245,-0.47788904575040553,0.20424351478244926,-0.1912402758194605,0.014431063275551522,-0.07811944481981602,,-0.09421787089821994
2023-06-20,0.5869883281959071,0.41387581043193145,0.47152189088167146,0.46515375272449405,-0.49217238248601747,0.19911491574960297,-0.18675911540100343,0.01117813828312422,-0.07697359720066196,,-0.09429943880632763
2023-06-21,0.5876777161768575,0.41187951712271964,0.46685809979042625,0.45974231123564746,-0.4881095066118623,0.19936503526567081,-0.19466755731970642,0.006287670685630678,-0.07709493344331864,,-0.09452094126391439
2023-06-22,0.5876038948571878,0.4124687753713709,0.4668848779755669,0.45905950457120936,-0.488118420295516,0.19755225962916606,-0.19348403015330182,0.003798522948324461,-0.07842800714829005,,-0.09455903402925568
2023-06-23,0.5864691577293256,0.4106565379578828,0.46446840257876665,0.4537617563365064,-0.49420440403260785,0.20002215850500973,-0.2015158424904989,-0.0025799388777378272,-0.08236274324139362,,-0.09459754710106129
2023-06-26,0.5979698327262992,0.411564382939039,0.4599951845919034,0.4541396692873252,-0.497930701070029,0.2129464073433001,-0.2045460177787437,-0.01597547337792716,-0.08937698498913521,,-0.09616644239126335
2023-06-27,0.597795585271056,0.41148048295142675,0.4598376629605655,0.455147047858867,-0.4978272250817801,0.2145772211073404,-0.2046201487487271,-0.01623011712636743,-0.08945675382676317,,-0.09616983548936928
2023-06-28,0.5989497924186048,0.4117343527564542,0.4596034964459321,0.4483470364114973,-0.4989222500248578,0.21483664943116276,-0.20257809177545844,-0.014266264572129803,-0.08838508782020471,,-0.09606009197289611
2023-06-29,0.6000208332107416,0.411966877210439,0.46163984455495777,0.44755857254774806,-0.5011624056666454,0.21552096839204427,-0.20369210185670314,-0.01910956220721035,-0.09260659226326595,,-0.09600320784549743
2023-06-30,0.5975449316893021,0.41337859676083155,0.4624324777541057,0.44864296190199404,-0.5032235157773798,0.21857446585997378,-0.2027700749286069,-0.02152324265894814,-0.09570129901978956,,-0.09575087250644017
2023-07-03,0.5965575111277689,0.41181380662576883,0.46026273875864443,0.44407704076290117,-0.5068303266635723,0.21604899486947982,-0.20133296686188445,-0.02702602605092321,-0.10075152628849915,,-0.09225373577112131
2023-07-05,0.5972467241587037,0.4119147235069472,0.45249591026274877,0.45053570137776444,-0.5056476585307887,0.2227913267022066,-0.2123730269577298,-0.03579292720990516,-0.11278062118294435,,-0.09260827345251635
2023-07-06,0.5970208113571054,0.39546895929505893,0.4455770612372753,0.42449826745020536,-0.4905250311887097,0.23028584626400747,-0.211345205085197,-0.053716207891181235,-0.12212175150595769,,-0.09462103074807883
2023-07-07,0.5974352871832471,0.39847250356256725,0.447090488420121,0.4263085386502288,-0.4926925848822186,0.2293310039284222,-0.213451279204243,-0.05292014708820725,-0.12144245737169085,,-0.09449751566227851
2023-07-10,0.5985662109596153,0.4035217359135019,0.4539487308558515,0.41554866764640136,-0.5018617433691408,0.22009684654189623,-0.21213473992366189,-0.06744991393272112,-0.12915935497014686,,-0.09616038572427796
2023-07-11,0.5986129619554685,0.404080085574143,0.4550953659358837,0.41754925637054047,-0.5025565526167809,0.21926152015437575,-0.2162067747006969,-0.06316966494666287,-0.1274344730835914,,-0.09628262082262087
2023-07-12,0.6003086985129602,0.40658643105706616,0.4621390552525776,0.4197364089954145,-0.5023025389701797,0.2162945162665729,-0.21754814380794926,-0.08211851857731389,-0.14347535914248163,,-0.09638291473659494
2023-07-13,0.606932047243817,0.40658838872727915,0.4675355953136891,0.4006857973985211,-0.5115952189489513,0.21347763051614205,-0.21034977479442055,-0.09496687003515442,-0.15568788697928748,,-0.09731272566070999
2023-07-14,0.6068738786704742,0.4058125868485041,0.4663791734200767,0.40047354202779917,-0.5117070454112833,0.21460871949258287,-0.20966437008111724,-0.09398499385695717,-0.15501349749125873,,-0.0973743730165277
2023-07-17,0.6239687423771775,0.3962171323041283,0.45320644723792736,0.4048471645731028,-0.5062490457139407,0.21148906442165472,-0.21462911805855342,-0.08654220730878262,-0.1511686398558197,,-0.097925831360812
2023-07-18,0.6234108314172653,0.39366555509584744,0.4517437323628763,0.40221289088240314,-0.50585245139011,0.2090912196252105,-0.21273459628253688,-0.08567626664945321,-0.15021339750297813,,-0.09796058547540187
2023-07-19,0.616788731825466,0.3942750436658113,0.450576551404623,0.39118759150195054,-0.5028182685193691,0.21768320747460615,-0.2232012718657615,-0.088579774201446,-0.15266572710893875,,-0.09893349562770948
2023-07-20,0.6143627424261664,0.39431583293224676,0.44823960516754013,0.3959214720411696,-0.5077718220138102,0.2296507405268679,-0.22599023311518446,-0.0838717111501309,-0.15190714601072547,,-0.09914245043047568
2023-07-21,0.6130709598337367,0.3973952795783381,0.4492957056913558,0.3972875916472676,-0.5109137993751413,0.22869533759214414,-0.22436340812775657,-0.08413822250203916,-0.15326856501661426,,-0.09924845223961316
2023-07-24,0.6131056174053204,0.3989109479995877,0.4476446550192649,0.39795956646077235,-0.5099670946602111,0.23140464568843477,-0.22461356527332102,-0.08783600241634792,-0.15659549401913694,,-0.09921577309070188
2023-07-25,0.6129026633183801,0.3965155936705938,0.4503663456297551,0.4023644428420089,-0.5087662979778831,0.2352357461255587,-0.2245340801818624,-0.07986923330629352,-0.14872333576306718,,-0.09916756461392769
2023-07-26,0.6151987977939801,0.3963765850973946,0.4507780198203397,0.40320018030093396,-0.5075669715121937,0.23526397795441376,-0.2233919344487978,-0.07903151672940797,-0.14839912360142027,,-0.0991625581905005
2023-07-27,0.6149372899892439,0.3979575796985521,0.45096528422753424,0.4035045426469213,-0.5123885712801324,0.23911040054892738,-0.22841751948684383,-0.08123278724566564,-0.15083688325508698,,-0.09920395111324753
2023-07-28,0.6174957375373918,0.4000321544972238,0.45128319472644485,0.4017390685747387,-0.5104833350800337,0.23633578349896928,-0.22914676018386868,-0.08081996755576466,-0.1497102511467371,,-0.09920505512116452
2023-07-31,0.6192341923422441,0.3983060516685016,0.4539489391105227,0.40516018760688627,-0.5068304032018697,0.23358554131068315,-0.22434286132687523,-0.07930230420767614,-0.1426695875074111,,-0.09902688343376909
2023-08-01,0.6239454775032159,0.4029550819006778,0.456806455350542,0.40030347305362735,-0.5074220410015757,0.2272906339770241,-0.22151791812862137,-0.08229343136494369,-0.14265498891766276,,-0.11272734635877328
2023-08-02,0.6256259251262495,0.40409252960576186,0.46077058214228195,0.401610330045594,-0.5107944253374683,0.23105392748472597,-0.22765542219118376,-0.0846489040541767,-0.14636034302482218,,-0.11224166335988521
2023-08-03,0.6257646389479089,0.40282689945629746,0.45806697985270406,0.4044680938161298,-0.5096409340294421,0.2289887070050879,-0.22651030026034016,-0.07711008353871997,-0.13791496651420831,,-0.11217478191570485
2023-08-04,0.6236664026083603,0.3995393894995429,0.45632514912386773,0.3984777635841978,-0.5060873356754376,0.23644312123862202,-0.2366881118041431,-0.0730275857091229,-0.13457900289544497,,-0.11235690732975505
2023-08-07,0.6235143114652297,0.40111495781775763,0.45724844038393275,0.4007997083207942,-0.5065582056923998,0.23448294047694485,-0.23190511657086935,-0.07260010813318812,-0.13445525612828485,,-0.11228914570596502
2023-08-08,0.6243283514870906,0.40954951216989643,0.4656471576979374,0.3973291153416938,-0.5204168150084119,0.23717706479897255,-0.23213496394564254,-0.08010486557267395,-0.1439045920072133,,-0.11234113826039323
2023-08-09,0.6230779136169177,0.40739213973532773,0.4644630533103044,0.39656610163765504,-0.5201657307803124,0.2366419805936108,-0.2326374006965564,-0.07812854545501216,-0.1416242383282151,,-0.11239934101807594
2023-08-10,0.6219318886685679,0.4074314114468348,0.46434919636321953,0.3969851640820445,-0.5201465803950386,0.2368021532296295,-0.23269277098181088,-0.07908755276208065,-0.1428584545898103,,-0.11237750895805707
2023-08-11,0.6239274771920327,0.4080902113224368,0.463055781057389,0.3943941813353222,-0.5173699647524362,0.23102492166955194,-0.22281068225027398,-0.08081792246969538,-0.14510300239934087,,-0.11255025922524356
2023-08-14,0.6209227205628594,0.4103310050554985,0.4688676435638688,0.3914339401637262,-0.5168644387141362,0.23198219264708866,-0.22504410591487495,-0.08586302268598404,-0.14753123952579392,,-0.11274688390762434
2023-08-15,0.6205415852716653,0.4130870116359498,0.4715742461915722,0.39206713545803856,-0.5148326709363467,0.2400832245626275,-0.23319956399943947,-0.08888734255471381,-0.15160291247405888,,-0.11254862787521903
2023-08-16,0.6192083549631098,0.41113656925476244,0.4697460749955349,0.38968559600386643,-0.5129268832097066,0.24181420613982138,-0.23243349534382382,-0.09208286315713705,-0.15341413279035693,,-0.11270497652183184
2023-08-17,0.6196696043136601,0.40920079541693183,0.4708051078894438,0.3927572485321325,-0.5124120231702501,0.23976234470338326,-0.22868325156708771,-0.09082125247072113,-0.15338958064849015,,-0.11263229727369001
2023-08-18,0.6214552680161428,0.4078762904279461,0.4694066547763283,0.3960613601916057,-0.5125591770346845,0.23839151538114858,-0.22872826283352105,-0.08939791680628288,-0.1523596352069774,,-0.1127381875927894
2023-08-21,0.6226559828584688,0.4099597772530046,0.47263633723766646,0.3933538262628483,-0.5211015182054535,0.23845382868038897,-0.2281699535354742,-0.0875438690811733,-0.14852195444359675,,-0.11288976115093466
2023-08-22,0.6257647811938779,0.41189019294499607,0.4773295879030321,0.3924680318982476,-0.5242515657764296,0.24128104807375989,-0.23151600967136723,-0.091927770929021,-0.15155978356276237,,-0.11288557952919664
2023-08-23,0.6265252711553281,0.4142903039491756,0.47976721212141815,0.38844404757596707,-0.5253909544246534,0.2437761370016225,-0.2353839818517639,-0.0969689616472541,-0.15729179669942506,,-0.11272395972913078
2023-08-24,0.6263405519740374,0.4130735807114133,0.47985916034930615,0.38632543517508083,-0.5257075324492683,0.24656177889475484,-0.2385929917932165,-0.09832587762208195,-0.15934166744413605,,-0.11270370956629598
2023-08-25,0.627888174753438,0.41371321821780593,0.47939133566953906,0.3883671096696721,-0.5260093904330787,0.2471476526342397,-0.24017746591355812,-0.09663084192347716,-0.1589726788831232,,-0.11284366807629294
2023-08-28,0.6271024992017845,0.412315578885494,0.4784683049309978,0.3935193343714042,-0.5257987714004894,0.24369711843773187,-0.23741100826848086,-0.0930234421061297,-0.15617226680008547,,-0.11300588845642238
2023-08-29,0.6283989943361656,0.4155258144114179,0.48105399337199783,0.3945262437250515,-0.527220945690337,0.2506033676119511,-0.24348471950229103,-0.09587280177355487,-0.1585106204452731,,-0.11291106632771267
2023-08-30,0.628642343047713,0.4169672972378968,0.4800679174022616,0.410037448708415,-0.5282180565124974,0.2479404236478465,-0.24092169719755743,-0.09093873084629069,-0.1543507843395675,,-0.11344173649096613
2023-08-31,0.6238924440726162,0.41427219276614774,0.4764816822091493,0.39993897849950016,-0.531068362709428,0.24360037273019092,-0.24128207892390352,-0.09127950264216413,-0.15364684471837245,,-0.11395521341288843
2023-09-01,0.624259624011775,0.4131690156904526,0.47329338941640076,0.40044826479149026,-0.5268063236548891,0.2425691418092538,-0.24310374035068044,-0.08800718369893863,-0.14872558022962637,,-0.11050408526298439
2023-09-05,0.618050745160071,0.40819946594073053,0.46987638184208064,0.39315606461412866,-0.5197710409461336,0.24629155040389836,-0.24592140107642516,-0.07614259078641068,-0.13620853471782562,,-0.11783430185029521
2023-09-06,0.6170325569907175,0.40947079553367066,0.47196583415440646,0.3900619003313087,-0.5189468658800964,0.2493241458560139,-0.24788962999368538,-0.07667931410673894,-0.1366364866903032,,-0.11749311253882155
2023-09-07,0.6214693731637342,0.4128345029922507,0.47322967825650514,0.3910074523667039,-0.5254960880648213,0.2516501762239755,-0.25255504462651723,-0.08302927068369208,-0.14166111843524157,,-0.11758531846550652
2023-09-08,0.6212264904542293,0.4155102307132009,0.47676409443281303,0.3885526003228005,-0.5271757081634598,0.2562447601061286,-0.25507234145472124,-0.08536414494363889,-0.14164514307785755,,-0.1175024519794576
2023-09-11,0.6225702022199209,0.4217909628414704,0.4766787716128883,0.38272170679816847,-0.5314707742568255,0.2561889966827786,-0.2503026164799789,-0.08559434414223625,-0.14717167335194498,,-0.11770806061165802
2023-09-12,0.6205539960756541,0.4213978449812228,0.47501345322691807,0.3782329133292622,-0.5299872026802619,0.2536258198824483,-0.2493433739649755,-0.08627471139428892,-0.148269888939649,,-0.1177953282980575
2023-09-13,0.6216054570426993,0.41998221388556845,0.4741916894885441,0.37721194692258625,-0.5283665817029173,0.25146912727398757,-0.25277965156283094,-0.08802071330581854,-0.15017193094980996,,-0.1179183304763903
2023-09-14,0.6254602631453764,0.4172566730926784,0.47125279391416386,0.3777918338552351,-0.5237420658205171,0.2474459311508173,-0.24902062148289494,-0.08492436711520682,-0.14790503993546203,,-0.11808421949550986
2023-09-15,0.624571699487126,0.4146882799734123,0.4702115984416439,0.37944192126000814,-0.5245984245544101,0.24931026358343994,-0.2524313549217191,-0.0859756542766186,-0.14977963113340342,,-0.11817667722342733
2023-09-18,0.6241690513128428,0.4140534059132003,0.46906440024307267,0.37814653555199285,-0.5240467806323845,0.24801048101161055,-0.2527167973428402,-0.08493882657287401,-0.14792001184969536,,-0.11818237924600444
2023-09-19,0.6276515744209428,0.4134232992698834,0.46876918874601575,0.37862423692188896,-0.5245209792659796,0.25078850295227967,-0.25339657720115555,-0.08551493734151946,-0.15077333975239013,,-0.11818711989196037
2023-09-20,0.6285839599856259,0.4143913267049609,0.46970428333828745,0.3773254208374844,-0.5242771122663573,0.24850410218746824,-0.24933053870725552,-0.08590551564851519,-0.15079135190039572,,-0.11813851047995527
2023-09-21,0.6313494973967013,0.4196185575728055,0.4695909527902255,0.3774887039061278,-0.5242570232923501,0.2549821599478737,-0.2602081667523118,-0.09389697827919487,-0.1577356433118412,,-0.11760644395568878
2023-09-22,0.6297466883998529,0.4206923137118438,0.4728446024935734,0.37603307961662674,-0.5231770838856212,0.25210639503198357,-0.2589090240642431,-0.0962485307563239,-0.159449292591075,,-0.11774299801298367
2023-09-25,0.6315448688711891,0.4215715995400275,0.47348983307338083,0.3765884650851987,-0.5236998022477751,0.2511271096002886,-0.2590051494746335,-0.09601739114041825,-0.15969895318360966,,-0.11773698330082077
2023-09-26,0.625933530768751,0.41246974200302394,0.46331122525760776,0.35879319707590696,-0.5097768162207551,0.24069006353903927,-0.24819898202172433,-0.09931507730815639,-0.15909518561500557,,-0.11922187136453169
2023-09-27,0.6243620574579981,0.40546695467656646,0.4585576652985449,0.353252794014174,-0.5055745747543565,0.23705446307832623,-0.24288500207311117,-0.08946804706616776,-0.14716926654959975,,-0.11960591746614575
2023-09-28,0.6277344893872696,0.40021596602561305,0.45801868051693784,0.3466854581788571,-0.507188304573437,0.23879201368082253,-0.24624759543199368,-0.09211306974761396,-0.15240803994605998,,-0.11930397610222104
2023-09-29,0.6275999105335512,0.3924109138279942,0.4519074869260861,0.3395415723553649,-0.5030810460853402,0.2319679180449943,-0.24071861351725687,-0.07913732581754326,-0.13871106700818459,,-0.11952693211258768
2023-10-02,0.6250729522768604,0.3988103024657807,0.4650180159684659,0.34740356484130236,-0.5066087464669852,0.2425835281202659,-0.24602651180526985,-0.09067026407133569,-0.16059144356691815,,-0.11201797876702504
2023-10-03,0.6267146270253598,0.39911352189265215,0.4658829566041661,0.34789161773904687,-0.5067461835441289,0.24457708976666565,-0.2463836032778431,-0.09233392076959177,-0.16268313658035377,,-0.11198701310683859
2023-10-04,0.6287075441688273,0.40061349753202136,0.4796672295029817,0.35010338886456205,-0.5052630590421223,0.24240824537844466,-0.24227302986644583,-0.08815552447719424,-0.16054764279786554,,-0.11045763669321856
2023-10-05,0.6315524542323698,0.39590197676002176,0.47662641085446283,0.34736537395723394,-0.49826393591232343,0.2341590631564533,-0.23989035424955057,-0.08514744906098926,-0.1575899910559464,,-0.11048766738810077
2023-10-06,0.6293414247058291,0.39962393522520845,0.4859971732009254,0.34712231836471297,-0.5038808750549226,0.239152108398665,-0.24410184705146573,-0.08241678817725168,-0.15614202990920736,,-0.11014224954841748
2023-10-09,0.6302311276910324,0.4008719908696032,0.4889520902468076,0.3494565542291858,-0.49998904997528837,0.23617070587481545,-0.23935515082440767,-0.07880830208787566,-0.15244959022447957,,-0.11050618447278623
2023-10-10,0.6272741468740196,0.3977483159776168,0.48597670860438746,0.3645586340970599,-0.4970873558755619,0.22624829633718085,-0.23672958373366598,-0.0733813502361191,-0.14953376672751392,,-0.11091519475745588
2023-10-11,0.6328051585008195,0.408417292484501,0.49482414713080414,0.36823701103432455,-0.5000285309467778,0.22876189438447314,-0.23745704751281985,-0.07226971750581311,-0.14739310143016,,-0.11093265034824235
2023-10-12,0.6340921170343831,0.40790077218350057,0.49630261919395946,0.3709659929202111,-0.500635731352008,0.23117618660827155,-0.23992375830659485,-0.07551357560650905,-0.14893156935314902,,-0.11087841635805304
2023-10-13,0.6446296227743384,0.39363233182561064,0.48691092013275533,0.36146113500693766,-0.5006425313728821,0.23083977238338607,-0.23943983309393824,-0.07557367591475048,-0.14763486564457773,,-0.11099033207607287
2023-10-16,0.6467656922565267,0.39356510715918774,0.4869983037137742,0.3600976658432271,-0.5004384069544099,0.22943218327117934,-0.23734041441592413,-0.07606392264619999,-0.14752133669135306,,-0.111003615659217
2023-10-17,0.6475293974102011,0.39403230452996985,0.48953440299250633,0.3600958952872425,-0.5011188243848228,0.22894849230357267,-0.2376597275434791,-0.07627560898692443,-0.14918824818868479,,-0.11102735653244827
2023-10-18,0.6550274865234268,0.3926154392324791,0.4929245188525508,0.359969988770005,-0.5043904204651153,0.22944855958001442,-0.23612795580871002,-0.07588883795093201,-0.14865254655585877,,-0.11102828631580952
2023-10-19,0.6534668360039483,0.39130038428409947,0.4923588476938954,0.3566162700401768,-0.5046424017495381,0.23362109673284198,-0.23539387008231497,-0.0762284321548071,-0.1472763878047301,,-0.11132584558761084
2023-10-20,0.6525534791192243,0.38418342931955285,0.48453313593556074,0.3649796821031988,-0.500790199810047,0.23535466378921574,-0.23576863351938163,-0.06698888534729561,-0.13978172019609292,,-0.11131632417976461
2023-10-23,0.6490785237877384,0.38419450230034097,0.4788988710627852,0.35920782040248994,-0.5040992493591724,0.24261260687921363,-0.2360904269012344,-0.0791889285988755,-0.14176511568060493,,-0.11185215874508213
2023-10-24,0.6525169507893335,0.37884037789299907,0.474405473810189,0.35993472920919917,-0.49362360940376615,0.2346470585462017,-0.23869116203869986,-0.07830645745142992,-0.13965755502629698,,-0.11212183582276619
2023-10-25,0.647006092091503,0.37678318537041633,0.4767289021519651,0.3560432337794956,-0.4950492229426422,0.24257198845971512,-0.24105204889749668,-0.08140516438266752,-0.14470846588791533,,-0.11217633002203811
2023-10-26,0.6512622971443013,0.37748544930631034,0.47831879437903013,0.3566657970524721,-0.5028640998085936,0.24729077720377687,-0.24347662138335238,-0.08505901922558363,-0.14683603112159835,,-0.11229094477667363
2023-10-27,0.6342597814281133,0.3761870247954916,0.482758352319623,0.3514377473088213,-0.487401047925131,0.2610423419548498,-0.23584341319534424,-0.06955172540951339,-0.15302920052940028,,-0.11448630573060246
2023-10-30,0.6354588589057604,0.376424168607012,0.48262131635605765,0.347593233388808,-0.48979725566052656,0.2616809365933191,-0.23651306956263413,-0.06960716522868611,-0.1537129952559612,,-0.1144983627567454
2023-10-31,0.6212968776567965,0.36612509039749186,0.4795765941541273,0.3473187507697972,-0.49701316404651724,0.30088087710402034,-0.25347352947268864,-0.05934549208051071,-0.15765382144071816,,-0.11705260124323551
2023-11-01,0.6253439154640823,0.3653280497910201,0.4799960158759717,0.3452566336907793,-0.49342982102195726,0.29805207920923044,-0.25303864663879605,-0.05593552781197385,-0.15359607690330815,,-0.11715268621298995
2023-11-02,0.6224835025939239,0.3643588037800802,0.4735404244531545,0.34175088766018524,-0.49701695813516,0.3049834668298795,-0.2560693073046482,-0.05588275011266956,-0.15379406139993693,,-0.09270227786490336
2023-11-03,0.6222553689857869,0.36442751046260785,0.4729255199795548,0.34119185051139833,-0.4940551971927777,0.30823182702020346,-0.25613077725083067,-0.0564023728369868,-0.15390920916839912,,-0.0927268645676644
2023-11-06,0.6267400479398756,0.3585386015110579,0.47111665941690933,0.33888994027387775,-0.4896998390122887,0.3049892830066079,-0.25789173652224356,-0.04944199418337816,-0.14284255872762194,,-0.09303439726278154
2023-11-07,0.6093974745704293,0.3206317499893153,0.42902010052287687,0.31561224092382517,-0.45151481167108953,0.29345701875319574,-0.26157903340180266,-0.05665153912787858,-0.13104994817055612,,-0.09753586993248944
2023-11-08,0.6074827224798427,0.3264011518835871,0.4318031518802186,0.3177949006421235,-0.4656949295428988,0.30171391505658834,-0.26208844516078167,-0.049491304877616195,-0.12959167807881367,,-0.09808990462141146
2023-11-09,0.6040215950517615,0.3166385432958524,0.4260139596388207,0.32992356162596237,-0.4621460200778662,0.29904311590676713,-0.2681641428130625,-0.04145403827928901,-0.12324274458289464,,-0.09841163943665507
2023-11-10,0.6160178926874591,0.32287879647620193,0.43205050788027577,0.3316623277877548,-0.4697360074908913,0.30025259479222616,-0.26267863243074085,-0.04208671245020405,-0.12564028284893225,,-0.09808214551758401
2023-11-13,0.613871729324032,0.31910046798661396,0.42840543915292406,0.3332708008641919,-0.46998150232455727,0.29229817890123067,-0.2502504915320765,-0.0238949096406391,-0.10826557977592156,,-0.09784159945359441
2023-11-14,0.5947212156040521,0.3142708508379834,0.43761854747528567,0.3241172131184196,-0.440044622759447,0.2874273007812759,-0.24699128681036042,-0.02541994114369973,-0.11266553694320139,,-0.09937703112458311
2023-11-15,0.59511541027949,0.3193453178215853,0.45281916095939945,0.3120460666555502,-0.435071009359319,0.2822074554554748,-0.2414816752067287,-0.016844920185263488,-0.10208317704449359,,-0.10028522317692615
2023-11-16,0.5950525635280375,0.31666233186288534,0.45132512805836544,0.3120893080703975,-0.4359390517473802,0.28369642512884263,-0.24112065276975334,-0.01663780806675586,-0.10265579906051361,,-0.1002945785036209
2023-11-17,0.5932169260135944,0.31605731585459107,0.4511262887589805,0.31295059167559697,-0.43954290263845053,0.28073762086428233,-0.24413043284610167,-0.023117545865998367,-0.10857943550051244,,-0.10061674030225262
2023-11-20,0.5962951605274934,0.30868520152764667,0.4378963154572456,0.30495287493886103,-0.4386386689742805,0.28291318435687707,-0.24859213970656865,-0.016185540198207816,-0.1000710374028641,,-0.10140649661850755
2023-11-21,0.6051024045225708,0.3058457707547321,0.43912238854042634,0.3019702899465773,-0.437516180175765,0.2861557209425092,-0.25236275083909027,-0.01354790425138516,-0.09465785310837305,,-0.10186765934158988
2023-11-22,0.6036350850909095,0.30336552507726233,0.4395017889983555,0.30290423271820693,-0.4336497632415271,0.2824373081520512,-0.2530756750250378,-0.012999632037551912,-0.09903581073277674,,-0.10206059883055943
2023-11-23,,,,,,,,,-0.09487052224671895,,-0.10214518364175855
2023-11-24,,,,,,,,,-0.09370955467306241,,-0.10215516697700687
2023-11-27,,,,,,,,,-0.09178549702092659,,-0.10195161702266645
2023-11-28,,,,,,,,,-0.09326428497097794,,-0.10198430494640941
2023-11-29,,,,,,,,,-0.09374817591679505,,-0.10191220691943613
2023-11-30,,,,,,,,,-0.06978363858850944,,-0.10253198428046069
2023-12-01,,,,,,,,,-0.06566743800956011,,-0.12429657700708159
2023-12-04,,,,,,,,,-0.06883755506232048,,-0.12343989359847653
2023-12-05,,,,,,,,,-0.0558267803812499,,-0.12356839661512763
2023-12-06,,,,,,,,,-0.052870521979909775,,-0.12317438609643216
2023-12-07,,,,,,,,,-0.051512663626075844,,-0.12290698284149468
2023-12-08,,,,,,,,,-0.050484573197132905,,-0.12285230371839817
2023-12-11,,,,,,,,,-0.050995277827545885,,-0.12264152310071806
2023-12-12,,,,,,,,,-0.04957314925481549,,-0.12336485378954923
2023-12-13,,,,,,,,,-0.045828030828254804,,-0.12348772322295579
2023-12-14,,,,,,,,,-0.0692981754133424,,-0.12262049716470398
2023-12-15,,,,,,,,,-0.07307209565315165,,-0.12408490144455186
2023-12-18,,,,,,,,,-0.07516492566925224,,-0.12389294214137085
2023-12-19,,,,,,,,,-0.07716018548077513,,-0.12374235856570144
2023-12-20,,,,,,,,,-0.07798423929439838,,-0.12374861619905336
2023-12-21,,,,,,,,,-0.07735828968120173,,-0.12374894783052105
2023-12-22,,,,,,,,,-0.07299964211176277,,-0.12411505945227165
2023-12-26,,,,,,,,,-0.07789519211989959,,-0.124329343101874
2023-12-27,,,,,,,,,-0.08295511003728766,,-0.12421815523997845
2023-12-28,,,,,,,,,-0.08431466991851201,,-0.12408433819665729
2023-12-29,,,,,,,,,-0.08644482102855684,,-0.12395981337187413
2024-01-02,,,,,,,,,-0.08635021614919944,,-0.12313400118748057
2024-01-03,,,,,,,,,-0.08824859712875523,,-0.11440009329549472
2024-01-04,,,,,,,,,-0.09167470563355291,,-0.11441975917474322
2024-01-05,,,,,,,,,-0.09657961977293476,,-0.11519562014803522
2024-01-08,,,,,,,,,-0.08085853488826142,,-0.11621714960265603
2024-01-09,,,,,,,,,-0.0776152607694781,,-0.1175254155451085
2024-01-10,,,,,,,,,-0.0805712927249697,,-0.11766721401665095
2024-01-11,,,,,,,,,-0.07405813700463909,,-0.11860888197515475
2024-01-12,,,,,,,,,-0.06708109818835241,,-0.11874015129643183
2024-01-16,,,,,,,,,-0.06662848178808906,,-0.11868167258842582
2024-01-17,,,,,,,,,-0.06839095182730126,,-0.11867863283428412
2024-01-18,,,,,,,,,-0.06675211902837284,,-0.11867551331138142
2024-01-19,,,,,,,,,-0.06631029142663282,,-0.11835288283504478
2024-01-22,,,,,,,,,-0.0677207867717506,,-0.11846219325669743
2024-01-23,,,,,,,,,-0.06567710377133336,,-0.11832471276345574
2024-01-24,,,,,,,,,-0.06228315968818306,,-0.11716741552748076
2024-01-25,,,,,,,,,-0.061695808929049356,,-0.11717382555780781
2024-01-26,,,,,,,,,-0.06124613501009662,,-0.11732203055793096
2024-01-29,,,,,,,,,-0.062073513478471405,,-0.11725495703122477
2024-01-30,,,,,,,,,-0.059799739224135964,,-0.1170362915528704
2024-01-31,,,,,,,,,-0.059992199254066604,,-0.11716099649908981
2024-02-01,,,,,,,,,-0.0779436281235459,,-0.03328645996103651
2024-02-02,,,,,,,,,-0.08194368394452115,,-0.033384628359935505
2024-02-05,,,,,,,,,-0.08252664999473072,,-0.033500087017367265
2024-02-06,,,,,,,,,-0.08186005889819174,,-0.03327713699866195
2024-02-07,,,,,,,,,-0.08107743801784262,,-0.03396572145850983
2024-02-08,,,,,,,,,-0.08721879430459055,,-0.03391241274553981
2024-02-09,,,,,,,,,-0.09157376848128677,,-0.03462766412803198
2024-02-12,,,,,,,,,-0.08498020533919615,,-0.033800132594569175
2024-02-13,,,,,,,,,-0.086327458104755,,-0.03445803995631275
2024-02-14,,,,,,,,,-0.08694502024436236,,-0.03475018609435286
2024-02-15,,,,,,,,,-0.08952114343864295,,-0.03384433309501862
2024-02-16,,,,,,,,,-0.09078411156980536,,-0.03417070208752325
2024-02-20,,,,,,,,,-0.09379901009373035,,-0.03360754303370981
2024-02-21,,,,,,,,,-0.1051502506550602,,-0.03482212490155995
2024-02-22,,,,,,,,,-0.10430520866757786,,-0.03441275498157437
2024-02-23,,,,,,,,,-0.10958506979702749,,-0.03402011228880317
2024-02-26,,,,,,,,,-0.09927991703642118,,-0.03387731414371241
2024-02-27,,,,,,,,,-0.09847748106234358,,-0.03433815723820672
2024-02-28,,,,,,,,,-0.09050958550109932,,-0.03530623051138905
2024-02-29,,,,,,,,,-0.09886775199267431,,-0.030549384521638395
2024-03-01,,,,,,,,,-0.09773186694206462,,-0.0299249049042738
2024-03-04,,,,,,,,,-0.09995129506321308,,-0.029904076378836006
2024-03-05,,,,,,,,,-0.10030801301805885,,-0.03015184752945614
2024-03-06,,,,,,,,,-0.08634832673421666,,-0.029393166932930245
2024-03-07,,,,,,,,,-0.09207666385377418,,-0.029441701055192955
2024-03-08,,,,,,,,,-0.09141636000233712,,-0.029789409525557736
2024-03-11,,,,,,,,,-0.09429044770107745,,-0.02937879043361724
2024-03-12,,,,,,,,,-0.09043894874687516,,-0.029559812413959493
2024-03-13,,,,,,,,,-0.08271109747873111,,-0.0277617489936991
2024-03-14,,,,,,,,,-0.11312673935976265,,-0.027301448276098334
2024-03-15,,,,,,,,,-0.1188483574553273,,-0.026834445983249678
2024-03-18,,,,,,,,,-0.11679517655052238,,-0.027065281577436293
2024-03-19,,,,,,,,,-0.11765150020125272,,-0.028013259080532302
2024-03-20,,,,,,,,,-0.1182324845482639,,-0.02854747368626336
2024-03-21,,,,,,,,,-0.10850278547742383,,-0.028942363314309816
2024-03-22,,,,,,,,,-0.10242070586528665,,-0.030031719730201436
2024-03-25,,,,,,,,,-0.10382574869063295,,-0.029651834610541376
2024-03-26,,,,,,,,,-0.10539777537669515,,-0.029759387038760056
2024-03-27,,,,,,,,,-0.10464273038507281,,-0.02984669214023861
2024-03-28,,,,,,,,,-0.10466165452576641,,-0.029778937700515266
2024-04-01,,,,,,,,,-0.09892437937806497,,-0.02921775600439872
2024-04-02,,,,,,,,,-0.09731169067691081,,-0.029127740013839037
2024-04-03,,,,,,,,,-0.09834908449303625,,-0.10438792162636198
2024-04-04,,,,,,,,,-0.10621930247780163,,-0.10402248812898271
2024-04-05,,,,,,,,,-0.10601151478910048,,-0.10415274393835698
2024-04-08,,,,,,,,,-0.10456618392258162,,-0.10406696653187023
2024-04-09,,,,,,,,,-0.10078396679168655,,-0.10396076082950502
2024-04-10,,,,,,,,,-0.10051608037775638,,-0.1043283367591793
2024-04-11,,,,,,,,,-0.10067420674654777,,-0.10507841118594496
2024-04-12,,,,,,,,,-0.1019463527601433,,-0.10541090401401738
2024-04-15,,,,,,,,,-0.08489226870520682,,-0.1034586586998318
2024-04-16,,,,,,,,,-0.08495678827165358,,-0.10331318091401671
2024-04-17,,,,,,,,,-0.08749786145377696,,-0.10319068121036629
2024-04-18,,,,,,,,,-0.08171582780402148,,-0.10188666553065773
2024-04-19,,,,,,,,,-0.0876110537543669,,-0.10129102349896808
2024-04-22,,,,,,,,,-0.08734680839907155,,-0.10125049255557299
2024-04-23,,,,,,,,,-0.08962366135721374,,-0.10122009977782287
2024-04-24,,,,,,,,,-0.10797345735437747,,-0.10189228044454099
2024-04-25,,,,,,,,,-0.1024879321965464,,-0.10064014063792258
2024-04-26,,,,,,,,,-0.10385183806250754,,-0.1007432071532496
2024-04-29,,,,,,,,,-0.10589109134323407,,-0.09981045974892468
2024-04-30,,,,,,,,,-0.11922290081473244,,-0.08255725095663369
2024-05-01,,,,,,,,,-0.13373975187544257,,-0.0828499568156785
2024-05-02,,,,,,,,,-0.1319135803634617,,-0.08271605606885198
2024-05-03,,,,,,,,,-0.13736226893037126,,-0.08229146694543568
2024-05-06,,,,,,,,,-0.13959885211996922,,-0.08207102554776903
2024-05-07,,,,,,,,,-0.14398017617746248,,-0.08232064359284344
2024-05-08,,,,,,,,,-0.14475838759957987,,-0.08219272573450921
2024-05-09,,,,,,,,,-0.15179723599777434,,-0.08222790034341651
2024-05-10,,,,,,,,,-0.15840201629339354,,-0.08301139326902277
2024-05-13,,,,,,,,,-0.16039589400932708,,-0.08226557026536718
2024-05-14,,,,,,,,,-0.16487192795398298,,-0.08104837624216867
2024-05-15,,,,,,,,,-0.1615370007546792,,-0.08152387068003907
2024-05-16,,,,,,,,,-0.1634246976032356,,-0.08211031623580922
2024-05-17,,,,,,,,,-0.14986395908789338,,-0.08087556468334262
2024-05-20,,,,,,,,,-0.1521145305181238,,-0.08100148216345815
2024-05-21,,,,,,,,,-0.15166744239401236,,-0.08107721984729205
2024-05-22,,,,,,,,,-0.15104177372514235,,-0.07845840483773658
2024-05-23,,,,,,,,,-0.15088292945154946,,-0.07892666261269982
2024-05-24,,,,,,,,,-0.15345606389125085,,-0.07899287914244175
2024-05-28,,,,,,,,,-0.14559004425028196,,-0.07930094091922452
2024-05-29,,,,,,,,,-0.153335185265293,,-0.0791376108274426
2024-05-30,,,,,,,,,-0.14141299838862773,,-0.07843461315831284
2024-05-31,,,,,,,,,-0.13753879330979285,,-0.046664552390231186
2024-06-03,,,,,,,,,-0.1444460220471258,,-0.04655286244669994
2024-06-04,,,,,,,,,-0.13190810818555518,,-0.04609974069725075
2024-06-05,,,,,,,,,-0.13410733557095222,,-0.04596198606716516
2024-06-06,,,,,,,,,-0.13173707907682466,,-0.04584060609054011
2024-06-07,,,,,,,,,-0.1551904213877489,,-0.04479685955452323
2024-06-10,,,,,,,,,-0.15261946692814374,,-0.04470255950705558
2024-06-11,,,,,,,,,-0.1502384717438877,,-0.044732600596138435
2024-06-12,,,,,,,,,-0.16177696481812304,,-0.04487444850351917
2024-06-13,,,,,,,,,-0.15425840509258282,,-0.044762578691677095
2024-06-14,,,,,,,,,-0.15098758851500954,,-0.044746226815368
2024-06-17,,,,,,,,,-0.15129873555308745,,-0.04472591898075262
2024-06-18,,,,,,,,,-0.15377049341358043,,-0.0446879545335663
2024-06-20,,,,,,,,,-0.15387916929523301,,-0.044645524516548345
2024-06-21,,,,,,,,,-0.1537280684677705,,-0.04424214477624076
2024-06-24,,,,,,,,,-0.15822098921394936,,-0.04448138016067586
2024-06-25,,,,,,,,,-0.15187751095759303,,-0.04389563050560401
2024-06-26,,,,,,,,,-0.15238319964621866,,-0.043890687407924026
2024-06-27,,,,,,,,,-0.15497979724264643,,-0.04399266332892032
2024-06-28,,,,,,,,,-0.14455709611985287,,-0.04397034196192247
2024-07-01,,,,,,,,,-0.13601073549311676,,-0.04408731472867238
2024-07-02,,,,,,,,,-0.13702615831699294,,-0.06544405591892896
2024-07-03,,,,,,,,,-0.13882459837246675,,-0.06477838225152827
2024-07-05,,,,,,,,,-0.14540715899947296,,-0.0641117577393456
2024-07-08,,,,,,,,,-0.14652003590245805,,-0.06431552341815945
2024-07-09,,,,,,,,,-0.1478950907953643,,-0.06431545527197714
2024-07-10,,,,,,,,,-0.1490943982766922,,-0.06422900952405168
2024-07-11,,,,,,,,,-0.12474709169741162,,-0.06457904996419457
2024-07-12,,,,,,,,,-0.11684727915059268,,-0.0646878220243585
2024-07-15,,,,,,,,,-0.11748214626383721,,-0.06460080029455958
2024-07-16,,,,,,,,,-0.11621281722849243,,-0.0647112483262346
2024-07-17,,,,,,,,,-0.1151844610990541,,-0.06468510476808316
2024-07-18,,,,,,,,,-0.11317026757634577,,-0.06416087523089904
2024-07-19,,,,,,,,,-0.11464638953106027,,-0.06419511331764999
2024-07-22,,,,,,,,,-0.11622646489565285,,-0.06418049606475397
2024-07-23,,,,,,,,,-0.11555989139729754,,-0.06432888946288216
2024-07-24,,,,,,,,,-0.12134052552745014,,-0.06461735868812805
2024-07-25,,,,,,,,,-0.1219416219754359,,-0.06457046441733774
2024-07-26,,,,,,,,,-0.11701585310115425,,-0.0645679621906351
2024-07-29,,,,,,,,,-0.11216826715268852,,-0.06480535012455324
2024-07-30,,,,,,,,,-0.11469423508562927,,-0.06524318616835548
2024-07-31,,,,,,,,,-0.11044363384118076,,0.017204899395833854
2024-08-01,,,,,,,,,-0.09854724679729042,,0.017017215996157367
2024-08-02,,,,,,,,,-0.10767909435042115,,0.016836017818714584
2024-08-05,,,,,,,,,-0.10899868935663388,,0.01630761098201302
2024-08-06,,,,,,,,,-0.105602192699506,,0.01669365016829037
2024-08-07,,,,,,,,,-0.11451430016206106,,0.016647992062720465
2024-08-08,,,,,,,,,-0.11430992488971518,,0.016570184985989486
2024-08-09,,,,,,,,,-0.11384090882027995,,0.016889989902639593
2024-08-12,,,,,,,,,-0.11636474892501132,,0.017551869344389345
2024-08-13,,,,,,,,,-0.11589761099775964,,0.01736402062258829
2024-08-14,,,,,,,,,-0.11084324792378936,,0.017781368790515492
2024-08-15,,,,,,,,,-0.1042468120492762,,0.01838780924885515
2024-08-16,,,,,,,,,-0.10504356106769384,,0.018103291384988868
2024-08-19,,,,,,,,,-0.10543855035770333,,0.018231119118511316
2024-08-20,,,,,,,,,-0.10562076730018088,-0.20106223612643587,0.018040661623163326
2024-08-21,,,,,,,,,-0.1062996608928633,-0.19888299047486982,0.017984714743963775
2024-08-22,,,,,,,,,-0.09869012353901101,-0.19579879947846227,0.017412821060050383
2024-08-23,,,,,,,,,-0.10018135755502026,-0.1969075181295636,0.017955072185690722
2024-08-26,,,,,,,,,-0.1002099661664924,-0.19744748665387366,0.018103192879975756
2024-08-27,,,,,,,,,-0.10018541321544465,-0.1974219637134917,0.018251754982642625
2024-08-28,,,,,,,,,-0.09749761679827179,-0.19927352039604193,0.01742290779033847
2024-08-29,,,,,,,,,-0.09708254094243346,-0.20032681982324874,0.017491094886276308
2024-08-30,,,,,,,,,-0.09740455721160365,-0.19963840511073758,0.017560370882730856
2024-09-03,,,,,,,,,-0.09638266271405876,-0.215829893028743,-0.00533919414491437
2024-09-04,,,,,,,,,-0.09581176426528594,-0.21623328630849364,-0.005437257958526048
2024-09-05,,,,,,,,,-0.09383134322240848,-0.2174172876365676,-0.004317977354442673
2024-09-06,,,,,,,,,-0.09471482831119374,-0.22194404674909288,-0.004654857419637887
2024-09-09,,,,,,,,,-0.09866536952158428,-0.22640472228711037,-0.0035748438154247953
2024-09-10,,,,,,,,,-0.09876870996571134,-0.22862600678722114,-0.004863786747173458
2024-09-11,,,,,,,,,-0.09999390756695861,-0.22877433553126475,-0.004303813528647826
2024-09-12,,,,,,,,,-0.09833552028363574,-0.230688735169744,-0.0038929887124279036
2024-09-13,,,,,,,,,-0.1029015179213249,-0.22978428852823704,-0.003778770938468557
2024-09-16,,,,,,,,,-0.10371458973109271,-0.23097243097790057,-0.003264504646213449
2024-09-17,,,,,,,,,-0.10441740726172792,-0.22977257971691745,-0.0030484523757831733
2024-09-18,,,,,,,,,-0.10098587023699525,-0.23050173837125407,-0.0025703418437610904
2024-09-19,,,,,,,,,-0.10209463241098209,-0.23276501520004306,-0.00247624769790924
2024-09-20,,,,,,,,,-0.08955400083537936,-0.22389170104741316,-0.0017392149936831956
2024-09-23,,,,,,,,,-0.08982787217918559,-0.2238790280202449,-0.0016652462832655551
2024-09-24,,,,,,,,,-0.09138494786392629,-0.21188745600973313,-0.0003234037164580573
2024-09-25,,,,,,,,,-0.08950830123709307,-0.21003160747454813,-9.211741700529332e-05
2024-09-26,,,,,,,,,-0.08423775258532559,-0.21383666771193593,0.0011037794438199895
2024-09-27,,,,,,,,,-0.07642113422152304,-0.21956563165222098,0.00013125751051494818
2024-09-30,,,,,,,,,-0.08025211515905019,-0.21208689649039206,-0.0005295893061024119
2024-10-01,,,,,,,,,-0.06904538728129947,-0.2031120400743874,-0.05469111337513898
2024-10-02,,,,,,,,,-0.06360433249916525,-0.20152000828938843,-0.05406524650327433
2024-10-03,,,,,,,,,-0.07371901471703797,-0.1956353694779728,-0.05421327018330357
2024-10-04,,,,,,,,,-0.06996678895022877,-0.19566774632672504,-0.053819760821502256
2024-10-07,,,,,,,,,-0.07807923487858293,-0.19294999856954037,-0.05476761452571831
2024-10-08,,,,,,,,,-0.07943831372434601,-0.19659177324269173,-0.05530328356292989
2024-10-09,,,,,,,,,-0.08313777726631127,-0.19505140382307837,-0.05550953258165481
2024-10-10,,,,,,,,,-0.08637773746784658,-0.19348727722638126,-0.05514194937662743
2024-10-11,,,,,,,,,-0.0837849515439211,-0.19331220761368528,-0.05441129579845655
2024-10-14,,,,,,,,,-0.08585890767736688,-0.19118120402573116,-0.054663920689843874
2024-10-15,,,,,,,,,-0.08626003038662475,-0.1883043775411695,-0.055032242310706414
2024-10-16,,,,,,,,,-0.08459245250464865,-0.18913258760571727,-0.05469960232353879
2024-10-17,,,,,,,,,-0.0876748870300985,-0.18946145468344605,-0.055001527042445174
2024-10-18,,,,,,,,,-0.08910555125902,-0.190050352903528,-0.05456526693162848
2024-10-21,,,,,,,,,-0.09473192813047294,-0.18279672328946475,-0.05440674360129171
2024-10-22,,,,,,,,,-0.09463849043897442,-0.1816001146536341,-0.05451872404646083
2024-10-23,,,,,,,,,-0.09724336119089941,-0.17996289449745415,-0.05512531961667185
2024-10-24,,,,,,,,,-0.09220440877750717,-0.18209023640803718,-0.05476641269643105
2024-10-25,,,,,,,,,-0.09205812909760913,-0.18297635963154327,-0.05458846808735198
2024-10-28,,,,,,,,,-0.090899730541436,-0.18542665463056884,-0.05537332393840196
2024-10-29,,,,,,,,,-0.09136931076169014,-0.18511884509592405,-0.055507590304581016
2024-10-30,,,,,,,,,-0.09067881058480969,-0.18597885215170523,-0.05547864364461808
2024-10-31,,,,,,,,,-0.09125011668731506,-0.1871303360678277,-0.07587833910259895
2024-11-01,,,,,,,,,-0.08452010331850414,-0.18932010546399577,-0.0758143508140705
2024-11-04,,,,,,,,,-0.08491316928256293,-0.18654503627496546,-0.07539618903161044
2024-11-05,,,,,,,,,-0.09096659062826058,-0.18546397338974052,-0.07538282881665506
2024-11-06,,,,,,,,,-0.10807014699265861,-0.1487808951322579,-0.07429934238486971
2024-11-07,,,,,,,,,-0.12327483153029978,-0.14689583460561728,-0.0717727480222002
2024-11-08,,,,,,,,,-0.12038530344887584,-0.13327735957891465,-0.07189606324919107
2024-11-11,,,,,,,,,-0.12027758632822014,-0.13384422337391477,-0.07189737263144878
2024-11-12,,,,,,,,,-0.1389880010831706,-0.13288918899848048,-0.07288116084422479
2024-11-13,,,,,,,,,-0.13801571877566404,-0.13309749690065326,-0.07320345059841635
2024-11-14,,,,,,,,,-0.1416374079535984,-0.13239818032595987,-0.07344046911398594
2024-11-15,,,,,,,,,-0.14270521501179445,-0.13339529070748532,-0.07347215064314112
2024-11-18,,,,,,,,,-0.14313227303662626,-0.13209086782046647,-0.07327409712419528
2024-11-19,,,,,,,,,-0.14007076156408685,-0.12786537929194955,-0.07386394636694617
2024-11-20,,,,,,,,,-0.14011691777868632,-0.12813539577729882,-0.07379380877915298
2024-11-21,,,,,,,,,-0.14148804803465087,-0.12889344815783377,-0.07374794721517709
2024-11-22,,,,,,,,,-0.14019993509787446,-0.12906600234010313,-0.07398577547694947
2024-11-25,0.5006342626262497,0.4448728623802338,0.6061710042247724,0.24635484169550367,-0.3971911504617883,0.19749656295160722,-0.13496031710739392,-0.11212467576490226,-0.1428660843399961,-0.1276867487038104,-0.07399555391907774
2024-11-26,0.5012658265503191,0.44552805698219466,0.6069006749616035,0.24547280943104072,-0.4000783612126191,0.19405467146751634,-0.13242923465571188,-0.11809839403777946,-0.14731720504298598,-0.12833079391689675,-0.07402455260562141
2024-11-27,0.5013063411737698,0.44451501647369823,0.6049312165237184,0.24313199726726598,-0.39785563046080397,0.1928756829459204,-0.13249288170370183,-0.11753672903717682,-0.14545925421855307,-0.1286050158155326,-0.07413949288954351
2024-11-29,0.5010818519507076,0.44512775610016286,0.6051010894578311,0.24427446583029538,-0.3979708580102508,0.1929649671526055,-0.13257302418249411,-0.11968007593243872,-0.14798165390463264,-0.1303954124273915,-0.07397580854881602
2024-12-02,0.5031052396969664,0.44721587015419495,0.6047097499952093,0.24925629257243764,-0.4053063394260678,0.19209765200470946,-0.13244840718436868,-0.12446260570835416,-0.154251575678683,-0.1324707157247646,-0.07435367001058124
2024-12-03,0.5047100103444561,0.44230877850954375,0.6070061576663283,0.263663435915954,-0.4035886016650258,0.18859833980479884,-0.13108532830146763,-0.11165649590645221,-0.13814889066225602,-0.13687888536213919,0.01409134609390682
2024-12-04,0.5013539707331489,0.43369857827248565,0.6014060059249594,0.2603608780097122,-0.40022844673672153,0.184002316599182,-0.12881759754208358,-0.10541525567634587,-0.1290699086738235,-0.14448393675522994,0.014549849774262658
2024-12-05,0.4999803624164446,0.4324755968537257,0.600113247179122,0.2591346838018219,-0.39482367043736677,0.1836809176655165,-0.12996864268343292,-0.11350871834358589,-0.1345309842957658,-0.14450043261567383,0.014765828719557878
2024-12-06,0.49547220132232495,0.43587319333915786,0.5990444799478648,0.2522502959025287,-0.39431304130516265,0.18145541185788872,-0.1296722860583899,-0.11755694544704982,-0.13770721692731197,-0.14516279788640576,0.015078463086116677
2024-12-09,0.49399814297775646,0.4407265101765915,0.6065147119604865,0.2569124400024181,-0.38537063999523397,0.17163599191387655,-0.12158992503690128,-0.11349583867077591,-0.13409737524343676,-0.14347455684327498,0.015104959904954997
2024-12-10,0.4933681827515951,0.44702937420487454,0.6148671358942102,0.25452930898986614,-0.38963856126523616,0.17081768411449136,-0.1199229379992264,-0.11935885595526034,-0.13721813261566426,-0.14299977975688033,0.014952175845457487
2024-12-11,0.4920176730492166,0.4426574328932612,0.6140449468217107,0.25317058015052346,-0.3895678574417051,0.17121180299055186,-0.11864238424584111,-0.12026608198930086,-0.13645157004167363,-0.14082620762698675,0.015114748201270043
2024-12-12,0.4919785667430859,0.44196701276574674,0.6111475067255766,0.2562689549144981,-0.39014349270914384,0.1720163964124381,-0.1189325151571305,-0.12117156033527444,-0.1374152855429943,-0.14119585812606825,0.01500362547910796
2024-12-13,0.49300669222716614,0.4441458899287521,0.612394311522161,0.25268172064534167,-0.3959262395308434,0.173308360051987,-0.11840247702600665,-0.12712367943504083,-0.14520916817999177,-0.14221320790175432,0.014790198060110326
2024-12-16,0.48517740256861774,0.4344163988947433,0.6052537905014281,0.24379190755108618,-0.3844585210697545,0.17271536920017092,-0.12176212960759297,-0.11538369047769131,-0.12051343003749192,-0.1121444435196513,0.014394672991223757
2024-12-17,0.48780024611532596,0.4351215787529305,0.605298293134043,0.24499614834011707,-0.38599688424955975,0.17454408425611903,-0.12511499585411492,-0.11434290626577946,-0.12188675480953952,-0.11535153731711861,0.014163504629283117
2024-12-18,0.49164675398920116,0.4356034772444931,0.6052085211314295,0.24783278168370773,-0.37960689988587276,0.1686682013758606,-0.10918405661402455,-0.11163207929767627,-0.11728778272608757,-0.11544667484772461,0.014382958440224906
2024-12-19,0.4969542426087037,0.4404179302125224,0.6089477821630421,0.24770109235084295,-0.38051111029756646,0.16740723331888668,-0.09868452860207838,-0.11605971868968293,-0.12787720065803598,-0.1270385120220117,0.01378301898658414
2024-12-20,0.4981720993723133,0.4407618217929345,0.6092720045864067,0.24707690917861366,-0.38048453596250664,0.17061452353316423,-0.10165260943571434,-0.11688880298837076,-0.12920774562434992,-0.1278210437058012,0.013844875430697937
2024-12-23,0.49833370804182997,0.44110696021408013,0.6086407056999289,0.24735606278984568,-0.3821591123258265,0.16924969170953497,-0.09999328122404524,-0.11822867294685854,-0.13047720468497626,-0.12751963578236075,0.013731765474195233
2024-12-24,0.5080063503691119,0.4427213804382488,0.6085708469073843,0.24808821213606905,-0.3815498606397159,0.17104075926687626,-0.10328974967650782,-0.11844847515312736,-0.131439723988429,-0.127419673766322,0.013902689489366927
2024-12-26,0.5064961483381252,0.4432033095205174,0.6086437677442407,0.24856477495591583,-0.38233194640790225,0.17080330459981727,-0.10267848300430962,-0.1188139537425563,-0.13179260649651148,-0.12736750201770677,0.013996617636410486
2024-12-27,0.5039238464665922,0.4409797745063747,0.6081029565956314,0.2521872897332837,-0.37918658341931377,0.1710907783174231,-0.10155601719464002,-0.11420056112497837,-0.12760789521224136,-0.12583634577921837,0.013758047934651489
2024-12-30,0.5029377085474597,0.4406778581760598,0.6075321750177942,0.24952615248256982,-0.37857170119005407,0.17207243835397,-0.10256409025955512,-0.11028511186281327,-0.12459744406724794,-0.12787341908571342,0.013827190053016256
2024-12-31,0.5056351746858166,0.43469791342673963,0.6068523165104631,0.24642619722635634,-0.38058696553843063,0.17334864410828657,-0.10228515142681667,-0.1113599012262637,-0.1223736734287053,-0.12562824386130275,0.013692021147052438
2025-01-02,0.5064919769849051,0.433879314100964,0.6053467203922936,0.24567085672551375,-0.37857565401828486,0.17278195599642784,-0.10172337122116429,-0.1106145137014568,-0.12209684486736423,-0.12548897104322285,
2025-01-03,0.49965229224692337,0.4303530993782215,0.6063807628438165,0.25176595474397945,-0.38052110557257274,0.17559629114571404,-0.10463917456042658,-0.11060595671370288,-0.12092860582961959,-0.12637225470115965,
2025-01-06,0.4990209576889318,0.42669869436331775,0.6080646048825462,0.24845124264051086,-0.38743476910330454,0.17754471178774958,-0.10453766006006932,-0.10679715303818699,-0.11675900143535331,-0.13060919786727337,
2025-01-07,0.498982761319103,0.4275971582060529,0.6092607514713709,0.25365387665889544,-0.38608915838736785,0.173847609074478,-0.10357851390392063,-0.1021049055618987,-0.11317613688220171,-0.1296651808981348,
2025-01-08,0.4956359010585464,0.42839953247934137,0.6076359881296666,0.25311366720143263,-0.3781857029246082,0.17431184197546495,-0.10368357542717402,-0.10123177867457746,-0.11495629460121408,-0.12527360153070244,
2025-01-09,0.5001710701175908,0.4299216620939291,0.6075825102029642,0.2597493442141879,-0.374956681589182,,,,-0.11294232249976963,-0.12872494053380218,
2025-01-10,0.49908062098000816,0.4301166406339289,0.6077796548923982,0.2588197052008445,-0.37363847080046153,,,,-0.1142098907891904,-0.12599517735487137,
2025-01-13,0.4993609423453096,0.42629025577354535,0.6024375806767518,0.25977403777004776,-0.37252839385351677,,,,-0.11536407889839827,-0.12475184516573241,
2025-01-14,0.4987796331850308,0.4333279949708489,0.6089872429719665,0.2602849104998567,-0.37135147377932737,,,,-0.12085486950875728,-0.12475869926353363,
2025-01-15,0.5008648253121711,0.4388083523813017,0.611248106051369,0.2641936836756288,-0.38169796028689057,,,,-0.13034073170786334,-0.12881663245133984,
2025-01-16,0.5019137787579419,0.43904769785696024,0.6103269400738693,0.2609709528577492,-0.38220590967785,,,,-0.13191717024580096,-0.12626360574018644,
2025-01-17,0.4967732414438254,0.4386873917557991,0.6120578210637231,0.26263513618924156,-0.3851060958812821,,,,-0.1324240723577831,-0.11813836948984553,
2025-01-21,0.4991086279369384,0.437609824681239,0.6120797773931899,0.26601948453696916,-0.36927020936905136,,,,-0.13258172724468414,-0.11567296283763633,
2025-01-22,0.5001948809840324,0.435649436886811,0.6116119932600477,0.2700428791760909,-0.3695628643446447,,,,-0.13351974140150522,-0.11641364443957161,
2025-01-23,0.4999154341124983,0.4349566209647805,0.6083286660589005,0.27014424899157835,-0.37174706447574885,,,,-0.1346437246762292,-0.11647289987639925,
2025-01-24,0.5017618656799069,0.44146192636869674,0.6060237739480282,0.2682319255559347,-0.3646825786519617,,,,-0.13907291367111072,-0.1100158246295673,
2025-01-27,0.5066133828937452,0.4468914853268689,0.6092358210381972,0.27652316143907224,-0.360881591601721,,,,-0.12961130103819954,-0.11511711959762254,
2025-01-28,0.5062521312175523,0.44690915942122467,0.6091988526965056,0.2775741005256844,-0.3587989568280516,,,,-0.12967204725638318,-0.11639329040640786,
2025-01-29,0.5078132480456594,0.4462491458402799,0.6095882586477771,0.2768005642656562,-0.35850999623704227,,,,-0.1268085169895928,-0.11604037498708898,
2025-01-30,0.507715612843718,0.4463198277869026,0.6096941923300243,0.2756182649455491,-0.35829312014697434,,,,-0.1283168022192866,-0.11678752858521682,
2025-01-31,0.5084375927626,0.4476035267993961,0.6099788803007137,0.2762972368684275,-0.35952522115521834,,,,-0.13027964249451995,-0.11798537197192786,
2025-02-03,0.5075245278188527,0.44945505903494254,0.6116653790368711,0.27314650214488356,-0.35809611449379164,,,,-0.13766725763153267,-0.11786209913834421,
2025-02-04,0.5073208706578822,0.4492125559529137,0.611739032890603,0.2698639878384643,-0.35913761083936274,,,,-0.13353057963460788,-0.12266448837102846,
2025-02-05,0.4985274524781386,0.4487895433833883,0.6072498777460991,0.26259261703484127,-0.35944055436637234,,,,-0.1357569426831412,-0.121945118416586,
2025-02-06,0.49878783952691,0.447479813832724,0.6061387894104697,0.2620349162913523,-0.3590734572164715,,,,-0.1349108168317452,-0.12261441735688422,
2025-02-07,0.4949299870752184,0.4465427856004939,0.5987249126801315,0.2644542423532425,-0.351678383440327,,,,-0.12622427717693094,-0.12589297403302854,
2025-02-10,0.4942934442521381,0.45203560002569165,0.5977180102650566,0.27588259159831163,-0.3446074566369492,,,,-0.12305391015817678,-0.1283346398108624,
2025-02-11,0.4942541753802644,0.4504571279302384,0.596501751910398,0.2700477034387989,-0.3366926382571287,,,,-0.12349223347663972,-0.12953709269288252,
2025-02-12,0.48558614620772445,0.44867043092927483,0.5970241704472687,0.259135838468749,-0.3366917875981376,,,,-0.11221298667408545,-0.13099733737275432,
2025-02-13,0.4825225488629119,0.44947886746465343,0.5960667198119485,0.25972454472581896,-0.3405742743369038,,,,-0.11661174097589334,-0.13032591546409414,
2025-02-14,0.4725298136397086,0.45546555711090275,0.5925366663517313,0.26029285873378244,-0.3248893387988016,,,,-0.11126036257387338,-0.12599860556591796,
2025-02-18,0.47137337209106495,0.44454815722643704,0.5855097814076156,0.25244959885785695,-0.3255680091154751,,,,-0.11426401088281621,-0.12442681167357357,
2025-02-19,0.4746350578979785,0.445143808490661,0.5835481591130894,0.24829110434553897,-0.32673183484676627,,,,-0.11767280849390048,-0.1258836818503133,
2025-02-20,0.4788536323125696,0.4453970226851287,0.5866921294537135,0.2503726070245142,-0.3288211354887256,,,,-0.11867237616629515,-0.12771700318609183,
2025-02-21,0.47868846662899756,0.4458777003224385,0.5883965672989788,0.25381555049527627,-0.3300755307655023,,,,-0.11509059846608835,-0.13261661216535714,
2025-02-24,0.4826384968112877,0.4454545591311598,0.5897862983890203,0.2522914732904951,-0.3295068222931972,,,,-0.11522811305271966,-0.13079312774306515,
2025-02-25,0.4831703126246333,0.4477859603046913,0.5908988958858394,0.2533227517197795,-0.3276349556954039,,,,-0.11410458124225717,-0.13235052039109987,
2025-02-26,0.4839232882147202,0.44666130560431555,0.5898466624799282,0.2566127211218427,-0.32847823049667935,,,,-0.11531136745794052,-0.13384560771577866,
2025-02-27,0.48348583331228395,0.4420393339579079,0.5872213554287645,0.25854125471591627,-0.3216419422357506,,,,-0.11388646556240635,-0.13395779620375373,
2025-02-28,0.4855699456063508,0.4455583767863072,0.588895185918305,0.2596413775093753,-0.3239527765618606,,,,-0.1084013199535842,-0.13749890016769067,
2025-03-03,0.4860767078524664,0.44834795168177255,0.5906624595678539,0.254900391671211,-0.32819951786027185,,,,-0.11252574466965402,-0.13256748794756332,
2025-03-04,0.48462754184835066,0.44677779198194817,0.5898237187423805,0.25404121617747233,-0.3157665568165683,,,,-0.11565355208528785,-0.13566158435769465,
2025-03-05,0.4846586910555821,0.4397538704448721,0.5921639902192228,0.22612595133864677,-0.3089046961450449,,,,-0.0910933515254996,-0.1568323639598177,
2025-03-06,0.483727197461195,0.4405748341037284,0.5921700360362665,0.2259419585292822,-0.300934448832445,,,,-0.09270503443590083,-0.1544431744982981,
2025-03-07,0.4809811487997596,0.44109927905599805,0.5935330257320007,0.22073050739675737,-0.2957636177476051,,,,-0.09719546498994962,-0.15121340576019382,
2025-03-10,0.48100981462873693,0.44181461398634675,0.5943060760693616,0.22296318532582465,-0.29315852578773394,,,,-0.0917072479423518,-0.15659266011629602,
2025-03-11,0.47835723315781126,0.44651355635755896,0.596174447999889,0.22212827551288536,-0.2982399440459709,,,,-0.08383497560028887,-0.15086993231022683,
2025-03-12,0.4764611417421402,0.44847623267209047,0.5973723729451278,0.2262987039961859,-0.29674598670344005,,,,-0.08286159389611714,-0.15198095164952283,
2025-03-13,0.47497956164280014,0.4525827954532856,0.5991315317290906,0.22197727670333578,-0.29397689314418746,,,,-0.08366972093550781,-0.13618836928629535,
2025-03-14,0.4813679096027918,0.4513303259771335,0.5940503919913287,0.21095049470226404,-0.2924739612931074,,,,-0.09101275110530051,-0.12499988804075125,
2025-03-17,0.4810045968327368,0.45059742585527607,0.5923562007232915,0.21368171682541018,-0.29389925456500143,,,,-0.08836607922463806,-0.12816357978608084,
2025-03-18,0.4752656513066453,0.4554996581780517,0.5924324618308819,0.21290076216711187,-0.29605523642741216,,,,-0.09044981277340952,-0.12661431374536414,
2025-03-19,0.47484725776292613,0.45405967838098654,0.5862672025212609,0.21417937927110522,-0.2934550710891256,,,,-0.09479023361097567,-0.12897342134529208,
2025-03-20,0.47435998175504623,0.4536679983953812,0.5860311489004985,0.21663645345018176,-0.2912212555714815,,,,-0.09769756760491986,-0.1311623870600321,
2025-03-21,0.47364215768354717,0.45311280768173123,0.5853694803150247,0.21548527350720567,-0.2932029342623765,,,,-0.09925602407256566,-0.13029902110939887,
2025-03-24,0.47426996412363737,0.4540154226845478,0.5854731233037472,0.21435035743416145,-0.29519019127208396,,,,-0.10075299614477876,-0.12506001141155126,
2025-03-25,0.47238983615138724,0.4509882903531889,0.5875238559323659,0.2125337679663104,-0.29245243931749887,,,,-0.10843613174300046,-0.11932591439781597,
2025-03-26,0.4724831464922161,0.4506127999782649,0.5873529354414182,0.21308409493867642,-0.29061639558535407,,,,-0.10853133211338348,-0.11680022092683115,
2025-03-27,0.47739554357060277,0.43962314794219837,0.5752628913455643,0.2102915753679307,-0.28113903500325715,,,,-0.10940526703671007,-0.12315602745121516,
2025-03-28,0.47678898954642,0.44007630694623767,0.5749852242092649,0.20994451785855098,-0.28111230946180255,,,,-0.11016137658597536,-0.11928392966618337,
2025-03-31,0.47933772195577296,0.43297112411692246,0.5747107778186942,0.1996205827357212,-0.2825493003649182,,,,-0.10385233887687505,-0.12440307813852168,
2025-04-01,0.4788293406636009,0.431926581222987,0.5744545947604219,0.1988839278905875,-0.2863540913828063,,,,-0.11077707938969568,-0.12406389000708619,
2025-04-02,0.47768022654038833,0.4312967178775491,0.5752324531072843,0.1979414482049683,-0.2852835557743907,,,,-0.111269092490053,-0.12661652755462066,
2025-04-03,0.4844474505711327,0.43409949509071255,0.5862745472081791,0.2307882405775218,-0.21815046502045257,,,,-0.08365202088763299,-0.19767957331902636,
2025-04-04,0.5045442493535909,0.4661862542386747,0.6232898345027603,0.2964550841040317,-0.25151617449010283,,,,-0.10202725561625421,-0.2965696061785443,
2025-04-07,0.4990238060672497,0.48192265599861894,0.6045007382577902,0.30292681958793893,-0.2535098212644726,,,,-0.13314807520240937,-0.3127626522396962,
2025-04-08,0.49889663708583615,0.48017389002135713,0.6033511823024951,0.3049870099368375,-0.2509365488659097,,,,-0.1374659348109501,-0.31037510096669396,
2025-04-09,0.49581575288515634,0.47988197418233847,0.6043334689866746,0.3084336606803363,-0.2510695799686609,,,,-0.13512671652388353,-0.3130399685265733,
2025-04-10,0.506046601765981,0.49179586637686507,0.6033073986464335,0.2893608968293252,-0.27795343496461394,,,,-0.10858744897720991,-0.30615612040609874,
2025-04-11,0.5123089100715207,0.5035660798365186,0.6101874719250755,0.2966841502518801,-0.2951623103321804,,,,-0.09133138998485785,-0.3189196250048752,
2025-04-14,0.5125041601639564,0.49816331649598766,0.609879786680128,0.29617271040249743,-0.2976455495763608,,,,-0.10423916490974916,-0.3251352377439757,
2025-04-15,0.5054910885293995,0.4989768393116724,0.6094434635039355,0.2982695359813467,-0.3009612808732238,,,,-0.1184839307674642,-0.3287168212134432,
2025-04-16,0.5048170113083197,0.5038963461511194,0.6099093386940351,0.30117062772247216,-0.3042471434004545,,,,-0.11773675202912683,-0.32286977666043665,
2025-04-17,0.5046167489220951,0.5039588305554499,0.6067973977531463,0.30855010441702696,-0.30298817747982176,,,,-0.11675850369530323,-0.3271985959512549,
2025-04-21,0.5038099714395936,0.4958286716249345,0.609001850747591,0.3089612364666546,-0.30154805558329906,,,,-0.12211269483314795,-0.3255282726792823,
2025-04-22,0.4928213448828685,0.4898117439138481,0.6075604485996271,0.31321482006002505,-0.2878426409169162,,,,-0.1285135142499278,-0.33505623200240997,
2025-04-23,0.48888960589175123,0.49013181920826376,0.613463776296286,0.3142830272891472,-0.28886118023277085,,,,-0.12722408324476125,-0.3252882199045006,
2025-04-24,0.4918641260680629,0.4889329440023923,0.6135252709680856,0.3147370813543746,-0.28958548738004497,,,,-0.12761152642591292,-0.3267987130312478,
2025-04-25,0.49321513798625116,0.4876646658647683,0.6134454630137474,0.31424727204288894,-0.2894209553935142,,,,-0.12669690663238947,-0.32613133103592107,
2025-04-28,0.5094017860187856,0.4874580264590879,0.6156023233446973,0.31239993587327347,-0.28749127471438174,,,,-0.13191527541493672,-0.330116739162069,
2025-04-29,0.5099178027226081,0.48757849704149625,0.615128134219873,0.312411477921945,-0.28796809474563156,,,,-0.1318393659475183,-0.33089815338138007,
2025-04-30,0.5190047110192302,0.48369733288384276,0.6157237330231088,0.33103590195211396,-0.2869628192965315,,,,-0.122304757629154,-0.3488648984826404,
2025-05-01,0.5199623327792903,0.4688400633913033,0.6119458129113785,0.33071726952920244,-0.27858125543536844,,,,-0.11496838085328524,-0.3464879783513079,
2025-05-02,0.5204969225564059,0.46964060390290313,0.6107724602678737,0.3293836711103335,-0.2804505041201873,,,,-0.11192247334104968,-0.34793939681514924,
2025-05-05,0.5188392562278673,0.46836219419360525,0.6120201088057857,0.32791850787037624,-0.28430785132218633,,,,-0.11410145063024629,-0.35029852037585507,
2025-05-06,0.5173782981375374,0.4728055151538342,0.6162924865279347,0.3347648455059113,-0.28641386715066086,,,,-0.11249102191460049,-0.3442908881125434,
2025-05-07,0.5191354060121703,0.4741979338323229,0.6168529505809071,0.3371742469529612,-0.2904361769723515,,,,-0.10770028722517296,-0.3421530491785812,
2025-05-08,0.516117266406281,0.4749273495252425,0.6168685310353741,0.3307093524089605,-0.293451507318723,,,,-0.11121609219263795,-0.3342969211817845,
2025-05-09,0.5157586720476007,0.4760762253373011,0.6181855177715474,0.33415476928427734,-0.29391023750289164,,,,-0.10990330566830638,-0.33264850325272355,
2025-05-12,0.5072527505046014,0.4707927013281282,0.6179888481139756,0.3320806961556172,-0.2921261630227473,,,,-0.11029312141184133,-0.31510990711373343,
2025-05-13,0.5121384780527903,0.46865208797232244,0.6193883294192468,0.34023937963840034,-0.2994334425658362,,,,-0.11190661181696722,-0.3169835677159131,
2025-05-14,0.504270786371089,0.48101036127735114,0.6235325493403406,0.3392298320117881,-0.2996918051602243,,,,-0.1102307331383217,-0.31925936032741464,
2025-05-15,0.5027947079407344,0.4811273977865603,0.62492025245858,0.3431651818686093,-0.2992382132851462,,,,-0.10798591827727862,-0.3184790605976319,
2025-05-16,0.5035335774324035,0.48414820648592055,0.6274671466762798,0.33855850635378987,-0.30046120652043823,,,,-0.10505790088069016,-0.31559735927093785,
2025-05-19,0.4981736850422378,0.4859483134107617,0.6288826964725776,0.3408063051265441,-0.30378157601322336,,,,-0.10267406476304354,-0.31527411782094006,
2025-05-20,0.5002413999399512,0.48017380059006337,0.6208610315459259,0.3392533165871716,-0.3055173108037978,,,,-0.10885859413105761,-0.31835775572474523,
2025-05-21,0.49984530968533575,0.47993642457332636,0.6222946107895353,0.3383664828241843,-0.3063803688957578,,,,-0.10603476380626078,-0.3173666680862245,
2025-05-22,0.5015091839020774,0.4805208979407146,0.622718776719114,0.33874114389337573,-0.3057906519657091,,,,-0.10574448648752759,-0.31660044950697763,
2025-05-23,0.4872831280161156,0.48242794301434355,0.6232118990302996,0.3331434460216878,-0.31371761338982646,,,,-0.10772742219123096,-0.3074125956014279,
2025-05-27,0.4828156335049498,0.48588593861056967,0.6230862248994754,0.33365881194867086,-0.316026865518349,,,,-0.09676713196954748,-0.29692694728400687,
2025-05-28,0.48657189877652296,0.4858855370403893,0.6233105880793515,0.3315796148550428,-0.3196562445682545,,,,-0.10058712091911558,-0.2960892454266906,
2025-05-29,0.48219206776786727,0.4843590540099131,0.6210852354776006,0.3266067902852174,-0.3193777252262621,,,,-0.10760067595358025,-0.29593262456625635,
2025-05-30,0.4889140191807363,0.48255919711837064,0.6228612921029345,0.3260582600151285,-0.3170383307728568,,,,-0.1042046518335112,-0.29388156726038545,
2025-06-02,0.4874028895126352,0.4940627779444524,0.6279987329034646,0.3312757113209024,-0.33106894609418697,,,,-0.10049345651009312,-0.2936315969037723,
2025-06-03,0.48565403538627244,0.4930005997287112,0.6271051718443362,0.3288301784177845,-0.33212268440762716,,,,-0.10296462190290948,-0.2920788054115158,
2025-06-04,0.48622731631288,0.4923406962978866,0.6260192351001539,0.3358332650446812,-0.33145075676238767,,,,-0.10179359407279001,-0.28996279445459766,
2025-06-05,0.48909607716340936,0.4874786769749655,0.6213931202968109,0.33447923092785037,-0.33329391726606356,,,,-0.10848229673771788,-0.2890140144861784,
2025-06-06,0.49738514767015274,0.4874898313938148,0.6171893246320301,0.3279246742388183,-0.3379390200729711,,,,-0.11316450611790163,-0.2836268157894609,
2025-06-09,0.4973341976526946,0.4863896139908804,0.6173278629586841,0.3268777012311828,-0.33854436837989305,,,,-0.1154860246072601,-0.28227384298448294,
2025-06-10,0.4836158686589483,0.47337434725542715,0.6053200843224201,0.3314617203762845,-0.32828673385331564,,,,-0.09005900414794438,-0.2915744038129521,
2025-06-11,0.480578458758643,0.473527335239055,0.6051042875730919,0.3144490499311662,-0.32608969361602025,,,,-0.08840303618178663,-0.29133169253890534,
2025-06-12,0.47981827094333696,0.4729132276416403,0.6048138835047142,0.3147282893578016,-0.3258348681819201,,,,-0.09067266535405774,-0.2900501873028529,
2025-06-13,0.47826251356841865,0.46909231559011466,0.6038177413504179,0.30341034932810135,-0.32399370141248135,,,,-0.0892680440840739,-0.2878595285603572,
2025-06-16,0.4773480560399729,0.4641005839920564,0.6020504187124426,0.30305803729263886,-0.3211807154659897,,,,-0.0941042579644677,-0.2850174562168712,
2025-06-17,0.4782519205505227,0.46334706171709755,0.5989640650914485,0.29824185414360554,-0.3236807546856366,,,,-0.09122040022631141,-0.28857522263529184,
2025-06-18,0.47862026567197324,0.46242991113850906,0.5976385809015976,0.30117914352591885,-0.32379195063099103,,,,-0.09069494324669698,-0.28929686992049936,
2025-06-20,0.4795284950826284,0.4620199162543822,0.5966865789004923,0.3002074558086151,-0.3233326724048604,,,,-0.08823541055113214,-0.28862044160210726,
2025-06-23,0.4771203484009554,0.4609282720071315,0.5967056968438501,0.28599424194425904,-0.32623563427511515,,,,-0.08786284892175476,-0.2886774665894256,
2025-06-24,0.47680834016225826,0.4510123054284743,0.5898944121597627,0.2751220231288304,-0.3253960230789172,,,,-0.0861700642482639,-0.29210083410201015,
2025-06-25,0.4764779931069038,0.45066024626866363,0.5909224311788612,0.27513606804647606,-0.3251869900456813,,,,-0.0865199967420071,-0.2921360804697815,
2025-06-26,0.4791980889895403,0.4469882650451014,0.5881587588221519,0.27423310900188175,-0.3299653485618475,,,,-0.09471958037049748,-0.2924526516109497,
2025-06-27,0.47970719010733237,0.444346312611564,0.5874701817065863,0.2743021797633012,-0.3295076265453451,,,,-0.0939568488922841,-0.292551507035344,
2025-06-30,0.479413136080225,0.4459221403330778,0.5880097433082995,0.27611266270156004,-0.3272852923989361,,,,-0.09318590227293073,-0.2903860109493391,
2025-07-01,0.47843184953111045,0.44635244189256423,0.5874662067729983,0.2768591486647981,-0.3277259552662753,,,,-0.09676024541774422,-0.29000113563250896,
2025-07-02,0.4795908595851741,0.44634207909142076,0.5878689634901999,0.2803234298130924,-0.32729733791771515,,,,-0.09717659123486747,-0.291420486935099,
2025-07-03,0.4795944553171333,0.44719534244237313,0.5859362661334261,0.2807832915316829,-0.3288956739307128,,,,-0.09827488021066053,-0.28860283411177406,
2025-07-04,,0.44278066884660583,0.5804747651619495,0.2791405361276908,,,,,-0.09361563736797161,-0.2907952844702883,
2025-07-07,,0.4399773927837367,0.5770862390560977,0.2802440205076928,,,,,-0.08375677807388883,-0.29438546218536055,
2025-07-08,,0.3755127724254649,0.5147594062400888,0.2608798067433957,,,,,-0.06356623629863246,-0.24967299931858167,
2025-07-09,,0.3728202161533037,0.5131380878586019,0.25745342713301567,,,,,-0.0508701761543488,-0.24935793739641166,
2025-07-10,,0.3719767409726669,0.5152271159889166,0.2511913461014489,,,,,-0.050006780739531034,-0.24927716740317726,
2025-07-11,,0.38138844743261235,0.5189526807606408,0.25319337706291606,,,,,-0.05626151117020681,-0.24908315605691853,
2025-07-14,,0.3830609579547272,0.5249215474419189,0.2558457139313618,,,,,-0.05448819899392373,-0.2495423292394919,
2025-07-15,,0.3832831621461059,0.5225654307983189,0.2554350166670289,,,,,-0.051817587903967434,-0.2523150659127803,
2025-07-16,,0.38963825263637825,0.5279132136043687,0.253602070685959,,,,,-0.05483556969863807,-0.2562333794445523,
2025-07-17,,0.3892243101391892,0.5272516955437271,0.2565177033265609,,,,,-0.05529048917841436,-0.2550714224582496,
2025-07-18,,0.39028478493934743,0.5282449181258799,0.25748561385555946,,,,,-0.057944182578552224,-0.2553835083221008,
2025-07-21,,0.3885969912063951,0.5269392272654965,0.2548144754783643,,,,,-0.05675543709960864,-0.2559030462994646,
2025-07-22,,0.389892885668389,0.5273196566531636,0.2521259087555593,,,,,-0.05662778973158781,-0.2564538181212552,
2025-07-23,,0.3846488488295588,0.5262939613160014,0.24743839580822066,,,,,-0.05104635086703282,-0.259230088740446,
2025-07-24,,0.38586346503940744,0.5267205506348431,0.24812941284621287,,,,,-0.04754611981793978,-0.25730056730130685,
2025-07-25,,0.3911950090109571,0.5338488899141219,0.24832387509509127,,,,,-0.04708711923945683,-0.2573773473376468,
2025-07-28,,0.39508594450981765,0.5325788863196984,0.23869310322730766,,,,,-0.05083599898934068,-0.2543848380749148,
2025-07-29,,0.39485314635201496,0.5322147343614003,0.23594303392543856,,,,,-0.05129068032986663,-0.25366480819757026,
2025-07-30,,0.3963550249499687,0.5344463524336296,0.23495535588498528,,,,,-0.05298747327192615,-0.25419440033962426,
2025-07-31,,0.30469923218905137,0.4629905773467365,0.19101446430775867,,,,,-0.05377226297143401,-0.18141333910489596,
2025-08-01,,0.30864742879149154,0.46144779449127216,0.18351378700624593,,,,,-0.06397624919590408,-0.1659309694111035,
2025-08-04,,0.3088957770865793,0.4614222356692113,0.18545362277775496,,,,,-0.06349487327128696,-0.17369553602822668,
2025-08-05,,0.30574609142416603,0.45584745981144364,0.18568000814031768,,,,,-0.06871088888050525,-0.16521834581236214,
2025-08-06,,0.3064102983896776,0.45593433996099564,0.18486301288443074,,,,,-0.0702293779610747,-0.16482786357857862,
2025-08-07,,0.3062415293001383,0.4544333233653953,0.18982841313840731,,,,,-0.06583023362912334,-0.1687030938627616,
2025-08-08,,0.3083384615544799,0.4558818404479917,0.18972423240651443,,,,,-0.06590075342437389,-0.16887718759960776,
2025-08-11,,0.30765118397375596,0.45629208203212335,0.18909909034399588,,,,,-0.06475964590825005,-0.1691126842877451,
2025-08-12,,0.3045902929465532,0.455255813682558,0.18292964302819498,,,,,-0.058799946433704404,-0.170524311385572,
2025-08-13,,0.30444787290442,0.4536663730675958,0.18275954912065323,,,,,-0.0583953842763589,-0.1699626718360307,
2025-08-14,,0.3047863614205181,0.4539556275668407,0.18150394421431632,,,,,-0.05870416989956941,-0.17061727804466062,
2025-08-15,,0.3038757215804365,0.4494402027287004,0.1782094621581086,,,,,-0.061235294511380114,-0.16433596460325728,
2025-08-18,,0.30616358090150186,0.4503323868417486,0.17753101614700814,,,,,-0.06129751574647649,-0.1644649109703976,
2025-08-19,,0.30696325116471834,0.4505709662834968,0.18141045489000354,,,,,-0.06019626073880758,-0.163777384801517,
2025-08-20,,0.3072894679058453,0.4509739571755544,0.18153633879454417,,,,,-0.06106757416012822,-0.16315903698789538,
2025-08-21,,0.30752908485833597,0.4509932177452218,0.18383454252931228,,,,,-0.060303648399194644,-0.1634823709222484,
2025-08-22,,0.30654870039618326,0.44952712066134454,0.1853271274252024,,,,,-0.05961139589734437,-0.1650283571524199,
2025-08-25,,0.30519832777514083,0.44799981684145146,0.1837825973374491,,,,,-0.05602204048791655,-0.1650089952574159,
2025-08-26,,0.3048620147067535,0.44797957912623426,0.1839750077184028,,,,,-0.055401670376258066,-0.16464564699376064,
2025-08-27,,0.3044579711936855,0.4478434651215655,0.18407117654804606,,,,,-0.054569522763659416,-0.1648366277329001,
2025-08-28,,0.3037045837278048,0.4459817957651571,0.18293348429400447,,,,,-0.0539378651655133,-0.16473036107718197,
2025-08-29,,0.30519834495987197,0.4471564948307076,0.18224392168285136,,,,,-0.05353281922491421,-0.1628528908870158,
2025-09-02,,0.3070723003857383,0.4499835658799934,0.1843118061803201,,,,,-0.051380107184225365,-0.1603266672164483,
2025-09-03,,0.30572042031162766,0.4455054027302358,0.17674375742941892,,,,,-0.05402250371178592,-0.15214319630826684,
2025-09-04,,0.30718935355479143,0.4471380843081096,0.17722745077462362,,,,,-0.05259892818270653,-0.15057179808110768,
2025-09-05,,0.3054611776389683,0.44596295093580957,0.1772003883465722,,,,,-0.05208247206352108,-0.1492307159399924,
2025-09-08,,0.30404890044260113,0.4444536484232925,0.1750878687670181,,,,,-0.05282224045820597,-0.14660684382481318,
2025-09-09,,0.3039107363305448,0.44224498045584976,0.17344635821614307,,,,,-0.050913926344402005,-0.14571504224807943,
2025-09-10,,0.30418547141159,0.4424089960782076,0.17221171429391907,,,,,-0.053296222076886106,-0.14444112557061572,
2025-09-11,,0.3039985320871045,0.44237134592351185,0.16911426843429997,,,,,-0.05318387950491598,-0.14493274554772212,
2025-09-12,,0.3026179177789329,0.4417814169410505,0.1673023439318131,,,,,-0.054120061605789485,-0.14402960891106623,
2025-09-15,,0.30282705516052877,0.4416514910341224,0.16862944324612353,,,,,-0.053477019485051715,-0.14462601479425127,
2025-09-16,,0.30308174386146286,0.4417421555310576,0.16645265282118663,,,,,-0.05208758503406398,-0.1443003526244419,
2025-09-17,,0.303752583800697,0.4429933132455712,0.16728866504127982,,,,,-0.0525386813380516,-0.14446684123469034,
2025-09-18,,0.3041876807149684,0.4438975515850778,0.16779063268329197,,,,,-0.054763812694931,-0.1428390451896905,
2025-09-19,,0.3039114738436194,0.44321568564761493,0.16592306759930991,,,,,-0.053540223660394626,-0.14089246688860546,
2025-09-22,,0.30343918089182625,0.44121824738720933,0.1659247513369939,,,,,-0.053358294534857964,-0.14086726914027267,
2025-09-23,,0.3033297273592006,0.44200849163113504,0.16662328606587204,,,,,-0.0535570886973295,-0.14075835650982663,
2025-09-24,,0.2913642959843127,0.4300362780828217,0.16895849988062328,,,,,-0.046143722493685306,-0.1451635058736124,
2025-09-25,,0.29127220504880086,0.42719095191641526,0.16927093107210617,,,,,-0.04692742449573817,-0.14634067929531808,
2025-09-26,,0.2912053322886299,0.42440699304409063,0.1786936960848656,,,,,-0.049272535928722716,-0.14388559576489363,
2025-09-29,,0.2932022033554708,0.4244400575812665,0.1706778689308844,,,,,-0.052180775272120755,-0.14398199624405114,
2025-09-30,,0.29218811797224975,0.42415848369635895,0.17153104782005202,,,,,-0.05111756099438274,-0.14739399822853586,
2025-10-01,,0.2917044378007607,0.4236193075522034,0.16994479091893183,,,,,-0.04945095651270119,-0.14804844798996958,
2025-10-02,,0.29171219667344306,0.4171504872987938,0.1669194793732439,,,,,-0.05142210775607942,-0.1477894734754819,
2025-10-03,,0.29568310972024586,0.42696364835820494,0.1789816314620826,,,,,-0.042230766658147983,-0.14884153496125124,
2025-10-06,,0.2915850700768664,0.42549406362265213,0.17682567367447607,,,,,-0.046453556550461524,-0.14727621077091263,
2025-10-07,,0.29222498706680666,0.4222942380169334,0.17838789479050995,,,,,-0.048462177777860445,-0.14568347528522407,
2025-10-08,,0.28783029197482835,0.41580880818215243,0.1710527053718142,,,,,-0.047628547739919806,-0.14413372143123335,
2025-10-09,,0.2823037608428787,0.41013566789319733,0.169831599350136,,,,,-0.04725056142232858,-0.14401391643033104,
2025-10-10,,0.27603662299442744,0.4068398167456626,0.18221865361257122,,,,,-0.03805118406409084,-0.1619095113136869,
2025-10-13,,0.28984273713762077,0.4210307402067202,0.18543323585588845,,,,,-0.03722391127369203,-0.16042999795466506,
2025-10-14,,0.28625349777333714,0.41812214462460706,0.18440099223412046,,,,,-0.03541345128527843,-0.1572931459298246,
2025-10-15,,0.28675632591881584,0.4197740892473229,0.18096969518114409,,,,,-0.03565444095954372,-0.15687658345826921,
2025-10-16,,0.2834397516020014,0.41542128996001193,0.18130221230836457,,,,,-0.034959159274052,-0.15679231893805445,
2025-10-17,,0.28403673469919816,0.4087858599903208,0.18169023683512955,,,,,-0.03422654250442015,-0.15705380808662275,
2025-10-20,,0.284582503536857,0.40948684764908644,0.18423325383961936,,,,,-0.03374227372671693,-0.15791403926067185,
2025-10-21,,0.28247681849932965,0.4080027779204398,0.1847112152907481,,,,,-0.029638083309469505,-0.15726781409833476,
2025-10-22,,0.28077150208610135,0.40831424100796415,0.184650446881394,,,,,-0.029857261014201383,-0.15722762151411018,
2025-10-23,,0.28353430421470416,0.4104369825927181,0.19084581319816257,,,,,-0.024849109525985315,-0.1585421204033517,
2025-10-24,,0.2833386614397101,0.41043329163246317,0.191007872146741,,,,,-0.02452585725154916,-0.1584322759779511,
2025-10-27,,0.27688697733931694,0.4041045978161822,0.19054769240119454,,,,,-0.025301155860616695,-0.15917916364183707,
2025-10-28,,0.2766007310262454,0.4039769361590906,0.19279784859543284,,,,,-0.024994437312896474,-0.15970560624112834,
2025-10-29,,0.27719773580144996,0.4052883745162858,0.19339722135181728,,,,,-0.020384311755933644,-0.16132199610669234,
2025-10-30,,0.275385945426327,0.4002740542782229,0.19303912954650132,,,,,-0.025084940837013625,-0.16590399548859722,
2025-10-31,,0.2758168593916089,0.40237247541545423,0.19321777814653857,,,,,-0.02496833861555806,-0.16577699856586708,
2025-11-03,,0.275786370258532,0.4028795849591163,0.1929676422275307,,,,,-0.027764149909767253,-0.1655919706213014,
2025-11-04,,0.27966965546379263,0.40568905863957044,0.19187552961029877,,,,,-0.026452240084493678,-0.1700907293065046,
2025-11-05,,0.2801439141755368,0.4058711949420757,0.19024632420655163,,,,,-0.02347391141439743,-0.17069401756166636,
2025-11-06,,0.2662706017838966,0.39331278801810093,0.1906157758173298,,,,,-0.01314584315095749,-0.1852656571854322,
2025-11-07,,0.26264550586820423,0.3904085002146334,0.18818475830615436,,,,,-0.0037515058611329124,-0.1855533062227519,
2025-11-10,,0.268227584072007,0.39401819824845735,0.18400788303637095,,,,,-0.005806497718250695,-0.19790452649131504,
2025-11-11,,0.26450768980564204,0.390988455978266,0.1787648604743928,,,,,-0.005795249038819808,-0.19811856827607827,
2025-11-12,,0.263776414462725,0.38999668133929305,0.1752042475644563,,,,,0.004649077160801909,-0.19940103807726636,
2025-11-13,,0.26252883441623165,0.3896509301310867,0.17588423015467994,,,,,0.005138319299270523,-0.19875749379550514,
2025-11-14,,0.2633514595184686,0.3880774015219594,0.17363944209248033,,,,,0.0041062387513284455,-0.19836554250811847,
2025-11-17,,0.2638479790303534,0.387834046909901,0.17306241792786986,,,,,0.00449673982231506,-0.19863312485227083,
2025-11-18,,0.2624087451883817,0.38678401070823143,0.16933596134201084,,,,,0.005429078679660688,-0.19949027896978574,
2025-11-19,,0.26239066176051334,0.38703174471061,0.16732236545908746,,,,,0.006290236014443617,-0.19968353950757387,
2025-11-20,,0.26300007328678326,0.3881128378867903,0.1678202719605075,,,,,0.006153845324811251,-0.19949484197148068,
2025-11-21,,0.26426829205516844,0.38698343440863153,0.16773192961041852,,,,,0.0057554153525369404,-0.20031068747730213,
2025-11-24,,0.2661265562632905,0.3875313548978856,0.16807045476011773,,,,,0.005356422957502585,-0.19946300877059125,
2025-11-25,,0.27275600927103694,0.3919025712488915,0.1688721338931135,,,,,0.006103791785477129,-0.20018406761144372,
2025-11-26,,0.27356236519018556,0.39550236024611085,0.17051792413568861,,,,,0.006809748832899881,-0.2023858475777849,
2025-11-28,,0.274753075183129,0.3959613376037052,0.17028178864510687,,,,,0.008668728863809214,-0.20364156366990746,
2025-12-01,,0.27485063658036557,0.3955756749220807,0.17100964657278814,,,,,0.010584517372237456,-0.20390145828009523,
2025-12-02,,0.2763484418345689,0.39621331575448765,0.17197158364401477,,,,,0.01065334762220948,-0.2035589613268496,
2025-12-03,,0.275934359617606,0.3929814574441621,0.1699623209598696,,,,,0.0062698530759522295,-0.20413634340617737,
2025-12-04,,0.27590636868402585,0.39323110980019826,0.16939326879663885,,,,,0.005429964419113142,-0.2040412753695567,
2025-12-05,,0.27541384063830837,0.3950373478001869,0.1701270626789139,,,,,0.007485196124447537,-0.20474046519856795,
2025-12-08,,0.2756562606579607,0.39513112421134255,0.17067477190303326,,,,,0.006974007093448684,-0.2049622063480841,
2025-12-09,,0.2727136523981248,0.38141250762574497,0.16991612399021724,,,,,0.004541707762946905,-0.20474052574891763,
2025-12-10,,0.27278997725855836,0.38143880803804076,0.17012703173460583,,,,,0.00364807979695974,-0.2044945956200756,
2025-12-11,,0.2786105858459266,0.3871569639611438,0.16753006895154898,,,,,0.005085869705662724,-0.20573976679484016,
2025-12-12,,0.277234839469814,0.39411130427631064,0.16743789912332724,,,,,0.0016437993552690254,-0.20650058325833498,
2025-12-15,,0.2757601998849052,0.3937322060014296,0.16878495686636674,,,,,0.0049111860472381315,-0.20615173644720353,
2025-12-16,,0.27591316270380706,0.394052773907327,0.17038132091740102,,,,,0.005300580777484721,-0.20715509869709856,
2025-12-17,,0.27634441285737377,0.39389423215901453,0.17082559696372054,,,,,0.0064182822849754555,-0.2056289746196319,
2025-12-18,,0.2764705105320995,0.3927492627395557,0.1707767112751784,,,,,0.006190239348572888,-0.20548710999345535,
2025-12-19,,0.27330515976546554,0.39071859612851884,0.1704425687295518,,,,,0.016468732391337868,-0.20147175513062976,
2025-12-22,,0.27188100417130606,0.39026905730022404,0.16983319054450077,,,,,0.017119994366783367,-0.20116760613163703,
2025-12-23,,0.2718505495940898,0.38997041162585544,0.17002021400591133,,,,,0.018099240171655345,-0.20169354379283577,
2025-12-24,,0.27169242580091496,0.39008515399836385,0.16960522229765412,,,,,0.01837841330019212,-0.2017537249124016,
2025-12-26,,0.274499830863814,0.4037911372558917,0.15767541352802072,,,,,0.018626895168549,-0.19858362008991362,
2025-12-29,,0.2947735462252132,0.4203768830488242,0.14664737864608512,,,,,0.020932393119134092,-0.19800938161947912,
2025-12-30,,0.29690820165427856,0.43066093859393384,0.1456895315572741,,,,,0.02026499642986527,-0.19865373083873414,
2025-12-31,,0.3006526925553055,0.4262502515612054,0.14839028532086307,,,,,0.01807658425284375,-0.19815172848685236,
2026-01-02,,0.3009518184601437,0.42694514040630016,0.14882329505749667,,,,,0.01806762136701287,-0.19825102405313622,
2026-01-05,,0.312890157546737,0.4390553941973366,0.15355849691184287,,,,,0.01133220335252139,-0.19741243153434043,
2026-01-06,,0.31535194029422947,0.43821615517560497,0.1520639768582662,,,,,0.009777653527262497,-0.1963185352609688,
2026-01-07,,0.3175869154741545,0.4441439266593053,0.15614175808534572,,,,,0.013299590181210155,-0.1959658066991121,
2026-01-08,,0.31777405082512344,0.44551399913684603,0.15373529144219775,,,,,0.012403885750353812,-0.1967778507975456,
2026-01-09,,0.31831404734387186,0.446784831712463,0.15583714404988816,,,,,0.010255930346203595,-0.1968959386328894,
2026-01-12,,0.322065058315903,0.4487201970033476,0.15852321319269386,,,,,0.010888947878708621,-0.19667309362993332,
2026-01-13,,0.32372036000487875,0.4510509349380492,0.15687618490800442,,,,,0.011126904736778274,-0.19708420661239218,
2026-01-14,,0.3239573120618006,0.4489097802671248,0.15778738100740888,,,,,0.010746352080149834,-0.19689872989376056,
2026-01-15,,0.3235792852752884,0.4478095895607665,0.1585117108640263,,,,,0.013707616623129946,-0.19458082108724112,
2026-01-16,,0.3245079990520608,0.4519009883283399,0.15846558185712323,,,,,0.012250928128600869,-0.1910991866311091,
2026-01-20,,0.31823988729537583,0.4436003377743037,0.1567035897927303,,,,,0.012075504781696738,-0.19482575311731817,
2026-01-21,,0.31644343725592794,0.44445267657593446,0.15533145493811615,,,,,0.013425180693387755,-0.19453876901157474,
2026-01-22,,0.3163767009795815,0.4427739357778859,0.154498945054015,,,,,0.013986885444260425,-0.19497856003888325,
2026-01-23,,0.31921891857750495,0.4481667870264429,0.16037834205719625,,,,,0.01026418280885466,-0.19266182942770915,
2026-01-26,,0.32043448858393975,0.4363887592463296,0.15977398932835732,,,,,0.009091323682879356,-0.19247004050091512,
2026-01-27,,0.31758820136192206,0.43809966748274753,0.14956533079120293,,,,,0.0032787398429896695,-0.1910965162139299,
2026-01-28,,0.3163569651632506,0.4367702091822471,0.15028856609067356,,,,,0.003302007592495743,-0.19086987151412807,
2026-01-29,,0.31484362293045365,0.43447477731240497,0.16181667033216998,,,,,0.0011266904795689749,-0.18576959727663173,
2026-01-30,,0.32941419642962916,0.4032613335503489,0.16165000021435216,,,,,-0.000665030253871829,-0.18686865192516797,
2026-02-02,,0.3313533557848146,0.40407902339170293,0.166026596100561,,,,,-0.0028043977316784706,-0.18689687378481187,
2026-02-03,,0.3444200871921304,0.4118711295956441,0.17023440245883414,,,,,-0.004291193767300863,-0.18348405391156516,
2026-02-04,,0.3419101241044233,0.40781032750229923,0.1597163372202708,,,,,-0.0071035015757824164,-0.1829552093305842,
2026-02-05,,0.3417648880985291,0.4053140816410399,0.16429258265928265,,,,,-0.00084169688100363,-0.18298355767750546,
2026-02-06,,0.3429170958787926,0.4054659007560003,0.16472754119252328,,,,,-0.001447103732354869,-0.18409446135118998,
2026-02-09,,0.34440437568536497,0.40825888519320686,0.16494828964432656,,,,,-0.006112378449107806,-0.1855071455465725,
2026-02-10,,0.34280865943199756,0.4096942313500068,0.1623572705317197,,,,,-0.005173133377152289,-0.1856333747008465,
2026-02-11,,0.34324001803724696,0.40991355797576423,0.16587561632542494,,,,,-0.0035610037419171532,-0.18621709141052256,
2026-02-12,,0.3502545873689406,0.4155205611650707,0.17632302572868755,,,,,-0.0031543536670144514,-0.1895766152759127,
2026-02-13,,0.3496665184429784,0.41596280135591596,0.17651936622128178,,,,,0.0007877653284435964,-0.1894692262826819,
2026-02-17,,0.3520941171103327,0.42077879769200305,0.17686914433967885,,,,,-0.005212617988958011,-0.19017457904104537,
2026-02-18,,0.35827592959142157,0.4251234168970629,0.18629246119165127,,,,,-0.0002279785526002932,-0.19349056760659467,
2026-02-19,,0.35829350887601324,0.4248557341852382,0.18455640715814853,,,,,-0.0003327714526398239,-0.19326226252246204,
2026-02-20,,0.3594047002631642,0.4262084542576134,0.18408843400512628,,,,,0.0015100008044258457,-0.1933954839498292,
2026-02-23,,0.3546383408742047,0.4223792207367564,0.18238079973162993,,,,,0.0005795265421376929,-0.19303795890949976,
2026-02-24,,0.3511941749039982,0.4218704246183923,0.18054943375704163,,,,,0.0008363764012543893,-0.19191236713396284,
2026-02-25,,0.351105291028326,0.42189432458859794,0.17938532294989518,,,,,-0.001297223006567181,-0.19165357733208005,
2026-02-26,,0.351326398367553,0.42157448397569147,0.1799499806283394,,,,,0.000735228431927773,-0.19151943061033022,
2026-02-27,,0.35322759992849206,0.42232528475748166,0.18022955046893438,,,,,-0.000767032669755925,-0.18901815143497788,
2026-03-02,,0.3492467378927218,0.42357840277795217,0.16743679042532467,,,,,-0.007417572278257494,-0.1848430743818649,
2026-03-03,,0.35168616267611535,0.4256056032025386,0.1607149944655083,,,,,-0.005367979859667111,-0.18819279484613802,
2026-03-04,,0.35221675524660906,0.4251058057838626,0.16062808986635677,,,,,-0.000627592548556476,-0.18919768172906018,
2026-03-05,,0.35649075395846436,0.42527596656498123,0.1577252730474728,,,,,-0.016231747074354416,-0.18217374251208615,
2026-03-06,,0.35605128834721517,0.4249988911720049,0.14962652353680334,,,,,-0.01630092503434273,-0.18232433933476971,
2026-03-09,,0.3540993485807555,0.4240812146949445,0.15202915639078654,,,,,-0.013452113073284618,-0.1824661461869924,
2026-03-10,,0.35566561643507955,0.4254220192997367,0.12861927485279626,,,,,-0.01405269621572202,-0.18369312837097018,
2026-03-11,,0.3559855100485993,0.4255170867959527,0.12463081314667651,,,,,-0.02042299929727715,-0.18677096537744073,
2026-03-12,,0.3554709793217352,0.4251472704697627,0.11704900514719857,,,,,-0.02244105360879747,-0.18667653056302771,
2026-03-13,,0.35601474447299025,0.42673551346088523,0.11497168706337207,,,,,-0.02421150373168815,-0.19725947852398856,
2026-03-16,,0.3539092448452661,0.42597326613209985,0.10989871214077725,,,,,-0.025843652046743826,-0.20033848805815202,
2026-03-17,,0.35401618920982747,0.42682781859788244,0.10736367967307557,,,,,-0.024479507356255478,-0.1978631610366252,
2026-03-18,,0.3578422920922629,0.42866303362802244,0.10799662885690949,,,,,-0.026863254045547333,-0.1973884580209079,
2026-03-19,,0.360855801059491,0.4333223036892063,0.10812687570508854,,,,,-0.025541273372883262,-0.19870960689420228,
2026-03-20,,0.3616404909425337,0.43432766661211636,0.10565233854316361,,,,,-0.033534831339465575,-0.19753664009489108,
2026-03-23,,0.3518835353258688,0.43357160343771106,0.09030090065672648,,,,,-0.03352051800166623,-0.1989042061867105,
2026-03-24,,0.3518441942749119,0.43352187708298123,0.0892113038469842,,,,,-0.033086901685899756,-0.2016814135669656,
2026-03-25,,0.3546937689172646,0.4343611965170146,0.08687788940549002,,,,,-0.03424804880027905,-0.20417189992237075,
2026-03-26,,0.35630316084105346,0.4356427517314983,0.08221861192725247,,,,,-0.038087403107539296,-0.20670238895162277,
2026-03-27,,0.35884366302747284,0.43857043564245085,0.0831324819572521,,,,,-0.03650197925723648,-0.20034966175090574,
2026-03-30,,0.3587880515661845,0.43873857473824823,0.08332739403724325,,,,,-0.036049051416717375,-0.20327111759963767,
2026-03-31,,0.36348710076228197,0.44069924865569154,0.0846632034647492,,,,,-0.04284712870608339,-0.2055211934297669,
2026-04-01,,0.363211122459478,0.4409009539432143,0.08411319132816834,,,,,-0.04239968613447678,-0.20620077890240993,
2026-04-02,,0.3640320308915819,0.44160687570333684,0.07486560689471994,,,,,-0.04018693864184496,-0.2066140164617157,
2026-04-06,,0.3608492724230771,0.43387435951248116,0.05889179069844201,,,,,-0.05813675484742988,-0.17879096773354836,
2026-04-07,,0.34824190252764703,0.4163306623731492,0.017528624727404633,,,,,-0.040495932186090156,-0.10714392534964393,
2026-04-08,,0.34573532662100614,0.4254336375898417,-0.027013848869032953,,,,,-0.013774213907481724,-0.10286202848392274,
2026-04-09,,0.3459760721719225,0.42536458546219813,-0.028860501506165176,,,,,-0.009952768124081733,-0.10348336320166798,
2026-04-10,,0.3431640629404967,0.4241064981618084,-0.03304489940311687,,,,,-0.011229886591332422,-0.09837412013258882,
2026-04-13,,0.3361100246043962,0.42319660422033345,-0.02393546290003454,,,,,-0.03372949820173194,-0.10223191132529792,
2026-04-14,,0.33281375866293256,0.42191125810574404,-0.0351725023021276,,,,,-0.04873039696383534,-0.0924452976959676,
2026-04-15,,0.33475260653328487,0.4221546833013413,-0.03509181369358592,,,,,-0.037654629165253195,-0.08753800694401802,
2026-04-16,,0.3348286661318005,0.42215890098468745,-0.035402839424395344,,,,,-0.03783493861505487,-0.08776510089042683,
2026-04-17,,0.3337147814650749,0.42167416371308636,-0.03865677666878861,,,,,-0.036349208764527165,-0.09037441358125752,
2026-04-20,,0.33553282388418043,0.4235943502052645,-0.04452315971645665,,,,,-0.0364735331883055,-0.08873862940536974,
2026-04-21,,0.33818032855824065,0.4236130165644877,-0.045884186455310984,,,,,-0.03595199780614831,-0.08817392325561343,
2026-04-22,,0.34057399487438017,0.42448087497676296,-0.048097575810383895,,,,,-0.027950347781541655,-0.07794657824702766,
2026-04-23,,0.34140678555679954,0.42564048532308446,-0.050825261935185044,,,,,-0.029106752379931686,-0.08477961057166537,
2026-04-24,,0.3413330883592777,0.42519239185332347,-0.05001650283743782,,,,,-0.027267230761768502,-0.0847610317730871,
2026-04-27,,0.3412583098470397,0.4250138441981131,-0.05011783215660271,,,,,-0.027409972511131222,-0.08531994903563077,
2026-04-28,,0.3437926063621803,0.42615413504377647,-0.053283012941447605,,,,,-0.028377433851409794,-0.0858995145304572,
2026-04-29,,0.3440635348202006,0.426575647431388,-0.05581943741784779,,,,,-0.0299601060631519,-0.08531215006632943,
2026-04-30,,0.3453819755379072,0.42596801377115295,-0.06916217995205501,,,,,-0.03628957341734257,-0.059099997779848555,
2026-05-01,,0.3485424008117912,0.42585051102382004,-0.06933089607245344,,,,,-0.03746048643532143,-0.05829417225933663,
2026-05-04,,0.3518822451768998,0.4287103152791669,-0.07333242278933211,,,,,-0.04475801130466775,-0.05582647153950748,
2026-05-05,,0.35278843358969686,0.4275664149186693,-0.07775397047690409,,,,,-0.0439818300399799,-0.056169161142297794,
2026-05-06,,0.3555645680040251,0.4299149271275645,-0.09146118416552705,,,,,-0.04383643298160823,-0.059958640836684333,
2026-05-07,,0.35403694008181424,0.4279934713828402,-0.09431308910015367,,,,,-0.047920914286420604,-0.05943036128959378,
2026-05-08,,0.35268225981412327,0.4277165916119052,-0.09197563609988957,,,,,-0.046377170603893805,-0.0642659350786045,
2026-05-11,,0.3509737114475018,0.43074783229355645,-0.0893116601367052,,,,,-0.04388277891513843,-0.06578594696564344,
2026-05-12,,0.35001965532717155,0.43003257977148723,-0.0865294024187278,,,,,-0.039111555046153136,-0.07855215371793936,
2026-05-13,,0.34964411873471585,0.43172345648327054,-0.09082073863276778,,,,,-0.04011024383052865,-0.07528951820112516,
2026-05-14,,0.34816707419998594,0.43170187760954354,-0.0917168844721201,,,,,-0.04146227271972412,-0.07281346855512161,
2026-05-15,,0.35643268419093505,0.44261184956682215,-0.1001123606886515,,,,,-0.06297469973690169,-0.0798672214463812,
2026-05-18,,0.35469164293520206,0.44219239009515554,-0.09858098096157648,,,,,-0.06465409886607298,-0.08197372357075428,
2026-05-19,,0.35472452998990595,0.4437742609225282,-0.09763691573786389,,,,,-0.06936883550642794,-0.0857875042497058,
2026-05-20,,0.3561250841271519,0.44440272912182066,-0.10489958646892485,,,,,-0.07294303714102232,-0.08862904122137513,
2026-05-21,,0.35598546331865993,0.4441825320785048,-0.10390909912818642,,,,,-0.07671333983498443,-0.08880209947567438,
2026-05-22,,0.3552769789933466,0.44362378128722624,-0.10378026893478023,,,,,-0.07773859066890274,-0.09041464818821968,
2026-05-26,,0.35111011014111354,0.4441078220940949,-0.10481659691060968,,,,,-0.07510241493767977,-0.0984086615525877,
2026-05-27,,0.34918325904187764,0.44436022632640954,-0.10265107456551484,,,,,-0.08242347673902838,-0.10909020682734337,
2026-05-28,,0.34989140025092985,0.44451106239404947,-0.10157221348527234,,,,,-0.08147190268647901,-0.10900602431844447,
2026-05-29,,0.3486996561148087,0.4445308440858208,-0.10081572562113751,,,,,-0.08185665718235094,-0.1090138786781366,
2026-06-01,,0.3425307957382681,0.44257341254533056,-0.09390587160343339,,,,,-0.08220111535453008,-0.10881607800259203,
2026-06-02,,0.3370723048507784,0.43858020918491214,-0.09781271112053072,,,,,-0.09371500294058534,-0.10576048515495848,
2026-06-03,,0.33890483347655675,0.439995255873904,-0.10009442367150595,,,,,-0.09811644741159566,-0.11034604279162305,
2026-06-04,,0.3386367473505472,0.44024679693360025,-0.09997682979801588,,,,,-0.0953080646976385,-0.11176316043563889,
2026-06-05,,0.3475304352929136,0.4458210777295018,-0.09401066910108906,,,,,-0.11151265891146232,-0.11255250261356621,
2026-06-08,,0.3462788686549124,0.4462476190019415,-0.09223706780212422,,,,,-0.10430873152162518,-0.11789432467708406,
2026-06-09,,0.3463724811616344,0.44542945050891375,-0.09188585143783895,,,,,-0.10268524544563677,-0.11978475993632177,
2026-06-10,,0.34620762848050424,0.4455368405356698,-0.09289777644609429,,,,,-0.10310998179319754,-0.12027712623120948,
2026-06-11,,0.34637012732613753,0.445097351105446,-0.08915673656035539,,,,,-0.1067300946978858,-0.12034538529092471,
2026-06-12,,0.35084910455796625,0.44821786635911337,-0.0930368642781321,,,,,-0.10495438965982302,-0.1253573940816191,
2026-06-15,,0.35203137714460253,0.448511993137008,-0.09342385268293527,,,,,-0.1051356355637701,-0.12594279455293386,
2026-06-16,,0.3527143648381614,0.4485215423033761,-0.09248754330124141,,,,,-0.10582295988453892,-0.12542455075457182,
2026-06-17,,0.3523697496025426,0.4490231329762137,-0.09154002069847236,,,,,-0.10910604729733381,-0.12353413302182449,
2026-06-18,,0.35496910099624435,0.4512415705168115,-0.09139781766146499,,,,,-0.10677120903506261,-0.12477547123248278,
2026-06-22,,0.35488581980657186,0.4512137344075047,-0.09092490275619015,,,,,-0.10774828650828817,-0.12513890225443677,
2026-06-23,,0.35732536249362973,0.45540066639420906,-0.0868867650852772,,,,,-0.10872382068842625,-0.13038511874419434,
2026-06-24,,0.36541803104689485,0.46036512274808755,-0.07895931241841833,,,,,-0.09749164510991105,-0.1341062687179233,
2026-06-25,,0.36636861503936213,0.45985366310361997,-0.07694807100093583,,,,,-0.10100204519365674,-0.13231189667434412,
2026-06-26,,0.3677673903160707,0.46017413591294887,-0.0796624584615442,,,,,-0.0976097280316279,-0.13098390695681147,
2026-06-29,,0.36905338799165405,0.46060649505996965,-0.08041845402684146,,,,,-0.09678637832326384,-0.13028790524444694,
2026-06-30,,0.36928263767026415,0.46109774430409245,-0.0819241729108212,,,,,-0.09621525599973291,-0.13368301260910848,
2026-07-01,,0.36776966593234534,0.4604614113411669,-0.08112882538834196,,,,,-0.0988569585852738,-0.1331254886007079,
2026-07-02,,0.36732777047892756,0.46040251896232204,-0.08421139429780344,,,,,-0.10181156022625802,-0.13184691094887713,
2026-07-06,,0.3674804758848924,0.46128374841099967,-0.0846911183269464,,,,,-0.10177911178623204,-0.13549041173440773,
2026-07-07,,0.36773273470977663,0.46149724129127107,-0.08551919115936378,,,,,-0.10184074280622013,-0.13513122121885315,
2026-07-08,0.3784257359725538,0.36984103422678244,0.4632627602636186,-0.08860058029636508,-0.20708046634344127,0.3287973787875945,-0.28186647069726,-0.07166710033053549,-0.10166615990483985,-0.13562213342587473,
2026-07-09,0.4012375936770927,0.40155807793963855,0.4925294633658081,-0.0992934185066912,-0.21996658292150492,0.3527894822233365,-0.28424130684838794,-0.08840647498406874,-0.11869676407686908,-0.16482902245747127,
2026-07-10,0.4029911953739002,0.40336594249632457,0.4939657309649164,-0.09977599817373414,-0.22195554815011626,0.3590202323764881,-0.2902509946051541,-0.10032576819933525,-0.13119280187665067,-0.16345634327000444,
2026-07-13,0.4023981353797257,0.4019656795793243,0.4927799957302803,-0.09622251309846902,-0.22358331675327078,0.3579547078127491,-0.28861873657876636,-0.10059295273235949,-0.13100167163586302,-0.16265434147679925,
2026-07-14,0.4029561304532937,0.4033045105508521,0.4938576938671689,-0.09539997044656258,-0.22572522533140277,0.35889544606953205,-0.2898624206873871,-0.10335454921458602,-0.13405988869699784,-0.1616276817560604,
2026-07-15,0.4023483362097482,0.40343121968641055,0.4939665469241098,-0.09662224633165317,-0.22301218583793708,0.3585605633794394,-0.28819692142578845,-0.10196544417556103,-0.134757946529683,-0.1620170060351326,
2026-07-16,0.4030847429130212,0.40337740037970365,0.49427470471466317,-0.09642351548279852,-0.22513717670128977,0.35898213409549756,-0.2879466268173325,-0.1037085907928963,-0.13641140268860286,-0.16204670157455695,
2026-07-17,0.4007240520838289,0.40309562253285586,0.49406412536453553,-0.09900560876203685,-0.22640967907467074,0.36104060390111653,-0.29006887776846924,-0.10359059836631988,-0.13572064259756508,-0.1615774923549114,
2026-07-20,0.400421333449986,0.4026851289601991,0.49435157730364104,-0.09828589170332727,-0.22483527449317978,0.360600661762294,-0.29045140524207946,-0.10020156519426753,-0.1330972360556595,-0.164171835281112,
2026-07-21,0.40038789623570686,0.4049578501114781,0.4964413227008683,-0.09445121907930051,-0.2196730574362851,0.3646932804452159,-0.29500330263259567,-0.09383461551612512,-0.12871670711419864,-0.16465226361934077,
2026-07-22,0.4007315441458567,0.4022354450600604,0.4952465197030283,-0.09534379923379324,-0.21921083175186112,0.36491081244066514,-0.2945308075175274,-0.09397086784960056,-0.12877356593653236,-0.16388793099801083,
2026-07-23,0.39892905394816014,0.40454936646583034,0.4972145211740161,-0.1004376044721565,-0.21910445635543754,0.3689271770508107,-0.29848954732285454,-0.09584668204944341,-0.13126078583969578,-0.16958536878892377,
2026-07-24,0.4002404568340497,0.40763303178387345,0.4978847473874897,-0.09937572011270807,-0.21785780159274484,0.3673541099228289,-0.2967118797481353,-0.0999244485998654,-0.13825348830369397,-0.16666069491167565,
2026-07-27,0.4002346691579882,0.40756002911966016,0.4977577995860862,-0.09915599553353495,-0.21765914780542575,0.36734031265133343,-0.2966879404472315,-0.09994002607605773,-0.13970505261077612,-0.16657683015788316,
2026-07-28,0.3999804214989017,0.40763873234236714,0.4978087955574888,-0.0984253315574348,-0.21728002423680837,0.3675373547811937,-0.29672883372586006,-0.0996028673586246,-0.13937558956314652,-0.1666351616303312,
2026-07-29,0.39993954708664153,0.40677703158852013,0.4983913558339949,-0.09727183072346926,-0.2034984747045054,0.3682322176535284,-0.2979129357734445,-0.09639805925024411,-0.13701041962201282,-0.16959117640281682,
2026-07-30,0.390166888320484,0.4089617073498405,0.4985490619178545,-0.09888094903363677,-0.2111504255427483,0.37342665657758967,-0.3049511423566057,-0.09212336351996304,-0.13784074885510758,-0.17170382264327053,
2026-07-31,0.38995375979993796,0.4084535835025874,0.4982427797548031,-0.09865611864173554,-0.21118400492068654,0.3725587377485177,-0.3048357682339543,-0.09103026384530856,-0.13653979380357045,-0.1712851690940234,
2026-08-03,0.4504654933401154,0.5471594362648297,0.6362245327200692,-0.15603095471622863,-0.2699262927789828,0.4750115044161548,-0.3569621091930309,-0.15134785522500627,-0.15594800317653162,-0.26440848851527565,
2026-08-04,0.45087060012470404,0.5468159778727038,0.6381054718331401,-0.1577598156294761,-0.26356172946918693,0.4901624274356422,-0.36999500567557814,-0.14554818442045495,-0.15106629416218573,-0.2991524410453971,
2026-08-05,0.449443500311191,0.5474149276250664,0.6388675073119393,-0.1583767660310336,-0.2646437554500564,0.49213907096127596,-0.3741657128924128,-0.14637146988681787,-0.1514769487120316,-0.3007030948556418,
2026-08-06,0.45018988663394843,0.5482960578302998,0.6405736171237711,-0.1607395406021268,-0.2653629431063753,0.491207554781364,-0.3731125304920801,-0.1476842704218325,-0.1513455620460547,-0.3025307086071538,
2026-08-07,0.4499151210462442,0.5402081018664071,0.635699300221273,-0.16136637542413484,-0.2591544464162139,0.4865618275376642,-0.3709648736830893,-0.14668484550136174,-0.14703924104570787,-0.3011278579976551,
2026-08-10,0.4499513800238293,0.54067512419529,0.6358365057143694,-0.16034838272638605,-0.25827882203759917,0.4863419371477209,-0.3707746441874557,-0.1455283996792748,-0.14651176863594845,-0.30186382423131713,
2026-08-11,0.45045554146116523,0.539844830003829,0.6364217657807189,-0.16037987333645914,-0.256496816046659,0.48438173304470344,-0.3681839108288925,-0.14969211913755837,-0.14652492526366606,-0.3015854942103947,
2026-08-12,0.4496621037394656,0.5391102821346831,0.6357219114818186,-0.16042803847059867,-0.25543646777378326,0.4836736425721722,-0.3662525962914411,-0.15039557260007586,-0.14700548592619128,-0.30151106500430275,
2026-08-13,0.44779967940809134,0.5405986985586002,0.6366487374066615,-0.15866761906506155,-0.251564395912999,0.480206940108928,-0.36307439614516185,-0.15173214715413036,-0.151565330557769,-0.3014590995803806,
2026-08-14,0.4475991015934834,0.5409384042453861,0.6375371066687674,-0.1592027940472929,-0.2528621551934761,0.4809350704034941,-0.36348087825251857,-0.1544214158755506,-0.15428351521397926,-0.3022630463090707,
2026-08-17,0.44593508421095096,0.5404358107383298,0.6371486443828848,-0.15860613945303498,-0.2521087951888727,0.48058724966789884,-0.3628956241906919,-0.15332170178266805,-0.15341214871164952,-0.3024665207515635,
2026-08-18,0.45124705410810995,0.5404720452663048,0.639216607002358,-0.15759607624253766,-0.25136838198091865,0.4834929001183502,-0.36443497986203444,-0.15030008640548237,-0.15360545645506074,-0.3012699710843942,
