Date,Adj Close,Close,High,Low,Open,Volume
2010-01-04,1.5019999742507935,1.5019999742507935,1.5019999742507935,1.5019999742507935,1.5019999742507935,0
2010-01-05,1.4936000108718872,1.4936000108718872,1.4936000108718872,1.4936000108718872,1.4936000108718872,0
2010-01-06,1.4881000518798828,1.4881000518798828,1.4881000518798828,1.4881000518798828,1.4881000518798828,0
2010-01-07,1.4811999797821045,1.4811999797821045,1.4811999797821045,1.4811999797821045,1.4811999797821045,8
2010-01-08,1.4874999523162842,1.4874999523162842,1.4874999523162842,1.4874999523162842,1.4874999523162842,0
2010-01-11,1.500100016593933,1.500100016593933,1.500100016593933,1.500100016593933,1.500100016593933,8
2010-01-12,1.5046000480651855,1.5046000480651855,1.5046000480651855,1.5046000480651855,1.5046000480651855,0
2010-01-13,1.4954999685287476,1.4954999685287476,1.4954999685287476,1.4954999685287476,1.4954999685287476,8
2010-01-14,1.483199954032898,1.483199954032898,1.483199954032898,1.483199954032898,1.483199954032898,48
2010-01-15,1.4789999723434448,1.4789999723434448,1.4789999723434448,1.4789999723434448,1.4789999723434448,0
2010-01-19,1.4737000465393066,1.4737000465393066,1.4737000465393066,1.4737000465393066,1.4737000465393066,0
2010-01-20,1.4772000312805176,1.4772000312805176,1.4772000312805176,1.4772000312805176,1.4772000312805176,0
2010-01-21,1.481600046157837,1.481600046157837,1.481600046157837,1.481600046157837,1.481600046157837,0
2010-01-22,1.4966000318527222,1.4966000318527222,1.4966000318527222,1.4966000318527222,1.4966000318527222,0
2010-01-25,1.496000051498413,1.496000051498413,1.496000051498413,1.496000051498413,1.496000051498413,0
2010-01-26,1.4938000440597534,1.4938000440597534,1.4938000440597534,1.4938000440597534,1.4938000440597534,0
2010-01-27,1.49590003490448,1.49590003490448,1.49590003490448,1.49590003490448,1.49590003490448,0
2010-01-28,1.4886000156402588,1.4886000156402588,1.4886000156402588,1.4886000156402588,1.4886000156402588,0
2010-01-29,1.4829000234603882,1.4829000234603882,1.4829000234603882,1.4829000234603882,1.4829000234603882,0
2010-02-01,1.4803999662399292,1.4803999662399292,1.4803999662399292,1.4803999662399292,1.4803999662399292,0
2010-02-02,1.4794000387191772,1.4794000387191772,1.4794000387191772,1.4794000387191772,1.4794000387191772,0
2010-02-03,1.4759999513626099,1.4759999513626099,1.4759999513626099,1.4759999513626099,1.4759999513626099,0
2010-02-04,1.473099946975708,1.473099946975708,1.473099946975708,1.473099946975708,1.473099946975708,1
2010-02-05,1.4632999897003174,1.4632999897003174,1.4632999897003174,1.4632999897003174,1.4632999897003174,1
2010-02-08,1.4672000408172607,1.4672000408172607,1.4672000408172607,1.4672000408172607,1.4672000408172607,1
2010-02-09,1.4723000526428223,1.4723000526428223,1.4723000526428223,1.4723000526428223,1.4723000526428223,1
2010-02-10,1.4580999612808228,1.4580999612808228,1.4580999612808228,1.4580999612808228,1.4580999612808228,1
2010-02-11,1.4368000030517578,1.4368000030517578,1.4368000030517578,1.4368000030517578,1.4368000030517578,1
2010-02-12,1.430999994277954,1.430999994277954,1.430999994277954,1.430999994277954,1.430999994277954,1
2010-02-16,1.437399983406067,1.437399983406067,1.437399983406067,1.437399983406067,1.437399983406067,1
2010-02-17,1.4222999811172485,1.4222999811172485,1.4222999811172485,1.4222999811172485,1.4222999811172485,1
2010-02-18,1.416100025177002,1.416100025177002,1.416100025177002,1.416100025177002,1.416100025177002,1
2010-02-19,1.4144999980926514,1.4144999980926514,1.4144999980926514,1.4144999980926514,1.4144999980926514,1
2010-02-22,1.4174000024795532,1.4174000024795532,1.4174000024795532,1.4174000024795532,1.4174000024795532,1
2010-02-23,1.4270999431610107,1.4270999431610107,1.4270999431610107,1.4270999431610107,1.4270999431610107,1
2010-02-24,1.42739999294281,1.42739999294281,1.42739999294281,1.42739999294281,1.42739999294281,1
2010-02-25,1.4390000104904175,1.4390000104904175,1.4390000104904175,1.4390000104904175,1.4390000104904175,1
2010-02-26,1.4327000379562378,1.4327000379562378,1.4327000379562378,1.4327000379562378,1.4327000379562378,1
2010-03-01,1.413599967956543,1.413599967956543,1.413599967956543,1.413599967956543,1.413599967956543,1
2010-03-02,1.4089000225067139,1.4089000225067139,1.4089000225067139,1.4089000225067139,1.4089000225067139,1
2010-03-03,1.4127000570297241,1.4127000570297241,1.4127000570297241,1.4127000570297241,1.4127000570297241,1
2010-03-04,1.3995000123977661,1.3995000123977661,1.3995000123977661,1.3995000123977661,1.3995000123977661,1
2010-03-05,1.4026000499725342,1.4026000499725342,1.4026000499725342,1.4026000499725342,1.4026000499725342,1
2010-03-08,1.4011000394821167,1.4011000394821167,1.4011000394821167,1.4011000394821167,1.4011000394821167,3
2010-03-09,1.3948999643325806,1.3948999643325806,1.3948999643325806,1.3948999643325806,1.3948999643325806,3
2010-03-10,1.4011000394821167,1.4011000394821167,1.4011000394821167,1.4011000394821167,1.4011000394821167,2
2010-03-11,1.4018000364303589,1.4018000364303589,1.4018000364303589,1.4018000364303589,1.4018000364303589,2
2010-03-12,1.399999976158142,1.399999976158142,1.399999976158142,1.399999976158142,1.399999976158142,2
2010-03-15,1.3977999687194824,1.3977999687194824,1.455399990081787,1.455399990081787,1.455399990081787,3
2010-03-16,1.395900011062622,1.395900011062622,1.395900011062622,1.395900011062622,1.395900011062622,3
2010-03-17,1.3875999450683594,1.3875999450683594,1.3875999450683594,1.3875999450683594,1.3875999450683594,3
2010-03-18,1.379699945449829,1.379699945449829,1.379699945449829,1.379699945449829,1.379699945449829,3
2010-03-19,1.375100016593933,1.375100016593933,1.375100016593933,1.375100016593933,1.375100016593933,3
2010-03-22,1.381500005722046,1.381500005722046,1.381500005722046,1.381500005722046,1.381500005722046,6
2010-03-23,1.3727999925613403,1.3727999925613403,1.3727999925613403,1.3727999925613403,1.3727999925613403,6
2010-03-24,1.3668999671936035,1.3668999671936035,1.3668999671936035,1.3668999671936035,1.3668999671936035,6
2010-03-25,1.3593000173568726,1.3593000173568726,1.3593000173568726,1.3593000173568726,1.3593000173568726,4
2010-03-26,1.3782999515533447,1.3782999515533447,1.3782999515533447,1.3782999515533447,1.3782999515533447,4
2010-03-29,1.3762999773025513,1.3762999773025513,1.3762999773025513,1.3762999773025513,1.3762999773025513,4
2010-03-30,1.3680000305175781,1.3680000305175781,1.3680000305175781,1.3680000305175781,1.3680000305175781,4
2010-03-31,1.371399998664856,1.371399998664856,1.371399998664856,1.371399998664856,1.371399998664856,4
2010-04-01,1.36899995803833,1.36899995803833,1.36899995803833,1.36899995803833,1.36899995803833,4
2010-04-05,1.3529000282287598,1.3529000282287598,1.3529000282287598,1.3529000282287598,1.3529000282287598,4
2010-04-06,1.339400053024292,1.339400053024292,1.339400053024292,1.339400053024292,1.339400053024292,4
2010-04-07,1.3423000574111938,1.3423000574111938,1.3423000574111938,1.3423000574111938,1.3423000574111938,4
2010-04-08,1.339400053024292,1.339400053024292,1.339400053024292,1.339400053024292,1.339400053024292,4
2010-04-09,1.3524999618530273,1.3524999618530273,1.3524999618530273,1.3524999618530273,1.3524999618530273,4
2010-04-12,1.3632999658584595,1.3632999658584595,1.3632999658584595,1.3632999658584595,1.3632999658584595,4
2010-04-13,1.3630000352859497,1.3630000352859497,1.3630000352859497,1.3630000352859497,1.3630000352859497,4
2010-04-14,1.36489999294281,1.36489999294281,1.36489999294281,1.36489999294281,1.36489999294281,4
2010-04-15,1.360700011253357,1.360700011253357,1.360700011253357,1.360700011253357,1.360700011253357,4
2010-04-16,1.3698999881744385,1.3698999881744385,1.3698999881744385,1.3698999881744385,1.3698999881744385,4
2010-04-19,1.367900013923645,1.367900013923645,1.367900013923645,1.367900013923645,1.367900013923645,4
2010-04-20,1.3417999744415283,1.3417999744415283,1.3417999744415283,1.3417999744415283,1.3417999744415283,4
2010-04-21,1.340999960899353,1.340999960899353,1.340999960899353,1.340999960899353,1.340999960899353,4
2010-04-22,1.330399990081787,1.330399990081787,1.330399990081787,1.330399990081787,1.330399990081787,4
2010-04-23,1.3388999700546265,1.3388999700546265,1.3388999700546265,1.3388999700546265,1.3388999700546265,4
2010-04-26,1.3365999460220337,1.3365999460220337,1.3365999460220337,1.3365999460220337,1.3365999460220337,4
2010-04-27,1.339900016784668,1.339900016784668,1.339900016784668,1.339900016784668,1.339900016784668,4
2010-04-28,1.3293999433517456,1.3293999433517456,1.3293999433517456,1.3293999433517456,1.3293999433517456,4
2010-04-29,1.332900047302246,1.332900047302246,1.332900047302246,1.332900047302246,1.332900047302246,1
2010-04-30,1.3532999753952026,1.3532999753952026,1.3532999753952026,1.3532999753952026,1.3532999753952026,4
2010-05-03,1.3351999521255493,1.3351999521255493,1.3351999521255493,1.3351999521255493,1.3351999521255493,4
2010-05-04,1.333299994468689,1.333299994468689,1.333299994468689,1.333299994468689,1.333299994468689,4
2010-05-05,1.323099970817566,1.323099970817566,1.323099970817566,1.323099970817566,1.323099970817566,4
2010-05-06,1.3396999835968018,1.3396999835968018,1.3396999835968018,1.3396999835968018,1.3396999835968018,4
2010-05-07,1.3282999992370605,1.3282999992370605,1.3282999992370605,1.3282999992370605,1.3282999992370605,8
2010-05-10,1.3116999864578247,1.3116999864578247,1.3116999864578247,1.3116999864578247,1.3116999864578247,16
2010-05-11,1.2934999465942383,1.2934999465942383,1.2934999465942383,1.2934999465942383,1.2934999465942383,16
2010-05-12,1.2884000539779663,1.2884000539779663,1.2884000539779663,1.2884000539779663,1.2884000539779663,16
2010-05-13,1.27839994430542,1.27839994430542,1.27839994430542,1.27839994430542,1.27839994430542,16
2010-05-14,1.2783000469207764,1.2783000469207764,1.2783000469207764,1.2783000469207764,1.2783000469207764,16
2010-05-17,1.2826000452041626,1.2826000452041626,1.2826000452041626,1.2826000452041626,1.2826000452041626,16
2010-05-18,1.2699999809265137,1.2699999809265137,1.2699999809265137,1.2699999809265137,1.2699999809265137,16
2010-05-19,1.2967000007629395,1.2967000007629395,1.2967000007629395,1.2967000007629395,1.2967000007629395,16
2010-05-20,1.3384000062942505,1.3384000062942505,1.3384000062942505,1.3384000062942505,1.3384000062942505,11
2010-05-21,1.3375999927520752,1.3375999927520752,1.3375999927520752,1.3375999927520752,1.3375999927520752,20
2010-05-24,1.3116999864578247,1.3116999864578247,1.3116999864578247,1.3116999864578247,1.3116999864578247,20
2010-05-25,1.3250999450683594,1.3250999450683594,1.3250999450683594,1.3250999450683594,1.3250999450683594,20
2010-05-26,1.2989000082015991,1.2989000082015991,1.2989000082015991,1.2989000082015991,1.2989000082015991,20
2010-05-27,1.3003000020980835,1.3003000020980835,1.3003000020980835,1.3003000020980835,1.3003000020980835,20
2010-05-28,1.2955000400543213,1.2955000400543213,1.2955000400543213,1.2955000400543213,1.2955000400543213,20
2010-06-01,1.287500023841858,1.287500023841858,1.2869999408721924,1.2869999408721924,1.2869999408721924,6
2010-06-02,1.2730000019073486,1.2730000019073486,1.2730000019073486,1.2730000019073486,1.2730000019073486,6
2010-06-03,1.2684999704360962,1.2684999704360962,1.2684999704360962,1.2684999704360962,1.2684999704360962,16
2010-06-04,1.2683000564575195,1.2683000564575195,1.2683000564575195,1.2683000564575195,1.2683000564575195,16
2010-06-07,1.2618999481201172,1.2618999481201172,1.2618999481201172,1.2618999481201172,1.2618999481201172,16
2010-06-08,1.253999948501587,1.253999948501587,1.253999948501587,1.253999948501587,1.253999948501587,16
2010-06-09,1.2517000436782837,1.2517000436782837,1.2517000436782837,1.2517000436782837,1.2517000436782837,1
2010-06-10,1.2477999925613403,1.2477999925613403,1.2477999925613403,1.2477999925613403,1.2477999925613403,3
2010-06-11,1.2525999546051025,1.2525999546051025,1.2525999546051025,1.2525999546051025,1.2525999546051025,2
2010-06-14,1.2553999423980713,1.2553999423980713,1.2553000450134277,1.2553000450134277,1.2553000450134277,3
2010-06-15,1.2674000263214111,1.2674000263214111,1.2674000263214111,1.2674000263214111,1.2674000263214111,3
2010-06-16,1.2627999782562256,1.2627999782562256,1.2627999782562256,1.2627999782562256,1.2627999782562256,3
2010-06-17,1.274399995803833,1.274399995803833,1.274399995803833,1.274399995803833,1.274399995803833,3
2010-06-18,1.2652000188827515,1.2652000188827515,1.2652000188827515,1.2652000188827515,1.2652000188827515,3
2010-06-21,1.2621999979019165,1.2621999979019165,1.2621999979019165,1.2621999979019165,1.2621999979019165,3
2010-06-22,1.2632999420166016,1.2632999420166016,1.2632999420166016,1.2632999420166016,1.2632999420166016,3
2010-06-23,1.2812999486923218,1.2812999486923218,1.2812999486923218,1.2812999486923218,1.2812999486923218,82
2010-06-24,1.2867000102996826,1.2867000102996826,1.2867000102996826,1.2867000102996826,1.2867000102996826,82
2010-06-25,1.2841999530792236,1.2841999530792236,1.2841999530792236,1.2841999530792236,1.2841999530792236,82
2010-06-28,1.2723000049591064,1.2723000049591064,1.2723000049591064,1.2723000049591064,1.2723000049591064,24
2010-06-29,1.2889000177383423,1.2889000177383423,1.2889000177383423,1.2889000177383423,1.2889000177383423,25
2010-06-30,1.3027000427246094,1.3027000427246094,1.3027000427246094,1.3027000427246094,1.3027000427246094,25
2010-07-01,1.3235000371932983,1.3235000371932983,1.3235000371932983,1.3235000371932983,1.3235000371932983,25
2010-07-02,1.3367999792099,1.3367999792099,1.3367999792099,1.3367999792099,1.3367999792099,25
2010-07-06,1.3331999778747559,1.3331999778747559,1.3331999778747559,1.3331999778747559,1.3331999778747559,25
2010-07-07,1.3279000520706177,1.3279000520706177,1.3279000520706177,1.3279000520706177,1.3279000520706177,25
2010-07-08,1.3252999782562256,1.3252999782562256,1.3252999782562256,1.3252999782562256,1.3252999782562256,17
2010-07-09,1.3063000440597534,1.3063000440597534,1.3063000440597534,1.3063000440597534,1.3063000440597534,17
2010-07-12,1.3071000576019287,1.3071000576019287,1.3071000576019287,1.3071000576019287,1.3071000576019287,17
2010-07-13,1.3121999502182007,1.3121999502182007,1.3121999502182007,1.3121999502182007,1.3121999502182007,17
2010-07-14,1.318600058555603,1.318600058555603,1.318600058555603,1.318600058555603,1.318600058555603,24
2010-07-15,1.3393000364303589,1.3393000364303589,1.3393000364303589,1.3393000364303589,1.3393000364303589,24
2010-07-16,1.3652000427246094,1.3652000427246094,1.3652000427246094,1.3652000427246094,1.3652000427246094,24
2010-07-19,1.3675999641418457,1.3675999641418457,1.3675999641418457,1.3675999641418457,1.3675999641418457,24
2010-07-20,1.3509000539779663,1.3509000539779663,1.3509000539779663,1.3509000539779663,1.3509000539779663,24
2010-07-21,1.3384000062942505,1.3384000062942505,1.3384000062942505,1.3384000062942505,1.3384000062942505,24
2010-07-22,1.337399959564209,1.337399959564209,1.337399959564209,1.337399959564209,1.337399959564209,24
2010-07-23,1.3401999473571777,1.3401999473571777,1.3401999473571777,1.3401999473571777,1.3401999473571777,24
2010-07-26,1.344099998474121,1.344099998474121,1.344099998474121,1.344099998474121,1.344099998474121,24
2010-07-27,1.3468999862670898,1.3468999862670898,1.3468999862670898,1.3468999862670898,1.3468999862670898,24
2010-07-28,1.3481999635696411,1.3481999635696411,1.3481999635696411,1.3481999635696411,1.3481999635696411,24
2010-07-29,1.3552000522613525,1.3552000522613525,1.3552000522613525,1.3552000522613525,1.3552000522613525,54
2010-07-30,1.3442000150680542,1.3442000150680542,1.3442000150680542,1.3442000150680542,1.3442000150680542,54
2010-08-02,1.3488999605178833,1.3488999605178833,1.3488999605178833,1.3488999605178833,1.3488999605178833,54
2010-08-03,1.3545000553131104,1.3545000553131104,1.3545000553131104,1.3545000553131104,1.3545000553131104,54
2010-08-04,1.3396999835968018,1.3396999835968018,1.3396999835968018,1.3396999835968018,1.3396999835968018,12
2010-08-05,1.3406000137329102,1.3406000137329102,1.3406000137329102,1.3406000137329102,1.3406000137329102,36
2010-08-06,1.3674999475479126,1.3674999475479126,1.3674999475479126,1.3674999475479126,1.3674999475479126,36
2010-08-09,1.3583999872207642,1.3583999872207642,1.3583999872207642,1.3583999872207642,1.3583999872207642,36
2010-08-10,1.3622000217437744,1.3622000217437744,1.3622000217437744,1.3622000217437744,1.3622000217437744,36
2010-08-11,1.3486000299453735,1.3486000299453735,1.3486000299453735,1.3486000299453735,1.3486000299453735,36
2010-08-12,1.3396999835968018,1.3396999835968018,1.3396999835968018,1.3396999835968018,1.3396999835968018,36
2010-08-13,1.329699993133545,1.329699993133545,1.329699993133545,1.329699993133545,1.329699993133545,36
2010-08-16,1.3385000228881836,1.3385000228881836,1.3385000228881836,1.3385000228881836,1.3385000228881836,36
2010-08-17,1.330399990081787,1.330399990081787,1.330399990081787,1.330399990081787,1.330399990081787,38
2010-08-18,1.3220000267028809,1.3220000267028809,1.3220000267028809,1.3220000267028809,1.3220000267028809,34
2010-08-19,1.333400011062622,1.333400011062622,1.333400011062622,1.333400011062622,1.333400011062622,34
2010-08-20,1.333299994468689,1.333299994468689,1.333299994468689,1.333299994468689,1.333299994468689,34
2010-08-23,1.3336000442504883,1.3336000442504883,1.3336000442504883,1.3336000442504883,1.3336000442504883,34
2010-08-24,1.3437000513076782,1.3437000513076782,1.3437000513076782,1.3437000513076782,1.3437000513076782,66
2010-08-25,1.3423000574111938,1.3423000574111938,1.3423000574111938,1.3423000574111938,1.3423000574111938,66
2010-08-26,1.3443000316619873,1.3443000316619873,1.3443000316619873,1.3443000316619873,1.3443000316619873,66
2010-08-27,1.3401000499725342,1.3401000499725342,1.3401000499725342,1.3401000499725342,1.3401000499725342,66
2010-08-30,1.3413000106811523,1.3413000106811523,1.3413000106811523,1.3413000106811523,1.3413000106811523,66
2010-08-31,1.3516000509262085,1.3516000509262085,1.3516000509262085,1.3516000509262085,1.3516000509262085,66
2010-09-01,1.3467999696731567,1.3467999696731567,1.3467999696731567,1.3467999696731567,1.3467999696731567,66
2010-09-02,1.3515000343322754,1.3515000343322754,1.3515000343322754,1.3515000343322754,1.3515000343322754,66
2010-09-03,1.3387000560760498,1.3387000560760498,1.3387000560760498,1.3387000560760498,1.3387000560760498,66
2010-09-07,1.330299973487854,1.330299973487854,1.330299973487854,1.330299973487854,1.330299973487854,66
2010-09-08,1.3187999725341797,1.3187999725341797,1.3187999725341797,1.3187999725341797,1.3187999725341797,21
2010-09-09,1.311900019645691,1.311900019645691,1.311900019645691,1.311900019645691,1.311900019645691,24
2010-09-10,1.3166999816894531,1.3166999816894531,1.3166999816894531,1.3166999816894531,1.3166999816894531,24
2010-09-13,1.3207999467849731,1.3207999467849731,1.3207999467849731,1.3207999467849731,1.3207999467849731,54
2010-09-14,1.3365000486373901,1.3365000486373901,1.3365000486373901,1.3365000486373901,1.3365000486373901,54
2010-09-15,1.3382999897003174,1.3382999897003174,1.3382999897003174,1.3382999897003174,1.3382999897003174,54
2010-09-16,1.3458000421524048,1.3458000421524048,1.3458000421524048,1.3458000421524048,1.3458000421524048,54
2010-09-17,1.3468999862670898,1.3468999862670898,1.3468999862670898,1.3468999862670898,1.3468999862670898,54
2010-09-20,1.3456000089645386,1.3456000089645386,1.3456000089645386,1.3456000089645386,1.3456000089645386,54
2010-09-21,1.3594000339508057,1.3594000339508057,1.3594000339508057,1.3594000339508057,1.3594000339508057,54
2010-09-22,1.3818000555038452,1.3818000555038452,1.3818000555038452,1.3818000555038452,1.3818000555038452,54
2010-09-23,1.378499984741211,1.378499984741211,1.378499984741211,1.378499984741211,1.378499984741211,54
2010-09-24,1.38510000705719,1.38510000705719,1.38510000705719,1.38510000705719,1.38510000705719,54
2010-09-27,1.3842999935150146,1.3842999935150146,1.3842999935150146,1.3842999935150146,1.3842999935150146,54
2010-09-28,1.4006999731063843,1.4006999731063843,1.4006999731063843,1.4006999731063843,1.4006999731063843,54
2010-09-29,1.4078999757766724,1.4078999757766724,1.4078999757766724,1.4078999757766724,1.4078999757766724,54
2010-09-30,1.4036999940872192,1.4036999940872192,1.4036999940872192,1.4036999940872192,1.4036999940872192,54
2010-10-01,1.4055999517440796,1.4055999517440796,1.4055999517440796,1.4055999517440796,1.4055999517440796,54
2010-10-04,1.4011000394821167,1.4011000394821167,1.4011000394821167,1.4011000394821167,1.4011000394821167,54
2010-10-05,1.4081000089645386,1.4081000089645386,1.4081000089645386,1.4081000089645386,1.4081000089645386,54
2010-10-06,1.4086999893188477,1.4086999893188477,1.4086999893188477,1.4086999893188477,1.4086999893188477,4
2010-10-07,1.420199990272522,1.420199990272522,1.420199990272522,1.420199990272522,1.420199990272522,4
2010-10-08,1.4108999967575073,1.4108999967575073,1.4108999967575073,1.4108999967575073,1.4108999967575073,4
2010-10-11,1.4081000089645386,1.4081000089645386,1.4081000089645386,1.4081000089645386,1.4081000089645386,4
2010-10-12,1.4076000452041626,1.4076000452041626,1.4076000452041626,1.4076000452041626,1.4076000452041626,4
2010-10-13,1.4027999639511108,1.4027999639511108,1.4027999639511108,1.4027999639511108,1.4027999639511108,72
2010-10-14,1.4168000221252441,1.4168000221252441,1.4168000221252441,1.4168000221252441,1.4168000221252441,72
2010-10-15,1.4157999753952026,1.4157999753952026,1.4157999753952026,1.4157999753952026,1.4157999753952026,72
2010-10-18,1.4211000204086304,1.4211000204086304,1.4211000204086304,1.4211000204086304,1.4211000204086304,11
2010-10-19,1.4217000007629395,1.4217000007629395,1.4217000007629395,1.4217000007629395,1.4217000007629395,13
2010-10-20,1.4279999732971191,1.4279999732971191,1.4279999732971191,1.4279999732971191,1.4279999732971191,13
2010-10-21,1.4320000410079956,1.4320000410079956,1.4320000410079956,1.4320000410079956,1.4320000410079956,84
2010-10-22,1.4316999912261963,1.4316999912261963,1.4316999912261963,1.4316999912261963,1.4316999912261963,84
2010-10-25,1.4242000579833984,1.4242000579833984,1.4242000579833984,1.4242000579833984,1.4242000579833984,84
2010-10-26,1.4194999933242798,1.4194999933242798,1.4194999933242798,1.4194999933242798,1.4194999933242798,84
2010-10-27,1.4177000522613525,1.4177000522613525,1.4177000522613525,1.4177000522613525,1.4177000522613525,84
2010-10-28,1.4226000308990479,1.4226000308990479,1.4226000308990479,1.4226000308990479,1.4226000308990479,84
2010-10-29,1.4182000160217285,1.4182000160217285,1.4182000160217285,1.4182000160217285,1.4182000160217285,84
2010-11-01,1.4138000011444092,1.4138000011444092,1.4138000011444092,1.4138000011444092,1.4138000011444092,84
2010-11-02,1.4169000387191772,1.4169000387191772,1.4169000387191772,1.4169000387191772,1.4169000387191772,84
2010-11-03,1.4194999933242798,1.4194999933242798,1.4194999933242798,1.4194999933242798,1.4194999933242798,84
2010-11-04,1.4259999990463257,1.4259999990463257,1.4259999990463257,1.4259999990463257,1.4259999990463257,84
2010-11-05,1.405500054359436,1.405500054359436,1.405500054359436,1.405500054359436,1.405500054359436,84
2010-11-08,1.396399974822998,1.396399974822998,1.396399974822998,1.396399974822998,1.396399974822998,84
2010-11-09,1.3871999979019165,1.3871999979019165,1.3871999979019165,1.3871999979019165,1.3871999979019165,84
2010-11-10,1.3776999711990356,1.3776999711990356,1.3776999711990356,1.3776999711990356,1.3776999711990356,84
2010-11-11,1.375100016593933,1.375100016593933,1.375100016593933,1.375100016593933,1.375100016593933,84
2010-11-12,1.3834999799728394,1.3834999799728394,1.3834999799728394,1.3834999799728394,1.3834999799728394,84
2010-11-15,1.3708000183105469,1.3708000183105469,1.3708000183105469,1.3708000183105469,1.3708000183105469,84
2010-11-16,1.378499984741211,1.378499984741211,1.378499984741211,1.378499984741211,1.378499984741211,84
2010-11-17,1.384600043296814,1.384600043296814,1.384600043296814,1.384600043296814,1.384600043296814,84
2010-11-18,1.392899990081787,1.392899990081787,1.392899990081787,1.392899990081787,1.392899990081787,84
2010-11-19,1.3926000595092773,1.3926000595092773,1.3926000595092773,1.3926000595092773,1.3926000595092773,84
2010-11-22,1.3871999979019165,1.3871999979019165,1.3871999979019165,1.3871999979019165,1.3871999979019165,84
2010-11-23,1.3698999881744385,1.3698999881744385,1.3698999881744385,1.3698999881744385,1.3698999881744385,84
2010-11-24,1.3476999998092651,1.3476999998092651,1.3476999998092651,1.3476999998092651,1.3476999998092651,84
2010-11-26,1.3503999710083008,1.3503999710083008,1.3503999710083008,1.3503999710083008,1.3503999710083008,84
2010-11-29,1.337399959564209,1.337399959564209,1.337399959564209,1.337399959564209,1.337399959564209,84
2010-11-30,1.3348000049591064,1.3348000049591064,1.3348000049591064,1.3348000049591064,1.3348000049591064,84
2010-12-01,1.3343000411987305,1.3343000411987305,1.3343000411987305,1.3343000411987305,1.3343000411987305,84
2010-12-02,1.3251999616622925,1.3251999616622925,1.3251999616622925,1.3251999616622925,1.3251999616622925,84
2010-12-03,1.343999981880188,1.343999981880188,1.343999981880188,1.343999981880188,1.343999981880188,84
2010-12-06,1.3380000591278076,1.3380000591278076,1.3380000591278076,1.3380000591278076,1.3380000591278076,84
2010-12-07,1.3413000106811523,1.3413000106811523,1.3413000106811523,1.3413000106811523,1.3413000106811523,84
2010-12-08,1.339900016784668,1.339900016784668,1.339900016784668,1.339900016784668,1.339900016784668,84
2010-12-09,1.3380999565124512,1.3380999565124512,1.3380999565124512,1.3380999565124512,1.3380999565124512,46
2010-12-10,1.3346999883651733,1.3346999883651733,1.3346999883651733,1.3346999883651733,1.3346999883651733,12
2010-12-13,1.34089994430542,1.34089994430542,1.34089994430542,1.34089994430542,1.34089994430542,69
2010-12-14,1.3479000329971313,1.3479000329971313,1.3479000329971313,1.3479000329971313,1.3479000329971313,69
2010-12-15,1.3286999464035034,1.3286999464035034,1.3286999464035034,1.3286999464035034,1.3286999464035034,69
2010-12-16,1.3309999704360962,1.3309999704360962,1.3309999704360962,1.3309999704360962,1.3309999704360962,69
2010-12-17,1.3336999416351318,1.3336999416351318,1.3336999416351318,1.3336999416351318,1.3336999416351318,1
2010-12-20,1.3372000455856323,1.3372000455856323,1.3372000455856323,1.3372000455856323,1.3372000455856323,1
2010-12-21,1.3356000185012817,1.3356000185012817,1.3356000185012817,1.3356000185012817,1.3356000185012817,1
2010-12-22,1.3285000324249268,1.3285000324249268,1.3285000324249268,1.3285000324249268,1.3285000324249268,1
2010-12-23,1.3243000507354736,1.3243000507354736,1.3243000507354736,1.3243000507354736,1.3243000507354736,1
2010-12-27,1.325700044631958,1.325700044631958,1.325700044631958,1.325700044631958,1.325700044631958,1
2010-12-28,1.3131999969482422,1.3131999969482422,1.3131999969482422,1.3131999969482422,1.3131999969482422,1
2010-12-29,1.3236000537872314,1.3236000537872314,1.3236000537872314,1.3236000537872314,1.3236000537872314,1
2010-12-30,1.329800009727478,1.329800009727478,1.329800009727478,1.329800009727478,1.329800009727478,1
2010-12-31,1.3305000066757202,1.3305000066757202,1.3305000066757202,1.3305000066757202,1.3305000066757202,1
2011-01-03,1.327299952507019,1.327299952507019,1.327299952507019,1.327299952507019,1.327299952507019,1
2011-01-04,1.3315999507904053,1.3315999507904053,1.3315999507904053,1.3315999507904053,1.3315999507904053,1
2011-01-05,1.3114999532699585,1.3114999532699585,1.3114999532699585,1.3114999532699585,1.3114999532699585,1
2011-01-06,1.2978999614715576,1.2978999614715576,1.2978999614715576,1.2978999614715576,1.2978999614715576,1
2011-01-07,1.2848000526428223,1.2848000526428223,1.2848000526428223,1.2848000526428223,1.2848000526428223,1
2011-01-10,1.2882000207901,1.2882000207901,1.2882000207901,1.2882000207901,1.2882000207901,1
2011-01-11,1.2862000465393066,1.2862000465393066,1.2862000465393066,1.2862000465393066,1.2862000465393066,1
2011-01-12,1.2984999418258667,1.2984999418258667,1.2984999418258667,1.2984999418258667,1.2984999418258667,1
2011-01-13,1.3215999603271484,1.3215999603271484,1.3215999603271484,1.3215999603271484,1.3215999603271484,1
2011-01-14,1.3229000568389893,1.3229000568389893,1.3229000568389893,1.3229000568389893,1.3229000568389893,18
2011-01-18,1.3293999433517456,1.3293999433517456,1.3293999433517456,1.3293999433517456,1.3293999433517456,14
2011-01-19,1.3416999578475952,1.3416999578475952,1.3416999578475952,1.3416999578475952,1.3416999578475952,14
2011-01-20,1.3443000316619873,1.3443000316619873,1.3443000316619873,1.3443000316619873,1.3443000316619873,14
2011-01-21,1.3533999919891357,1.3533999919891357,1.3533999919891357,1.3533999919891357,1.3533999919891357,14
2011-01-24,1.3574999570846558,1.3574999570846558,1.3574999570846558,1.3574999570846558,1.3574999570846558,14
2011-01-25,1.3671000003814697,1.3671000003814697,1.3671000003814697,1.3671000003814697,1.3671000003814697,14
2011-01-26,1.3624999523162842,1.3624999523162842,1.3624999523162842,1.3624999523162842,1.3624999523162842,14
2011-01-27,1.3652000427246094,1.3652000427246094,1.3652000427246094,1.3652000427246094,1.3652000427246094,14
2011-01-28,1.3624000549316406,1.3624000549316406,1.3624000549316406,1.3624000549316406,1.3624000549316406,14
2011-01-31,1.3717999458312988,1.3717999458312988,1.3717999458312988,1.3717999458312988,1.3717999458312988,14
2011-02-01,1.3717000484466553,1.3717000484466553,1.3717000484466553,1.3717000484466553,1.3717000484466553,14
2011-02-02,1.3641999959945679,1.3641999959945679,1.3641999959945679,1.3641999959945679,1.3641999959945679,14
2011-02-03,1.3502999544143677,1.3502999544143677,1.3502999544143677,1.3502999544143677,1.3502999544143677,3
2011-02-04,1.3424999713897705,1.3424999713897705,1.3424999713897705,1.3424999713897705,1.3424999713897705,3
2011-02-07,1.3458000421524048,1.3458000421524048,1.3458000421524048,1.3458000421524048,1.3458000421524048,3
2011-02-08,1.3575999736785889,1.3575999736785889,1.3575999736785889,1.3575999736785889,1.3575999736785889,3
2011-02-09,1.3657000064849854,1.3657000064849854,1.3658000230789185,1.3658000230789185,1.3658000230789185,3
2011-02-10,1.3535000085830688,1.3535000085830688,1.353600025177002,1.353600025177002,1.353600025177002,3
2011-02-11,1.3372000455856323,1.3372000455856323,1.3372000455856323,1.3372000455856323,1.3372000455856323,32
2011-02-14,1.3343000411987305,1.3343000411987305,1.3343000411987305,1.3343000411987305,1.3343000411987305,16
2011-02-15,1.3346999883651733,1.3346999883651733,1.3348000049591064,1.3348000049591064,1.3348000049591064,16
2011-02-16,1.337399959564209,1.337399959564209,1.337399959564209,1.337399959564209,1.337399959564209,96
2011-02-17,1.3398000001907349,1.3398000001907349,1.339900016784668,1.339900016784668,1.339900016784668,96
2011-02-18,1.3504999876022339,1.3504999876022339,1.3504999876022339,1.3504999876022339,1.3504999876022339,96
2011-02-22,1.3532999753952026,1.3532999753952026,1.3532999753952026,1.3532999753952026,1.3532999753952026,96
2011-02-23,1.3609999418258667,1.3609999418258667,1.3609999418258667,1.3609999418258667,1.3609999418258667,96
2011-02-24,1.358199954032898,1.358199954032898,1.358199954032898,1.358199954032898,1.358199954032898,96
2011-02-25,1.3443000316619873,1.3443000316619873,1.3444000482559204,1.3444000482559204,1.3444000482559204,96
2011-02-28,1.3406000137329102,1.3406000137329102,1.3406000137329102,1.3406000137329102,1.3406000137329102,96
2011-03-01,1.3425999879837036,1.3425999879837036,1.3425999879837036,1.3425999879837036,1.3425999879837036,96
2011-03-02,1.347499966621399,1.347499966621399,1.347599983215332,1.347599983215332,1.347599983215332,96
2011-03-03,1.356600046157837,1.356600046157837,1.3566999435424805,1.3566999435424805,1.3566999435424805,96
2011-03-04,1.3601000308990479,1.3601000308990479,1.3601000308990479,1.3601000308990479,1.3601000308990479,96
2011-03-07,1.3588000535964966,1.3588000535964966,1.3595999479293823,1.3595999479293823,1.3595999479293823,96
2011-03-08,1.3502000570297241,1.3502000570297241,1.3502999544143677,1.3502999544143677,1.3502999544143677,90
2011-03-09,1.34660005569458,1.34660005569458,1.3466999530792236,1.3466999530792236,1.3466999530792236,90
2011-03-10,1.3451000452041626,1.3451000452041626,1.3451999425888062,1.3451999425888062,1.3451999425888062,118
2011-03-11,1.3507000207901,1.3507000207901,1.3507000207901,1.3507000207901,1.3507000207901,22
2011-03-14,1.360200047492981,1.360200047492981,1.360200047492981,1.360200047492981,1.360200047492981,62
2011-03-15,1.3753000497817993,1.3753000497817993,1.3753999471664429,1.3753999471664429,1.3753999471664429,62
2011-03-16,1.3796000480651855,1.3796000480651855,1.3796000480651855,1.3796000480651855,1.3796000480651855,62
2011-03-17,1.3833999633789062,1.3833999633789062,1.3833999633789062,1.3833999633789062,1.3833999633789062,14
2011-03-18,1.3964999914169312,1.3964999914169312,1.3964999914169312,1.3964999914169312,1.3964999914169312,6
2011-03-21,1.3925000429153442,1.3925000429153442,1.3926000595092773,1.3926000595092773,1.3926000595092773,1
2011-03-22,1.3916000127792358,1.3916000127792358,1.3916000127792358,1.3916000127792358,1.3916000127792358,1
2011-03-23,1.3853000402450562,1.3853000402450562,1.3854000568389893,1.3854000568389893,1.3854000568389893,1
2011-03-24,1.3854999542236328,1.3854999542236328,1.3854999542236328,1.3854999542236328,1.3854999542236328,1
2011-03-25,1.38100004196167,1.38100004196167,1.381100058555603,1.381100058555603,1.381100058555603,2
2011-03-28,1.3761999607086182,1.3761999607086182,1.3762999773025513,1.3762999773025513,1.3762999773025513,2
2011-03-29,1.3741999864578247,1.3741999864578247,1.3741999864578247,1.3741999864578247,1.3741999864578247,2
2011-03-30,1.3717000484466553,1.3717000484466553,1.3717000484466553,1.3717000484466553,1.3717000484466553,2
2011-03-31,1.3759000301361084,1.3759000301361084,1.3760000467300415,1.3760000467300415,1.3760000467300415,2
2011-04-01,1.3736000061035156,1.3736000061035156,1.3737000226974487,1.3737000226974487,1.3737000226974487,2
2011-04-04,1.3756999969482422,1.3756999969482422,1.3758000135421753,1.3758000135421753,1.3758000135421753,2
2011-04-05,1.370300054550171,1.370300054550171,1.370300054550171,1.370300054550171,1.370300054550171,2
2011-04-06,1.375100016593933,1.375100016593933,1.3752000331878662,1.3752000331878662,1.3752000331878662,2
2011-04-07,1.3712999820709229,1.3712999820709229,1.3712999820709229,1.3712999820709229,1.3712999820709229,92
2011-04-08,1.382200002670288,1.382200002670288,1.382200002670288,1.382200002670288,1.382200002670288,92
2011-04-11,1.3806999921798706,1.3806999921798706,1.3806999921798706,1.3806999921798706,1.3806999921798706,92
2011-04-12,1.3924000263214111,1.3924000263214111,1.3924000263214111,1.3924000263214111,1.3924000263214111,2
2011-04-13,1.3901000022888184,1.3901000022888184,1.3901000022888184,1.3901000022888184,1.3901000022888184,2
2011-04-14,1.3918999433517456,1.3918999433517456,1.3919999599456787,1.3919999599456787,1.3919999599456787,2
2011-04-15,1.3866000175476074,1.3866000175476074,1.3867000341415405,1.3867000341415405,1.3867000341415405,2
2011-04-18,1.3726999759674072,1.3726999759674072,1.3727999925613403,1.3727999925613403,1.3727999925613403,2
2011-04-19,1.3720999956130981,1.3720999956130981,1.3720999956130981,1.3720999956130981,1.3720999956130981,2
2011-04-20,1.3854000568389893,1.3854000568389893,1.3854000568389893,1.3854000568389893,1.3854000568389893,2
2011-04-21,1.3873000144958496,1.3873000144958496,1.3874000310897827,1.3874000310897827,1.3874000310897827,2
2011-04-25,1.391700029373169,1.391700029373169,1.391700029373169,1.391700029373169,1.391700029373169,2
2011-04-26,1.3944000005722046,1.3944000005722046,1.3945000171661377,1.3945000171661377,1.3945000171661377,62
2011-04-27,1.4032000303268433,1.4032000303268433,1.4032000303268433,1.4032000303268433,1.4032000303268433,62
2011-04-28,1.4092999696731567,1.4092999696731567,1.4092999696731567,1.4092999696731567,1.4092999696731567,62
2011-04-29,1.4031000137329102,1.4031000137329102,1.4031000137329102,1.4031000137329102,1.4031000137329102,62
2011-05-02,1.409500002861023,1.409500002861023,1.409600019454956,1.409600019454956,1.409600019454956,62
2011-05-03,1.4133000373840332,1.4133000373840332,1.4133000373840332,1.4133000373840332,1.4133000373840332,62
2011-05-04,1.4217000007629395,1.4217000007629395,1.4217000007629395,1.4217000007629395,1.4217000007629395,62
2011-05-05,1.4077999591827393,1.4077999591827393,1.4078999757766724,1.4078999757766724,1.4078999757766724,62
2011-05-06,1.3895000219345093,1.3895000219345093,1.3895000219345093,1.3895000219345093,1.3895000219345093,62
2011-05-09,1.382599949836731,1.382599949836731,1.382599949836731,1.382599949836731,1.382599949836731,16
2011-05-10,1.3801000118255615,1.3801000118255615,1.3802000284194946,1.3802000284194946,1.3802000284194946,16
2011-05-11,1.3652000427246094,1.3652000427246094,1.3653000593185425,1.3653000593185425,1.3653000593185425,1
2011-05-12,1.3705999851226807,1.3705999851226807,1.3705999851226807,1.3705999851226807,1.3705999851226807,1
2011-05-13,1.3660999536514282,1.3660999536514282,1.3660999536514282,1.3660999536514282,1.3660999536514282,1
2011-05-16,1.3804999589920044,1.3804999589920044,1.3805999755859375,1.3805999755859375,1.3805999755859375,1
2011-05-17,1.3839999437332153,1.3839999437332153,1.3839999437332153,1.3839999437332153,1.3839999437332153,1
2011-05-18,1.3834999799728394,1.3834999799728394,1.3835999965667725,1.3835999965667725,1.3835999965667725,3
2011-05-19,1.3869999647140503,1.3869999647140503,1.3869999647140503,1.3869999647140503,1.3869999647140503,3
2011-05-20,1.3808000087738037,1.3808000087738037,1.3809000253677368,1.3809000253677368,1.3809000253677368,3
2011-05-23,1.3732999563217163,1.3732999563217163,1.3733999729156494,1.3733999729156494,1.3733999729156494,3
2011-05-24,1.3788000345230103,1.3788000345230103,1.3789000511169434,1.3789000511169434,1.3789000511169434,12
2011-05-25,1.375499963760376,1.375499963760376,1.375499963760376,1.375499963760376,1.375499963760376,12
2011-05-26,1.3838000297546387,1.3838000297546387,1.3838000297546387,1.3838000297546387,1.3838000297546387,12
2011-05-27,1.3940000534057617,1.3940000534057617,1.3940000534057617,1.3940000534057617,1.3940000534057617,3
2011-05-31,1.3934999704360962,1.3934999704360962,1.3935999870300293,1.3935999870300293,1.3935999870300293,15
2011-06-01,1.4010000228881836,1.4010000228881836,1.4010000228881836,1.4010000228881836,1.4010000228881836,15
2011-06-02,1.413599967956543,1.413599967956543,1.413599967956543,1.413599967956543,1.413599967956543,15
2011-06-03,1.4292999505996704,1.4292999505996704,1.4292999505996704,1.4292999505996704,1.4292999505996704,3
2011-06-06,1.430799961090088,1.430799961090088,1.430899977684021,1.430899977684021,1.430899977684021,3
2011-06-07,1.430799961090088,1.430799961090088,1.430899977684021,1.430899977684021,1.430899977684021,3
2011-06-08,1.4278000593185425,1.4278000593185425,1.427899956703186,1.427899956703186,1.427899956703186,3
2011-06-09,1.4127999544143677,1.4127999544143677,1.4128999710083008,1.4128999710083008,1.4128999710083008,121
2011-06-10,1.4020999670028687,1.4020999670028687,1.4020999670028687,1.4020999670028687,1.4020999670028687,121
2011-06-13,1.4061000347137451,1.4061000347137451,1.4061000347137451,1.4061000347137451,1.4061000347137451,121
2011-06-14,1.399399995803833,1.399399995803833,1.3995000123977661,1.3995000123977661,1.3995000123977661,1
2011-06-15,1.389799952507019,1.389799952507019,1.3898999691009521,1.3898999691009521,1.3898999691009521,1
2011-06-16,1.3946000337600708,1.3946000337600708,1.394700050354004,1.394700050354004,1.394700050354004,1
2011-06-17,1.4026999473571777,1.4026999473571777,1.4027999639511108,1.4027999639511108,1.4027999639511108,2
2011-06-20,1.4005000591278076,1.4005000591278076,1.4005000591278076,1.4005000591278076,1.4005000591278076,2
2011-06-21,1.3996000289916992,1.3996000289916992,1.3996000289916992,1.3996000289916992,1.3996000289916992,2
2011-06-22,1.3964999914169312,1.3964999914169312,1.3964999914169312,1.3964999914169312,1.3964999914169312,2
2011-06-23,1.3924000263214111,1.3924000263214111,1.3924000263214111,1.3924000263214111,1.3924000263214111,2
2011-06-24,1.4002000093460083,1.4002000093460083,1.4002000093460083,1.4002000093460083,1.4002000093460083,2
2011-06-27,1.4076000452041626,1.4076000452041626,1.4076999425888062,1.4076999425888062,1.4076999425888062,2
2011-06-28,1.4107999801635742,1.4107999801635742,1.4107999801635742,1.4107999801635742,1.4107999801635742,2
2011-06-29,1.399999976158142,1.399999976158142,1.4000999927520752,1.4000999927520752,1.4000999927520752,2
2011-06-30,1.3986999988555908,1.3986999988555908,1.3986999988555908,1.3986999988555908,1.3986999988555908,2
2011-07-01,1.3905999660491943,1.3905999660491943,1.3905999660491943,1.3905999660491943,1.3905999660491943,2
2011-07-05,1.3867000341415405,1.3867000341415405,1.3868000507354736,1.3868000507354736,1.3868000507354736,2
2011-07-06,1.3803000450134277,1.3803000450134277,1.3803999423980713,1.3803999423980713,1.3803999423980713,2
2011-07-07,1.3759000301361084,1.3759000301361084,1.3760000467300415,1.3760000467300415,1.3760000467300415,2
2011-07-08,1.368899941444397,1.368899941444397,1.36899995803833,1.36899995803833,1.36899995803833,2
2011-07-11,1.357300043106079,1.357300043106079,1.3573999404907227,1.3573999404907227,1.3573999404907227,2
2011-07-12,1.3516000509262085,1.3516000509262085,1.3516000509262085,1.3516000509262085,1.3516000509262085,2
2011-07-13,1.3557000160217285,1.3557000160217285,1.3557000160217285,1.3557000160217285,1.3557000160217285,2
2011-07-14,1.356600046157837,1.356600046157837,1.3566999435424805,1.3566999435424805,1.3566999435424805,2
2011-07-15,1.350600004196167,1.350600004196167,1.3507000207901,1.3507000207901,1.3507000207901,2
2011-07-18,1.3509000539779663,1.3509000539779663,1.347100019454956,1.347100019454956,1.347100019454956,4
2011-07-19,1.3427000045776367,1.3427000045776367,1.3427000045776367,1.3427000045776367,1.3427000045776367,4
2011-07-20,1.3473000526428223,1.3473000526428223,1.3473000526428223,1.3473000526428223,1.3473000526428223,4
2011-07-21,1.3605999946594238,1.3605999946594238,1.3554999828338623,1.3436000347137451,1.3436000347137451,5
2011-07-22,1.3631000518798828,1.3631000518798828,1.3672000169754028,1.3672000169754028,1.3672000169754028,4
2011-07-25,1.3593000173568726,1.3593000173568726,1.3594000339508057,1.3594000339508057,1.3594000339508057,4
2011-07-26,1.3688000440597534,1.3688000440597534,1.3669999837875366,1.3661999702453613,1.3665000200271606,7
2011-07-27,1.3645000457763672,1.3645000457763672,1.3645000457763672,1.3645000457763672,1.3645000457763672,7
2011-07-28,1.3598999977111816,1.3598999977111816,1.3600000143051147,1.3600000143051147,1.3600000143051147,7
2011-07-29,1.3722000122070312,1.3722000122070312,1.3583999872207642,1.3583999872207642,1.3583999872207642,1
2011-08-01,1.364300012588501,1.364300012588501,1.364300012588501,1.364300012588501,1.364300012588501,1
2011-08-02,1.3610999584197998,1.3610999584197998,1.3610999584197998,1.3610999584197998,1.3610999584197998,1
2011-08-03,1.3777999877929688,1.3777999877929688,1.371999979019165,1.371999979019165,1.371999979019165,1
2011-08-04,1.3838000297546387,1.3838000297546387,1.3777999877929688,1.3777999877929688,1.3777999877929688,2
2011-08-05,1.3973000049591064,1.3973000049591064,1.3990000486373901,1.3839999437332153,1.3861000537872314,33
2011-08-08,1.4088000059127808,1.4088000059127808,1.401900053024292,1.401900053024292,1.401900053024292,1
2011-08-09,1.4138000011444092,1.4138000011444092,1.4138000011444092,1.4138000011444092,1.4138000011444092,1
2011-08-10,1.4057999849319458,1.4057999849319458,1.4057999849319458,1.4057999849319458,1.4057999849319458,1
2011-08-11,1.402899980545044,1.402899980545044,1.402999997138977,1.402999997138977,1.402999997138977,1
2011-08-12,1.4112000465393066,1.4112000465393066,1.4062000513076782,1.405500054359436,1.4062000513076782,35
2011-08-15,1.4183000326156616,1.4183000326156616,1.4225000143051147,1.4223999977111816,1.4223999977111816,10
2011-08-16,1.4155000448226929,1.4155000448226929,1.4155000448226929,1.4155000448226929,1.4155000448226929,10
2011-08-17,1.4175000190734863,1.4175000190734863,1.4175000190734863,1.4175000190734863,1.4175000190734863,10
2011-08-18,1.4190000295639038,1.4190000295639038,1.419100046157837,1.419100046157837,1.419100046157837,10
2011-08-19,1.4242000579833984,1.4242000579833984,1.4242000579833984,1.4242000579833984,1.4242000579833984,10
2011-08-22,1.4220999479293823,1.4220999479293823,1.4221999645233154,1.4221999645233154,1.4221999645233154,10
2011-08-23,1.426800012588501,1.426800012588501,1.427299976348877,1.427299976348877,1.427299976348877,8
2011-08-24,1.4256999492645264,1.4256999492645264,1.4257999658584595,1.4257999658584595,1.4257999658584595,8
2011-08-25,1.4198999404907227,1.4198999404907227,1.4198999404907227,1.4198999404907227,1.4198999404907227,8
2011-08-26,1.4270999431610107,1.4270999431610107,1.4242000579833984,1.4213999509811401,1.4242000579833984,10
2011-08-29,1.4199999570846558,1.4199999570846558,1.4200999736785889,1.4200999736785889,1.4200999736785889,10
2011-08-30,1.4140000343322754,1.4140000343322754,1.4140000343322754,1.4140000343322754,1.4140000343322754,10
2011-08-31,1.408400058746338,1.408400058746338,1.408400058746338,1.408400058746338,1.408400058746338,10
2011-09-01,1.3924000263214111,1.3924000263214111,1.3925000429153442,1.3925000429153442,1.3925000429153442,10
2011-09-02,1.3968000411987305,1.3968000411987305,1.3940000534057617,1.3918999433517456,1.3918999433517456,18
2011-09-06,1.38510000705719,1.38510000705719,1.385200023651123,1.385200023651123,1.385200023651123,8
2011-09-07,1.389299988746643,1.389299988746643,1.389299988746643,1.389299988746643,1.389299988746643,8
2011-09-08,1.373900055885315,1.373900055885315,1.3739999532699585,1.3739999532699585,1.3739999532699585,8
2011-09-09,1.3623000383377075,1.3623000383377075,1.3624000549316406,1.3624000549316406,1.3624000549316406,8
2011-09-12,1.3538000583648682,1.3538000583648682,1.3538000583648682,1.3538000583648682,1.3538000583648682,8
2011-09-13,1.3528000116348267,1.3528000116348267,1.354599952697754,1.354599952697754,1.354599952697754,8
2011-09-14,1.3610999584197998,1.3610999584197998,1.357300043106079,1.357300043106079,1.357300043106079,182
2011-09-15,1.3666000366210938,1.3666000366210938,1.3666000366210938,1.3666000366210938,1.3666000366210938,43
2011-09-16,1.3515000343322754,1.3515000343322754,1.3568999767303467,1.3568999767303467,1.3568999767303467,216
2011-09-19,1.3493000268936157,1.3493000268936157,1.3493000268936157,1.3493000268936157,1.3493000268936157,35
2011-09-20,1.3585000038146973,1.3585000038146973,1.3586000204086304,1.3586000204086304,1.3586000204086304,23
2011-09-21,1.3734999895095825,1.3734999895095825,1.3734999895095825,1.3734999895095825,1.3734999895095825,2
2011-09-22,1.3899999856948853,1.3899999856948853,1.382699966430664,1.382699966430664,1.382699966430664,46
2011-09-23,1.3914999961853027,1.3914999961853027,1.3910000324249268,1.3867000341415405,1.3910000324249268,64
2011-09-26,1.3925000429153442,1.3925000429153442,1.3926000595092773,1.3926000595092773,1.3926000595092773,5
2011-09-27,1.3897000551223755,1.3897000551223755,1.3897000551223755,1.3897000551223755,1.3897000551223755,10
2011-09-28,1.3986999988555908,1.3986999988555908,1.398800015449524,1.398800015449524,1.398800015449524,27
2011-09-29,1.4106999635696411,1.4106999635696411,1.4107999801635742,1.4107999801635742,1.4107999801635742,60
2011-09-30,1.402999997138977,1.402999997138977,1.4031000137329102,1.4031000137329102,1.4031000137329102,5
2011-10-03,1.3902000188827515,1.3902000188827515,1.3902000188827515,1.3902000188827515,1.3902000188827515,1
2011-10-04,1.4115999937057495,1.4115999937057495,1.4117000102996826,1.4117000102996826,1.4117000102996826,19
2011-10-05,1.3945000171661377,1.3945000171661377,1.3945000171661377,1.3945000171661377,1.3945000171661377,11
2011-10-06,1.3961999416351318,1.3961999416351318,1.396299958229065,1.396299958229065,1.396299958229065,3
2011-10-07,1.392199993133545,1.392199993133545,1.3982000350952148,1.3982000350952148,1.3982000350952148,6
2011-10-10,1.4041999578475952,1.4041999578475952,1.4042999744415283,1.4042999744415283,1.4042999744415283,8
2011-10-11,1.4084999561309814,1.4084999561309814,1.4084999561309814,1.4084999561309814,1.4084999561309814,7
2011-10-12,1.4009000062942505,1.4009000062942505,1.4009000062942505,1.4009000062942505,1.4009000062942505,1
2011-10-13,1.4053000211715698,1.4053000211715698,1.4053000211715698,1.4053000211715698,1.4053000211715698,1
2011-10-14,1.4050999879837036,1.4050999879837036,1.402400016784668,1.402400016784668,1.402400016784668,20
2011-10-17,1.4031000137329102,1.4031000137329102,1.3983999490737915,1.3983999490737915,1.3983999490737915,21
2011-10-18,1.3990000486373901,1.3990000486373901,1.3990000486373901,1.3990000486373901,1.3990000486373901,3
2011-10-19,1.402500033378601,1.402500033378601,1.402500033378601,1.402500033378601,1.402500033378601,3
2011-10-20,1.3975000381469727,1.3975000381469727,1.3980000019073486,1.3980000019073486,1.3980000019073486,7
2011-10-21,1.4009000062942505,1.4009000062942505,1.4009000062942505,1.4009000062942505,1.4009000062942505,11
2011-10-24,1.4027999639511108,1.4027999639511108,1.399999976158142,1.399999976158142,1.399999976158142,20
2011-10-25,1.4134999513626099,1.4134999513626099,1.4127000570297241,1.4127000570297241,1.4127000570297241,172
2011-10-26,1.3996000289916992,1.3996000289916992,1.3996000289916992,1.3996000289916992,1.3996000289916992,40
2011-10-27,1.4086999893188477,1.4086999893188477,1.4086999893188477,1.4086999893188477,1.4086999893188477,4
2011-10-28,1.4072999954223633,1.4072999954223633,1.4072999954223633,1.4072999954223633,1.4072999954223633,1
2011-10-31,1.38510000705719,1.38510000705719,1.38510000705719,1.38510000705719,1.38510000705719,29
2011-11-01,1.395799994468689,1.395799994468689,1.395799994468689,1.395799994468689,1.395799994468689,2
2011-11-02,1.3966000080108643,1.3966000080108643,1.3966000080108643,1.3966000080108643,1.3966000080108643,0
2011-11-03,1.395400047302246,1.395400047302246,1.395400047302246,1.395400047302246,1.395400047302246,4
2011-11-04,1.402400016784668,1.402400016784668,1.402400016784668,1.402400016784668,1.402400016784668,17
2011-11-07,1.3967000246047974,1.3967000246047974,1.402400016784668,1.3967000246047974,1.402400016784668,14
2011-11-08,1.3986999988555908,1.3986999988555908,1.4000999927520752,1.3986999988555908,1.399999976158142,12
2011-11-09,1.3859000205993652,1.3859000205993652,1.3859000205993652,1.3859000205993652,1.3859000205993652,14
2011-11-10,1.3854999542236328,1.3854999542236328,1.3854999542236328,1.3854999542236328,1.3854999542236328,8
2011-11-11,1.3930000066757202,1.3930000066757202,1.3930000066757202,1.3930000066757202,1.3930000066757202,6
2011-11-14,1.386299967765808,1.386299967765808,1.386299967765808,1.386299967765808,1.386299967765808,2
2011-11-15,1.3824000358581543,1.3824000358581543,1.3824000358581543,1.3824000358581543,1.3824000358581543,6
2011-11-16,1.3787000179290771,1.3787000179290771,1.3787000179290771,1.3787000179290771,1.3787000179290771,7
2011-11-17,1.3853000402450562,1.3853000402450562,1.3853000402450562,1.3853000402450562,1.3853000402450562,1
2011-11-18,1.3883999586105347,1.3883999586105347,1.3890000581741333,1.3860000371932983,1.3890000581741333,13
2011-11-21,1.4021999835968018,1.4021999835968018,1.4056999683380127,1.4021999835968018,1.4056999683380127,16
2011-11-22,1.4018000364303589,1.4018000364303589,1.4018000364303589,1.4018000364303589,1.4018000364303589,51
2011-11-23,1.3977999687194824,1.3977999687194824,1.3977999687194824,1.3977999687194824,1.3977999687194824,0
2011-11-25,1.3902000188827515,1.3902000188827515,1.3960000276565552,1.3960000276565552,1.3960000276565552,25
2011-11-28,1.3795000314712524,1.3795000314712524,1.3795000314712524,1.3795000314712524,1.3795000314712524,99
2011-11-29,1.373900055885315,1.373900055885315,1.373900055885315,1.373900055885315,1.373900055885315,33
2011-11-30,1.37090003490448,1.37090003490448,1.37090003490448,1.37090003490448,1.37090003490448,12
2011-12-01,1.3658000230789185,1.3658000230789185,1.3658000230789185,1.3658000230789185,1.3658000230789185,24
2011-12-02,1.3650000095367432,1.3650000095367432,1.3661999702453613,1.3650000095367432,1.3661999702453613,39
2011-12-05,1.3632999658584595,1.3632999658584595,1.3632999658584595,1.3632999658584595,1.3632999658584595,28
2011-12-06,1.3532999753952026,1.3532999753952026,1.3532999753952026,1.3532999753952026,1.3532999753952026,38
2011-12-07,1.3545000553131104,1.3545000553131104,1.3545000553131104,1.3545000553131104,1.3545000553131104,7
2011-12-08,1.361199975013733,1.361199975013733,1.361199975013733,1.361199975013733,1.361199975013733,23
2011-12-09,1.361899971961975,1.361899971961975,1.361899971961975,1.361899971961975,1.361899971961975,7
2011-12-12,1.353700041770935,1.353700041770935,1.353700041770935,1.353700041770935,1.353700041770935,4
2011-12-13,1.345900058746338,1.345900058746338,1.345900058746338,1.345900058746338,1.345900058746338,17
2011-12-14,1.3502000570297241,1.3502000570297241,1.3502000570297241,1.3502000570297241,1.3502000570297241,2
2011-12-15,1.3480000495910645,1.3480000495910645,1.3480000495910645,1.3480000495910645,1.3480000495910645,172
2011-12-16,1.3524999618530273,1.3524999618530273,1.3524999618530273,1.3524999618530273,1.3524999618530273,54
2011-12-19,1.347499966621399,1.347499966621399,1.347499966621399,1.347499966621399,1.347499966621399,60
2011-12-20,1.3515000343322754,1.3515000343322754,1.3515000343322754,1.3515000343322754,1.3515000343322754,17
2011-12-21,1.344599962234497,1.344599962234497,1.344599962234497,1.344599962234497,1.344599962234497,5
2011-12-22,1.3360999822616577,1.3360999822616577,1.3360999822616577,1.3360999822616577,1.3360999822616577,3
2011-12-23,1.3335000276565552,1.3335000276565552,1.3335000276565552,1.3335000276565552,1.3335000276565552,37
2011-12-27,1.3343000411987305,1.3343000411987305,1.3370000123977661,1.3343000411987305,1.3370000123977661,24
2011-12-28,1.3285000324249268,1.3285000324249268,1.3285000324249268,1.3259999752044678,1.3285000324249268,37
2011-12-29,1.3249000310897827,1.3249000310897827,1.3249000310897827,1.3249000310897827,1.3249000310897827,2
2011-12-30,1.3203999996185303,1.3203999996185303,1.3203999996185303,1.3203999996185303,1.3203999996185303,8
2012-01-03,1.3217999935150146,1.3217999935150146,1.3217999935150146,1.3217999935150146,1.3217999935150146,11
2012-01-04,1.313599944114685,1.313599944114685,1.313599944114685,1.313599944114685,1.313599944114685,19
2012-01-05,1.3061000108718872,1.3061000108718872,1.3091000318527222,1.305299997329712,1.305299997329712,13
2012-01-06,1.309000015258789,1.309000015258789,1.309000015258789,1.3046000003814697,1.3046000003814697,13
2012-01-09,1.3092000484466553,1.3092000484466553,1.3092000484466553,1.3092000484466553,1.3092000484466553,11
2012-01-10,1.3015999794006348,1.3015999794006348,1.3032000064849854,1.3015999794006348,1.3032000064849854,1
2012-01-11,1.2970000505447388,1.2970000505447388,1.2970000505447388,1.2950999736785889,1.2954000234603882,13
2012-01-12,1.3092999458312988,1.3092999458312988,1.3092999458312988,1.3006999492645264,1.3006999492645264,19
2012-01-13,1.2990000247955322,1.2990000247955322,1.301800012588501,1.2990000247955322,1.301800012588501,6
2012-01-17,1.2943999767303467,1.2943999767303467,1.2970999479293823,1.291599988937378,1.2950999736785889,41
2012-01-18,1.3016999959945679,1.3016999959945679,1.306399941444397,1.3016999959945679,1.306399941444397,4
2012-01-19,1.3106000423431396,1.3106000423431396,1.3106000423431396,1.3106000423431396,1.3106000423431396,5
2012-01-20,1.3121999502182007,1.3121999502182007,1.3121999502182007,1.3121999502182007,1.3121999502182007,8
2012-01-23,1.3141000270843506,1.3141000270843506,1.3144999742507935,1.3128000497817993,1.3128000497817993,14
2012-01-24,1.3171000480651855,1.3171000480651855,1.3171000480651855,1.3171000480651855,1.3171000480651855,14
2012-01-25,1.3171000480651855,1.3171000480651855,1.3171000480651855,1.3171000480651855,1.3171000480651855,1
2012-01-26,1.3143999576568604,1.3143999576568604,1.3174999952316284,1.3143999576568604,1.3174999952316284,7
2012-01-27,1.3238999843597412,1.3238999843597412,1.3238999843597412,1.315999984741211,1.315999984741211,10
2012-01-30,1.3178999423980713,1.3178999423980713,1.3186999559402466,1.3178999423980713,1.3186999559402466,8
2012-01-31,1.3135000467300415,1.3135000467300415,1.3135000467300415,1.3135000467300415,1.3135000467300415,8
2012-02-01,1.3152999877929688,1.3152999877929688,1.3152999877929688,1.3152999877929688,1.3152999877929688,7
2012-02-02,1.3147000074386597,1.3147000074386597,1.3147000074386597,1.3131999969482422,1.3131999969482422,4
2012-02-03,1.3078999519348145,1.3078999519348145,1.3078999519348145,1.3065999746322632,1.3065999746322632,23
2012-02-06,1.3087999820709229,1.3087999820709229,1.3087999820709229,1.3087999820709229,1.3087999820709229,71
2012-02-07,1.3200000524520874,1.3200000524520874,1.3200000524520874,1.315000057220459,1.315000057220459,3
2012-02-08,1.3212000131607056,1.3212000131607056,1.3212000131607056,1.319200038909912,1.319200038909912,12
2012-02-09,1.3229999542236328,1.3229999542236328,1.3229999542236328,1.3229999542236328,1.3229999542236328,25
2012-02-10,1.3213000297546387,1.3213000297546387,1.3213000297546387,1.3213000297546387,1.3213000297546387,1
2012-02-13,1.3200000524520874,1.3200000524520874,1.3200000524520874,1.3200000524520874,1.3200000524520874,1
2012-02-14,1.312600016593933,1.312600016593933,1.3147000074386597,1.312600016593933,1.3147000074386597,87
2012-02-15,1.3063000440597534,1.3063000440597534,1.3063000440597534,1.3063000440597534,1.3063000440597534,33
2012-02-16,1.3095999956130981,1.3095999956130981,1.3095999956130981,1.3095999956130981,1.3095999956130981,35
2012-02-17,1.311400055885315,1.311400055885315,1.311400055885315,1.311400055885315,1.311400055885315,34
2012-02-21,1.3206000328063965,1.3206000328063965,1.3206000328063965,1.3206000328063965,1.3206000328063965,42
2012-02-22,1.3244999647140503,1.3244999647140503,1.3244999647140503,1.3244999647140503,1.3244999647140503,32
2012-02-23,1.332900047302246,1.332900047302246,1.332900047302246,1.3279999494552612,1.3279999494552612,135
2012-02-24,1.347100019454956,1.347100019454956,1.347100019454956,1.336300015449524,1.337399959564209,66
2012-02-27,1.3387000560760498,1.3387000560760498,1.3424999713897705,1.3387000560760498,1.3424999713897705,50
2012-02-28,1.3411999940872192,1.3411999940872192,1.3411999940872192,1.3411999940872192,1.3411999940872192,1
2012-02-29,1.3193000555038452,1.3193000555038452,1.320099949836731,1.3193000555038452,1.320099949836731,10
2012-03-01,1.312999963760376,1.312999963760376,1.3172999620437622,1.312999963760376,1.3172999620437622,93
2012-03-02,1.3055000305175781,1.3055000305175781,1.3055000305175781,1.3055000305175781,1.3055000305175781,4
2012-03-05,1.3149000406265259,1.3149000406265259,1.3149000406265259,1.3149000406265259,1.3149000406265259,2
2012-03-06,1.3142999410629272,1.3142999410629272,1.3142999410629272,1.3142999410629272,1.3142999410629272,3
2012-03-07,1.3136999607086182,1.3136999607086182,1.3136999607086182,1.3136999607086182,1.3136999607086182,2
2012-03-08,1.3138999938964844,1.3138999938964844,1.3138999938964844,1.3138999938964844,1.3138999938964844,23
2012-03-09,1.2979999780654907,1.2979999780654907,1.301900029182434,1.2979999780654907,1.301800012588501,50
2012-03-12,1.306399941444397,1.306399941444397,1.306399941444397,1.306399941444397,1.306399941444397,12
2012-03-13,1.2962000370025635,1.2962000370025635,1.3029999732971191,1.2962000370025635,1.3029999732971191,7
2012-03-14,1.2937999963760376,1.2937999963760376,1.2937999963760376,1.292199969291687,1.292199969291687,163
2012-03-15,1.2984999418258667,1.2984999418258667,1.2984999418258667,1.2984999418258667,1.2984999418258667,166
2012-03-16,1.3061000108718872,1.3061000108718872,1.3061000108718872,1.3061000108718872,1.3061000108718872,166
2012-03-19,1.3044999837875366,1.3044999837875366,1.3044999837875366,1.3044999837875366,1.3044999837875366,2
2012-03-20,1.3150999546051025,1.3150999546051025,1.3150999546051025,1.3150999546051025,1.3150999546051025,3
2012-03-21,1.3137999773025513,1.3137999773025513,1.3137999773025513,1.3137999773025513,1.3137999773025513,4
2012-03-22,1.3217999935150146,1.3217999935150146,1.3217999935150146,1.3217999935150146,1.3217999935150146,1
2012-03-23,1.3273999691009521,1.3273999691009521,1.3281999826431274,1.3273999691009521,1.3281999826431274,86
2012-03-26,1.3272000551223755,1.3272000551223755,1.3272000551223755,1.3272000551223755,1.3272000551223755,2
2012-03-27,1.3287999629974365,1.3287999629974365,1.3287999629974365,1.3287999629974365,1.3287999629974365,3
2012-03-28,1.333899974822998,1.333899974822998,1.333899974822998,1.333899974822998,1.333899974822998,3
2012-03-29,1.329300045967102,1.329300045967102,1.329300045967102,1.329300045967102,1.329300045967102,49
2012-03-30,1.3325999975204468,1.3325999975204468,1.3329999446868896,1.3325999975204468,1.3329999446868896,7
2012-04-02,1.3212000131607056,1.3212000131607056,1.3212000131607056,1.3212000131607056,1.3212000131607056,11
2012-04-03,1.3136999607086182,1.3136999607086182,1.3241000175476074,1.3136999607086182,1.3241000175476074,101
2012-04-04,1.3114999532699585,1.3114999532699585,1.3114999532699585,1.3114999532699585,1.3114999532699585,75
2012-04-05,1.3006999492645264,1.3006999492645264,1.3082000017166138,1.3006999492645264,1.3082000017166138,31
2012-04-09,1.3095999956130981,1.3095999956130981,1.3095999956130981,1.30840003490448,1.30840003490448,4
2012-04-10,1.3151999711990356,1.3151999711990356,1.3151999711990356,1.3151999711990356,1.3151999711990356,2
2012-04-11,1.3176000118255615,1.3176000118255615,1.319000005722046,1.3176000118255615,1.319000005722046,17
2012-04-12,1.3144999742507935,1.3144999742507935,1.3170000314712524,1.3144999742507935,1.3170000314712524,3
2012-04-13,1.3078999519348145,1.3078999519348145,1.3078999519348145,1.3078999519348145,1.3078999519348145,1
2012-04-16,1.315000057220459,1.315000057220459,1.315000057220459,1.3049999475479126,1.3049999475479126,19
2012-04-17,1.302299976348877,1.302299976348877,1.302299976348877,1.2971999645233154,1.302299976348877,45
2012-04-18,1.3025000095367432,1.3025000095367432,1.3025000095367432,1.2978999614715576,1.2979999780654907,16
2012-04-19,1.3097000122070312,1.3097000122070312,1.3097000122070312,1.3004000186920166,1.3004000186920166,51
2012-04-20,1.3143999576568604,1.3143999576568604,1.3143999576568604,1.3143999576568604,1.3143999576568604,51
2012-04-23,1.305899977684021,1.305899977684021,1.305999994277954,1.305899977684021,1.305999994277954,37
2012-04-24,1.305999994277954,1.305999994277954,1.305999994277954,1.305999994277954,1.305999994277954,3
2012-04-25,1.3021999597549438,1.3021999597549438,1.3030999898910522,1.3021999597549438,1.302899956703186,10
2012-04-26,1.3035999536514282,1.3035999536514282,1.3035999536514282,1.3035999536514282,1.3035999536514282,19
2012-04-27,1.3021999597549438,1.3021999597549438,1.3021999597549438,1.3021999597549438,1.3021999597549438,11
2012-04-30,1.308899998664856,1.308899998664856,1.308899998664856,1.2990000247955322,1.2990000247955322,33
2012-05-01,1.304900050163269,1.304900050163269,1.304900050163269,1.304900050163269,1.304900050163269,30
2012-05-02,1.2999999523162842,1.2999999523162842,1.3034000396728516,1.2999999523162842,1.30239999294281,10
2012-05-03,1.3014999628067017,1.3014999628067017,1.3014999628067017,1.2936999797821045,1.2936999797821045,5
2012-05-04,1.3039000034332275,1.3039000034332275,1.3039000034332275,1.302299976348877,1.302299976348877,10
2012-05-07,1.2979999780654907,1.2979999780654907,1.2979999780654907,1.2979999780654907,1.2979999780654907,4
2012-05-08,1.3021999597549438,1.3021999597549438,1.3021999597549438,1.3021999597549438,1.3021999597549438,25
2012-05-09,1.297700047492981,1.297700047492981,1.3030999898910522,1.297700047492981,1.301900029182434,33
2012-05-10,1.2979999780654907,1.2979999780654907,1.2984999418258667,1.2979999780654907,1.2984999418258667,21
2012-05-11,1.2936999797821045,1.2936999797821045,1.2949999570846558,1.2920000553131104,1.2949999570846558,80
2012-05-14,1.2892999649047852,1.2892999649047852,1.291100025177002,1.2890000343322754,1.291100025177002,83
2012-05-15,1.280400037765503,1.280400037765503,1.2839000225067139,1.280400037765503,1.2839000225067139,38
2012-05-16,1.2877000570297241,1.2877000570297241,1.2877000570297241,1.2863999605178833,1.2863999605178833,20
2012-05-17,1.2944999933242798,1.2944999933242798,1.2944999933242798,1.2877000570297241,1.2877000570297241,21
2012-05-18,1.3020000457763672,1.3020000457763672,1.3049999475479126,1.292099952697754,1.2929999828338623,155
2012-05-21,1.3046000003814697,1.3046000003814697,1.30649995803833,1.3020000457763672,1.3020000457763672,21
2012-05-22,1.2985999584197998,1.2985999584197998,1.3015999794006348,1.2985999584197998,1.3015999794006348,14
2012-05-23,1.2898999452590942,1.2898999452590942,1.2898999452590942,1.2898999452590942,1.2898999452590942,2
2012-05-24,1.2888000011444092,1.2888000011444092,1.2904000282287598,1.2888000011444092,1.2898999452590942,16
2012-05-25,1.2892999649047852,1.2892999649047852,1.2892999649047852,1.288599967956543,1.288599967956543,3
2012-05-29,1.2796000242233276,1.2796000242233276,1.2843999862670898,1.278499960899353,1.2843999862670898,28
2012-05-30,1.2755000591278076,1.2755000591278076,1.2786999940872192,1.2747000455856323,1.2786999940872192,24
2012-05-31,1.2781000137329102,1.2781000137329102,1.2812000513076782,1.2755000591278076,1.2755000591278076,5
2012-06-01,1.2913000583648682,1.2913000583648682,1.2913000583648682,1.2811000347137451,1.2811000347137451,32
2012-06-04,1.2994999885559082,1.2994999885559082,1.2999999523162842,1.294700026512146,1.294700026512146,35
2012-06-05,1.2930999994277954,1.2930999994277954,1.2963999509811401,1.2930999994277954,1.2963999509811401,7
2012-06-06,1.2913999557495117,1.2913999557495117,1.2913999557495117,1.2899999618530273,1.2899999618530273,3
2012-06-07,1.2918000221252441,1.2918000221252441,1.2918000221252441,1.2918000221252441,1.2918000221252441,2
2012-06-08,1.2874000072479248,1.2874000072479248,1.2874000072479248,1.284999966621399,1.284999966621399,49
2012-06-11,1.2884000539779663,1.2884000539779663,1.2884000539779663,1.2884000539779663,1.2884000539779663,14
2012-06-12,1.2832000255584717,1.2832000255584717,1.2832000255584717,1.2811000347137451,1.2811000347137451,75
2012-06-13,1.2948999404907227,1.2948999404907227,1.2948999404907227,1.2868000268936157,1.2868000268936157,237
2012-06-14,1.2933000326156616,1.2933000326156616,1.2933000326156616,1.2890000343322754,1.2890000343322754,237
2012-06-15,1.2932000160217285,1.2932000160217285,1.2932000160217285,1.292099952697754,1.2922999858856201,11
2012-06-18,1.2920000553131104,1.2920000553131104,1.2920000553131104,1.2920000553131104,1.2920000553131104,15
2012-06-19,1.295199990272522,1.295199990272522,1.295199990272522,1.2949999570846558,1.2949999570846558,2
2012-06-20,1.2950999736785889,1.2950999736785889,1.2960000038146973,1.2950999736785889,1.2960000038146973,51
2012-06-21,1.2940000295639038,1.2940000295639038,1.2940000295639038,1.2940000295639038,1.2940000295639038,29
2012-06-22,1.2908999919891357,1.2908999919891357,1.295199990272522,1.2908999919891357,1.2934000492095947,115
2012-06-25,1.2898000478744507,1.2898000478744507,1.2898000478744507,1.2898000478744507,1.2898000478744507,10
2012-06-26,1.2831000089645386,1.2831000089645386,1.284999966621399,1.2829999923706055,1.284999966621399,37
2012-06-27,1.2813999652862549,1.2813999652862549,1.2813999652862549,1.2813999652862549,1.2813999652862549,0
2012-06-28,1.2898999452590942,1.2898999452590942,1.2899999618530273,1.2889000177383423,1.2891000509262085,18
2012-06-29,1.2905000448226929,1.2905000448226929,1.2936999797821045,1.2905000448226929,1.2936999797821045,36
2012-07-02,1.2825000286102295,1.2825000286102295,1.2825000286102295,1.2825000286102295,1.2825000286102295,8
2012-07-03,1.2805999517440796,1.2805999517440796,1.2805999517440796,1.2805999517440796,1.2805999517440796,3
2012-07-05,1.2589000463485718,1.2589000463485718,1.2760000228881836,1.257599949836731,1.2760000228881836,59
2012-07-06,1.2552000284194946,1.2552000284194946,1.2595000267028809,1.2552000284194946,1.2595000267028809,16
2012-07-09,1.2583999633789062,1.2583999633789062,1.2588000297546387,1.256700038909912,1.2569999694824219,21
2012-07-10,1.2561999559402466,1.2561999559402466,1.2561999559402466,1.253100037574768,1.253999948501587,6
2012-07-11,1.2516000270843506,1.2516000270843506,1.2546000480651855,1.2516000270843506,1.253999948501587,62
2012-07-12,1.2450000047683716,1.2450000047683716,1.2496999502182007,1.2450000047683716,1.249500036239624,45
2012-07-13,1.2444000244140625,1.2444000244140625,1.2444000244140625,1.2444000244140625,1.2444000244140625,13
2012-07-16,1.2482999563217163,1.2482999563217163,1.2482999563217163,1.2461999654769897,1.2461999654769897,7
2012-07-17,1.246899962425232,1.246899962425232,1.247499942779541,1.243399977684021,1.2436000108718872,67
2012-07-18,1.2425999641418457,1.2425999641418457,1.2425999641418457,1.2424999475479126,1.2424999475479126,8
2012-07-19,1.2391999959945679,1.2391999959945679,1.24399995803833,1.2369999885559082,1.243499994277954,138
2012-07-20,1.233299970626831,1.233299970626831,1.2359999418258667,1.232100009918213,1.2359999418258667,36
2012-07-23,1.236199975013733,1.236199975013733,1.236199975013733,1.236199975013733,1.236199975013733,1
2012-07-24,1.2352999448776245,1.2352999448776245,1.2366000413894653,1.2324999570846558,1.2366000413894653,48
2012-07-25,1.235700011253357,1.235700011253357,1.2402000427246094,1.235700011253357,1.2402000427246094,48
2012-07-26,1.2426999807357788,1.2426999807357788,1.2426999807357788,1.2412999868392944,1.2412999868392944,20
2012-07-27,1.2381000518798828,1.2381000518798828,1.2436000108718872,1.2381000518798828,1.242300033569336,22
2012-07-30,1.2304999828338623,1.2304999828338623,1.2304999828338623,1.2304999828338623,1.2304999828338623,3
2012-07-31,1.2359999418258667,1.2359999418258667,1.2359999418258667,1.2359999418258667,1.2359999418258667,4
2012-08-01,1.2308000326156616,1.2308000326156616,1.2337000370025635,1.2308000326156616,1.2337000370025635,6
2012-08-02,1.2288000583648682,1.2288000583648682,1.2288000583648682,1.2288000583648682,1.2288000583648682,70
2012-08-03,1.238800048828125,1.238800048828125,1.238800048828125,1.2285000085830688,1.2285000085830688,41
2012-08-06,1.2402000427246094,1.2402000427246094,1.2451000213623047,1.2402000427246094,1.2451000213623047,55
2012-08-07,1.2384999990463257,1.2384999990463257,1.2410000562667847,1.2384999990463257,1.240399956703186,58
2012-08-08,1.2309999465942383,1.2309999465942383,1.2309999465942383,1.2309999465942383,1.2309999465942383,11
2012-08-09,1.2209999561309814,1.2209999561309814,1.2209999561309814,1.2209999561309814,1.2209999561309814,2
2012-08-10,1.2208000421524048,1.2208000421524048,1.220900058746338,1.2192000150680542,1.2192000150680542,15
2012-08-13,1.2252999544143677,1.2252999544143677,1.2276999950408936,1.2216999530792236,1.2216999530792236,4
2012-08-14,1.2236000299453735,1.2236000299453735,1.2236000299453735,1.2235000133514404,1.2235000133514404,3
2012-08-15,1.2163000106811523,1.2163000106811523,1.2163000106811523,1.2163000106811523,1.2163000106811523,2
2012-08-16,1.2201999425888062,1.2201999425888062,1.2228000164031982,1.218400001525879,1.218400001525879,5
2012-08-17,1.2192000150680542,1.2192000150680542,1.2216999530792236,1.2164000272750854,1.2216999530792236,8
2012-08-20,1.2213000059127808,1.2213000059127808,1.2236000299453735,1.2175999879837036,1.2209999561309814,9
2012-08-21,1.2339999675750732,1.2339999675750732,1.2339999675750732,1.2247999906539917,1.2247999906539917,3
2012-08-22,1.242300033569336,1.242300033569336,1.2431999444961548,1.239400029182434,1.239400029182434,30
2012-08-23,1.2491999864578247,1.2491999864578247,1.2491999864578247,1.243399977684021,1.243399977684021,73
2012-08-24,1.2417000532150269,1.2417000532150269,1.2472000122070312,1.2417000532150269,1.2472000122070312,18
2012-08-27,1.2391999959945679,1.2391999959945679,1.2414000034332275,1.2391999959945679,1.2414000034332275,6
2012-08-28,1.2421000003814697,1.2421000003814697,1.2421000003814697,1.2375999689102173,1.2389999628067017,30
2012-08-29,1.2389999628067017,1.2389999628067017,1.2400000095367432,1.2389999628067017,1.2400000095367432,5
2012-08-30,1.2421000003814697,1.2421000003814697,1.2421000003814697,1.2421000003814697,1.2421000003814697,5
2012-08-31,1.2403000593185425,1.2403000593185425,1.2445000410079956,1.2403000593185425,1.2441999912261963,75
2012-09-04,1.239400029182434,1.239400029182434,1.2431000471115112,1.239400029182434,1.239799976348877,105
2012-09-05,1.2486000061035156,1.2486000061035156,1.2510000467300415,1.2374999523162842,1.238800048828125,157
2012-09-06,1.2425999641418457,1.2425999641418457,1.248900055885315,1.23989999294281,1.248900055885315,34
2012-09-07,1.2520999908447266,1.2520999908447266,1.2520999908447266,1.2419999837875366,1.2419999837875366,20
2012-09-10,1.2483999729156494,1.2483999729156494,1.2510000467300415,1.2475999593734741,1.2510000467300415,10
2012-09-11,1.2519999742507935,1.2519999742507935,1.2519999742507935,1.242300033569336,1.2487000226974487,29
2012-09-12,1.2594000101089478,1.2594000101089478,1.2594000101089478,1.2480000257492065,1.2517000436782837,122
2012-09-13,1.2591999769210815,1.2591999769210815,1.2630000114440918,1.2545000314712524,1.2624000310897827,221
2012-09-14,1.2726999521255493,1.2726999521255493,1.2726999521255493,1.2595000267028809,1.2595000267028809,26
2012-09-17,1.2785999774932861,1.2785999774932861,1.2785999774932861,1.273300051689148,1.2733999490737915,14
2012-09-18,1.274999976158142,1.274999976158142,1.2785999774932861,1.274399995803833,1.2785999774932861,11
2012-09-19,1.2763999700546265,1.2763999700546265,1.2783000469207764,1.2711999416351318,1.2720999717712402,37
2012-09-20,1.2702000141143799,1.2702000141143799,1.274999976158142,1.2702000141143799,1.2747999429702759,19
2012-09-21,1.2726000547409058,1.2726000547409058,1.2733999490737915,1.2694000005722046,1.2694000005722046,23
2012-09-24,1.2691999673843384,1.2691999673843384,1.2704999446868896,1.2680000066757202,1.2704999446868896,9
2012-09-25,1.2700999975204468,1.2700999975204468,1.2711999416351318,1.2684999704360962,1.2699999809265137,29
2012-09-26,1.269700050354004,1.269700050354004,1.2717000246047974,1.2668999433517456,1.2668999433517456,75
2012-09-27,1.2700999975204468,1.2700999975204468,1.270400047302246,1.266800045967102,1.270400047302246,10
2012-09-28,1.267300009727478,1.267300009727478,1.2724000215530396,1.267300009727478,1.2710000276565552,31
2012-10-01,1.2689000368118286,1.2689000368118286,1.2705999612808228,1.267300009727478,1.267300009727478,11
2012-10-02,1.2742999792099,1.2742999792099,1.2742999792099,1.2726000547409058,1.2726000547409058,16
2012-10-03,1.2776999473571777,1.2776999473571777,1.2777999639511108,1.2755000591278076,1.2777999639511108,22
2012-10-04,1.2799999713897705,1.2799999713897705,1.2799999713897705,1.2799999713897705,1.2799999713897705,0
2012-10-05,1.2789000272750854,1.2789000272750854,1.2789000272750854,1.2730000019073486,1.2730000019073486,22
2012-10-08,1.2687000036239624,1.2687000036239624,1.2687000036239624,1.2687000036239624,1.2687000036239624,6
2012-10-09,1.2620999813079834,1.2620999813079834,1.263800024986267,1.2620999813079834,1.263800024986267,6
2012-10-10,1.2681000232696533,1.2681000232696533,1.2681000232696533,1.2681000232696533,1.2681000232696533,2
2012-10-11,1.2685999870300293,1.2685999870300293,1.2685999870300293,1.2685999870300293,1.2685999870300293,1
2012-10-12,1.2719999551773071,1.2719999551773071,1.2719999551773071,1.2719999551773071,1.2719999551773071,0
2012-10-15,1.2690999507904053,1.2690999507904053,1.2690999507904053,1.2690999507904053,1.2690999507904053,0
2012-10-16,1.2898999452590942,1.2898999452590942,1.2898999452590942,1.2898999452590942,1.2898999452590942,21
2012-10-17,1.2856999635696411,1.2856999635696411,1.2856999635696411,1.2856999635696411,1.2856999635696411,13
2012-10-18,1.2896000146865845,1.2896000146865845,1.2896000146865845,1.2896000146865845,1.2896000146865845,0
2012-10-19,1.2963000535964966,1.2963000535964966,1.2963000535964966,1.2924000024795532,1.2924000024795532,6
2012-10-22,1.298799991607666,1.298799991607666,1.298799991607666,1.298799991607666,1.298799991607666,9
2012-10-23,1.2903000116348267,1.2903000116348267,1.2903000116348267,1.2903000116348267,1.2903000116348267,6
2012-10-24,1.2918000221252441,1.2918000221252441,1.2918000221252441,1.2918000221252441,1.2918000221252441,6
2012-10-25,1.2892999649047852,1.2892999649047852,1.2920000553131104,1.2892999649047852,1.2920000553131104,7
2012-10-26,1.2940000295639038,1.2940000295639038,1.2940000295639038,1.2889000177383423,1.2889000177383423,35
2012-10-31,1.29830002784729,1.29830002784729,1.29830002784729,1.29830002784729,1.29830002784729,9
2012-11-01,1.2907999753952026,1.2907999753952026,1.2977999448776245,1.2907999753952026,1.2977999448776245,8
2012-11-02,1.2789000272750854,1.2789000272750854,1.2884999513626099,1.2789000272750854,1.2884999513626099,9
2012-11-05,1.2764999866485596,1.2764999866485596,1.2764999866485596,1.2756999731063843,1.2756999731063843,24
2012-11-06,1.2726999521255493,1.2726999521255493,1.2726999521255493,1.2726999521255493,1.2726999521255493,2
2012-11-07,1.2741999626159668,1.2741999626159668,1.2741999626159668,1.2741999626159668,1.2741999626159668,32
2012-11-08,1.2757999897003174,1.2757999897003174,1.2757999897003174,1.2757999897003174,1.2757999897003174,4
2012-11-09,1.2730000019073486,1.2730000019073486,1.2730000019073486,1.2730000019073486,1.2730000019073486,1
2012-11-12,1.2721999883651733,1.2721999883651733,1.2721999883651733,1.2721999883651733,1.2721999883651733,0
2012-11-13,1.2735999822616577,1.2735999822616577,1.2735999822616577,1.2728999853134155,1.2732000350952148,66
2012-11-14,1.2798999547958374,1.2798999547958374,1.2798999547958374,1.2798999547958374,1.2798999547958374,3
2012-11-15,1.2807999849319458,1.2807999849319458,1.2807999849319458,1.2793999910354614,1.2793999910354614,3
2012-11-16,1.2761000394821167,1.2761000394821167,1.2776999473571777,1.2741999626159668,1.2741999626159668,16
2012-11-19,1.2773000001907349,1.2773000001907349,1.2773000001907349,1.2773000001907349,1.2773000001907349,0
2012-11-20,1.2791999578475952,1.2791999578475952,1.2791999578475952,1.2791999578475952,1.2791999578475952,11
2012-11-21,1.2790000438690186,1.2790000438690186,1.2790000438690186,1.2790000438690186,1.2790000438690186,23
2012-11-23,1.288599967956543,1.288599967956543,1.288599967956543,1.288599967956543,1.288599967956543,51
2012-11-26,1.2889000177383423,1.2889000177383423,1.2889000177383423,1.2889000177383423,1.2889000177383423,11
2012-11-27,1.2868000268936157,1.2868000268936157,1.2868000268936157,1.2868000268936157,1.2868000268936157,2
2012-11-28,1.2842999696731567,1.2842999696731567,1.2842999696731567,1.2842999696731567,1.2842999696731567,4
2012-11-29,1.288100004196167,1.288100004196167,1.288100004196167,1.288100004196167,1.288100004196167,11
2012-11-30,1.2914999723434448,1.2914999723434448,1.2914999723434448,1.2914999723434448,1.2914999723434448,8
2012-12-03,1.2994999885559082,1.2994999885559082,1.2999999523162842,1.295699954032898,1.295699954032898,6
2012-12-04,1.3011000156402588,1.3011000156402588,1.3027000427246094,1.3005000352859497,1.3027000427246094,27
2012-12-05,1.2970000505447388,1.2970000505447388,1.2970000505447388,1.2970000505447388,1.2970000505447388,3
2012-12-06,1.2860000133514404,1.2860000133514404,1.2860000133514404,1.2860000133514404,1.2860000133514404,0
2012-12-07,1.2798999547958374,1.2798999547958374,1.2798999547958374,1.2798999547958374,1.2798999547958374,50
2012-12-10,1.277500033378601,1.277500033378601,1.277500033378601,1.277500033378601,1.277500033378601,49
2012-12-11,1.2829999923706055,1.2829999923706055,1.283400058746338,1.2829999923706055,1.283400058746338,45
2012-12-12,1.2872999906539917,1.2872999906539917,1.2872999906539917,1.2835999727249146,1.2835999727249146,123
2012-12-13,1.2884000539779663,1.2884000539779663,1.2884000539779663,1.2884000539779663,1.2884000539779663,185
2012-12-14,1.298200011253357,1.298200011253357,1.298200011253357,1.298200011253357,1.298200011253357,8
2012-12-17,1.2962000370025635,1.2962000370025635,1.2962000370025635,1.2962000370025635,1.2962000370025635,10
2012-12-18,1.3062000274658203,1.3062000274658203,1.3062000274658203,1.3062000274658203,1.3062000274658203,0
2012-12-19,1.312000036239624,1.312000036239624,1.316499948501587,1.312000036239624,1.3121000528335571,12
2012-12-20,1.3107999563217163,1.3107999563217163,1.3142999410629272,1.3107999563217163,1.3142999410629272,3
2012-12-21,1.313599944114685,1.313599944114685,1.313599944114685,1.313599944114685,1.313599944114685,1
2012-12-24,1.3105000257492065,1.3105000257492065,1.315999984741211,1.3105000257492065,1.315999984741211,37
2012-12-26,1.3180999755859375,1.3180999755859375,1.3180999755859375,1.3180999755859375,1.3180999755859375,22
2012-12-27,1.3205000162124634,1.3205000162124634,1.3205000162124634,1.3188999891281128,1.319100022315979,6
2012-12-28,1.3205000162124634,1.3205000162124634,1.3205000162124634,1.3205000162124634,1.3205000162124634,10
2012-12-31,1.3158999681472778,1.3158999681472778,1.3158999681472778,1.3158999681472778,1.3158999681472778,0
2013-01-02,1.3020000457763672,1.3020000457763672,1.3020000457763672,1.3020000457763672,1.3020000457763672,4
2013-01-03,1.2922999858856201,1.2922999858856201,1.2991000413894653,1.2922999858856201,1.2991000413894653,14
2013-01-04,1.2928999662399292,1.2928999662399292,1.2928999662399292,1.2928999662399292,1.2928999662399292,12
2013-01-07,1.2958999872207642,1.2958999872207642,1.2958999872207642,1.2898000478744507,1.2898000478744507,5
2013-01-08,1.294100046157837,1.294100046157837,1.294100046157837,1.294100046157837,1.294100046157837,0
2013-01-09,1.2919000387191772,1.2919000387191772,1.2930999994277954,1.2901999950408936,1.2901999950408936,116
2013-01-10,1.3066999912261963,1.3066999912261963,1.3066999912261963,1.3066999912261963,1.3066999912261963,15
2013-01-11,1.3149000406265259,1.3149000406265259,1.31659996509552,1.3149000406265259,1.31659996509552,18
2013-01-14,1.318600058555603,1.318600058555603,1.318600058555603,1.3181999921798706,1.3181999921798706,4
2013-01-15,1.311400055885315,1.311400055885315,1.311400055885315,1.311400055885315,1.311400055885315,8
2013-01-16,1.3128000497817993,1.3128000497817993,1.3128000497817993,1.3128000497817993,1.3128000497817993,2
2013-01-17,1.3209999799728394,1.3209999799728394,1.3209999799728394,1.3209999799728394,1.3209999799728394,3
2013-01-18,1.3242000341415405,1.3242000341415405,1.3243999481201172,1.3242000341415405,1.3243999481201172,14
2013-01-22,1.3242000341415405,1.3242000341415405,1.3273999691009521,1.3234000205993652,1.3273999691009521,81
2013-01-23,1.333299994468689,1.333299994468689,1.333299994468689,1.3199000358581543,1.3199000358581543,57
2013-01-24,1.343400001525879,1.343400001525879,1.343400001525879,1.3325999975204468,1.3325999975204468,12
2013-01-25,1.3589999675750732,1.3589999675750732,1.360700011253357,1.3589999675750732,1.360700011253357,8
2013-01-28,1.3561999797821045,1.3561999797821045,1.357200026512146,1.3561999797821045,1.357200026512146,10
2013-01-29,1.353700041770935,1.353700041770935,1.353700041770935,1.353700041770935,1.353700041770935,1
2013-01-30,1.360700011253357,1.360700011253357,1.360700011253357,1.3573999404907227,1.3573999404907227,8
2013-01-31,1.3558000326156616,1.3558000326156616,1.360200047492981,1.3558000326156616,1.360200047492981,7
2013-02-01,1.363800048828125,1.363800048828125,1.3646999597549438,1.363800048828125,1.3646999597549438,6
2013-02-04,1.3509000539779663,1.3509000539779663,1.3568999767303467,1.3509000539779663,1.3568999767303467,19
2013-02-05,1.354200005531311,1.354200005531311,1.354200005531311,1.354200005531311,1.354200005531311,44
2013-02-06,1.3488999605178833,1.3488999605178833,1.3488999605178833,1.3488999605178833,1.3488999605178833,1
2013-02-07,1.3392000198364258,1.3392000198364258,1.3392000198364258,1.3392000198364258,1.3392000198364258,0
2013-02-08,1.3414000272750854,1.3414000272750854,1.3414000272750854,1.3414000272750854,1.3414000272750854,0
2013-02-11,1.347599983215332,1.347599983215332,1.351099967956543,1.347599983215332,1.351099967956543,7
2013-02-12,1.3496999740600586,1.3496999740600586,1.3514000177383423,1.3496999740600586,1.3514000177383423,3
2013-02-13,1.3486000299453735,1.3486000299453735,1.3486000299453735,1.3486000299453735,1.3486000299453735,0
2013-02-14,1.3379000425338745,1.3379000425338745,1.3437000513076782,1.3365000486373901,1.3437000513076782,8
2013-02-15,1.3464000225067139,1.3464000225067139,1.3464000225067139,1.340499997138977,1.340499997138977,8
2013-02-19,1.3560999631881714,1.3560999631881714,1.3560999631881714,1.34660005569458,1.3473000526428223,13
2013-02-20,1.353700041770935,1.353700041770935,1.357699990272522,1.353700041770935,1.357699990272522,1
2013-02-21,1.3437000513076782,1.3437000513076782,1.3486000299453735,1.3437000513076782,1.3486000299453735,3
2013-02-22,1.3493000268936157,1.3493000268936157,1.3493000268936157,1.3493000268936157,1.3493000268936157,28
2013-02-25,1.347499966621399,1.347499966621399,1.347499966621399,1.3420000076293945,1.347499966621399,30
2013-02-26,1.3402999639511108,1.3402999639511108,1.340999960899353,1.3402999639511108,1.340999960899353,5
2013-02-27,1.3442000150680542,1.3442000150680542,1.3463000059127808,1.3442000150680542,1.3463000059127808,59
2013-02-28,1.346500039100647,1.346500039100647,1.346500039100647,1.3430999517440796,1.3430999517440796,21
2013-03-01,1.3398000001907349,1.3398000001907349,1.344099998474121,1.3395999670028687,1.344099998474121,20
2013-03-04,1.3394999504089355,1.3394999504089355,1.3394999504089355,1.3391000032424927,1.3391000032424927,13
2013-03-05,1.34089994430542,1.34089994430542,1.3416999578475952,1.3392000198364258,1.3416999578475952,44
2013-03-06,1.3406000137329102,1.3406000137329102,1.3406000137329102,1.3406000137329102,1.3406000137329102,76
2013-03-07,1.3489999771118164,1.3489999771118164,1.3493000268936157,1.3423999547958374,1.3423999547958374,43
2013-03-08,1.3380000591278076,1.3380000591278076,1.3380000591278076,1.3331999778747559,1.3331999778747559,48
2013-03-11,1.3386000394821167,1.3386000394821167,1.3387000560760498,1.3366999626159668,1.3366999626159668,2
2013-03-12,1.3371000289916992,1.3371000289916992,1.3371000289916992,1.3371000289916992,1.3371000289916992,155
2013-03-13,1.3316999673843384,1.3316999673843384,1.3316999673843384,1.3286000490188599,1.329300045967102,106
2013-03-14,1.3289999961853027,1.3289999961853027,1.3320000171661377,1.3289999961853027,1.3295999765396118,92
2013-03-15,1.3308000564575195,1.3308000564575195,1.3308000564575195,1.3308000564575195,1.3308000564575195,5
2013-03-18,1.3229000568389893,1.3229000568389893,1.3229000568389893,1.3229000568389893,1.3229000568389893,17
2013-03-19,1.3265000581741333,1.3265000581741333,1.3289999961853027,1.3265000581741333,1.3287999629974365,28
2013-03-20,1.3301000595092773,1.3301000595092773,1.3301000595092773,1.3273999691009521,1.3273999691009521,23
2013-03-21,1.3260999917984009,1.3260999917984009,1.3260999917984009,1.3220000267028809,1.323799967765808,16
2013-03-22,1.3312000036239624,1.3312000036239624,1.3315000534057617,1.330899953842163,1.3315000534057617,17
2013-03-25,1.3174999952316284,1.3174999952316284,1.3174999952316284,1.3174999952316284,1.3174999952316284,21
2013-03-26,1.3099000453948975,1.3099000453948975,1.311900019645691,1.3099000453948975,1.311400055885315,20
2013-03-27,1.3014999628067017,1.3014999628067017,1.3077000379562378,1.301300048828125,1.3072999715805054,41
2013-03-28,1.3056999444961548,1.3056999444961548,1.3068000078201294,1.3056999444961548,1.3068000078201294,40
2013-04-01,1.3092000484466553,1.3092000484466553,1.3092000484466553,1.3092000484466553,1.3092000484466553,11
2013-04-02,1.3033000230789185,1.3033000230789185,1.3042999505996704,1.3033000230789185,1.3042999505996704,18
2013-04-03,1.3061000108718872,1.3061000108718872,1.3061000108718872,1.3061000108718872,1.3061000108718872,24
2013-04-04,1.3118000030517578,1.3118000030517578,1.3118000030517578,1.3033000230789185,1.3033000230789185,71
2013-04-05,1.3270000219345093,1.3270000219345093,1.330299973487854,1.3152999877929688,1.3154000043869019,75
2013-04-08,1.3259999752044678,1.3259999752044678,1.3259999752044678,1.3259999752044678,1.3259999752044678,6
2013-04-09,1.3324999809265137,1.3324999809265137,1.3324999809265137,1.3293999433517456,1.3293999433517456,6
2013-04-10,1.3278000354766846,1.3278000354766846,1.3278000354766846,1.3278000354766846,1.3278000354766846,7
2013-04-11,1.3279000520706177,1.3279000520706177,1.3279000520706177,1.3279000520706177,1.3279000520706177,0
2013-04-12,1.3286000490188599,1.3286000490188599,1.3286000490188599,1.3286000490188599,1.3286000490188599,17
2013-04-15,1.3385000228881836,1.3385000228881836,1.3387000560760498,1.3385000228881836,1.3387000560760498,16
2013-04-16,1.3496999740600586,1.3496999740600586,1.3496999740600586,1.3388999700546265,1.3388999700546265,36
2013-04-17,1.3392000198364258,1.3392000198364258,1.3392000198364258,1.3392000198364258,1.3392000198364258,11
2013-04-18,1.3423000574111938,1.3423000574111938,1.3427000045776367,1.3423000574111938,1.3427000045776367,4
2013-04-19,1.343000054359436,1.343000054359436,1.3446999788284302,1.343000054359436,1.3446999788284302,2
2013-04-22,1.3422000408172607,1.3422000408172607,1.3422000408172607,1.340000033378601,1.340000033378601,17
2013-04-23,1.3356000185012817,1.3356000185012817,1.3356000185012817,1.3356000185012817,1.3356000185012817,16
2013-04-24,1.3375999927520752,1.3375999927520752,1.3375999927520752,1.3346999883651733,1.3371000289916992,12
2013-04-25,1.3300000429153442,1.3300000429153442,1.3355000019073486,1.3286999464035034,1.3355000019073486,4
2013-04-26,1.3269000053405762,1.3269000053405762,1.3270000219345093,1.3269000053405762,1.3270000219345093,2
2013-04-29,1.325700044631958,1.325700044631958,1.3305000066757202,1.325700044631958,1.3305000066757202,3
2013-04-30,1.3279999494552612,1.3279999494552612,1.3288999795913696,1.3234000205993652,1.3234000205993652,54
2013-05-01,1.3316999673843384,1.3316999673843384,1.333799958229065,1.3316999673843384,1.333799958229065,11
2013-05-02,1.3173999786376953,1.3173999786376953,1.3299000263214111,1.3173999786376953,1.3299000263214111,60
2013-05-03,1.323099970817566,1.323099970817566,1.323099970817566,1.323099970817566,1.323099970817566,0
2013-05-06,1.3183000087738037,1.3183000087738037,1.3183000087738037,1.3183000087738037,1.3183000087738037,32
2013-05-07,1.3158999681472778,1.3158999681472778,1.3207000494003296,1.3158999681472778,1.3207000494003296,41
2013-05-08,1.3210999965667725,1.3210999965667725,1.3210999965667725,1.3210999965667725,1.3210999965667725,22
2013-05-09,1.3142999410629272,1.3142999410629272,1.3142999410629272,1.3135000467300415,1.3135000467300415,17
2013-05-10,1.3143999576568604,1.3143999576568604,1.3143999576568604,1.3143999576568604,1.3143999576568604,0
2013-05-13,1.3122999668121338,1.3122999668121338,1.3122999668121338,1.3122999668121338,1.3122999668121338,2
2013-05-14,1.3179999589920044,1.3179999589920044,1.3179999589920044,1.315500020980835,1.315500020980835,19
2013-05-15,1.3113000392913818,1.3113000392913818,1.318600058555603,1.3113000392913818,1.318600058555603,65
2013-05-16,1.313599944114685,1.313599944114685,1.3141000270843506,1.313599944114685,1.313599944114685,15
2013-05-17,1.3206000328063965,1.3206000328063965,1.3206000328063965,1.3199000358581543,1.3199000358581543,5
2013-05-20,1.3200000524520874,1.3200000524520874,1.3200000524520874,1.3200000524520874,1.3200000524520874,1
2013-05-21,1.3260999917984009,1.3260999917984009,1.3260999917984009,1.3260999917984009,1.3260999917984009,3
2013-05-22,1.3339999914169312,1.3339999914169312,1.3360999822616577,1.3312000036239624,1.3312000036239624,43
2013-05-23,1.3336000442504883,1.3336000442504883,1.3365000486373901,1.3336000442504883,1.3365000486373901,10
2013-05-24,1.335800051689148,1.335800051689148,1.3379000425338745,1.335800051689148,1.3379000425338745,8
2013-05-28,1.3375999927520752,1.3375999927520752,1.3375999927520752,1.3375999927520752,1.3375999927520752,51
2013-05-29,1.3407000303268433,1.3407000303268433,1.3407000303268433,1.3407000303268433,1.3407000303268433,58
2013-05-30,1.3443000316619873,1.3443000316619873,1.3460999727249146,1.3443000316619873,1.3460999727249146,8
2013-05-31,1.346500039100647,1.346500039100647,1.346500039100647,1.346500039100647,1.346500039100647,14
2013-06-03,1.343999981880188,1.343999981880188,1.343999981880188,1.343999981880188,1.343999981880188,35
2013-06-04,1.354099988937378,1.354099988937378,1.3544000387191772,1.3504999876022339,1.3507000207901,31
2013-06-05,1.3547999858856201,1.3547999858856201,1.3564000129699707,1.3547999858856201,1.3564000129699707,9
2013-06-06,1.3598999977111816,1.3598999977111816,1.361299991607666,1.3550000190734863,1.3550000190734863,53
2013-06-07,1.3508000373840332,1.3508000373840332,1.3598999977111816,1.350000023841858,1.3598999977111816,38
2013-06-10,1.3518999814987183,1.3518999814987183,1.3518999814987183,1.347000002861023,1.347000002861023,29
2013-06-11,1.3561999797821045,1.3561999797821045,1.3605999946594238,1.3532999753952026,1.3605999946594238,174
2013-06-12,1.3615000247955322,1.3615000247955322,1.3624000549316406,1.350100040435791,1.3560999631881714,250
2013-06-13,1.3590999841690063,1.3590999841690063,1.3590999841690063,1.3535000085830688,1.3535000085830688,81
2013-06-14,1.3568999767303467,1.3568999767303467,1.3568999767303467,1.3568999767303467,1.3568999767303467,3
2013-06-17,1.3559000492095947,1.3559000492095947,1.3566999435424805,1.3559000492095947,1.3566999435424805,15
2013-06-18,1.3712999820709229,1.3712999820709229,1.3712999820709229,1.3675999641418457,1.3696000576019287,25
2013-06-19,1.368299961090088,1.368299961090088,1.368299961090088,1.3660000562667847,1.3660000562667847,11
2013-06-20,1.375,1.375,1.3763999938964844,1.3669999837875366,1.3687000274658203,19
2013-06-21,1.3776999711990356,1.3776999711990356,1.3776999711990356,1.3776999711990356,1.3776999711990356,1
2013-06-24,1.3804999589920044,1.3804999589920044,1.3832999467849731,1.3804999589920044,1.3812999725341797,10
2013-06-25,1.3801000118255615,1.3801000118255615,1.381500005722046,1.378499984741211,1.3802000284194946,6
2013-06-26,1.3667000532150269,1.3667000532150269,1.3700000047683716,1.3653000593185425,1.3700000047683716,9
2013-06-27,1.3705999851226807,1.3705999851226807,1.3705999851226807,1.3661999702453613,1.3661999702453613,13
2013-06-28,1.370300054550171,1.370300054550171,1.371000051498413,1.370300054550171,1.371000051498413,3
2013-07-01,1.374500036239624,1.374500036239624,1.3762999773025513,1.371000051498413,1.3747999668121338,16
2013-07-02,1.3707000017166138,1.3707000017166138,1.3787000179290771,1.3707000017166138,1.3787000179290771,6
2013-07-03,1.3717000484466553,1.3717000484466553,1.3717000484466553,1.3671000003814697,1.367400050163269,13
2013-07-05,1.3601000308990479,1.3601000308990479,1.3650000095367432,1.3550000190734863,1.3650000095367432,44
2013-07-08,1.361899971961975,1.361899971961975,1.361899971961975,1.3585000038146973,1.3585000038146973,23
2013-07-09,1.3488999605178833,1.3488999605178833,1.3602999448776245,1.3467999696731567,1.3602999448776245,43
2013-07-10,1.3560999631881714,1.3560999631881714,1.3560999631881714,1.3560999631881714,1.3560999631881714,36
2013-07-11,1.3616000413894653,1.3616000413894653,1.3650000095367432,1.3600000143051147,1.3650000095367432,16
2013-07-12,1.3598999977111816,1.3598999977111816,1.3598999977111816,1.3598999977111816,1.3598999977111816,3
2013-07-15,1.3639999628067017,1.3639999628067017,1.3650000095367432,1.3600000143051147,1.3604999780654907,28
2013-07-16,1.3672000169754028,1.3672000169754028,1.3700000047683716,1.3655999898910522,1.3655999898910522,22
2013-07-17,1.3681000471115112,1.3681000471115112,1.3697999715805054,1.3681000471115112,1.3687000274658203,11
2013-07-18,1.3626999855041504,1.3626999855041504,1.3650000095367432,1.3619999885559082,1.3650000095367432,10
2013-07-19,1.3641999959945679,1.3641999959945679,1.364400029182434,1.3641999959945679,1.364400029182434,51
2013-07-22,1.3660999536514282,1.3660999536514282,1.3680000305175781,1.3660999536514282,1.3680000305175781,59
2013-07-23,1.3626999855041504,1.3626999855041504,1.3626999855041504,1.3626999855041504,1.3626999855041504,31
2013-07-24,1.3632999658584595,1.3632999658584595,1.3632999658584595,1.3632999658584595,1.3632999658584595,5
2013-07-25,1.3641999959945679,1.3641999959945679,1.3641999959945679,1.3609000444412231,1.3609000444412231,62
2013-07-26,1.3671000003814697,1.3671000003814697,1.3671000003814697,1.3671000003814697,1.3671000003814697,0
2013-07-29,1.3624000549316406,1.3624000549316406,1.3660000562667847,1.3624000549316406,1.3660000562667847,18
2013-07-30,1.3693000078201294,1.3693000078201294,1.3693000078201294,1.3652000427246094,1.3666000366210938,20
2013-07-31,1.3688000440597534,1.3688000440597534,1.3688000440597534,1.3688000440597534,1.3688000440597534,27
2013-08-01,1.3688000440597534,1.3688000440597534,1.3688000440597534,1.3630000352859497,1.3630000352859497,67
2013-08-02,1.3818999528884888,1.3818999528884888,1.3818999528884888,1.3746999502182007,1.3746999502182007,31
2013-08-05,1.3762999773025513,1.3762999773025513,1.38100004196167,1.3762999773025513,1.38100004196167,6
2013-08-06,1.38100004196167,1.38100004196167,1.3834999799728394,1.3804999589920044,1.3834999799728394,68
2013-08-07,1.3911000490188599,1.3911000490188599,1.3912999629974365,1.3849999904632568,1.3849999904632568,96
2013-08-08,1.3827999830245972,1.3827999830245972,1.391700029373169,1.3823000192642212,1.391700029373169,94
2013-08-09,1.3722000122070312,1.3722000122070312,1.3834999799728394,1.3722000122070312,1.3834999799728394,10
2013-08-12,1.3717000484466553,1.3717000484466553,1.3717000484466553,1.3700000047683716,1.3700000047683716,7
2013-08-13,1.3729000091552734,1.3729000091552734,1.3746000528335571,1.3700000047683716,1.3746000528335571,22
2013-08-14,1.3711999654769897,1.3711999654769897,1.3711999654769897,1.370300054550171,1.370300054550171,6
2013-08-15,1.3760000467300415,1.3760000467300415,1.3760000467300415,1.3722000122070312,1.3722000122070312,58
2013-08-16,1.3777999877929688,1.3777999877929688,1.3777999877929688,1.3762999773025513,1.3762999773025513,2
2013-08-19,1.3811999559402466,1.3811999559402466,1.3811999559402466,1.3811999559402466,1.3811999559402466,18
2013-08-20,1.3950999975204468,1.3950999975204468,1.3969999551773071,1.3818999528884888,1.3849999904632568,92
2013-08-21,1.399899959564209,1.399899959564209,1.399899959564209,1.3975000381469727,1.3986999988555908,17
2013-08-22,1.4063999652862549,1.4063999652862549,1.4063999652862549,1.3997000455856323,1.399999976158142,64
2013-08-23,1.4076999425888062,1.4076999425888062,1.4112000465393066,1.4076999425888062,1.4112000465393066,28
2013-08-26,1.405400037765503,1.405400037765503,1.4083000421524048,1.4050999879837036,1.4067000150680542,53
2013-08-27,1.4046000242233276,1.4046000242233276,1.4046000242233276,1.4046000242233276,1.4046000242233276,11
2013-08-28,1.3990000486373901,1.3990000486373901,1.3996000289916992,1.3973000049591064,1.3996000289916992,7
2013-08-29,1.3952000141143799,1.3952000141143799,1.3952000141143799,1.3898999691009521,1.3931000232696533,85
2013-08-30,1.3914999961853027,1.3914999961853027,1.3914999961853027,1.3899999856948853,1.3907999992370605,11
2013-09-03,1.3880000114440918,1.3880000114440918,1.3904000520706177,1.3849999904632568,1.3904000520706177,70
2013-09-04,1.3863999843597412,1.3863999843597412,1.3863999843597412,1.38100004196167,1.3840999603271484,10
2013-09-05,1.3782999515533447,1.3782999515533447,1.3818000555038452,1.3782999515533447,1.3794000148773193,32
2013-09-06,1.3710999488830566,1.3710999488830566,1.3710999488830566,1.3700000047683716,1.3700000047683716,47
2013-09-09,1.374899983406067,1.374899983406067,1.374899983406067,1.374899983406067,1.374899983406067,19
2013-09-10,1.3732000589370728,1.3732000589370728,1.3734999895095825,1.3720999956130981,1.3720999956130981,44
2013-09-11,1.3733999729156494,1.3733999729156494,1.3737000226974487,1.3722000122070312,1.3722000122070312,178
2013-09-12,1.3734999895095825,1.3734999895095825,1.3734999895095825,1.3734999895095825,1.3734999895095825,221
2013-09-13,1.375599980354309,1.375599980354309,1.375599980354309,1.3680000305175781,1.3680000305175781,8
2013-09-16,1.3765000104904175,1.3765000104904175,1.3765000104904175,1.3765000104904175,1.3765000104904175,6
2013-09-17,1.3783999681472778,1.3783999681472778,1.381500005722046,1.3783999681472778,1.381500005722046,32
2013-09-18,1.382699966430664,1.382699966430664,1.382699966430664,1.3799999952316284,1.3802000284194946,40
2013-09-19,1.3912999629974365,1.3912999629974365,1.3912999629974365,1.3912999629974365,1.3912999629974365,12
2013-09-20,1.3948999643325806,1.3948999643325806,1.3948999643325806,1.3948999643325806,1.3948999643325806,29
2013-09-23,1.3899999856948853,1.3899999856948853,1.3950999975204468,1.3899999856948853,1.3948999643325806,17
2013-09-24,1.3910000324249268,1.3910000324249268,1.3910000324249268,1.3910000324249268,1.3910000324249268,28
2013-09-25,1.3975000381469727,1.3975000381469727,1.3975000381469727,1.392300009727478,1.392300009727478,15
2013-09-26,1.3937000036239624,1.3937000036239624,1.3937000036239624,1.3937000036239624,1.3937000036239624,5
2013-09-27,1.3954999446868896,1.3954999446868896,1.3954999446868896,1.3954999446868896,1.3954999446868896,5
2013-09-30,1.396399974822998,1.396399974822998,1.396399974822998,1.3946000337600708,1.3946000337600708,9
2013-10-01,1.4002000093460083,1.4002000093460083,1.4012999534606934,1.3991999626159668,1.3991999626159668,20
2013-10-02,1.4062000513076782,1.4062000513076782,1.4062000513076782,1.406000018119812,1.406000018119812,10
2013-10-03,1.4089000225067139,1.4089000225067139,1.4089000225067139,1.4089000225067139,1.4089000225067139,0
2013-10-04,1.3986999988555908,1.3986999988555908,1.4062999486923218,1.3986999988555908,1.4062999486923218,51
2013-10-07,1.402500033378601,1.402500033378601,1.402500033378601,1.402500033378601,1.402500033378601,10
2013-10-08,1.410099983215332,1.410099983215332,1.410099983215332,1.4052000045776367,1.4068000316619873,29
2013-10-09,1.4081000089645386,1.4081000089645386,1.4081000089645386,1.4042999744415283,1.4042999744415283,44
2013-10-10,1.4098000526428223,1.4098000526428223,1.4098000526428223,1.4098000526428223,1.4098000526428223,1
2013-10-11,1.4042999744415283,1.4042999744415283,1.4042999744415283,1.4042999744415283,1.4042999744415283,21
2013-10-14,1.4079999923706055,1.4079999923706055,1.4079999923706055,1.4079999923706055,1.4079999923706055,3
2013-10-15,1.4056999683380127,1.4056999683380127,1.4056999683380127,1.399999976158142,1.399999976158142,9
2013-10-16,1.399999976158142,1.399999976158142,1.4069000482559204,1.3980000019073486,1.4069000482559204,13
2013-10-17,1.4092999696731567,1.4092999696731567,1.4092999696731567,1.4092999696731567,1.4092999696731567,1
2013-10-18,1.4104000329971313,1.4104000329971313,1.4104000329971313,1.4104000329971313,1.4104000329971313,11
2013-10-21,1.4106999635696411,1.4106999635696411,1.4106999635696411,1.4106999635696411,1.4106999635696411,1
2013-10-22,1.4200999736785889,1.4200999736785889,1.4200999736785889,1.4092999696731567,1.4092999696731567,14
2013-10-23,1.4342000484466553,1.4342000484466553,1.4342000484466553,1.4326000213623047,1.4327000379562378,31
2013-10-24,1.4408999681472778,1.4408999681472778,1.4408999681472778,1.4407000541687012,1.4407000541687012,19
2013-10-25,1.4450000524520874,1.4450000524520874,1.4450000524520874,1.443600058555603,1.443600058555603,10
2013-10-28,1.44350004196167,1.44350004196167,1.44350004196167,1.44350004196167,1.44350004196167,14
2013-10-29,1.440000057220459,1.440000057220459,1.4402999877929688,1.440000057220459,1.4402999877929688,5
2013-10-30,1.4401999711990356,1.4401999711990356,1.44159996509552,1.4401999711990356,1.44159996509552,3
2013-10-31,1.4179999828338623,1.4179999828338623,1.4179999828338623,1.4179999828338623,1.4179999828338623,15
2013-11-01,1.4086999893188477,1.4086999893188477,1.4341000318527222,1.4086999893188477,1.4341000318527222,18
2013-11-04,1.4103000164031982,1.4103000164031982,1.4103000164031982,1.4103000164031982,1.4103000164031982,8
2013-11-05,1.4112999439239502,1.4112999439239502,1.4112999439239502,1.4112999439239502,1.4112999439239502,2
2013-11-06,1.4105000495910645,1.4105000495910645,1.4105000495910645,1.4105000495910645,1.4105000495910645,21
2013-11-07,1.4040000438690186,1.4040000438690186,1.4040000438690186,1.4040000438690186,1.4040000438690186,28
2013-11-08,1.4021999835968018,1.4021999835968018,1.4021999835968018,1.4018000364303589,1.4018000364303589,10
2013-11-11,1.405900001525879,1.405900001525879,1.4067000150680542,1.405900001525879,1.4067000150680542,6
2013-11-12,1.4098999500274658,1.4098999500274658,1.4098999500274658,1.4098999500274658,1.4098999500274658,3
2013-11-13,1.4101999998092651,1.4101999998092651,1.4101999998092651,1.4101999998092651,1.4101999998092651,0
2013-11-14,1.4117000102996826,1.4117000102996826,1.4169000387191772,1.4112999439239502,1.4112999439239502,21
2013-11-15,1.4105000495910645,1.4105000495910645,1.4105000495910645,1.4105000495910645,1.4105000495910645,53
2013-11-18,1.409000039100647,1.409000039100647,1.409000039100647,1.409000039100647,1.409000039100647,1
2013-11-19,1.4185999631881714,1.4185999631881714,1.4185999631881714,1.4185999631881714,1.4185999631881714,5
2013-11-20,1.404099941253662,1.404099941253662,1.4042999744415283,1.404099941253662,1.4042999744415283,42
2013-11-21,1.417799949645996,1.417799949645996,1.417799949645996,1.4140000343322754,1.4140000343322754,5
2013-11-22,1.4278000593185425,1.4278000593185425,1.4283000230789185,1.4256000518798828,1.4283000230789185,58
2013-11-25,1.4275000095367432,1.4275000095367432,1.4275000095367432,1.4275000095367432,1.4275000095367432,1
2013-11-26,1.4322999715805054,1.4322999715805054,1.4322999715805054,1.4322999715805054,1.4322999715805054,3
2013-11-27,1.4390000104904175,1.4390000104904175,1.4390000104904175,1.4390000104904175,1.4390000104904175,11
2013-11-29,1.4443000555038452,1.4443000555038452,1.4443000555038452,1.4400999546051025,1.4400999546051025,30
2013-12-02,1.4404000043869019,1.4404000043869019,1.4404000043869019,1.4404000043869019,1.4404000043869019,0
2013-12-03,1.4479999542236328,1.4479999542236328,1.4503999948501587,1.4437999725341797,1.4437999725341797,15
2013-12-04,1.4522000551223755,1.4522000551223755,1.4531999826431274,1.443600058555603,1.443600058555603,48
2013-12-05,1.4565999507904053,1.4565999507904053,1.4565999507904053,1.4565999507904053,1.4565999507904053,22
2013-12-06,1.4606000185012817,1.4606000185012817,1.4606000185012817,1.4606000185012817,1.4606000185012817,7
2013-12-09,1.4622000455856323,1.4622000455856323,1.4630000591278076,1.4622000455856323,1.4630000591278076,14
2013-12-10,1.460800051689148,1.460800051689148,1.460800051689148,1.460800051689148,1.460800051689148,13
2013-12-11,1.4608999490737915,1.4608999490737915,1.4608999490737915,1.4608999490737915,1.4608999490737915,448
2013-12-12,1.462399959564209,1.462399959564209,1.462399959564209,1.4556000232696533,1.4556000232696533,300
2013-12-13,1.4550000429153442,1.4550000429153442,1.4600000381469727,1.4550000429153442,1.4600000381469727,17
2013-12-16,1.457800030708313,1.457800030708313,1.457800030708313,1.457800030708313,1.457800030708313,4
2013-12-17,1.464400053024292,1.464400053024292,1.464400053024292,1.464400053024292,1.464400053024292,4
2013-12-18,1.469099998474121,1.469099998474121,1.469099998474121,1.469099998474121,1.469099998474121,9
2013-12-19,1.4592000246047974,1.4592000246047974,1.469599962234497,1.4592000246047974,1.469599962234497,26
2013-12-20,1.4607000350952148,1.4607000350952148,1.4639999866485596,1.4607000350952148,1.4639999866485596,11
2013-12-23,1.4549000263214111,1.4549000263214111,1.4549000263214111,1.4549000263214111,1.4549000263214111,7
2013-12-24,1.454699993133545,1.454699993133545,1.4570000171661377,1.454699993133545,1.4567999839782715,21
2013-12-26,1.4599000215530396,1.4599000215530396,1.4599000215530396,1.4599000215530396,1.4599000215530396,16
2013-12-27,1.4737999439239502,1.4737999439239502,1.4753999710083008,1.4737999439239502,1.4753999710083008,26
2013-12-30,1.4713000059127808,1.4713000059127808,1.4737999439239502,1.4713000059127808,1.4737999439239502,12
2013-12-31,1.4680999517440796,1.4680999517440796,1.4680999517440796,1.4680999517440796,1.4680999517440796,9
2014-01-02,1.4581999778747559,1.4581999778747559,1.4592000246047974,1.4581999778747559,1.4592000246047974,39
2014-01-03,1.4463000297546387,1.4463000297546387,1.4486000537872314,1.4460999965667725,1.4486000537872314,27
2014-01-06,1.455299973487854,1.455299973487854,1.455299973487854,1.455299973487854,1.455299973487854,22
2014-01-07,1.468500018119812,1.468500018119812,1.468500018119812,1.4643000364303589,1.4652999639511108,33
2014-01-08,1.4701999425888062,1.4701999425888062,1.4718999862670898,1.4692000150680542,1.4709999561309814,38
2014-01-09,1.479099988937378,1.479099988937378,1.4801000356674194,1.479099988937378,1.4801000356674194,15
2014-01-10,1.4903000593185425,1.4903000593185425,1.4946000576019287,1.4800000190734863,1.4800000190734863,31
2014-01-13,1.4869999885559082,1.4869999885559082,1.4883999824523926,1.4851000308990479,1.4871000051498413,37
2014-01-14,1.498900055885315,1.498900055885315,1.5002000331878662,1.498900055885315,1.499500036239624,45
2014-01-15,1.4918999671936035,1.4918999671936035,1.49399995803833,1.4896999597549438,1.49399995803833,84
2014-01-16,1.488700032234192,1.488700032234192,1.488700032234192,1.488700032234192,1.488700032234192,9
2014-01-17,1.4864000082015991,1.4864000082015991,1.4903000593185425,1.4864000082015991,1.4903000593185425,59
2014-01-21,1.4910000562667847,1.4910000562667847,1.4910000562667847,1.4872000217437744,1.4872000217437744,18
2014-01-22,1.5032999515533447,1.5032999515533447,1.5032999515533447,1.5024000406265259,1.5024000406265259,33
2014-01-23,1.5240999460220337,1.5240999460220337,1.527999997138977,1.5202000141143799,1.5234999656677246,42
2014-01-24,1.5153000354766846,1.5153000354766846,1.5216000080108643,1.5149999856948853,1.5182000398635864,65
2014-01-27,1.518399953842163,1.518399953842163,1.5192999839782715,1.5109000205993652,1.5160000324249268,64
2014-01-28,1.5255000591278076,1.5255000591278076,1.5255000591278076,1.5225000381469727,1.5225000381469727,28
2014-01-29,1.5266000032424927,1.5266000032424927,1.5266000032424927,1.517300009727478,1.5223000049591064,49
2014-01-30,1.5160000324249268,1.5160000324249268,1.5160000324249268,1.514299988746643,1.514299988746643,12
2014-01-31,1.5018999576568604,1.5018999576568604,1.5174000263214111,1.5018999576568604,1.5145000219345093,73
2014-02-03,1.503100037574768,1.503100037574768,1.503100037574768,1.49399995803833,1.496000051498413,43
2014-02-04,1.4982999563217163,1.4982999563217163,1.4989999532699585,1.496999979019165,1.4989999532699585,64
2014-02-05,1.500599980354309,1.500599980354309,1.502500057220459,1.5,1.5,40
2014-02-06,1.5049999952316284,1.5049999952316284,1.514799952507019,1.4931999444961548,1.4989999532699585,102
2014-02-07,1.5048999786376953,1.5048999786376953,1.506700038909912,1.4957000017166138,1.503000020980835,48
2014-02-10,1.5081000328063965,1.5081000328063965,1.5082000494003296,1.507099986076355,1.507099986076355,79
2014-02-11,1.503100037574768,1.503100037574768,1.5144000053405762,1.503100037574768,1.5099999904632568,19
2014-02-12,1.496000051498413,1.496000051498413,1.496000051498413,1.4946999549865723,1.4946999549865723,12
2014-02-13,1.5017999410629272,1.5017999410629272,1.5053999423980713,1.5,1.5,10
2014-02-14,1.5054999589920044,1.5054999589920044,1.5054999589920044,1.5054999589920044,1.5054999589920044,4
2014-02-18,1.506500005722046,1.506500005722046,1.507099986076355,1.506500005722046,1.507099986076355,85
2014-02-19,1.5235999822616577,1.5235999822616577,1.5235999822616577,1.5042999982833862,1.5042999982833862,36
2014-02-20,1.5247999429702759,1.5247999429702759,1.5247999429702759,1.5180000066757202,1.5180000066757202,4
2014-02-21,1.5302000045776367,1.5302000045776367,1.531999945640564,1.5302000045776367,1.531999945640564,9
2014-02-24,1.5198999643325806,1.5198999643325806,1.5198999643325806,1.5198999643325806,1.5198999643325806,2
2014-02-25,1.5234999656677246,1.5234999656677246,1.5234999656677246,1.5234999656677246,1.5234999656677246,1
2014-02-26,1.523900032043457,1.523900032043457,1.523900032043457,1.5188000202178955,1.5188000202178955,18
2014-02-27,1.5286999940872192,1.5286999940872192,1.5286999940872192,1.5286999940872192,1.5286999940872192,32
2014-02-28,1.5299999713897705,1.5299999713897705,1.5368000268936157,1.5299999713897705,1.5342999696731567,19
2014-03-03,1.5226999521255493,1.5226999521255493,1.527999997138977,1.5225000381469727,1.5234999656677246,24
2014-03-04,1.5264999866485596,1.5264999866485596,1.5264999866485596,1.5264999866485596,1.5264999866485596,1
2014-03-05,1.5159000158309937,1.5159000158309937,1.5241999626159668,1.5159000158309937,1.5241999626159668,7
2014-03-06,1.5228999853134155,1.5228999853134155,1.5228999853134155,1.5228999853134155,1.5228999853134155,30
2014-03-07,1.5399999618530273,1.5399999618530273,1.5399999618530273,1.5246000289916992,1.5246000289916992,51
2014-03-10,1.5406999588012695,1.5406999588012695,1.541200041770935,1.5406999588012695,1.541200041770935,13
2014-03-11,1.5404000282287598,1.5404000282287598,1.5420000553131104,1.5382000207901,1.5418000221252441,73
2014-03-12,1.5462000370025635,1.5462000370025635,1.5494999885559082,1.5460000038146973,1.5462000370025635,472
2014-03-13,1.5335999727249146,1.5335999727249146,1.544700026512146,1.531999945640564,1.544700026512146,448
2014-03-14,1.5432000160217285,1.5432000160217285,1.5432000160217285,1.5432000160217285,1.5432000160217285,0
2014-03-17,1.5434999465942383,1.5434999465942383,1.5434999465942383,1.5434999465942383,1.5434999465942383,55
2014-03-18,1.555299997329712,1.555299997329712,1.555299997329712,1.537500023841858,1.5408999919891357,181
2014-03-19,1.5570000410079956,1.5570000410079956,1.559499979019165,1.556399941444397,1.559499979019165,67
2014-03-20,1.5521999597549438,1.5521999597549438,1.559999942779541,1.5521999597549438,1.5563000440597534,123
2014-03-21,1.5490000247955322,1.5490000247955322,1.5507999658584595,1.5434999465942383,1.5479999780654907,334
2014-03-24,1.551900029182434,1.551900029182434,1.555799961090088,1.5462000370025635,1.5527000427246094,362
2014-03-25,1.5468000173568726,1.5468000173568726,1.5535999536514282,1.5429999828338623,1.5525000095367432,561
2014-03-26,1.5351999998092651,1.5351999998092651,1.5384999513626099,1.5318000316619873,1.5383000373840332,218
2014-03-27,1.5194000005722046,1.5194000005722046,1.534600019454956,1.5182000398635864,1.5342999696731567,414
2014-03-28,1.5228999853134155,1.5228999853134155,1.5256999731063843,1.5115000009536743,1.5157999992370605,306
2014-03-31,1.5241999626159668,1.5241999626159668,1.5281000137329102,1.5204999446868896,1.5247000455856323,308
2014-04-01,1.524399995803833,1.524399995803833,1.5281000137329102,1.5242999792099,1.5281000137329102,15
2014-04-02,1.5202000141143799,1.5202000141143799,1.523800015449524,1.519700050354004,1.523800015449524,169
2014-04-03,1.5160000324249268,1.5160000324249268,1.5234999656677246,1.5130000114440918,1.5184999704360962,218
2014-04-04,1.507200002670288,1.507200002670288,1.5124000310897827,1.503000020980835,1.5124000310897827,408
2014-04-07,1.5094000101089478,1.5094000101089478,1.51419997215271,1.5085999965667725,1.5087000131607056,18
2014-04-08,1.5094000101089478,1.5094000101089478,1.5132999420166016,1.50600004196167,1.5068999528884888,381
2014-04-09,1.5063999891281128,1.5063999891281128,1.5125000476837158,1.5049999952316284,1.5111000537872314,523
2014-04-10,1.5192999839782715,1.5192999839782715,1.5195000171661377,1.5087000131607056,1.5099999904632568,364
2014-04-11,1.5247000455856323,1.5247000455856323,1.5264999866485596,1.520900011062622,1.520900011062622,229
2014-04-14,1.517199993133545,1.517199993133545,1.5225000381469727,1.5149999856948853,1.5220999717712402,225
2014-04-15,1.518399953842163,1.518399953842163,1.5199999809265137,1.5175000429153442,1.5199999809265137,131
2014-04-16,1.5240999460220337,1.5240999460220337,1.5246000289916992,1.5199999809265137,1.5246000289916992,70
2014-04-17,1.5226999521255493,1.5226999521255493,1.52839994430542,1.5219999551773071,1.527500033378601,278
2014-04-21,1.5217000246047974,1.5217000246047974,1.5217000246047974,1.5217000246047974,1.5217000246047974,24
2014-04-22,1.5240000486373901,1.5240000486373901,1.5247999429702759,1.5226999521255493,1.5226999521255493,20
2014-04-23,1.5259000062942505,1.5259000062942505,1.5311000347137451,1.524999976158142,1.5257999897003174,326
2014-04-24,1.5261000394821167,1.5261000394821167,1.5261000394821167,1.5226000547409058,1.524999976158142,93
2014-04-25,1.5290000438690186,1.5290000438690186,1.5296000242233276,1.5264999866485596,1.5270999670028687,416
2014-04-28,1.5292999744415283,1.5292999744415283,1.5292999744415283,1.5264999866485596,1.5264999866485596,41
2014-04-29,1.5146000385284424,1.5146000385284424,1.5289000272750854,1.5140999555587769,1.527999997138977,493
2014-04-30,1.5197999477386475,1.5197999477386475,1.5211999416351318,1.5196000337600708,1.5196000337600708,29
2014-05-01,1.5221999883651733,1.5221999883651733,1.526900053024292,1.5221999883651733,1.5226999521255493,15
2014-05-02,1.5240000486373901,1.5240000486373901,1.5250999927520752,1.5240000486373901,1.5240000486373901,69
2014-05-05,1.5211999416351318,1.5211999416351318,1.5231000185012817,1.5211999416351318,1.5231000185012817,1
2014-05-06,1.5175000429153442,1.5175000429153442,1.5226000547409058,1.5174000263214111,1.5226000547409058,50
2014-05-07,1.5174000263214111,1.5174000263214111,1.5199999809265137,1.5174000263214111,1.5199999809265137,31
2014-05-08,1.500100016593933,1.500100016593933,1.5115000009536743,1.500100016593933,1.5115000009536743,365
2014-05-09,1.4996999502182007,1.4996999502182007,1.5038000345230103,1.4930000305175781,1.5003999471664429,964
2014-05-12,1.4991999864578247,1.4991999864578247,1.5003000497817993,1.4982999563217163,1.4982999563217163,14
2014-05-13,1.496000051498413,1.496000051498413,1.5053000450134277,1.492900013923645,1.502500057220459,258
2014-05-14,1.4918999671936035,1.4918999671936035,1.4991999864578247,1.4910000562667847,1.4970999956130981,193
2014-05-15,1.492799997329712,1.492799997329712,1.4954999685287476,1.4844000339508057,1.4910000562667847,445
2014-05-16,1.4895000457763672,1.4895000457763672,1.4937000274658203,1.4889999628067017,1.4937000274658203,29
2014-05-19,1.4915000200271606,1.4915000200271606,1.4924999475479126,1.4896999597549438,1.4896999597549438,286
2014-05-20,1.4931000471115112,1.4931000471115112,1.4960999488830566,1.4924999475479126,1.4924999475479126,491
2014-05-21,1.49399995803833,1.49399995803833,1.4960999488830566,1.4925999641418457,1.4960999488830566,67
2014-05-22,1.4881999492645264,1.4881999492645264,1.492400050163269,1.4881999492645264,1.4921000003814697,38
2014-05-23,1.4816999435424805,1.4816999435424805,1.4880000352859497,1.4809999465942383,1.4880000352859497,338
2014-05-27,1.4811999797821045,1.4811999797821045,1.4830000400543213,1.4789999723434448,1.4825999736785889,419
2014-05-28,1.4799000024795532,1.4799000024795532,1.4799000024795532,1.4780999422073364,1.4781999588012695,28
2014-05-29,1.475100040435791,1.475100040435791,1.476199984550476,1.475100040435791,1.476199984550476,61
2014-05-30,1.4788999557495117,1.4788999557495117,1.4801000356674194,1.475100040435791,1.475100040435791,66
2014-06-02,1.4825999736785889,1.4825999736785889,1.4838000535964966,1.4785000085830688,1.4785000085830688,15
2014-06-03,1.486899971961975,1.486899971961975,1.486899971961975,1.4851000308990479,1.4851000308990479,19
2014-06-04,1.4876999855041504,1.4876999855041504,1.4908000230789185,1.4876999855041504,1.4886000156402588,164
2014-06-05,1.4926999807357788,1.4926999807357788,1.4926999807357788,1.4835000038146973,1.4884999990463257,25
2014-06-06,1.4919999837875366,1.4919999837875366,1.4946000576019287,1.4905999898910522,1.4905999898910522,181
2014-06-09,1.4831000566482544,1.4831000566482544,1.4904999732971191,1.482699990272522,1.4900000095367432,212
2014-06-10,1.4778000116348267,1.4778000116348267,1.4814000129699707,1.4772000312805176,1.4810999631881714,321
2014-06-11,1.4706000089645386,1.4706000089645386,1.4744000434875488,1.4706000089645386,1.4744000434875488,422
2014-06-12,1.4723999500274658,1.4723999500274658,1.4723999500274658,1.468400001525879,1.468400001525879,33
2014-06-13,1.4692000150680542,1.4692000150680542,1.4710999727249146,1.4692000150680542,1.4710999727249146,18
2014-06-16,1.4706000089645386,1.4706000089645386,1.4706000089645386,1.4706000089645386,1.4706000089645386,6
2014-06-17,1.4753999710083008,1.4753999710083008,1.4753999710083008,1.4753999710083008,1.4753999710083008,27
2014-06-18,1.4774999618530273,1.4774999618530273,1.479099988937378,1.4774999618530273,1.479099988937378,45
2014-06-19,1.4764000177383423,1.4764000177383423,1.4802000522613525,1.4764000177383423,1.4802000522613525,26
2014-06-20,1.464900016784668,1.464900016784668,1.4665000438690186,1.4637000560760498,1.4664000272750854,313
2014-06-23,1.462499976158142,1.462499976158142,1.4628000259399414,1.4603999853134155,1.4603999853134155,11
2014-06-24,1.464400053024292,1.464400053024292,1.465000033378601,1.4637999534606934,1.464400053024292,241
2014-06-25,1.464900016784668,1.464900016784668,1.4657000303268433,1.4646999835968018,1.4657000303268433,17
2014-06-26,1.4572999477386475,1.4572999477386475,1.4622000455856323,1.4572999477386475,1.4622000455856323,30
2014-06-27,1.457800030708313,1.457800030708313,1.458899974822998,1.4575999975204468,1.458899974822998,308
2014-06-30,1.4636000394821167,1.4636000394821167,1.4636000394821167,1.4615999460220337,1.4615999460220337,21
2014-07-01,1.4579999446868896,1.4579999446868896,1.4589999914169312,1.457900047302246,1.4589999914169312,63
2014-07-02,1.4596999883651733,1.4596999883651733,1.4596999883651733,1.4559999704360962,1.4559999704360962,72
2014-07-03,1.4479000568389893,1.4479000568389893,1.455199956893921,1.4479000568389893,1.455199956893921,39
2014-07-07,1.4555000066757202,1.4555000066757202,1.4555000066757202,1.4484000205993652,1.4484000205993652,26
2014-07-08,1.4557000398635864,1.4557000398635864,1.4557000398635864,1.4557000398635864,1.4557000398635864,3
2014-07-09,1.4555000066757202,1.4555000066757202,1.4555000066757202,1.4555000066757202,1.4555000066757202,39
2014-07-10,1.45169997215271,1.45169997215271,1.4529000520706177,1.45169997215271,1.4529000520706177,6
2014-07-11,1.4635000228881836,1.4635000228881836,1.4635000228881836,1.4494999647140503,1.4494999647140503,15
2014-07-14,1.4616999626159668,1.4616999626159668,1.4616999626159668,1.4608999490737915,1.4608999490737915,93
2014-07-15,1.4627000093460083,1.4627000093460083,1.4627000093460083,1.4617999792099,1.462399959564209,17
2014-07-16,1.4555000066757202,1.4555000066757202,1.4622000455856323,1.4555000066757202,1.4593000411987305,37
2014-07-17,1.4559999704360962,1.4559999704360962,1.4564000368118286,1.4559999704360962,1.4564000368118286,5
2014-07-18,1.4537999629974365,1.4537999629974365,1.454300045967102,1.4537999629974365,1.454300045967102,6
2014-07-21,1.4539999961853027,1.4539999961853027,1.4539999961853027,1.4539999961853027,1.4539999961853027,0
2014-07-22,1.4474999904632568,1.4474999904632568,1.4514000415802002,1.4474999904632568,1.4514000415802002,23
2014-07-23,1.4463000297546387,1.4463000297546387,1.4479999542236328,1.444599986076355,1.444599986076355,11
2014-07-24,1.4488999843597412,1.4488999843597412,1.4488999843597412,1.4464999437332153,1.4464999437332153,6
2014-07-25,1.4545999765396118,1.4545999765396118,1.4545999765396118,1.4495999813079834,1.4495999813079834,20
2014-07-28,1.4531999826431274,1.4531999826431274,1.454699993133545,1.4524999856948853,1.454699993133545,10
2014-07-29,1.4573999643325806,1.4573999643325806,1.457800030708313,1.4530999660491943,1.4530999660491943,11
2014-07-30,1.4615999460220337,1.4615999460220337,1.4622000455856323,1.4585000276565552,1.4585000276565552,26
2014-07-31,1.461400032043457,1.461400032043457,1.4636000394821167,1.461400032043457,1.4636000394821167,1
2014-08-01,1.467900037765503,1.467900037765503,1.467900037765503,1.465999960899353,1.465999960899353,11
2014-08-04,1.4657000303268433,1.4657000303268433,1.4687000513076782,1.4657000303268433,1.4680999517440796,511
2014-08-05,1.4681999683380127,1.4681999683380127,1.468500018119812,1.4648000001907349,1.4648000001907349,49
2014-08-06,1.4622999429702759,1.4622999429702759,1.4631999731063843,1.461300015449524,1.4631999731063843,39
2014-08-07,1.4610999822616577,1.4610999822616577,1.4632999897003174,1.4589999914169312,1.4632999897003174,56
2014-08-08,1.4730000495910645,1.4730000495910645,1.4743000268936157,1.4630000591278076,1.4643000364303589,404
2014-08-11,1.4638999700546265,1.4638999700546265,1.4708000421524048,1.4634000062942505,1.4708000421524048,376
2014-08-12,1.4605000019073486,1.4605000019073486,1.4643000364303589,1.4605000019073486,1.4639999866485596,329
2014-08-13,1.4608999490737915,1.4608999490737915,1.4608999490737915,1.4608999490737915,1.4608999490737915,56
2014-08-14,1.4591000080108643,1.4591000080108643,1.4591000080108643,1.4591000080108643,1.4591000080108643,56
2014-08-15,1.4606000185012817,1.4606000185012817,1.4607000350952148,1.4571000337600708,1.4591000080108643,101
2014-08-18,1.4559999704360962,1.4559999704360962,1.4559999704360962,1.4559999704360962,1.4559999704360962,0
2014-08-19,1.4586999416351318,1.4586999416351318,1.4586999416351318,1.458299994468689,1.458299994468689,5
2014-08-20,1.4556000232696533,1.4556000232696533,1.4556000232696533,1.4551000595092773,1.4551000595092773,6
2014-08-21,1.454800009727478,1.454800009727478,1.454800009727478,1.454800009727478,1.454800009727478,0
2014-08-22,1.4502999782562256,1.4502999782562256,1.4571000337600708,1.4501999616622925,1.4571000337600708,43
2014-08-25,1.4496999979019165,1.4496999979019165,1.4502999782562256,1.448799967765808,1.4492000341415405,30
2014-08-26,1.443600058555603,1.443600058555603,1.4498000144958496,1.443600058555603,1.4494999647140503,2
2014-08-27,1.4312000274658203,1.4312000274658203,1.4384000301361084,1.429800033569336,1.437600016593933,450
2014-08-28,1.431399941444397,1.431399941444397,1.434999942779541,1.4293999671936035,1.4335999488830566,1048
2014-08-29,1.4285000562667847,1.4285000562667847,1.4327000379562378,1.4283000230789185,1.431399941444397,74
2014-09-02,1.434499979019165,1.434499979019165,1.436400055885315,1.4271999597549438,1.4279999732971191,184
2014-09-03,1.431399941444397,1.431399941444397,1.4351999759674072,1.431399941444397,1.434999942779541,705
2014-09-04,1.4079999923706055,1.4079999923706055,1.4190000295639038,1.4048999547958374,1.4190000295639038,526
2014-09-05,1.4106999635696411,1.4106999635696411,1.413100004196167,1.409999966621399,1.409999966621399,332
2014-09-08,1.4155000448226929,1.4155000448226929,1.4155000448226929,1.4155000448226929,1.4155000448226929,11
2014-09-09,1.4217000007629395,1.4217000007629395,1.4222999811172485,1.416700005531311,1.4168000221252441,475
2014-09-10,1.413100004196167,1.413100004196167,1.413599967956543,1.413100004196167,1.413599967956543,134
2014-09-11,1.4290000200271606,1.4290000200271606,1.4290000200271606,1.4241000413894653,1.4241000413894653,54
2014-09-12,1.4364999532699585,1.4364999532699585,1.4364999532699585,1.4277000427246094,1.4277000427246094,241
2014-09-15,1.4320000410079956,1.4320000410079956,1.4320000410079956,1.4320000410079956,1.4320000410079956,772
2014-09-16,1.4266999959945679,1.4266999959945679,1.4356000423431396,1.4255000352859497,1.4348000288009644,740
2014-09-17,1.4213000535964966,1.4213000535964966,1.426800012588501,1.4192999601364136,1.4249999523162842,786
2014-09-18,1.4187999963760376,1.4187999963760376,1.4192999601364136,1.416100025177002,1.4192999601364136,31
2014-09-19,1.4105000495910645,1.4105000495910645,1.417099952697754,1.4076999425888062,1.417099952697754,46
2014-09-22,1.419700026512146,1.419700026512146,1.419700026512146,1.413699984550476,1.4142999649047852,87
2014-09-23,1.42739999294281,1.42739999294281,1.42739999294281,1.4206000566482544,1.4235999584197998,29
2014-09-24,1.4178999662399292,1.4178999662399292,1.42739999294281,1.4178999662399292,1.427299976348877,24
2014-09-25,1.4184999465942383,1.4184999465942383,1.4184999465942383,1.4172999858856201,1.4174000024795532,24
2014-09-26,1.4182000160217285,1.4182000160217285,1.4193999767303467,1.4172999858856201,1.4193999767303467,25
2014-09-29,1.4184999465942383,1.4184999465942383,1.420300006866455,1.417199969291687,1.4177000522613525,29
2014-09-30,1.4184000492095947,1.4184000492095947,1.419100046157837,1.4115999937057495,1.4169000387191772,50
2014-10-01,1.4121999740600586,1.4121999740600586,1.417099952697754,1.4120999574661255,1.416700005531311,27
2014-10-02,1.4175000190734863,1.4175000190734863,1.4183000326156616,1.4055999517440796,1.4055999517440796,32
2014-10-03,1.4113999605178833,1.4113999605178833,1.4146000146865845,1.4107999801635742,1.4146000146865845,19
2014-10-06,1.4106999635696411,1.4106999635696411,1.4132000207901,1.4076999425888062,1.4110000133514404,615
2014-10-07,1.4179999828338623,1.4179999828338623,1.4186999797821045,1.4134999513626099,1.4134999513626099,68
2014-10-08,1.417199969291687,1.417199969291687,1.4217000007629395,1.417199969291687,1.4174000024795532,52
2014-10-09,1.419800043106079,1.419800043106079,1.4208999872207642,1.4151999950408936,1.4208999872207642,24
2014-10-10,1.417199969291687,1.417199969291687,1.419100046157837,1.413599967956543,1.4187999963760376,127
2014-10-13,1.4222999811172485,1.4222999811172485,1.426900029182434,1.4222999811172485,1.4240000247955322,24
2014-10-14,1.4311000108718872,1.4311000108718872,1.4341000318527222,1.4253000020980835,1.4254000186920166,11
2014-10-15,1.444700002670288,1.444700002670288,1.450700044631958,1.4348000288009644,1.4348000288009644,1498
2014-10-16,1.4430999755859375,1.4430999755859375,1.4519000053405762,1.441499948501587,1.4467999935150146,588
2014-10-17,1.4423999786376953,1.4423999786376953,1.444100022315979,1.437000036239624,1.444100022315979,356
2014-10-20,1.4479999542236328,1.4479999542236328,1.4479999542236328,1.440999984741211,1.4414000511169434,31
2014-10-21,1.4311000108718872,1.4311000108718872,1.4404000043869019,1.4292999505996704,1.437399983406067,58
2014-10-22,1.4229999780654907,1.4229999780654907,1.4322999715805054,1.4194999933242798,1.4322999715805054,122
2014-10-23,1.4235999584197998,1.4235999584197998,1.4263999462127686,1.4218000173568726,1.4218000173568726,25
2014-10-24,1.4244999885559082,1.4244999885559082,1.4253000020980835,1.4206000566482544,1.4227999448776245,37
2014-10-27,1.4301999807357788,1.4301999807357788,1.430400013923645,1.4277000427246094,1.4277000427246094,42
2014-10-28,1.4270000457763672,1.4270000457763672,1.4321000576019287,1.4249999523162842,1.4289000034332275,41
2014-10-29,1.4177000522613525,1.4177000522613525,1.4228999614715576,1.4177000522613525,1.4228999614715576,31
2014-10-30,1.413699984550476,1.413699984550476,1.4148000478744507,1.4086999893188477,1.4115999937057495,34
2014-10-31,1.414199948310852,1.414199948310852,1.416100025177002,1.4124000072479248,1.414199948310852,14
2014-11-03,1.4214999675750732,1.4214999675750732,1.4214999675750732,1.4072999954223633,1.4098000526428223,49
2014-11-04,1.4322999715805054,1.4322999715805054,1.4352999925613403,1.4250999689102173,1.4250999689102173,46
2014-11-05,1.4244999885559082,1.4244999885559082,1.4292999505996704,1.4242000579833984,1.4292999505996704,28
2014-11-06,1.4168000221252441,1.4168000221252441,1.430799961090088,1.4160000085830688,1.4306000471115112,22
2014-11-07,1.4112000465393066,1.4112000465393066,1.4199999570846558,1.4103000164031982,1.4187999963760376,16
2014-11-10,1.4150999784469604,1.4150999784469604,1.4151999950408936,1.4138000011444092,1.4151999950408936,10
2014-11-11,1.4148000478744507,1.4148000478744507,1.4151999950408936,1.4142999649047852,1.4151999950408936,7
2014-11-12,1.406999945640564,1.406999945640564,1.4163000583648682,1.4056999683380127,1.4163000583648682,58
2014-11-13,1.4204000234603882,1.4204000234603882,1.4225000143051147,1.4115999937057495,1.4115999937057495,26
2014-11-14,1.4144999980926514,1.4144999980926514,1.4150999784469604,1.409999966621399,1.4124000072479248,70
2014-11-17,1.4092999696731567,1.4092999696731567,1.4092999696731567,1.4092999696731567,1.4092999696731567,0
2014-11-18,1.417099952697754,1.417099952697754,1.419600009918213,1.4133000373840332,1.413699984550476,31
2014-11-19,1.4234999418258667,1.4234999418258667,1.4239000082015991,1.4234999418258667,1.4239000082015991,4
2014-11-20,1.419600009918213,1.419600009918213,1.4253000020980835,1.4179999828338623,1.4253000020980835,22
2014-11-21,1.3933000564575195,1.3933000564575195,1.4076999425888062,1.3919999599456787,1.4075000286102295,630
2014-11-24,1.4057999849319458,1.4057999849319458,1.4062999486923218,1.3911999464035034,1.3911999464035034,698
2014-11-25,1.4046000242233276,1.4046000242233276,1.405400037765503,1.3996000289916992,1.4010000228881836,18
2014-11-26,1.406000018119812,1.406000018119812,1.4083000421524048,1.406000018119812,1.4082000255584717,16
2014-11-28,1.4228999614715576,1.4228999614715576,1.427299976348877,1.4128999710083008,1.4128999710083008,17
2014-12-01,1.4127999544143677,1.4127999544143677,1.4256000518798828,1.4127999544143677,1.4256000518798828,13
2014-12-02,1.4127000570297241,1.4127000570297241,1.4148999452590942,1.4114999771118164,1.413100004196167,47
2014-12-03,1.3996000289916992,1.3996000289916992,1.4046000242233276,1.3990000486373901,1.4046000242233276,20
2014-12-04,1.4086999893188477,1.4086999893188477,1.4151999950408936,1.3991999626159668,1.3996000289916992,49
2014-12-05,1.405400037765503,1.405400037765503,1.4083000421524048,1.4049999713897705,1.4083000421524048,51
2014-12-08,1.4146000146865845,1.4146000146865845,1.4146000146865845,1.4114999771118164,1.4121999740600586,41
2014-12-09,1.416200041770935,1.416200041770935,1.4187999963760376,1.416200041770935,1.4184000492095947,206
2014-12-10,1.4297000169754028,1.4297000169754028,1.430999994277954,1.4176000356674194,1.4176000356674194,1127
2014-12-11,1.4296000003814697,1.4296000003814697,1.4313000440597534,1.4266999959945679,1.4287999868392944,576
2014-12-12,1.440500020980835,1.440500020980835,1.440500020980835,1.440500020980835,1.440500020980835,46
2014-12-15,1.440500020980835,1.440500020980835,1.440500020980835,1.440500020980835,1.440500020980835,24
2014-12-16,1.4571000337600708,1.4571000337600708,1.4661999940872192,1.4545999765396118,1.4571000337600708,165
2014-12-17,1.442199945449829,1.442199945449829,1.4574999809265137,1.442199945449829,1.4574999809265137,163
2014-12-18,1.4285000562667847,1.4285000562667847,1.4328999519348145,1.4279999732971191,1.4328999519348145,35
2014-12-19,1.4222999811172485,1.4222999811172485,1.4316999912261963,1.4222999811172485,1.426300048828125,65
2014-12-22,1.4265999794006348,1.4265999794006348,1.430999994277954,1.4244999885559082,1.4246000051498413,20
2014-12-23,1.4179999828338623,1.4179999828338623,1.424299955368042,1.4179999828338623,1.424299955368042,7
2014-12-24,1.420300006866455,1.420300006866455,1.420300006866455,1.4186999797821045,1.4186999797821045,143
2014-12-26,1.4187999963760376,1.4187999963760376,1.4187999963760376,1.4187999963760376,1.4187999963760376,0
2014-12-29,1.4177000522613525,1.4177000522613525,1.422700047492981,1.4177000522613525,1.420300006866455,65
2014-12-30,1.4134999513626099,1.4134999513626099,1.4180999994277954,1.4134999513626099,1.4180999994277954,5
2014-12-31,1.4083000421524048,1.4083000421524048,1.409000039100647,1.4052000045776367,1.405400037765503,12
2015-01-02,1.4138000011444092,1.4138000011444092,1.4138000011444092,1.4138000011444092,1.4138000011444092,0
2015-01-05,1.4071999788284302,1.4071999788284302,1.4127000570297241,1.405500054359436,1.4121999740600586,108
2015-01-06,1.4108999967575073,1.4108999967575073,1.4134000539779663,1.4048000574111938,1.4048000574111938,17
2015-01-07,1.4036999940872192,1.4036999940872192,1.4097000360488892,1.402500033378601,1.4097000360488892,8
2015-01-08,1.3982000350952148,1.3982000350952148,1.4014999866485596,1.391700029373169,1.4014999866485596,9
2015-01-09,1.407099962234497,1.407099962234497,1.4085999727249146,1.4005000591278076,1.4016000032424927,65
2015-01-12,1.4187999963760376,1.4187999963760376,1.4190000295639038,1.4129999876022339,1.4140000343322754,39
2015-01-13,1.4105000495910645,1.4105000495910645,1.4212000370025635,1.4098999500274658,1.4190000295639038,10
2015-01-14,1.4110000133514404,1.4110000133514404,1.4182000160217285,1.410099983215332,1.4182000160217285,51
2015-01-15,1.392899990081787,1.392899990081787,1.409999966621399,1.3861000537872314,1.4089000225067139,187
2015-01-16,1.3883999586105347,1.3883999586105347,1.3911000490188599,1.3791999816894531,1.3911000490188599,36
2015-01-20,1.3995000123977661,1.3995000123977661,1.4041999578475952,1.3911000490188599,1.3920999765396118,70
2015-01-21,1.4336999654769897,1.4336999654769897,1.4345999956130981,1.406599998474121,1.406599998474121,60
2015-01-22,1.4088000059127808,1.4088000059127808,1.438599944114685,1.4068000316619873,1.438599944114685,65
2015-01-23,1.3991999626159668,1.3991999626159668,1.3991999626159668,1.3925000429153442,1.3940999507904053,11
2015-01-26,1.4046000242233276,1.4046000242233276,1.4046000242233276,1.4003000259399414,1.4005000591278076,8
2015-01-27,1.4117000102996826,1.4117000102996826,1.4149999618530273,1.4097000360488892,1.4097000360488892,11
2015-01-28,1.4150999784469604,1.4150999784469604,1.4194999933242798,1.4119999408721924,1.4119999408721924,281
2015-01-29,1.4289000034332275,1.4289000034332275,1.4320000410079956,1.4149999618530273,1.4170000553131104,521
2015-01-30,1.4333000183105469,1.4333000183105469,1.4505000114440918,1.430799961090088,1.4332000017166138,1934
2015-02-02,1.4292999505996704,1.4292999505996704,1.4490000009536743,1.4244999885559082,1.440000057220459,1282
2015-02-03,1.4270999431610107,1.4270999431610107,1.4362000226974487,1.4248000383377075,1.4321000576019287,772
2015-02-04,1.4361000061035156,1.4361000061035156,1.437999963760376,1.4263999462127686,1.4263999462127686,143
2015-02-05,1.4290000200271606,1.4290000200271606,1.4323999881744385,1.420799970626831,1.4249999523162842,14
2015-02-06,1.419600009918213,1.419600009918213,1.420199990272522,1.416100025177002,1.4179999828338623,18
2015-02-09,1.4128999710083008,1.4128999710083008,1.4175000190734863,1.409999966621399,1.4175000190734863,12
2015-02-10,1.4263999462127686,1.4263999462127686,1.4299999475479126,1.4108999967575073,1.4108999967575073,48
2015-02-11,1.430899977684021,1.430899977684021,1.4321999549865723,1.4264999628067017,1.4266999959945679,45
2015-02-12,1.4257999658584595,1.4257999658584595,1.4297000169754028,1.417799949645996,1.4296000003814697,59
2015-02-13,1.4217000007629395,1.4217000007629395,1.4306999444961548,1.4211000204086304,1.4271999597549438,27
2015-02-17,1.4143999814987183,1.4143999814987183,1.4220000505447388,1.412500023841858,1.4199999570846558,88
2015-02-18,1.4149999618530273,1.4149999618530273,1.4180999994277954,1.4117000102996826,1.4163999557495117,29
2015-02-19,1.420799970626831,1.420799970626831,1.4278000593185425,1.420799970626831,1.4225000143051147,118
2015-02-20,1.4292000532150269,1.4292000532150269,1.4299999475479126,1.4177000522613525,1.4212000370025635,68
2015-02-23,1.426300048828125,1.426300048828125,1.4299999475479126,1.4235999584197998,1.4249999523162842,43
2015-02-24,1.4184000492095947,1.4184000492095947,1.4305000305175781,1.4184000492095947,1.4299999475479126,61
2015-02-25,1.412500023841858,1.412500023841858,1.4178999662399292,1.4076000452041626,1.4175000190734863,52
2015-02-26,1.4036999940872192,1.4036999940872192,1.4129999876022339,1.4000999927520752,1.4129999876022339,34
2015-02-27,1.4014999866485596,1.4014999866485596,1.4014999866485596,1.3978999853134155,1.3997999429702759,27
2015-03-02,1.4035999774932861,1.4035999774932861,1.406599998474121,1.402500033378601,1.404099941253662,10
2015-03-03,1.3961000442504883,1.3961000442504883,1.398300051689148,1.3932000398635864,1.3938000202178955,40
2015-03-04,1.375100016593933,1.375100016593933,1.3960000276565552,1.375100016593933,1.3960000276565552,333
2015-03-05,1.379699945449829,1.379699945449829,1.3825000524520874,1.3703999519348145,1.3730000257492065,108
2015-03-06,1.3696999549865723,1.3696999549865723,1.3720999956130981,1.3652000427246094,1.367799997329712,418
2015-03-09,1.367400050163269,1.367400050163269,1.373900055885315,1.367400050163269,1.3705999851226807,10
2015-03-10,1.3559000492095947,1.3559000492095947,1.361299991607666,1.3522000312805176,1.3575999736785889,138
2015-03-11,1.3447999954223633,1.3447999954223633,1.3517999649047852,1.3427000045776367,1.3517999649047852,1568
2015-03-12,1.347599983215332,1.347599983215332,1.348099946975708,1.34660005569458,1.34660005569458,52
2015-03-13,1.340499997138977,1.340499997138977,1.347599983215332,1.340499997138977,1.347599983215332,47
2015-03-16,1.3551000356674194,1.3551000356674194,1.3551000356674194,1.343999981880188,1.343999981880188,43
2015-03-17,1.357300043106079,1.357300043106079,1.361199975013733,1.3554999828338623,1.361199975013733,60
2015-03-18,1.3645999431610107,1.3645999431610107,1.3747999668121338,1.3604999780654907,1.3629000186920166,44
2015-03-19,1.3586000204086304,1.3586000204086304,1.360700011253357,1.353600025177002,1.353600025177002,67
2015-03-20,1.3629000186920166,1.3629000186920166,1.3681999444961548,1.3629000186920166,1.3660000562667847,27
2015-03-23,1.371500015258789,1.371500015258789,1.371500015258789,1.368299961090088,1.368399977684021,6
2015-03-24,1.3675999641418457,1.3675999641418457,1.367799997329712,1.3674999475479126,1.3674999475479126,5
2015-03-25,1.374899983406067,1.374899983406067,1.3796000480651855,1.3724000453948975,1.3724000453948975,148
2015-03-26,1.3592000007629395,1.3592000007629395,1.3732999563217163,1.3589999675750732,1.3726999759674072,15
2015-03-27,1.3765000104904175,1.3765000104904175,1.3776999711990356,1.3568999767303467,1.3568999767303467,10
2015-03-30,1.3756999969482422,1.3756999969482422,1.377500057220459,1.375499963760376,1.375499963760376,18
2015-03-31,1.3625999689102173,1.3625999689102173,1.3734999895095825,1.3625999689102173,1.3734999895095825,71
2015-04-01,1.361199975013733,1.361199975013733,1.3626999855041504,1.36080002784729,1.3623000383377075,17
2015-04-02,1.371500015258789,1.371500015258789,1.371500015258789,1.3593000173568726,1.3593000173568726,25
2015-04-06,1.3710999488830566,1.3710999488830566,1.3710999488830566,1.3710999488830566,1.3710999488830566,0
2015-04-07,1.3555999994277954,1.3555999994277954,1.3614000082015991,1.3550000190734863,1.358199954032898,159
2015-04-08,1.356600046157837,1.356600046157837,1.356600046157837,1.350000023841858,1.3528000116348267,37
2015-04-09,1.3427000045776367,1.3427000045776367,1.3525999784469604,1.3427000045776367,1.3525999784469604,7
2015-04-10,1.3370000123977661,1.3370000123977661,1.3430999517440796,1.3359999656677246,1.3430999517440796,34
2015-04-13,1.333799958229065,1.333799958229065,1.337499976158142,1.333799958229065,1.337499976158142,30
2015-04-14,1.3335000276565552,1.3335000276565552,1.336300015449524,1.3314000368118286,1.3314000368118286,18
2015-04-15,1.3166999816894531,1.3166999816894531,1.3382999897003174,1.3145999908447266,1.3305000066757202,13
2015-04-16,1.3164000511169434,1.3164000511169434,1.3164000511169434,1.3106000423431396,1.3106000423431396,19
2015-04-17,1.3229999542236328,1.3229999542236328,1.3250000476837158,1.305299997329712,1.3180999755859375,37
2015-04-20,1.3150999546051025,1.3150999546051025,1.316499948501587,1.3125,1.3158999681472778,15
2015-04-21,1.3210999965667725,1.3210999965667725,1.3210999965667725,1.3095999956130981,1.3108999729156494,9
2015-04-22,1.3157000541687012,1.3157000541687012,1.3205000162124634,1.3157000541687012,1.3205000162124634,12
2015-04-23,1.315999984741211,1.315999984741211,1.315999984741211,1.309000015258789,1.309999942779541,1217
2015-04-24,1.3243999481201172,1.3243999481201172,1.3250999450683594,1.319599986076355,1.3202999830245972,41
2015-04-27,1.3171000480651855,1.3171000480651855,1.3171000480651855,1.3158999681472778,1.3167999982833862,13
2015-04-28,1.3224999904632568,1.3224999904632568,1.323699951171875,1.3219000101089478,1.323699951171875,18
2015-04-29,1.3365999460220337,1.3365999460220337,1.3372999429702759,1.3220000267028809,1.3220000267028809,18
2015-04-30,1.3625999689102173,1.3625999689102173,1.3625999689102173,1.3486000299453735,1.3486000299453735,23
2015-05-01,1.363800048828125,1.363800048828125,1.3671000003814697,1.363800048828125,1.3671000003814697,9
2015-05-04,1.3493000268936157,1.3493000268936157,1.3545000553131104,1.3493000268936157,1.3545000553131104,1
2015-05-05,1.3525999784469604,1.3525999784469604,1.3525999784469604,1.3444000482559204,1.3453999757766724,29
2015-05-06,1.36899995803833,1.36899995803833,1.36899995803833,1.3524999618530273,1.3524999618530273,8
2015-05-07,1.36899995803833,1.36899995803833,1.3734999895095825,1.3664000034332275,1.3732999563217163,40
2015-05-08,1.3566999435424805,1.3566999435424805,1.3630000352859497,1.3554999828338623,1.3617000579833984,48
2015-05-11,1.350600004196167,1.350600004196167,1.3530000448226929,1.350600004196167,1.3530000448226929,7
2015-05-12,1.3473999500274658,1.3473999500274658,1.3473999500274658,1.3473000526428223,1.3473000526428223,2
2015-05-13,1.361199975013733,1.361199975013733,1.361199975013733,1.3458000421524048,1.3458000421524048,4
2015-05-14,1.3681000471115112,1.3681000471115112,1.3681000471115112,1.3681000471115112,1.3681000471115112,0
2015-05-15,1.3777999877929688,1.3777999877929688,1.3777999877929688,1.3667999505996704,1.3681000471115112,66
2015-05-18,1.3761999607086182,1.3761999607086182,1.3798999786376953,1.3724000453948975,1.3769999742507935,16
2015-05-19,1.364300012588501,1.364300012588501,1.3737000226974487,1.3600000143051147,1.3737000226974487,12
2015-05-20,1.3560999631881714,1.3560999631881714,1.3615000247955322,1.3559999465942383,1.3597999811172485,16
2015-05-21,1.3595000505447388,1.3595000505447388,1.3595000505447388,1.3530999422073364,1.3530999422073364,4
2015-05-22,1.3589999675750732,1.3589999675750732,1.3655999898910522,1.3555999994277954,1.3655999898910522,16
2015-05-26,1.3523000478744507,1.3523000478744507,1.3523000478744507,1.3523000478744507,1.3523000478744507,0
2015-05-27,1.3588000535964966,1.3588000535964966,1.3595999479293823,1.3496999740600586,1.3552000522613525,35
2015-05-28,1.3621000051498413,1.3621000051498413,1.364799976348877,1.3609999418258667,1.3646999597549438,10
2015-05-29,1.3672000169754028,1.3672000169754028,1.3733999729156494,1.3615000247955322,1.3617000579833984,110
2015-06-01,1.3701000213623047,1.3701000213623047,1.3701000213623047,1.367300033569336,1.368899941444397,13
2015-06-02,1.385599970817566,1.385599970817566,1.3871999979019165,1.3831000328063965,1.3841999769210815,69
2015-06-03,1.4023000001907349,1.4023000001907349,1.4047000408172607,1.3824000358581543,1.3840999603271484,54
2015-06-04,1.4055999517440796,1.4055999517440796,1.4122999906539917,1.4055999517440796,1.4122999906539917,12
2015-06-05,1.3839000463485718,1.3839000463485718,1.4118000268936157,1.3839000463485718,1.4118000268936157,82
2015-06-08,1.3996000289916992,1.3996000289916992,1.4012999534606934,1.388800024986267,1.388800024986267,60
2015-06-09,1.391800045967102,1.391800045967102,1.4050999879837036,1.3868000507354736,1.4050999879837036,190
2015-06-10,1.3878999948501587,1.3878999948501587,1.3890999555587769,1.3878999948501587,1.3890999555587769,772
2015-06-11,1.3832999467849731,1.3832999467849731,1.3884999752044678,1.3802000284194946,1.3884999752044678,346
2015-06-12,1.3877999782562256,1.3877999782562256,1.3877999782562256,1.3783999681472778,1.3819999694824219,5
2015-06-15,1.3854000568389893,1.3854000568389893,1.3854000568389893,1.3854000568389893,1.3854000568389893,78
2015-06-16,1.3880000114440918,1.3880000114440918,1.3926000595092773,1.3873000144958496,1.3926000595092773,62
2015-06-17,1.3895000219345093,1.3895000219345093,1.3895000219345093,1.385599970817566,1.385599970817566,9
2015-06-18,1.3942999839782715,1.3942999839782715,1.3942999839782715,1.3940999507904053,1.3940999507904053,2
2015-06-19,1.3954999446868896,1.3954999446868896,1.3968000411987305,1.3873000144958496,1.3952000141143799,69
2015-06-22,1.399899959564209,1.399899959564209,1.402500033378601,1.3945000171661377,1.395300030708313,10
2015-06-23,1.381100058555603,1.381100058555603,1.3880000114440918,1.3806999921798706,1.3880000114440918,10
2015-06-24,1.391800045967102,1.391800045967102,1.391800045967102,1.3801000118255615,1.38100004196167,12
2015-06-25,1.3831000328063965,1.3831000328063965,1.3874000310897827,1.3831000328063965,1.3853000402450562,9
2015-06-26,1.378100037574768,1.378100037574768,1.3878999948501587,1.3775999546051025,1.386199951171875,58
2015-06-29,1.3949999809265137,1.3949999809265137,1.3961000442504883,1.3600000143051147,1.3600000143051147,31
2015-06-30,1.3947999477386475,1.3947999477386475,1.3980000019073486,1.3861000537872314,1.3875999450683594,77
2015-07-01,1.3939000368118286,1.3939000368118286,1.3947999477386475,1.3926000595092773,1.3930000066757202,3
2015-07-02,1.3952000141143799,1.3952000141143799,1.3990000486373901,1.3952000141143799,1.3964999914169312,28
2015-07-06,1.4007999897003174,1.4007999897003174,1.401900053024292,1.3897000551223755,1.396399974822998,63
2015-07-07,1.3992999792099,1.3992999792099,1.4023000001907349,1.396399974822998,1.3967000246047974,22
2015-07-08,1.4119000434875488,1.4119000434875488,1.4119999408721924,1.4035999774932861,1.4035999774932861,29
2015-07-09,1.4032000303268433,1.4032000303268433,1.409600019454956,1.4032000303268433,1.409600019454956,2
2015-07-10,1.4148999452590942,1.4148999452590942,1.4257999658584595,1.4119999408721924,1.4119999408721924,179
2015-07-13,1.4049999713897705,1.4049999713897705,1.4168000221252441,1.4041999578475952,1.4168000221252441,35
2015-07-14,1.405500054359436,1.405500054359436,1.4105000495910645,1.4026000499725342,1.4026999473571777,31
2015-07-15,1.4176000356674194,1.4176000356674194,1.4199999570846558,1.4057999849319458,1.4057999849319458,16
2015-07-16,1.4120999574661255,1.4120999574661255,1.4120999574661255,1.4106999635696411,1.4119000434875488,6
2015-07-17,1.4108999967575073,1.4108999967575073,1.4142999649047852,1.4083000421524048,1.414199948310852,13
2015-07-20,1.409999966621399,1.409999966621399,1.4104000329971313,1.409999966621399,1.4104000329971313,1
2015-07-21,1.4198999404907227,1.4198999404907227,1.4200999736785889,1.4081000089645386,1.4082000255584717,37
2015-07-22,1.4222999811172485,1.4222999811172485,1.4257999658584595,1.4222999811172485,1.4222999811172485,18
2015-07-23,1.4355000257492065,1.4355000257492065,1.4355000257492065,1.4264999628067017,1.4264999628067017,34
2015-07-24,1.4364999532699585,1.4364999532699585,1.4364999532699585,1.4271999597549438,1.4292999505996704,64
2015-07-27,1.4479999542236328,1.4479999542236328,1.4479999542236328,1.434999942779541,1.434999942779541,48
2015-07-28,1.4293999671936035,1.4293999671936035,1.4371999502182007,1.4293999671936035,1.4371999502182007,28
2015-07-29,1.4253000020980835,1.4253000020980835,1.4326000213623047,1.4226000308990479,1.4326000213623047,20
2015-07-30,1.4211000204086304,1.4211000204086304,1.4257999658584595,1.420699954032898,1.4256000518798828,7
2015-07-31,1.4366999864578247,1.4366999864578247,1.4450000524520874,1.4263999462127686,1.4263999462127686,194
2015-08-03,1.4407000541687012,1.4407000541687012,1.4452999830245972,1.4407000541687012,1.4452999830245972,1
2015-08-04,1.4371999502182007,1.4371999502182007,1.4421000480651855,1.4371000528335571,1.4414000511169434,7
2015-08-05,1.438099980354309,1.438099980354309,1.438099980354309,1.4326000213623047,1.4327000379562378,25
2015-08-06,1.433899998664856,1.433899998664856,1.4378000497817993,1.433899998664856,1.436400055885315,7
2015-08-07,1.44159996509552,1.44159996509552,1.44159996509552,1.430999994277954,1.4354000091552734,71
2015-08-10,1.43340003490448,1.43340003490448,1.4387999773025513,1.43340003490448,1.4387999773025513,17
2015-08-11,1.4488999843597412,1.4488999843597412,1.4543999433517456,1.4407000541687012,1.4407000541687012,111
2015-08-12,1.4521000385284424,1.4521000385284424,1.457800030708313,1.447700023651123,1.4549000263214111,216
2015-08-13,1.457200050354004,1.457200050354004,1.457800030708313,1.4457000494003296,1.4458999633789062,110
2015-08-14,1.455399990081787,1.455399990081787,1.461899995803833,1.45169997215271,1.4556000232696533,200
2015-08-17,1.4510999917984009,1.4510999917984009,1.4600000381469727,1.4490000009536743,1.454699993133545,234
2015-08-18,1.4408999681472778,1.4408999681472778,1.4459999799728394,1.4407999515533447,1.4459999799728394,31
2015-08-19,1.4580999612808228,1.4580999612808228,1.4600000381469727,1.4422999620437622,1.4422999620437622,121
2015-08-20,1.4670000076293945,1.4670000076293945,1.4708000421524048,1.4594999551773071,1.4594999551773071,111
2015-08-21,1.4961999654769897,1.4961999654769897,1.5016000270843506,1.4726999998092651,1.4785000085830688,263
2015-08-24,1.5374000072479248,1.5374000072479248,1.5546000003814697,1.5108000040054321,1.5108000040054321,141
2015-08-25,1.5224000215530396,1.5224000215530396,1.5396000146865845,1.5162999629974365,1.5162999629974365,78
2015-08-26,1.5144000053405762,1.5144000053405762,1.5407999753952026,1.5074000358581543,1.5407999753952026,49
2015-08-27,1.4904999732971191,1.4904999732971191,1.4991999864578247,1.479599952697754,1.4991999864578247,83
2015-08-28,1.4780999422073364,1.4780999422073364,1.4967000484466553,1.4757000207901,1.4947999715805054,73
2015-08-31,1.4811999797821045,1.4811999797821045,1.496399998664856,1.480299949645996,1.4890999794006348,9
2015-09-01,1.4916000366210938,1.4916000366210938,1.4977999925613403,1.4757000207901,1.4905999898910522,29
2015-09-02,1.4926999807357788,1.4926999807357788,1.4970999956130981,1.4842000007629395,1.4946000576019287,31
2015-09-03,1.4670000076293945,1.4670000076293945,1.4895999431610107,1.4600000381469727,1.4895999431610107,72
2015-09-04,1.4778000116348267,1.4778000116348267,1.4807000160217285,1.4701999425888062,1.4732999801635742,71
2015-09-08,1.4782999753952026,1.4782999753952026,1.4896999597549438,1.475100040435791,1.4765000343322754,174
2015-09-09,1.482699990272522,1.482699990272522,1.482699990272522,1.4701999425888062,1.4776999950408936,84
2015-09-10,1.4908000230789185,1.4908000230789185,1.49399995803833,1.4803999662399292,1.492400050163269,959
2015-09-11,1.503000020980835,1.503000020980835,1.50409996509552,1.496000051498413,1.496000051498413,135
2015-09-14,1.4961999654769897,1.4961999654769897,1.5008000135421753,1.4961999654769897,1.5008000135421753,10
2015-09-15,1.496000051498413,1.496000051498413,1.496500015258789,1.496000051498413,1.496500015258789,3
2015-09-16,1.4880000352859497,1.4880000352859497,1.496000051498413,1.4880000352859497,1.4884999990463257,83
2015-09-17,1.4931000471115112,1.4931000471115112,1.5087000131607056,1.4921000003814697,1.49399995803833,69
2015-09-18,1.4980000257492065,1.4980000257492065,1.5054999589920044,1.4891999959945679,1.5041999816894531,68
2015-09-21,1.4829000234603882,1.4829000234603882,1.496899962425232,1.4829000234603882,1.496899962425232,40
2015-09-22,1.4789999723434448,1.4789999723434448,1.4831000566482544,1.4788000583648682,1.4800000190734863,16
2015-09-23,1.4970999956130981,1.4970999956130981,1.4970999956130981,1.4819999933242798,1.4829000234603882,28
2015-09-24,1.4970999956130981,1.4970999956130981,1.5125000476837158,1.4925999641418457,1.4925999641418457,95
2015-09-25,1.4937000274658203,1.4937000274658203,1.4955999851226807,1.4874000549316406,1.493399977684021,25
2015-09-28,1.5058000087738037,1.5058000087738037,1.5058000087738037,1.5032000541687012,1.503499984741211,8
2015-09-29,1.513800024986267,1.513800024986267,1.5169999599456787,1.5026999711990356,1.5104999542236328,26
2015-09-30,1.492900013923645,1.492900013923645,1.507699966430664,1.492900013923645,1.507699966430664,46
2015-10-01,1.4846999645233154,1.4846999645233154,1.486799955368042,1.4817999601364136,1.4848999977111816,21
2015-10-02,1.4830000400543213,1.4830000400543213,1.5,1.4799000024795532,1.4799000024795532,89
2015-10-05,1.4642000198364258,1.4642000198364258,1.475000023841858,1.4642000198364258,1.475000023841858,15
2015-10-06,1.472499966621399,1.472499966621399,1.4759000539779663,1.4670000076293945,1.4670000076293945,14
2015-10-07,1.471500039100647,1.471500039100647,1.471500039100647,1.4581999778747559,1.4643000364303589,34
2015-10-08,1.4680999517440796,1.4680999517440796,1.476699948310852,1.4680999517440796,1.476699948310852,3
2015-10-09,1.4732999801635742,1.4732999801635742,1.4758000373840332,1.4644999504089355,1.4644999504089355,74
2015-10-12,1.4769999980926514,1.4769999980926514,1.4769999980926514,1.4769999980926514,1.4769999980926514,0
2015-10-13,1.4823999404907227,1.4823999404907227,1.4874999523162842,1.4771000146865845,1.4873000383377075,39
2015-10-14,1.486299991607666,1.486299991607666,1.4875999689102173,1.4836000204086304,1.4836000204086304,8
2015-10-15,1.4639999866485596,1.4639999866485596,1.4816999435424805,1.4639999866485596,1.4816999435424805,207
2015-10-16,1.4704999923706055,1.4704999923706055,1.4704999923706055,1.46589994430542,1.4671000242233276,49
2015-10-19,1.4769999980926514,1.4769999980926514,1.4769999980926514,1.4641000032424927,1.4641000032424927,4
2015-10-20,1.4738999605178833,1.4738999605178833,1.482200026512146,1.4730000495910645,1.4812999963760376,10
2015-10-21,1.4889999628067017,1.4889999628067017,1.4910000562667847,1.4799000024795532,1.4799000024795532,79
2015-10-22,1.4567999839782715,1.4567999839782715,1.4900000095367432,1.4567999839782715,1.4900000095367432,100
2015-10-23,1.4522000551223755,1.4522000551223755,1.458899974822998,1.4473999738693237,1.4532999992370605,82
2015-10-26,1.4551000595092773,1.4551000595092773,1.4551000595092773,1.4528000354766846,1.4528000354766846,13
2015-10-27,1.4666999578475952,1.4666999578475952,1.4666999578475952,1.4592000246047974,1.4592000246047974,44
2015-10-28,1.4420000314712524,1.4420000314712524,1.4609999656677246,1.4402999877929688,1.4609999656677246,21
2015-10-29,1.445199966430664,1.445199966430664,1.4509999752044678,1.44350004196167,1.4469000101089478,28
2015-10-30,1.440000057220459,1.440000057220459,1.4537999629974365,1.4375,1.4484000205993652,68
2015-11-02,1.4433000087738037,1.4433000087738037,1.4499000310897827,1.4433000087738037,1.4433000087738037,7
2015-11-03,1.4312000274658203,1.4312000274658203,1.440600037574768,1.4299999475479126,1.4404000043869019,40
2015-11-04,1.430899977684021,1.430899977684021,1.43149995803833,1.42739999294281,1.4293999671936035,106
2015-11-05,1.4342000484466553,1.4342000484466553,1.4359999895095825,1.4316999912261963,1.4316999912261963,287
2015-11-06,1.4300999641418457,1.4300999641418457,1.4365999698638916,1.4227999448776245,1.4365999698638916,36
2015-11-09,1.4296000003814697,1.4296000003814697,1.4325000047683716,1.4249999523162842,1.430999994277954,54
2015-11-10,1.4222999811172485,1.4222999811172485,1.4255000352859497,1.4186999797821045,1.4254000186920166,23
2015-11-11,1.4258999824523926,1.4258999824523926,1.4265999794006348,1.4234999418258667,1.4265999794006348,47
2015-11-12,1.4350999593734741,1.4350999593734741,1.4383000135421753,1.4249999523162842,1.4249999523162842,56
2015-11-13,1.4297000169754028,1.4297000169754028,1.4366999864578247,1.4294999837875366,1.4366999864578247,97
2015-11-16,1.4244999885559082,1.4244999885559082,1.434000015258789,1.4239000082015991,1.4257999658584595,61
2015-11-17,1.4187999963760376,1.4187999963760376,1.4234000444412231,1.4175000190734863,1.4234000444412231,12
2015-11-18,1.4206000566482544,1.4206000566482544,1.423200011253357,1.4185999631881714,1.4190000295639038,43
2015-11-19,1.427299976348877,1.427299976348877,1.4283000230789185,1.4170000553131104,1.4198999404907227,106
2015-11-20,1.4219000339508057,1.4219000339508057,1.4239000082015991,1.4192999601364136,1.4227999448776245,61
2015-11-23,1.4213000535964966,1.4213000535964966,1.4283000230789185,1.417199969291687,1.4283000230789185,20
2015-11-24,1.4169000387191772,1.4169000387191772,1.4220000505447388,1.4153000116348267,1.4220000505447388,24
2015-11-25,1.4119000434875488,1.4119000434875488,1.4205000400543213,1.409000039100647,1.4169000387191772,87
2015-11-27,1.4163999557495117,1.4163999557495117,1.4163999557495117,1.4111000299453735,1.4111000299453735,21
2015-11-30,1.412600040435791,1.412600040435791,1.4160000085830688,1.406999945640564,1.4160000085830688,41
2015-12-01,1.4223999977111816,1.4223999977111816,1.4223999977111816,1.4127999544143677,1.4127999544143677,32
2015-12-02,1.4192999601364136,1.4192999601364136,1.4205000400543213,1.4112000465393066,1.4190000295639038,68
2015-12-03,1.4639999866485596,1.4639999866485596,1.4639999866485596,1.4063999652862549,1.4093999862670898,88
2015-12-04,1.454800009727478,1.454800009727478,1.4638999700546265,1.4500000476837158,1.4558000564575195,114
2015-12-07,1.465999960899353,1.465999960899353,1.4672000408172607,1.4523999691009521,1.4523999691009521,234
2015-12-08,1.4799000024795532,1.4799000024795532,1.4819999933242798,1.466599941253662,1.466599941253662,175
2015-12-09,1.4993000030517578,1.4993000030517578,1.4993000030517578,1.4802000522613525,1.4815000295639038,504
2015-12-10,1.4891999959945679,1.4891999959945679,1.4909000396728516,1.4850000143051147,1.4850000143051147,1115
2015-12-11,1.5098999738693237,1.5098999738693237,1.5098999738693237,1.496999979019165,1.4970999956130981,177
2015-12-14,1.5128999948501587,1.5128999948501587,1.5128999948501587,1.5019999742507935,1.5019999742507935,148
2015-12-15,1.5026999711990356,1.5026999711990356,1.510599970817566,1.4991999864578247,1.510599970817566,36
2015-12-16,1.5152000188827515,1.5152000188827515,1.517199993133545,1.5080000162124634,1.5104999542236328,278
2015-12-17,1.5115000009536743,1.5115000009536743,1.5148999691009521,1.5032000541687012,1.503999948501587,129
2015-12-18,1.5166000127792358,1.5166000127792358,1.5184999704360962,1.5081000328063965,1.5154999494552612,180
2015-12-21,1.528499960899353,1.528499960899353,1.5319000482559204,1.5185999870300293,1.5185999870300293,114
2015-12-22,1.5302000045776367,1.5302000045776367,1.5358999967575073,1.5262000560760498,1.526900053024292,72
2015-12-23,1.5153000354766846,1.5153000354766846,1.5234999656677246,1.5108000040054321,1.5234999656677246,47
2015-12-24,1.5199999809265137,1.5199999809265137,1.5219999551773071,1.5189000368118286,1.5189000368118286,5
2015-12-28,1.5281000137329102,1.5281000137329102,1.5281000137329102,1.5235999822616577,1.5241999626159668,25
2015-12-29,1.5144000053405762,1.5144000053405762,1.530500054359436,1.5144000053405762,1.526900053024292,55
2015-12-30,1.520400047302246,1.520400047302246,1.5235999822616577,1.5170999765396118,1.518399953842163,66
2015-12-31,1.5049999952316284,1.5049999952316284,1.5147000551223755,1.5039000511169434,1.5147000551223755,45
2016-01-04,1.5132999420166016,1.5132999420166016,1.5241999626159668,1.503999948501587,1.5099999904632568,117
2016-01-05,1.5059000253677368,1.5059000253677368,1.5108000040054321,1.4987000226974487,1.5108000040054321,501
2016-01-06,1.5240999460220337,1.5240999460220337,1.5240999460220337,1.5118000507354736,1.5118000507354736,33
2016-01-07,1.5425000190734863,1.5425000190734863,1.5442999601364136,1.5247000455856323,1.5247000455856323,117
2016-01-08,1.5436999797821045,1.5436999797821045,1.5514999628067017,1.5254000425338745,1.544700026512146,205
2016-01-11,1.548799991607666,1.548799991607666,1.5528000593185425,1.5335999727249146,1.5434999465942383,117
2016-01-12,1.5511000156402588,1.5511000156402588,1.555799961090088,1.5400999784469604,1.5504000186920166,107
2016-01-13,1.5642999410629272,1.5642999410629272,1.5642999410629272,1.5384000539779663,1.5479999780654907,102
2016-01-14,1.561400055885315,1.561400055885315,1.5759999752044678,1.5578999519348145,1.5651999711990356,167
2016-01-15,1.5882999897003174,1.5882999897003174,1.5963000059127808,1.5608999729156494,1.5608999729156494,103
2016-01-19,1.5937999486923218,1.5937999486923218,1.5937999486923218,1.5714999437332153,1.5820000171661377,55
2016-01-20,1.5815000534057617,1.5815000534057617,1.6097999811172485,1.5809999704360962,1.5978000164031982,167
2016-01-21,1.5550999641418457,1.5550999641418457,1.5815000534057617,1.548200011253357,1.5728000402450562,163
2016-01-22,1.5289000272750854,1.5289000272750854,1.5456000566482544,1.527400016784668,1.5456000566482544,229
2016-01-25,1.5439000129699707,1.5439000129699707,1.548200011253357,1.5305999517440796,1.5305999517440796,92
2016-01-26,1.5300999879837036,1.5300999879837036,1.5551999807357788,1.524399995803833,1.554900050163269,211
2016-01-27,1.541599988937378,1.541599988937378,1.541599988937378,1.5273000001907349,1.5364999771118164,203
2016-01-28,1.5406999588012695,1.5406999588012695,1.5427000522613525,1.5246000289916992,1.534500002861023,179
2016-01-29,1.5185999870300293,1.5185999870300293,1.5377000570297241,1.5148999691009521,1.5364999771118164,271
2016-02-01,1.5191999673843384,1.5191999673843384,1.5338000059127808,1.5191999673843384,1.5199999809265137,121
2016-02-02,1.5325000286102295,1.5325000286102295,1.541700005531311,1.5226000547409058,1.5226000547409058,60
2016-02-03,1.531000018119812,1.531000018119812,1.5424000024795532,1.5204999446868896,1.5424000024795532,147
2016-02-04,1.5404000282287598,1.5404000282287598,1.5420000553131104,1.5262999534606934,1.5332000255584717,54
2016-02-05,1.5494999885559082,1.5494999885559082,1.5540000200271606,1.5358999967575073,1.5369999408721924,141
2016-02-08,1.5637999773025513,1.5637999773025513,1.5640000104904175,1.547700047492981,1.5497000217437744,117
2016-02-09,1.5693000555038452,1.5693000555038452,1.5714999437332153,1.5542000532150269,1.5585999488830566,174
2016-02-10,1.5706000328063965,1.5706000328063965,1.573799967765808,1.547700047492981,1.5678000450134277,245
2016-02-11,1.5786999464035034,1.5786999464035034,1.5923999547958374,1.576300024986267,1.5844000577926636,210
2016-02-12,1.559499979019165,1.559499979019165,1.5717999935150146,1.552899956703186,1.5707999467849731,264
2016-02-16,1.5475000143051147,1.5475000143051147,1.5540000200271606,1.5322999954223633,1.5540000200271606,63
2016-02-17,1.5296000242233276,1.5296000242233276,1.5508999824523926,1.5241999626159668,1.5461000204086304,140
2016-02-18,1.5255999565124512,1.5255999565124512,1.5262999534606934,1.5155999660491943,1.5221999883651733,107
2016-02-19,1.5341999530792236,1.5341999530792236,1.5388000011444092,1.527999997138977,1.5299999713897705,56
2016-02-22,1.5120999813079834,1.5120999813079834,1.527500033378601,1.5074000358581543,1.527400016784668,110
2016-02-23,1.5153000354766846,1.5153000354766846,1.5226000547409058,1.5118999481201172,1.5164999961853027,102
2016-02-24,1.5109000205993652,1.5109000205993652,1.5268000364303589,1.5103000402450562,1.520400047302246,89
2016-02-25,1.4946000576019287,1.4946000576019287,1.511299967765808,1.4921000003814697,1.511299967765808,206
2016-02-26,1.478600025177002,1.478600025177002,1.4948999881744385,1.4772000312805176,1.4918999671936035,163
2016-02-29,1.4704999923706055,1.4704999923706055,1.480299949645996,1.469599962234497,1.480299949645996,97
2016-03-01,1.4557000398635864,1.4557000398635864,1.4692000150680542,1.4557000398635864,1.4681999683380127,56
2016-03-02,1.4598000049591064,1.4598000049591064,1.4643000364303589,1.4591000080108643,1.4591000080108643,25
2016-03-03,1.468999981880188,1.468999981880188,1.4697999954223633,1.4602999687194824,1.4603999853134155,70
2016-03-04,1.465999960899353,1.465999960899353,1.4776999950408936,1.465999960899353,1.4752000570297241,94
2016-03-07,1.4630999565124512,1.4630999565124512,1.4661999940872192,1.4603999853134155,1.4661999940872192,27
2016-03-08,1.4744000434875488,1.4744000434875488,1.4780999422073364,1.4694000482559204,1.4696999788284302,326
2016-03-09,1.457900047302246,1.457900047302246,1.4702999591827393,1.457900047302246,1.4692000150680542,560
2016-03-10,1.4946000576019287,1.4946000576019287,1.4984999895095825,1.440000057220459,1.4523999691009521,210
2016-03-11,1.4752000570297241,1.4752000570297241,1.475600004196167,1.4722000360488892,1.475600004196167,42
2016-03-14,1.4758000373840332,1.4758000373840332,1.4758000373840332,1.4758000373840332,1.4758000373840332,3
2016-03-15,1.486899971961975,1.486899971961975,1.4905999898910522,1.4859000444412231,1.4896999597549438,103
2016-03-16,1.476699948310852,1.476699948310852,1.4890999794006348,1.4759999513626099,1.4874999523162842,77
2016-03-17,1.4743000268936157,1.4743000268936157,1.4775999784469604,1.472000002861023,1.4737000465393066,22
2016-03-18,1.4717999696731567,1.4717999696731567,1.4718999862670898,1.4651000499725342,1.4709999561309814,33
2016-03-21,1.4735000133514404,1.4735000133514404,1.4752000570297241,1.4728000164031982,1.4737999439239502,20
2016-03-22,1.4668999910354614,1.4668999910354614,1.4746999740600586,1.4663000106811523,1.4746999740600586,16
2016-03-23,1.4803999662399292,1.4803999662399292,1.4807000160217285,1.4710999727249146,1.4710999727249146,46
2016-03-24,1.4839999675750732,1.4839999675750732,1.4850000143051147,1.4802000522613525,1.4839999675750732,35
2016-03-28,1.4797999858856201,1.4797999858856201,1.4797999858856201,1.4797999858856201,1.4797999858856201,27
2016-03-29,1.4788000583648682,1.4788000583648682,1.4830000400543213,1.4766000509262085,1.4768999814987183,27
2016-03-30,1.472599983215332,1.472599983215332,1.4763000011444092,1.4702999591827393,1.4763000011444092,71
2016-03-31,1.4807000160217285,1.4807000160217285,1.482800006866455,1.4707000255584717,1.4738999605178833,88
2016-04-01,1.4871000051498413,1.4871000051498413,1.496000051498413,1.4859999418258667,1.4860999584197998,51
2016-04-04,1.4914000034332275,1.4914000034332275,1.4922000169754028,1.4854999780654907,1.488700032234192,43
2016-04-05,1.500499963760376,1.500499963760376,1.5045000314712524,1.498900055885315,1.498900055885315,72
2016-04-06,1.4976999759674072,1.4976999759674072,1.5025999546051025,1.493299961090088,1.4943000078201294,51
2016-04-07,1.499500036239624,1.499500036239624,1.5019999742507935,1.4924999475479126,1.4924999475479126,20
2016-04-08,1.483199954032898,1.483199954032898,1.4980000257492065,1.479699969291687,1.4980000257492065,67
2016-04-11,1.4735000133514404,1.4735000133514404,1.4873000383377075,1.4735000133514404,1.4847999811172485,67
2016-04-12,1.4558000564575195,1.4558000564575195,1.4757000207901,1.4558000564575195,1.4757000207901,187
2016-04-13,1.448099970817566,1.448099970817566,1.4536999464035034,1.4421000480651855,1.4536999464035034,142
2016-04-14,1.4503999948501587,1.4503999948501587,1.4510999917984009,1.4458999633789062,1.4510999917984009,60
2016-04-15,1.451300024986267,1.451300024986267,1.4616999626159668,1.4479999542236328,1.4479999542236328,24
2016-04-18,1.451300024986267,1.451300024986267,1.4671000242233276,1.451300024986267,1.4671000242233276,43
2016-04-19,1.4400999546051025,1.4400999546051025,1.4459999799728394,1.440000057220459,1.4459999799728394,68
2016-04-20,1.4294999837875366,1.4294999837875366,1.444700002670288,1.4286999702453613,1.4443999528884888,87
2016-04-21,1.4394999742507935,1.4394999742507935,1.4422999620437622,1.4300999641418457,1.4319000244140625,55
2016-04-22,1.426200032234192,1.426200032234192,1.437999963760376,1.4225000143051147,1.437999963760376,142
2016-04-25,1.4301999807357788,1.4301999807357788,1.4319000244140625,1.4293999671936035,1.4311000108718872,55
2016-04-26,1.426900029182434,1.426900029182434,1.4342000484466553,1.4259999990463257,1.4280999898910522,99
2016-04-27,1.4312000274658203,1.4312000274658203,1.4321000576019287,1.4249000549316406,1.4294999837875366,112
2016-04-28,1.423200011253357,1.423200011253357,1.4290000200271606,1.420300006866455,1.4257999658584595,45
2016-04-29,1.4378000497817993,1.4378000497817993,1.441499948501587,1.4265999794006348,1.4279999732971191,116
2016-05-02,1.447700023651123,1.447700023651123,1.447700023651123,1.441100001335144,1.441100001335144,63
2016-05-03,1.46589994430542,1.46589994430542,1.46589994430542,1.444200038909912,1.4458999633789062,101
2016-05-04,1.4811999797821045,1.4811999797821045,1.4835000038146973,1.4678000211715698,1.4678000211715698,62
2016-05-05,1.4677000045776367,1.4677000045776367,1.4795000553131104,1.465000033378601,1.4795000553131104,75
2016-05-06,1.4759000539779663,1.4759000539779663,1.4801000356674194,1.4688999652862549,1.469499945640564,88
2016-05-09,1.4780000448226929,1.4780000448226929,1.4825999736785889,1.472000002861023,1.4735000133514404,103
2016-05-10,1.4710999727249146,1.4710999727249146,1.4776999950408936,1.4710999727249146,1.4763000011444092,21
2016-05-11,1.468500018119812,1.468500018119812,1.4764000177383423,1.468500018119812,1.4703999757766724,61
2016-05-12,1.4596999883651733,1.4596999883651733,1.468000054359436,1.458299994468689,1.468000054359436,53
2016-05-13,1.4639999866485596,1.4639999866485596,1.4639999866485596,1.458799958229065,1.458799958229065,142
2016-05-16,1.4609999656677246,1.4609999656677246,1.4678000211715698,1.4606000185012817,1.4678000211715698,53
2016-05-17,1.4627000093460083,1.4627000093460083,1.4668999910354614,1.4566999673843384,1.4566999673843384,21
2016-05-18,1.4589999914169312,1.4589999914169312,1.465399980545044,1.4572999477386475,1.462499976158142,59
2016-05-19,1.4678000211715698,1.4678000211715698,1.473099946975708,1.4667999744415283,1.4667999744415283,38
2016-05-20,1.4746999740600586,1.4746999740600586,1.4758000373840332,1.4706000089645386,1.4706000089645386,7
2016-05-23,1.4745999574661255,1.4745999574661255,1.4747999906539917,1.4728000164031982,1.4744000434875488,24
2016-05-24,1.4656000137329102,1.4656000137329102,1.4774999618530273,1.461400032043457,1.4774999618530273,91
2016-05-25,1.4555000066757202,1.4555000066757202,1.4629000425338745,1.4555000066757202,1.4625999927520752,85
2016-05-26,1.4541000127792358,1.4541000127792358,1.4541000127792358,1.4456000328063965,1.4524999856948853,55
2016-05-27,1.4494999647140503,1.4494999647140503,1.4586999416351318,1.448699951171875,1.4558000564575195,27
2016-05-31,1.4615999460220337,1.4615999460220337,1.462499976158142,1.450700044631958,1.4545999765396118,144
2016-06-01,1.4627000093460083,1.4627000093460083,1.4666999578475952,1.4560999870300293,1.4560999870300293,58
2016-06-02,1.462499976158142,1.462499976158142,1.4666999578475952,1.4594000577926636,1.4645999670028687,55
2016-06-03,1.4666999578475952,1.4666999578475952,1.4696999788284302,1.4595999717712402,1.4595999717712402,28
2016-06-06,1.4574999809265137,1.4574999809265137,1.4717999696731567,1.4574999809265137,1.4717999696731567,83
2016-06-07,1.450700044631958,1.450700044631958,1.4550000429153442,1.448099970817566,1.4526000022888184,285
2016-06-08,1.447700023651123,1.447700023651123,1.4478000402450562,1.441499948501587,1.4466999769210815,113
2016-06-09,1.4402999877929688,1.4402999877929688,1.4474999904632568,1.4387999773025513,1.4469000101089478,737
2016-06-10,1.4372999668121338,1.4372999668121338,1.4385000467300415,1.4371999502182007,1.4371999502182007,6
2016-06-13,1.4438999891281128,1.4438999891281128,1.4438999891281128,1.4438999891281128,1.4438999891281128,120
2016-06-14,1.4448000192642212,1.4448000192642212,1.4521000385284424,1.4437999725341797,1.4521000385284424,34
2016-06-15,1.4599000215530396,1.4599000215530396,1.4599000215530396,1.4453999996185303,1.4453999996185303,21
2016-06-16,1.4606000185012817,1.4606000185012817,1.4664000272750854,1.458299994468689,1.4664000272750854,26
2016-06-17,1.455399990081787,1.455399990081787,1.4600000381469727,1.4528000354766846,1.4600000381469727,23
2016-06-20,1.4527000188827515,1.4527000188827515,1.454699993133545,1.4527000188827515,1.454699993133545,12
2016-06-21,1.4453999996185303,1.4453999996185303,1.448699951171875,1.4448000192642212,1.4473999738693237,18
2016-06-22,1.455199956893921,1.455199956893921,1.4556000232696533,1.444700002670288,1.444700002670288,132
2016-06-23,1.4577000141143799,1.4577000141143799,1.4579999446868896,1.4527000188827515,1.4529000520706177,15
2016-06-24,1.4466999769210815,1.4466999769210815,1.4569000005722046,1.4359999895095825,1.4488999843597412,204
2016-06-27,1.4452999830245972,1.4452999830245972,1.4464999437332153,1.4351999759674072,1.4464999437332153,353
2016-06-28,1.4457999467849731,1.4457999467849731,1.4498000144958496,1.4457999467849731,1.4493999481201172,34
2016-06-29,1.4457000494003296,1.4457000494003296,1.4503999948501587,1.44159996509552,1.447100043296814,73
2016-06-30,1.4402999877929688,1.4402999877929688,1.4459999799728394,1.4371000528335571,1.4434000253677368,49
2016-07-01,1.4417999982833862,1.4417999982833862,1.4426000118255615,1.4384000301361084,1.4426000118255615,15
2016-07-05,1.4414000511169434,1.4414000511169434,1.4500000476837158,1.4335999488830566,1.434000015258789,88
2016-07-06,1.4423999786376953,1.4423999786376953,1.4478000402450562,1.440600037574768,1.440600037574768,57
2016-07-07,1.4431999921798706,1.4431999921798706,1.4431999921798706,1.4329999685287476,1.4397000074386597,90
2016-07-08,1.4450000524520874,1.4450000524520874,1.4488999843597412,1.4421000480651855,1.444000005722046,60
2016-07-11,1.4556000232696533,1.4556000232696533,1.4572999477386475,1.444000005722046,1.444000005722046,42
2016-07-12,1.444700002670288,1.444700002670288,1.4551000595092773,1.4428999423980713,1.4544999599456787,57
2016-07-13,1.4434000253677368,1.4434000253677368,1.4483000040054321,1.441100001335144,1.4483000040054321,52
2016-07-14,1.4365999698638916,1.4365999698638916,1.4465999603271484,1.4347000122070312,1.4392000436782837,68
2016-07-15,1.4349000453948975,1.4349000453948975,1.440600037574768,1.434399962425232,1.438099980354309,49
2016-07-18,1.4365999698638916,1.4365999698638916,1.4444999694824219,1.4332000017166138,1.4332000017166138,43
2016-07-19,1.4378000497817993,1.4378000497817993,1.4431999921798706,1.4371000528335571,1.4407000541687012,66
2016-07-20,1.4404000043869019,1.4404000043869019,1.4437999725341797,1.4378999471664429,1.4387999773025513,59
2016-07-21,1.4449000358581543,1.4449000358581543,1.4449000358581543,1.4363000392913818,1.442199945449829,95
2016-07-22,1.4443000555038452,1.4443000555038452,1.4529000520706177,1.4430999755859375,1.4509999752044678,105
2016-07-25,1.4558000564575195,1.4558000564575195,1.4565000534057617,1.4473999738693237,1.4473999738693237,74
2016-07-26,1.4524999856948853,1.4524999856948853,1.4591000080108643,1.4524999856948853,1.4575999975204468,69
2016-07-27,1.458299994468689,1.458299994468689,1.4615000486373901,1.4529999494552612,1.4529999494552612,84
2016-07-28,1.4601000547409058,1.4601000547409058,1.464400053024292,1.4557000398635864,1.4565999507904053,90
2016-07-29,1.4607000350952148,1.4607000350952148,1.4681999683380127,1.4586999416351318,1.4657000303268433,124
2016-08-01,1.4656000137329102,1.4656000137329102,1.4665000438690186,1.4599000215530396,1.4643000364303589,28
2016-08-02,1.4718999862670898,1.4718999862670898,1.4739999771118164,1.4634000062942505,1.469499945640564,179
2016-08-03,1.4601000547409058,1.4601000547409058,1.4722000360488892,1.4598000049591064,1.4722000360488892,32
2016-08-04,1.4503999948501587,1.4503999948501587,1.4586999416351318,1.4500000476837158,1.4586999416351318,45
2016-08-05,1.4617999792099,1.4617999792099,1.4622999429702759,1.455299973487854,1.4557000398635864,68
2016-08-08,1.461400032043457,1.461400032043457,1.4638999700546265,1.458799958229065,1.4634000062942505,66
2016-08-09,1.4611999988555908,1.4611999988555908,1.462499976158142,1.4586000442504883,1.462499976158142,66
2016-08-10,1.4608999490737915,1.4608999490737915,1.4608999490737915,1.4555000066757202,1.458400011062622,48
2016-08-11,1.4470000267028809,1.4470000267028809,1.4589999914169312,1.4463000297546387,1.4589999914169312,86
2016-08-12,1.44760000705719,1.44760000705719,1.4528000354766846,1.4466999769210815,1.4503999948501587,41
2016-08-15,1.4457000494003296,1.4457000494003296,1.4492000341415405,1.4457000494003296,1.4471999406814575,34
2016-08-16,1.4498000144958496,1.4498000144958496,1.4531999826431274,1.4474999904632568,1.4490000009536743,67
2016-08-17,1.4521000385284424,1.4521000385284424,1.4550000429153442,1.4520000219345093,1.4524999856948853,29
2016-08-18,1.4514000415802002,1.4514000415802002,1.4541000127792358,1.4491000175476074,1.4521000385284424,69
2016-08-19,1.4575999975204468,1.4575999975204468,1.4600000381469727,1.4541000127792358,1.4550000429153442,48
2016-08-22,1.4680999517440796,1.4680999517440796,1.4680999517440796,1.4622000455856323,1.4622000455856323,10
2016-08-23,1.4608999490737915,1.4608999490737915,1.465399980545044,1.4580999612808228,1.4652999639511108,255
2016-08-24,1.4580999612808228,1.4580999612808228,1.4634000062942505,1.4545999765396118,1.4634000062942505,29
2016-08-25,1.4594000577926636,1.4594000577926636,1.461400032043457,1.4577000141143799,1.4577000141143799,39
2016-08-26,1.4565000534057617,1.4565000534057617,1.458799958229065,1.4535000324249268,1.458799958229065,64
2016-08-29,1.4574999809265137,1.4574999809265137,1.4574999809265137,1.4558000564575195,1.4558000564575195,1
2016-08-30,1.4585000276565552,1.4585000276565552,1.458899974822998,1.4565999507904053,1.4567999839782715,63
2016-08-31,1.4646999835968018,1.4646999835968018,1.4646999835968018,1.4602999687194824,1.4603999853134155,14
2016-09-01,1.4674999713897705,1.4674999713897705,1.4674999713897705,1.4615000486373901,1.4617999792099,23
2016-09-02,1.4507999420166016,1.4507999420166016,1.4687999486923218,1.4507999420166016,1.4672000408172607,89
2016-09-06,1.4452999830245972,1.4452999830245972,1.4452999830245972,1.4392000436782837,1.4426000118255615,49
2016-09-07,1.4505000114440918,1.4505000114440918,1.4514000415802002,1.4443000555038452,1.4460999965667725,602
2016-09-08,1.4549000263214111,1.4549000263214111,1.4611999988555908,1.448799967765808,1.4491000175476074,220
2016-09-09,1.4630999565124512,1.4630999565124512,1.465999960899353,1.457200050354004,1.457200050354004,209
2016-09-12,1.4667999744415283,1.4667999744415283,1.4737000465393066,1.4667999744415283,1.4708000421524048,113
2016-09-13,1.4771000146865845,1.4771000146865845,1.4812999963760376,1.4754999876022339,1.4767999649047852,112
2016-09-14,1.4853999614715576,1.4853999614715576,1.4865000247955322,1.4763000011444092,1.4763000011444092,510
2016-09-15,1.4793000221252441,1.4793000221252441,1.4873000383377075,1.4773999452590942,1.4851000308990479,463
2016-09-16,1.4736000299453735,1.4736000299453735,1.4823999404907227,1.4736000299453735,1.4782999753952026,38
2016-09-19,1.472499966621399,1.472499966621399,1.472499966621399,1.472499966621399,1.472499966621399,32
2016-09-20,1.4789999723434448,1.4789999723434448,1.4847999811172485,1.4780999422073364,1.4795000553131104,37
2016-09-21,1.4745999574661255,1.4745999574661255,1.4776999950408936,1.4706000089645386,1.4731999635696411,58
2016-09-22,1.4678000211715698,1.4678000211715698,1.4702999591827393,1.4671000242233276,1.4687999486923218,54
2016-09-23,1.4838000535964966,1.4838000535964966,1.4851000308990479,1.46589994430542,1.4682999849319458,208
2016-09-26,1.4938000440597534,1.4938000440597534,1.4938000440597534,1.4860999584197998,1.4879000186920166,65
2016-09-27,1.4875999689102173,1.4875999689102173,1.4925999641418457,1.4851000308990479,1.4886000156402588,45
2016-09-28,1.4723999500274658,1.4723999500274658,1.4867000579833984,1.4722000360488892,1.4860999584197998,23
2016-09-29,1.4783999919891357,1.4783999919891357,1.4800000190734863,1.468000054359436,1.4730000495910645,116
2016-09-30,1.4782999753952026,1.4782999753952026,1.4811999797821045,1.4687000513076782,1.4811999797821045,195
2016-10-03,1.475100040435791,1.475100040435791,1.4765000343322754,1.4736000299453735,1.4765000343322754,16
2016-10-04,1.4818999767303467,1.4818999767303467,1.483199954032898,1.4717999696731567,1.4753999710083008,112
2016-10-05,1.4804999828338623,1.4804999828338623,1.4843000173568726,1.4793000221252441,1.4839999675750732,66
2016-10-06,1.4775999784469604,1.4775999784469604,1.4831000566482544,1.4766000509262085,1.4815000295639038,87
2016-10-07,1.4881000518798828,1.4881000518798828,1.4888999462127686,1.4746999740600586,1.475600004196167,230
2016-10-11,1.4668999910354614,1.4668999910354614,1.4711999893188477,1.4663000106811523,1.4711999893188477,68
2016-10-12,1.462499976158142,1.462499976158142,1.4673000574111938,1.461400032043457,1.4637000560760498,34
2016-10-13,1.461400032043457,1.461400032043457,1.4667999744415283,1.461400032043457,1.4667999744415283,35
2016-10-14,1.4443999528884888,1.4443999528884888,1.461400032043457,1.4443999528884888,1.461400032043457,100
2016-10-17,1.4470000267028809,1.4470000267028809,1.4507999420166016,1.4464999437332153,1.4464999437332153,58
2016-10-18,1.4426000118255615,1.4426000118255615,1.4466999769210815,1.4400999546051025,1.4466999769210815,153
2016-10-19,1.4428000450134277,1.4428000450134277,1.4434000253677368,1.4301999807357788,1.4423999786376953,80
2016-10-20,1.44760000705719,1.44760000705719,1.4600000381469727,1.4434000253677368,1.44350004196167,97
2016-10-21,1.4531999826431274,1.4531999826431274,1.4537999629974365,1.44350004196167,1.4448000192642212,143
2016-10-24,1.4575999975204468,1.4575999975204468,1.4595999717712402,1.4502999782562256,1.4522000551223755,43
2016-10-25,1.4562000036239624,1.4562000036239624,1.4562000036239624,1.4501999616622925,1.4531999826431274,55
2016-10-26,1.4609999656677246,1.4609999656677246,1.4644999504089355,1.4581999778747559,1.4581999778747559,58
2016-10-27,1.4637000560760498,1.4637000560760498,1.4651000499725342,1.460800051689148,1.461400032043457,69
2016-10-28,1.4728000164031982,1.4728000164031982,1.4752999544143677,1.4621000289916992,1.4632999897003174,75
2016-10-31,1.4743000268936157,1.4743000268936157,1.4743000268936157,1.4678000211715698,1.472100019454956,48
2016-11-01,1.4829000234603882,1.4829000234603882,1.4840999841690063,1.4742000102996826,1.4742000102996826,112
2016-11-02,1.4888999462127686,1.4888999462127686,1.4930000305175781,1.4842000007629395,1.4869999885559082,221
2016-11-03,1.4884999990463257,1.4884999990463257,1.4907000064849854,1.4829000234603882,1.488800048828125,120
2016-11-04,1.4930000305175781,1.4930000305175781,1.496399998664856,1.4900000095367432,1.4900000095367432,118
2016-11-07,1.4774999618530273,1.4774999618530273,1.4845000505447388,1.4774999618530273,1.4839999675750732,123
2016-11-08,1.470900058746338,1.470900058746338,1.480299949645996,1.4657000303268433,1.4797999858856201,84
2016-11-09,1.4673000574111938,1.4673000574111938,1.5246000289916992,1.466599941253662,1.4736000299453735,186
2016-11-10,1.468500018119812,1.468500018119812,1.4703999757766724,1.4635000228881836,1.468000054359436,88
2016-11-14,1.4557000398635864,1.4557000398635864,1.4672000408172607,1.454800009727478,1.4672000408172607,197
2016-11-15,1.4443999528884888,1.4443999528884888,1.4610999822616577,1.4438999891281128,1.4571000337600708,126
2016-11-16,1.436900019645691,1.436900019645691,1.444700002670288,1.4359999895095825,1.444700002670288,52
2016-11-17,1.4357000589370728,1.4357000589370728,1.4419000148773193,1.4319000244140625,1.4383000135421753,88
2016-11-18,1.4328999519348145,1.4328999519348145,1.4384000301361084,1.4313000440597534,1.4384000301361084,102
2016-11-21,1.4256000518798828,1.4256000518798828,1.433500051498413,1.4256000518798828,1.4329999685287476,74
2016-11-22,1.4290000200271606,1.4290000200271606,1.430799961090088,1.423200011253357,1.4253000020980835,79
2016-11-23,1.4242000579833984,1.4242000579833984,1.4315999746322632,1.4211000204086304,1.4289000034332275,35
2016-11-25,1.4328999519348145,1.4328999519348145,1.4348000288009644,1.4251999855041504,1.4294999837875366,134
2016-11-28,1.422700047492981,1.422700047492981,1.4377000331878662,1.4176000356674194,1.4377000331878662,202
2016-11-29,1.4292999505996704,1.4292999505996704,1.4292999505996704,1.4239000082015991,1.4240000247955322,116
2016-11-30,1.42330002784729,1.42330002784729,1.4305000305175781,1.4206000566482544,1.4276000261306763,106
2016-12-01,1.419100046157837,1.419100046157837,1.427299976348877,1.4134999513626099,1.4249999523162842,68
2016-12-02,1.4180999994277954,1.4180999994277954,1.419700026512146,1.4155000448226929,1.4164999723434448,59
2016-12-05,1.4292000532150269,1.4292000532150269,1.4292000532150269,1.410099983215332,1.410099983215332,141
2016-12-06,1.4249999523162842,1.4249999523162842,1.4289000034332275,1.4219000339508057,1.4283000230789185,598
2016-12-07,1.4250999689102173,1.4250999689102173,1.427899956703186,1.4220000505447388,1.4244999885559082,76
2016-12-08,1.4003000259399414,1.4003000259399414,1.431399941444397,1.3997000455856323,1.4240000247955322,170
2016-12-09,1.3897000551223755,1.3897000551223755,1.4007999897003174,1.3882999420166016,1.4007999897003174,51
2016-12-12,1.3969000577926636,1.3969000577926636,1.3976999521255493,1.3861000537872314,1.3861000537872314,104
2016-12-13,1.3935999870300293,1.3935999870300293,1.3983999490737915,1.392300009727478,1.3947999477386475,138
2016-12-14,1.3996000289916992,1.3996000289916992,1.401900053024292,1.3934999704360962,1.398300051689148,711
2016-12-15,1.3907999992370605,1.3907999992370605,1.3977999687194824,1.3890000581741333,1.3950999975204468,445
2016-12-16,1.3932000398635864,1.3932000398635864,1.3949999809265137,1.3932000398635864,1.3949999809265137,54
2016-12-19,1.3983999490737915,1.3983999490737915,1.3983999490737915,1.3983999490737915,1.3983999490737915,129
2016-12-20,1.3938000202178955,1.3938000202178955,1.3981000185012817,1.392799973487854,1.3981000185012817,119
2016-12-21,1.402400016784668,1.402400016784668,1.402500033378601,1.396399974822998,1.396399974822998,94
2016-12-22,1.4122999906539917,1.4122999906539917,1.4205000400543213,1.4085999727249146,1.4085999727249146,275
2016-12-23,1.4189000129699707,1.4189000129699707,1.4189000129699707,1.4140000343322754,1.4140000343322754,65
2016-12-27,1.423699975013733,1.423699975013733,1.424299955368042,1.4163000583648682,1.4163999557495117,462
2016-12-28,1.416200041770935,1.416200041770935,1.4256999492645264,1.4144999980926514,1.4256999492645264,148
2016-12-29,1.4184000492095947,1.4184000492095947,1.419700026512146,1.4147000312805176,1.4178999662399292,76
2016-12-30,1.4210000038146973,1.4210000038146973,1.430400013923645,1.419100046157837,1.4264999628067017,166
2017-01-03,1.4016000032424927,1.4016000032424927,1.4088000059127808,1.3935999870300293,1.4086999893188477,105
2017-01-04,1.3967000246047974,1.3967000246047974,1.4023000001907349,1.3925000429153442,1.4020999670028687,176
2017-01-05,1.4053000211715698,1.4053000211715698,1.4062000513076782,1.399999976158142,1.402400016784668,110
2017-01-06,1.3971999883651733,1.3971999883651733,1.4072999954223633,1.3949999809265137,1.4071999788284302,119
2017-01-09,1.4020999670028687,1.4020999670028687,1.4020999670028687,1.3982000350952148,1.3985999822616577,90
2017-01-10,1.3997000455856323,1.3997000455856323,1.405400037765503,1.3991999626159668,1.401900053024292,69
2017-01-11,1.3956999778747559,1.3956999778747559,1.3980000019073486,1.3913999795913696,1.3969000577926636,66
2017-01-12,1.3974000215530396,1.3974000215530396,1.4040000438690186,1.3912999629974365,1.395400047302246,118
2017-01-13,1.398900032043457,1.398900032043457,1.402999997138977,1.3968000411987305,1.4000999927520752,81
2017-01-17,1.4002000093460083,1.4002000093460083,1.4003000259399414,1.3949999809265137,1.3982000350952148,86
2017-01-18,1.4142999649047852,1.4142999649047852,1.416100025177002,1.3982000350952148,1.3996000289916992,101
2017-01-19,1.4220000505447388,1.4220000505447388,1.4226000308990479,1.4107999801635742,1.4142999649047852,48
2017-01-20,1.42739999294281,1.42739999294281,1.4285999536514282,1.4220000505447388,1.4221999645233154,77
2017-01-23,1.4257999658584595,1.4257999658584595,1.431399941444397,1.4257999658584595,1.4297000169754028,59
2017-01-24,1.4121999740600586,1.4121999740600586,1.4258999824523926,1.4121999740600586,1.4244999885559082,54
2017-01-25,1.4069000482559204,1.4069000482559204,1.4121999740600586,1.4046000242233276,1.4108999967575073,41
2017-01-26,1.402400016784668,1.402400016784668,1.408400058746338,1.3992999792099,1.4072999954223633,710
2017-01-27,1.4068000316619873,1.4068000316619873,1.4072999954223633,1.4026000499725342,1.4035999774932861,49
2017-01-30,1.4038000106811523,1.4038000106811523,1.4046000242233276,1.3982000350952148,1.4046000242233276,58
2017-01-31,1.4084999561309814,1.4084999561309814,1.4097000360488892,1.4012999534606934,1.405900001525879,123
2017-02-01,1.4074000120162964,1.4074000120162964,1.4120999574661255,1.4072999954223633,1.4120999574661255,35
2017-02-02,1.4039000272750854,1.4039000272750854,1.407099962234497,1.4039000272750854,1.406499981880188,8
2017-02-03,1.4035999774932861,1.4035999774932861,1.4049999713897705,1.4012000560760498,1.4021999835968018,115
2017-02-06,1.408400058746338,1.408400058746338,1.410099983215332,1.399999976158142,1.399999976158142,46
2017-02-07,1.409000039100647,1.409000039100647,1.4101999998092651,1.4062000513076782,1.408400058746338,67
2017-02-08,1.406999945640564,1.406999945640564,1.4093999862670898,1.4018000364303589,1.404099941253662,51
2017-02-09,1.4013999700546265,1.4013999700546265,1.4062000513076782,1.4012999534606934,1.4062000513076782,46
2017-02-10,1.392699956893921,1.392699956893921,1.4014999866485596,1.3897000551223755,1.4014999866485596,562
2017-02-13,1.3861000537872314,1.3861000537872314,1.3935999870300293,1.3861000537872314,1.3935999870300293,19
2017-02-14,1.3833999633789062,1.3833999633789062,1.3871999979019165,1.3832999467849731,1.3863999843597412,96
2017-02-15,1.3868000507354736,1.3868000507354736,1.3868000507354736,1.3827999830245972,1.3827999830245972,27
2017-02-16,1.3961999416351318,1.3961999416351318,1.3961999416351318,1.3870999813079834,1.3871999979019165,65
2017-02-17,1.3906999826431274,1.3906999826431274,1.3961000442504883,1.3899999856948853,1.3942999839782715,68
2017-02-21,1.3868000507354736,1.3868000507354736,1.3911999464035034,1.3848999738693237,1.3911999464035034,38
2017-02-22,1.3919999599456787,1.3919999599456787,1.3931000232696533,1.3832000494003296,1.3838000297546387,35
2017-02-23,1.3869999647140503,1.3869999647140503,1.3889000415802002,1.385699987411499,1.3889000415802002,38
2017-02-24,1.3842999935150146,1.3842999935150146,1.3883999586105347,1.3842999935150146,1.3858000040054321,46
2017-02-27,1.3931000232696533,1.3931000232696533,1.3931000232696533,1.3863999843597412,1.3863999843597412,74
2017-02-28,1.4083000421524048,1.4083000421524048,1.409999966621399,1.3954999446868896,1.396399974822998,100
2017-03-01,1.4084999561309814,1.4084999561309814,1.4104000329971313,1.402999997138977,1.4055999517440796,73
2017-03-02,1.406599998474121,1.406599998474121,1.4081000089645386,1.4047000408172607,1.4081000089645386,167
2017-03-03,1.420699954032898,1.420699954032898,1.420799970626831,1.4083000421524048,1.4083000421524048,126
2017-03-06,1.4204000234603882,1.4204000234603882,1.4240000247955322,1.4178999662399292,1.4234000444412231,72
2017-03-07,1.4184000492095947,1.4184000492095947,1.419600009918213,1.4170000553131104,1.417799949645996,773
2017-03-08,1.4235999584197998,1.4235999584197998,1.4235999584197998,1.4172999858856201,1.4172999858856201,323
2017-03-09,1.4316999912261963,1.4316999912261963,1.4316999912261963,1.424399971961975,1.424399971961975,1372
2017-03-10,1.4400999546051025,1.4400999546051025,1.4400999546051025,1.4306000471115112,1.4326000213623047,101
2017-03-13,1.4347000122070312,1.4347000122070312,1.4347000122070312,1.4347000122070312,1.4347000122070312,180
2017-03-14,1.4357999563217163,1.4357999563217163,1.4394999742507935,1.434499979019165,1.4371999502182007,94
2017-03-15,1.43149995803833,1.43149995803833,1.4357999563217163,1.430899977684021,1.4336999654769897,23
2017-03-16,1.4378999471664429,1.4378999471664429,1.44159996509552,1.429900050163269,1.4315999746322632,32
2017-03-17,1.437600016593933,1.437600016593933,1.4407999515533447,1.4363000392913818,1.4395999908447266,95
2017-03-20,1.4386999607086182,1.4386999607086182,1.4400999546051025,1.4386999607086182,1.4400999546051025,3
2017-03-21,1.4457999467849731,1.4457999467849731,1.4465999603271484,1.4385000467300415,1.4453999996185303,63
2017-03-22,1.445099949836731,1.445099949836731,1.4524999856948853,1.4449000358581543,1.4485000371932983,78
2017-03-23,1.4430999755859375,1.4430999755859375,1.4431999921798706,1.441499948501587,1.4431999921798706,11
2017-03-24,1.4500000476837158,1.4500000476837158,1.4500000476837158,1.4466999769210815,1.4470000267028809,77
2017-03-27,1.4574999809265137,1.4574999809265137,1.461400032043457,1.451200008392334,1.451200008392334,84
2017-03-28,1.4500000476837158,1.4500000476837158,1.458899974822998,1.4500000476837158,1.4572999477386475,19
2017-03-29,1.4378999471664429,1.4378999471664429,1.4486000537872314,1.4378999471664429,1.4486000537872314,116
2017-03-30,1.426900029182434,1.426900029182434,1.4357999563217163,1.4266999959945679,1.4357999563217163,64
2017-03-31,1.42330002784729,1.42330002784729,1.4300999641418457,1.4225000143051147,1.4296000003814697,86
2017-04-03,1.43149995803833,1.43149995803833,1.4328999519348145,1.4271999597549438,1.4271999597549438,96
2017-04-04,1.434399962425232,1.434399962425232,1.4362000226974487,1.4321000576019287,1.4321000576019287,107
2017-04-05,1.4337999820709229,1.4337999820709229,1.4337999820709229,1.4305000305175781,1.4337999820709229,92
2017-04-06,1.4311000108718872,1.4311000108718872,1.438099980354309,1.4306000471115112,1.438099980354309,32
2017-04-07,1.423799991607666,1.423799991607666,1.4313000440597534,1.4218000173568726,1.4313000440597534,99
2017-04-10,1.4156999588012695,1.4156999588012695,1.419600009918213,1.4151999950408936,1.4194999933242798,77
2017-04-11,1.4174000024795532,1.4174000024795532,1.4186999797821045,1.4139000177383423,1.4139000177383423,94
2017-04-12,1.4143999814987183,1.4143999814987183,1.417099952697754,1.410099983215332,1.4154000282287598,49
2017-04-13,1.4144999980926514,1.4144999980926514,1.416599988937378,1.4086999893188477,1.4142999649047852,49
2017-04-17,1.4192999601364136,1.4192999601364136,1.4193999767303467,1.4163000583648682,1.4163000583648682,14
2017-04-18,1.4387999773025513,1.4387999773025513,1.4387999773025513,1.4229999780654907,1.4229999780654907,97
2017-04-19,1.4490000009536743,1.4490000009536743,1.4490000009536743,1.441499948501587,1.4419000148773193,120
2017-04-20,1.4471999406814575,1.4471999406814575,1.454699993133545,1.4471999406814575,1.4510999917984009,127
2017-04-21,1.4478000402450562,1.4478000402450562,1.4486000537872314,1.444599986076355,1.4464999437332153,66
2017-04-24,1.4700000286102295,1.4700000286102295,1.4706000089645386,1.4621000289916992,1.4706000089645386,209
2017-04-25,1.4880000352859497,1.4880000352859497,1.493299961090088,1.476199984550476,1.476199984550476,176
2017-04-26,1.4866000413894653,1.4866000413894653,1.486899971961975,1.476199984550476,1.4854999780654907,172
2017-04-27,1.4845999479293823,1.4845999479293823,1.486299991607666,1.479099988937378,1.4846999645233154,157
2017-04-28,1.4918999671936035,1.4918999671936035,1.496399998664856,1.4881000518798828,1.4881000518798828,173
2017-05-01,1.492900013923645,1.492900013923645,1.4937000274658203,1.4907000064849854,1.4907000064849854,18
2017-05-02,1.5017000436782837,1.5017000436782837,1.5023000240325928,1.492400050163269,1.4938000440597534,136
2017-05-03,1.4972000122070312,1.4972000122070312,1.5026999711990356,1.4962999820709229,1.5024000406265259,138
2017-05-04,1.513200044631958,1.513200044631958,1.5133999586105347,1.4960999488830566,1.4960999488830566,143
2017-05-05,1.50600004196167,1.50600004196167,1.5163999795913696,1.5032000541687012,1.5163999795913696,195
2017-05-08,1.4990999698638916,1.4990999698638916,1.5024000406265259,1.4981000423431396,1.5010000467300415,104
2017-05-09,1.4931000471115112,1.4931000471115112,1.498900055885315,1.4910999536514282,1.4982000589370728,196
2017-05-10,1.4872000217437744,1.4872000217437744,1.4958000183105469,1.4847999811172485,1.4958000183105469,198
2017-05-11,1.4900000095367432,1.4900000095367432,1.496000051498413,1.4891999959945679,1.4950000047683716,188
2017-05-12,1.4997999668121338,1.4997999668121338,1.5016000270843506,1.4891999959945679,1.4891999959945679,237
2017-05-15,1.4996999502182007,1.4996999502182007,1.5013999938964844,1.493399977684021,1.4966000318527222,93
2017-05-16,1.5083999633789062,1.5083999633789062,1.5104000568389893,1.4982000589370728,1.4982000589370728,240
2017-05-17,1.5206999778747559,1.5206999778747559,1.5210000276565552,1.511299967765808,1.5124000310897827,178
2017-05-18,1.5139000415802002,1.5139000415802002,1.5219999551773071,1.5115000009536743,1.5169999599456787,115
2017-05-19,1.5156999826431274,1.5156999826431274,1.5214999914169312,1.510599970817566,1.510599970817566,135
2017-05-22,1.5191999673843384,1.5191999673843384,1.5191999673843384,1.511299967765808,1.5154999494552612,91
2017-05-23,1.5134999752044678,1.5134999752044678,1.520300030708313,1.5117000341415405,1.5180000066757202,73
2017-05-24,1.5055999755859375,1.5055999755859375,1.5148999691009521,1.503000020980835,1.5148999691009521,172
2017-05-25,1.5124000310897827,1.5124000310897827,1.5125000476837158,1.5055999755859375,1.506100058555603,205
2017-05-26,1.5061999559402466,1.5061999559402466,1.5125999450683594,1.5027999877929688,1.5125999450683594,56
2017-05-30,1.507599949836731,1.507599949836731,1.5110000371932983,1.4993000030517578,1.502500057220459,132
2017-05-31,1.519700050354004,1.519700050354004,1.5204999446868896,1.503000020980835,1.503000020980835,296
2017-06-01,1.5163999795913696,1.5163999795913696,1.5184999704360962,1.5128999948501587,1.5184999704360962,72
2017-06-02,1.5225000381469727,1.5225000381469727,1.5250999927520752,1.5175000429153442,1.5192999839782715,125
2017-06-05,1.5174000263214111,1.5174000263214111,1.5196000337600708,1.516700029373169,1.5192999839782715,88
2017-06-06,1.5170999765396118,1.5170999765396118,1.5197999477386475,1.513800024986267,1.51419997215271,78
2017-06-07,1.5221999883651733,1.5221999883651733,1.5230000019073486,1.5074000358581543,1.5119999647140503,1103
2017-06-08,1.5157999992370605,1.5157999992370605,1.5214999914169312,1.5132999420166016,1.5214999914169312,165
2017-06-09,1.5088000297546387,1.5088000297546387,1.5146000385284424,1.5026999711990356,1.5134999752044678,122
2017-06-12,1.4938000440597534,1.4938000440597534,1.5092999935150146,1.493299961090088,1.5092999935150146,288
2017-06-13,1.4837000370025635,1.4837000370025635,1.4915000200271606,1.4797999858856201,1.4915000200271606,1193
2017-06-14,1.486299991607666,1.486299991607666,1.4903000593185425,1.4783999919891357,1.4789999723434448,458
2017-06-15,1.4804999828338623,1.4804999828338623,1.486299991607666,1.479200005531311,1.486299991607666,378
2017-06-16,1.4797999858856201,1.4797999858856201,1.4809999465942383,1.4797999858856201,1.4809999465942383,36
2017-06-19,1.479099988937378,1.479099988937378,1.479099988937378,1.479099988937378,1.479099988937378,179
2017-06-20,1.4801000356674194,1.4801000356674194,1.4845999479293823,1.4795000553131104,1.4835000038146973,179
2017-06-21,1.4903000593185425,1.4903000593185425,1.4931999444961548,1.4846999645233154,1.4848999977111816,178
2017-06-22,1.4808000326156616,1.4808000326156616,1.4937000274658203,1.4794000387191772,1.4921000003814697,273
2017-06-23,1.4890999794006348,1.4890999794006348,1.4910999536514282,1.4794000387191772,1.4794000387191772,141
2017-06-26,1.4854999780654907,1.4854999780654907,1.488800048828125,1.4845000505447388,1.4881000518798828,118
2017-06-27,1.496999979019165,1.496999979019165,1.4993000030517578,1.4878000020980835,1.4878000020980835,268
2017-06-28,1.4869999885559082,1.4869999885559082,1.5018999576568604,1.4844000339508057,1.4987000226974487,327
2017-06-29,1.4910999536514282,1.4910999536514282,1.4930000305175781,1.486799955368042,1.4874000549316406,1026
2017-06-30,1.4845999479293823,1.4845999479293823,1.4890999794006348,1.4835000038146973,1.4890999794006348,270
2017-07-03,1.480299949645996,1.480299949645996,1.482200026512146,1.4780000448226929,1.4817999601364136,237
2017-07-05,1.4752999544143677,1.4752999544143677,1.4810999631881714,1.4700000286102295,1.4810999631881714,189
2017-07-06,1.4842000007629395,1.4842000007629395,1.4842000007629395,1.4737000465393066,1.4744000434875488,163
2017-07-07,1.4723999500274658,1.4723999500274658,1.4869999885559082,1.469499945640564,1.4864000082015991,372
2017-07-10,1.4723999500274658,1.4723999500274658,1.476199984550476,1.4700000286102295,1.4728000164031982,232
2017-07-11,1.4855999946594238,1.4855999946594238,1.4859999418258667,1.472100019454956,1.472100019454956,129
2017-07-12,1.4557000398635864,1.4557000398635864,1.485200047492981,1.4523999691009521,1.485200047492981,539
2017-07-13,1.454800009727478,1.454800009727478,1.4625999927520752,1.4535000324249268,1.4602999687194824,295
2017-07-14,1.4541000127792358,1.4541000127792358,1.4607000350952148,1.4532999992370605,1.4569000005722046,274
2017-07-17,1.4601999521255493,1.4601999521255493,1.4607000350952148,1.4529000520706177,1.4529000520706177,72
2017-07-18,1.4622999429702759,1.4622999429702759,1.4696999788284302,1.4572999477386475,1.4572999477386475,102
2017-07-19,1.4536000490188599,1.4536000490188599,1.4610999822616577,1.4523999691009521,1.4610999822616577,108
2017-07-20,1.465999960899353,1.465999960899353,1.469499945640564,1.4520000219345093,1.4565999507904053,225
2017-07-21,1.4667999744415283,1.4667999744415283,1.4704999923706055,1.4635000228881836,1.4704999923706055,57
2017-07-24,1.458299994468689,1.458299994468689,1.465000033378601,1.458299994468689,1.4635000228881836,68
2017-07-25,1.4603999853134155,1.4603999853134155,1.4661999940872192,1.4591000080108643,1.4610999822616577,58
2017-07-26,1.4636000394821167,1.4636000394821167,1.4636000394821167,1.4575999975204468,1.4577000141143799,127
2017-07-27,1.4697999954223633,1.4697999954223633,1.4710999727249146,1.4625999927520752,1.4630000591278076,67
2017-07-28,1.464900016784668,1.464900016784668,1.4716999530792236,1.4609999656677246,1.4706000089645386,112
2017-07-31,1.4759000539779663,1.4759000539779663,1.480299949645996,1.4632999897003174,1.4651999473571777,86
2017-08-01,1.4807000160217285,1.4807000160217285,1.4845999479293823,1.4744999408721924,1.4808000326156616,192
2017-08-02,1.4921000003814697,1.4921000003814697,1.496000051498413,1.4865000247955322,1.4865000247955322,256
2017-08-03,1.49590003490448,1.49590003490448,1.497499942779541,1.4916000366210938,1.4916000366210938,145
2017-08-04,1.4907000064849854,1.4907000064849854,1.4974000453948975,1.4859999418258667,1.4951000213623047,285
2017-08-07,1.4977999925613403,1.4977999925613403,1.499400019645691,1.496999979019165,1.4974000453948975,76
2017-08-08,1.4908000230789185,1.4908000230789185,1.500100016593933,1.4869999885559082,1.4980000257492065,193
2017-08-09,1.4952000379562378,1.4952000379562378,1.495300054550171,1.488800048828125,1.4931000471115112,208
2017-08-10,1.4988000392913818,1.4988000392913818,1.502500057220459,1.4903000593185425,1.4943000078201294,185
2017-08-11,1.5016000270843506,1.5016000270843506,1.503499984741211,1.4982000589370728,1.5015000104904175,75
2017-08-14,1.500499963760376,1.500499963760376,1.5016000270843506,1.496399998664856,1.5010000467300415,131
2017-08-15,1.4990999698638916,1.4990999698638916,1.5003000497817993,1.4951000213623047,1.4990999698638916,202
2017-08-16,1.4924999475479126,1.4924999475479126,1.4940999746322632,1.488700032234192,1.493499994277954,136
2017-08-17,1.4874000549316406,1.4874000549316406,1.4889999628067017,1.475000023841858,1.4865000247955322,272
2017-08-18,1.4805999994277954,1.4805999994277954,1.4891999959945679,1.4783999919891357,1.4881000518798828,175
2017-08-21,1.4859000444412231,1.4859000444412231,1.4886000156402588,1.4802000522613525,1.4802000522613525,16
2017-08-22,1.4779000282287598,1.4779000282287598,1.4824999570846558,1.4754999876022339,1.4824999570846558,82
2017-08-23,1.4844000339508057,1.4844000339508057,1.4875999689102173,1.4811999797821045,1.4823999404907227,98
2017-08-24,1.4797999858856201,1.4797999858856201,1.482100009918213,1.4785000085830688,1.4819999933242798,35
2017-08-25,1.4842000007629395,1.4842000007629395,1.4888999462127686,1.476699948310852,1.4769999980926514,72
2017-08-28,1.4979000091552734,1.4979000091552734,1.4989999532699585,1.4874000549316406,1.4924999475479126,73
2017-08-29,1.503499984741211,1.503499984741211,1.506600022315979,1.498900055885315,1.5017000436782837,135
2017-08-30,1.5013999938964844,1.5013999938964844,1.5047999620437622,1.496500015258789,1.499500036239624,108
2017-08-31,1.4882999658584595,1.4882999658584595,1.5045000314712524,1.4872000217437744,1.5026999711990356,146
2017-09-01,1.4710999727249146,1.4710999727249146,1.4872000217437744,1.4702999591827393,1.4853999614715576,144
2017-09-05,1.4759000539779663,1.4759000539779663,1.4808000326156616,1.4703999757766724,1.473099946975708,142
2017-09-06,1.4575999975204468,1.4575999975204468,1.4793000221252441,1.4544999599456787,1.4785000085830688,434
2017-09-07,1.458799958229065,1.458799958229065,1.4643000364303589,1.4550000429153442,1.458899974822998,779
2017-09-08,1.4610999822616577,1.4610999822616577,1.4610999822616577,1.458299994468689,1.4586999416351318,25
2017-09-11,1.4493000507354736,1.4493000507354736,1.4567999839782715,1.4493000507354736,1.4559999704360962,52
2017-09-12,1.4579999446868896,1.4579999446868896,1.458299994468689,1.4469000101089478,1.448099970817566,1347
2017-09-13,1.4486000537872314,1.4486000537872314,1.4585000276565552,1.4478000402450562,1.4585000276565552,1371
2017-09-14,1.452299952507019,1.452299952507019,1.452299952507019,1.4464000463485718,1.4464000463485718,305
2017-09-15,1.454300045967102,1.454300045967102,1.4589999914169312,1.4524999856948853,1.4524999856948853,110
2017-09-18,1.4601999521255493,1.4601999521255493,1.4601999521255493,1.4551000595092773,1.455299973487854,147
2017-09-19,1.478600025177002,1.478600025177002,1.4825999736785889,1.475000023841858,1.478600025177002,75
2017-09-20,1.475100040435791,1.475100040435791,1.4780999422073364,1.4723000526428223,1.476699948310852,94
2017-09-21,1.4788000583648682,1.4788000583648682,1.4788000583648682,1.4763000011444092,1.4763000011444092,5
2017-09-22,1.4793000221252441,1.4793000221252441,1.4804999828338623,1.4758000373840332,1.4783999919891357,52
2017-09-25,1.469499945640564,1.469499945640564,1.476099967956543,1.468000054359436,1.476099967956543,65
2017-09-26,1.4628000259399414,1.4628000259399414,1.4730000495910645,1.462499976158142,1.4730000495910645,322
2017-09-27,1.4713000059127808,1.4713000059127808,1.4713000059127808,1.455299973487854,1.4611999988555908,162
2017-09-28,1.4704999923706055,1.4704999923706055,1.4753999710083008,1.4704999923706055,1.4730000495910645,245
2017-09-29,1.4783999919891357,1.4783999919891357,1.4853999614715576,1.471500039100647,1.4716999530792236,311
2017-10-02,1.4736000299453735,1.4736000299453735,1.4757000207901,1.472000002861023,1.4757000207901,223
2017-10-03,1.4728000164031982,1.4728000164031982,1.4754999876022339,1.472000002861023,1.472000002861023,112
2017-10-04,1.4728000164031982,1.4728000164031982,1.4740999937057495,1.4722000360488892,1.4729000329971313,32
2017-10-05,1.4765000343322754,1.4765000343322754,1.4765000343322754,1.4730000495910645,1.4730000495910645,9
2017-10-06,1.475100040435791,1.475100040435791,1.4778000116348267,1.4723000526428223,1.4769999980926514,175
2017-10-09,1.479099988937378,1.479099988937378,1.479099988937378,1.4767999649047852,1.4768999814987183,50
2017-10-10,1.4815000295639038,1.4815000295639038,1.4815000295639038,1.4782999753952026,1.4782999753952026,173
2017-10-11,1.4837000370025635,1.4837000370025635,1.486899971961975,1.482699990272522,1.482699990272522,234
2017-10-12,1.4789999723434448,1.4789999723434448,1.4845000505447388,1.4789999723434448,1.4805999994277954,100
2017-10-13,1.479200005531311,1.479200005531311,1.4838000535964966,1.4773000478744507,1.4773000478744507,214
2017-10-16,1.4809000492095947,1.4809000492095947,1.4843000173568726,1.4765000343322754,1.4779000282287598,210
2017-10-17,1.4804999828338623,1.4804999828338623,1.481600046157837,1.4780000448226929,1.479699969291687,87
2017-10-18,1.4752000570297241,1.4752000570297241,1.4759000539779663,1.4731999635696411,1.4744000434875488,342
2017-10-19,1.4811999797821045,1.4811999797821045,1.4819999933242798,1.475100040435791,1.4752999544143677,273
2017-10-20,1.4912999868392944,1.4912999868392944,1.4914000034332275,1.4788999557495117,1.479599952697754,208
2017-10-23,1.4876999855041504,1.4876999855041504,1.489799976348877,1.4859000444412231,1.4888999462127686,68
2017-10-24,1.4975999593734741,1.4975999593734741,1.4977999925613403,1.4886000156402588,1.4890999794006348,90
2017-10-25,1.5161999464035034,1.5161999464035034,1.516700029373169,1.4946999549865723,1.4946999549865723,450
2017-10-26,1.5017999410629272,1.5017999410629272,1.5180000066757202,1.5003000497817993,1.516800045967102,390
2017-10-27,1.4937000274658203,1.4937000274658203,1.5017000436782837,1.4911999702453613,1.5006999969482422,299
2017-10-30,1.4972000122070312,1.4972000122070312,1.4982000589370728,1.4919999837875366,1.4930000305175781,251
2017-10-31,1.5058000087738037,1.5058000087738037,1.5069999694824219,1.496500015258789,1.4972000122070312,153
2017-11-01,1.4996000528335571,1.4996000528335571,1.5047999620437622,1.4974000453948975,1.5047999620437622,57
2017-11-02,1.4967000484466553,1.4967000484466553,1.5010000467300415,1.4966000318527222,1.4989999532699585,143
2017-11-03,1.4842000007629395,1.4842000007629395,1.496899962425232,1.4840999841690063,1.4966000318527222,82
2017-11-06,1.479099988937378,1.479099988937378,1.4859000444412231,1.479099988937378,1.4859000444412231,176
2017-11-07,1.4840999841690063,1.4840999841690063,1.4850000143051147,1.4767999649047852,1.4785000085830688,101
2017-11-08,1.4781999588012695,1.4781999588012695,1.4829000234603882,1.476199984550476,1.4829000234603882,143
2017-11-09,1.4783999919891357,1.4783999919891357,1.4808000326156616,1.4779000282287598,1.479699969291687,14
2017-11-10,1.4814000129699707,1.4814000129699707,1.482699990272522,1.4774999618530273,1.4774999618530273,19
2017-11-13,1.4872000217437744,1.4872000217437744,1.4872000217437744,1.4804999828338623,1.4804999828338623,67
2017-11-14,1.503600001335144,1.503600001335144,1.50409996509552,1.4895000457763672,1.4895000457763672,131
2017-11-15,1.5077999830245972,1.5077999830245972,1.5139000415802002,1.503499984741211,1.50409996509552,140
2017-11-16,1.5022000074386597,1.5022000074386597,1.5077999830245972,1.5003999471664429,1.5077999830245972,91
2017-11-17,1.5075000524520874,1.5075000524520874,1.513800024986267,1.5048999786376953,1.507200002670288,122
2017-11-20,1.5046000480651855,1.5046000480651855,1.5084999799728394,1.5022000074386597,1.5027999877929688,144
2017-11-21,1.5018999576568604,1.5018999576568604,1.5095000267028809,1.498900055885315,1.5058000087738037,238
2017-11-22,1.5038000345230103,1.5038000345230103,1.5038000345230103,1.4988000392913818,1.503499984741211,157
2017-11-24,1.517799973487854,1.517799973487854,1.5184999704360962,1.503000020980835,1.5045000314712524,157
2017-11-27,1.5199999809265137,1.5199999809265137,1.520799994468689,1.5176000595092773,1.5194000005722046,29
2017-11-28,1.5184999704360962,1.5184999704360962,1.5240999460220337,1.5184999704360962,1.5224000215530396,100
2017-11-29,1.5255000591278076,1.5255000591278076,1.5263999700546265,1.5175000429153442,1.5200999975204468,161
2017-11-30,1.5361000299453735,1.5361000299453735,1.5377000570297241,1.5259000062942505,1.5259000062942505,66
2017-12-01,1.5109000205993652,1.5109000205993652,1.5357999801635742,1.5097999572753906,1.5348999500274658,255
2017-12-04,1.506500005722046,1.506500005722046,1.5104999542236328,1.5019999742507935,1.5104000568389893,151
2017-12-05,1.501099944114685,1.501099944114685,1.5041999816894531,1.4979000091552734,1.5041999816894531,20
2017-12-06,1.5099999904632568,1.5099999904632568,1.5104000568389893,1.4936000108718872,1.5041999816894531,267
2017-12-07,1.5148999691009521,1.5148999691009521,1.5155999660491943,1.5096999406814575,1.5098999738693237,605
2017-12-08,1.5145000219345093,1.5145000219345093,1.5149999856948853,1.507099986076355,1.5125000476837158,64
2017-12-11,1.5151000022888184,1.5151000022888184,1.517699956893921,1.5140000581741333,1.5140000581741333,123
2017-12-12,1.511199951171875,1.511199951171875,1.5133999586105347,1.5092999935150146,1.5133999586105347,306
2017-12-13,1.5134999752044678,1.5134999752044678,1.516800045967102,1.5098999738693237,1.5098999738693237,1322
2017-12-14,1.5032999515533447,1.5032999515533447,1.520300030708313,1.5016000270843506,1.5154999494552612,635
2017-12-15,1.5145000219345093,1.5145000219345093,1.5145000219345093,1.5145000219345093,1.5145000219345093,51
2017-12-18,1.5191999673843384,1.5191999673843384,1.5191999673843384,1.5175000429153442,1.5175000429153442,215
2017-12-19,1.5326000452041626,1.5326000452041626,1.5334999561309814,1.5235999822616577,1.5240000486373901,404
2017-12-20,1.531000018119812,1.531000018119812,1.534999966621399,1.5273000001907349,1.5312999486923218,101
2017-12-21,1.5184999704360962,1.5184999704360962,1.531499981880188,1.5149999856948853,1.529099941253662,137
2017-12-22,1.5163999795913696,1.5163999795913696,1.5226999521255493,1.5127999782562256,1.5184999704360962,356
2017-12-26,1.5126999616622925,1.5126999616622925,1.517899990081787,1.5121999979019165,1.5169999599456787,356
2017-12-27,1.5108000040054321,1.5108000040054321,1.5120999813079834,1.5096999406814575,1.5109000205993652,289
2017-12-28,1.507200002670288,1.507200002670288,1.510599970817566,1.5059000253677368,1.510599970817566,648
2017-12-29,1.511299967765808,1.511299967765808,1.5146000385284424,1.5053999423980713,1.506500005722046,117
2018-01-02,1.5126999616622925,1.5126999616622925,1.5189000368118286,1.5118999481201172,1.5182000398635864,32
2018-01-03,1.5117000341415405,1.5117000341415405,1.5118999481201172,1.5091999769210815,1.5091999769210815,9
2018-01-04,1.5132999420166016,1.5132999420166016,1.516800045967102,1.510699987411499,1.5108000040054321,31
2018-01-05,1.4997999668121338,1.4997999668121338,1.5117000341415405,1.4931999444961548,1.5117000341415405,87
2018-01-08,1.4910000562667847,1.4910000562667847,1.496999979019165,1.4903000593185425,1.496999979019165,140
2018-01-09,1.4915000200271606,1.4915000200271606,1.4922000169754028,1.4869999885559082,1.4891999959945679,138
2018-01-10,1.5088000297546387,1.5088000297546387,1.5088000297546387,1.4919999837875366,1.4919999837875366,282
2018-01-11,1.5124000310897827,1.5124000310897827,1.517699956893921,1.5029000043869019,1.5049999952316284,1730
2018-01-12,1.5257999897003174,1.5257999897003174,1.5263999700546265,1.5146000385284424,1.5146000385284424,127
2018-01-16,1.5296000242233276,1.5296000242233276,1.5298000574111938,1.5202000141143799,1.5242999792099,155
2018-01-17,1.5228999853134155,1.5228999853134155,1.5333000421524048,1.521299958229065,1.5282000303268433,191
2018-01-18,1.5261000394821167,1.5261000394821167,1.5319000482559204,1.5261000394821167,1.5291999578475952,35
2018-01-19,1.531000018119812,1.531000018119812,1.5312999486923218,1.5267000198364258,1.5289000272750854,85
2018-01-22,1.5306999683380127,1.5306999683380127,1.534500002861023,1.5305999517440796,1.534500002861023,34
2018-01-23,1.5328999757766724,1.5328999757766724,1.5369000434875488,1.5307999849319458,1.5317000150680542,42
2018-01-24,1.5326999425888062,1.5326999425888062,1.5368000268936157,1.5252000093460083,1.5321999788284302,217
2018-01-25,1.5357999801635742,1.5357999801635742,1.5450999736785889,1.5325000286102295,1.534600019454956,207
2018-01-26,1.5341999530792236,1.5341999530792236,1.5390000343322754,1.534000039100647,1.538699984550476,96
2018-01-29,1.530500054359436,1.530500054359436,1.5353000164031982,1.5282000303268433,1.5353000164031982,184
2018-01-30,1.5322999954223633,1.5322999954223633,1.537500023841858,1.5321999788284302,1.533400058746338,63
2018-01-31,1.5305999517440796,1.5305999517440796,1.534000039100647,1.5305999517440796,1.534000039100647,108
2018-02-01,1.5377999544143677,1.5377999544143677,1.5377999544143677,1.5336999893188477,1.535099983215332,87
2018-02-02,1.5458999872207642,1.5458999872207642,1.5514999628067017,1.5394999980926514,1.5407999753952026,181
2018-02-05,1.5542000532150269,1.5542000532150269,1.5565999746322632,1.5497000217437744,1.5497000217437744,112
2018-02-06,1.554900050163269,1.554900050163269,1.5592000484466553,1.5470000505447388,1.5592000484466553,68
2018-02-07,1.5463999509811401,1.5463999509811401,1.5491000413894653,1.5434999465942383,1.5490000247955322,76
2018-02-08,1.5467000007629395,1.5467000007629395,1.5471999645233154,1.5408999919891357,1.545199990272522,93
2018-02-09,1.545799970626831,1.545799970626831,1.552899956703186,1.5435999631881714,1.5494999885559082,100
2018-02-12,1.5520000457763672,1.5520000457763672,1.5520000457763672,1.5439000129699707,1.5439000129699707,55
2018-02-13,1.55840003490448,1.55840003490448,1.5628000497817993,1.552299976348877,1.5528000593185425,167
2018-02-14,1.5599000453948975,1.5599000453948975,1.5613000392913818,1.5549999475479126,1.5583000183105469,73
2018-02-15,1.5644999742507935,1.5644999742507935,1.5666999816894531,1.559499979019165,1.559499979019165,110
2018-02-16,1.5607999563217163,1.5607999563217163,1.566100001335144,1.559999942779541,1.566100001335144,72
2018-02-20,1.5614999532699585,1.5614999532699585,1.5622999668121338,1.55649995803833,1.559999942779541,44
2018-02-21,1.562399983406067,1.562399983406067,1.5633000135421753,1.5609999895095825,1.562600016593933,112
2018-02-22,1.5698000192642212,1.5698000192642212,1.570099949836731,1.5597000122070312,1.5597000122070312,62
2018-02-23,1.5587999820709229,1.5587999820709229,1.562600016593933,1.554800033569336,1.554800033569336,0
2018-02-26,1.5627000331878662,1.5627000331878662,1.562999963760376,1.5572999715805054,1.5575000047683716,89
2018-02-27,1.562399983406067,1.562399983406067,1.5667999982833862,1.5614999532699585,1.566499948501587,97
2018-02-28,1.5671000480651855,1.5671000480651855,1.5671000480651855,1.5604000091552734,1.5604000091552734,38
2018-03-01,1.573099970817566,1.573099970817566,1.5755000114440918,1.5645999908447266,1.5671000480651855,177
2018-03-02,1.5914000272750854,1.5914000272750854,1.5925999879837036,1.5750000476837158,1.5769000053405762,136
2018-03-05,1.6029000282287598,1.6029000282287598,1.6031999588012695,1.5887000560760498,1.5893000364303589,129
2018-03-06,1.6013000011444092,1.6013000011444092,1.6045000553131104,1.598099946975708,1.6029000282287598,125
2018-03-07,1.6043000221252441,1.6043000221252441,1.6109000444412231,1.604099988937378,1.6075999736785889,65
2018-03-08,1.5895999670028687,1.5895999670028687,1.6021000146865845,1.5880999565124512,1.601199984550476,646
2018-03-09,1.5809999704360962,1.5809999704360962,1.5878000259399414,1.5800000429153442,1.5878000259399414,251
2018-03-12,1.5835000276565552,1.5835000276565552,1.5835000276565552,1.5777000188827515,1.579200029373169,963
2018-03-13,1.6047999858856201,1.6047999858856201,1.6080000400543213,1.5887999534606934,1.589900016784668,285
2018-03-14,1.6021000146865845,1.6021000146865845,1.6058000326156616,1.5990999937057495,1.6053999662399292,798
2018-03-15,1.6066999435424805,1.6066999435424805,1.6074999570846558,1.6014000177383423,1.6030000448226929,418
2018-03-16,1.6088999509811401,1.6088999509811401,1.6088999509811401,1.6088999509811401,1.6088999509811401,75
2018-03-19,1.6132999658584595,1.6132999658584595,1.6132999658584595,1.6132999658584595,1.6132999658584595,61
2018-03-20,1.61080002784729,1.61080002784729,1.620300054550171,1.6103999614715576,1.620300054550171,103
2018-03-21,1.6009999513626099,1.6009999513626099,1.6098999977111816,1.597599983215332,1.6038999557495117,154
2018-03-22,1.5973999500274658,1.5973999500274658,1.6004999876022339,1.5923000574111938,1.6004999876022339,168
2018-03-23,1.5985000133514404,1.5985000133514404,1.6015000343322754,1.5923000574111938,1.600100040435791,81
2018-03-26,1.6102999448776245,1.6102999448776245,1.6134999990463257,1.5982999801635742,1.5989999771118164,114
2018-03-27,1.6043000221252441,1.6043000221252441,1.6061999797821045,1.6002000570297241,1.6052000522613525,81
2018-03-28,1.5964000225067139,1.5964000225067139,1.6061999797821045,1.5951999425888062,1.6044000387191772,135
2018-03-29,1.5921000242233276,1.5921000242233276,1.597499966621399,1.5906000137329102,1.5956000089645386,0
2018-04-02,1.5978000164031982,1.5978000164031982,1.5990999937057495,1.5936000347137451,1.5936000347137451,48
2018-04-03,1.5778000354766846,1.5778000354766846,1.5943000316619873,1.5738999843597412,1.5936000347137451,269
2018-04-04,1.577299952507019,1.577299952507019,1.5860999822616577,1.573699951171875,1.5780999660491943,218
2018-04-05,1.5669000148773193,1.5669000148773193,1.5751999616622925,1.566499948501587,1.5720000267028809,106
2018-04-06,1.5759999752044678,1.5759999752044678,1.5770000219345093,1.565600037574768,1.5686999559402466,61
2018-04-09,1.5707000494003296,1.5707000494003296,1.579699993133545,1.5703999996185303,1.5748000144958496,104
2018-04-10,1.5621999502182007,1.5621999502182007,1.5729000568389893,1.5607999563217163,1.5683000087738037,134
2018-04-11,1.5607000589370728,1.5607000589370728,1.5684000253677368,1.559399962425232,1.5644999742507935,74
2018-04-12,1.5565999746322632,1.5565999746322632,1.5633000135421753,1.554800033569336,1.5621000528335571,185
2018-04-13,1.5605000257492065,1.5605000257492065,1.5605000257492065,1.5544999837875366,1.5571000576019287,46
2018-04-16,1.5609999895095825,1.5609999895095825,1.5642000436782837,1.5609999895095825,1.5625,26
2018-04-17,1.557800054550171,1.557800054550171,1.5611000061035156,1.5547000169754028,1.5611000061035156,21
2018-04-18,1.568600058555603,1.568600058555603,1.5728000402450562,1.5586999654769897,1.5586999654769897,107
2018-04-19,1.5679999589920044,1.5679999589920044,1.5680999755859375,1.5635000467300415,1.5669000148773193,116
2018-04-20,1.5707000494003296,1.5707000494003296,1.5720000267028809,1.562999963760376,1.5670000314712524,72
2018-04-23,1.5729000568389893,1.5729000568389893,1.5734000205993652,1.569599986076355,1.5714999437332153,51
2018-04-24,1.5749000310897827,1.5749000310897827,1.5750000476837158,1.5688999891281128,1.5717999935150146,71
2018-04-25,1.5687999725341797,1.5687999725341797,1.5753999948501587,1.5687999725341797,1.5743999481201172,103
2018-04-26,1.5622999668121338,1.5622999668121338,1.569599986076355,1.5622999668121338,1.5669000148773193,79
2018-04-27,1.559499979019165,1.559499979019165,1.5607000589370728,1.558500051498413,1.5607000589370728,17
2018-04-30,1.555400013923645,1.555400013923645,1.5627000331878662,1.5528000593185425,1.5627000331878662,83
2018-05-01,1.5450999736785889,1.5450999736785889,1.5534000396728516,1.5450999736785889,1.5534000396728516,92
2018-05-02,1.5441999435424805,1.5441999435424805,1.5460000038146973,1.5403000116348267,1.5436999797821045,122
2018-05-03,1.5444999933242798,1.5444999933242798,1.5462000370025635,1.5410000085830688,1.5432000160217285,78
2018-05-04,1.5413000583648682,1.5413000583648682,1.5434999465942383,1.538699984550476,1.5434999465942383,33
2018-05-07,1.5383000373840332,1.5383000373840332,1.5389000177383423,1.5360000133514404,1.5365999937057495,112
2018-05-08,1.5393999814987183,1.5393999814987183,1.5469000339508057,1.5393999814987183,1.5401999950408936,186
2018-05-09,1.5262999534606934,1.5262999534606934,1.5384000539779663,1.5247999429702759,1.5384000539779663,111
2018-05-10,1.524399995803833,1.524399995803833,1.5261000394821167,1.520400047302246,1.5250999927520752,52
2018-05-11,1.5300999879837036,1.5300999879837036,1.530400037765503,1.5211000442504883,1.5211000442504883,69
2018-05-14,1.5313999652862549,1.5313999652862549,1.534000039100647,1.5302000045776367,1.531000018119812,55
2018-05-15,1.5270999670028687,1.5270999670028687,1.531599998474121,1.5256999731063843,1.5302000045776367,93
2018-05-16,1.5116000175476074,1.5116000175476074,1.5242999792099,1.5103000402450562,1.5242999792099,129
2018-05-17,1.5124000310897827,1.5124000310897827,1.5133999586105347,1.5080000162124634,1.5120999813079834,106
2018-05-18,1.5184999704360962,1.5184999704360962,1.520400047302246,1.5091999769210815,1.5163999795913696,33
2018-05-21,1.5098999738693237,1.5098999738693237,1.5160000324249268,1.5098999738693237,1.5117000341415405,76
2018-05-22,1.5110000371932983,1.5110000371932983,1.5110000371932983,1.5046000480651855,1.5053999423980713,74
2018-05-23,1.50409996509552,1.50409996509552,1.5153000354766846,1.50409996509552,1.5139000415802002,53
2018-05-24,1.5128999948501587,1.5128999948501587,1.5153000354766846,1.5082000494003296,1.5082000494003296,128
2018-05-25,1.5149999856948853,1.5149999856948853,1.5160000324249268,1.5110000371932983,1.5119999647140503,59
2018-05-29,1.5032999515533447,1.5032999515533447,1.5091999769210815,1.5012999773025513,1.5049999952316284,88
2018-05-30,1.5022000074386597,1.5022000074386597,1.5125000476837158,1.493499994277954,1.5081000328063965,158
2018-05-31,1.5153000354766846,1.5153000354766846,1.516800045967102,1.5039000511169434,1.5039000511169434,123
2018-06-01,1.5139000415802002,1.5139000415802002,1.5175000429153442,1.5123000144958496,1.5140000581741333,76
2018-06-04,1.5134999752044678,1.5134999752044678,1.5174000263214111,1.5118000507354736,1.5134999752044678,74
2018-06-05,1.5204999446868896,1.5204999446868896,1.523900032043457,1.5125999450683594,1.5125999450683594,687
2018-06-06,1.5245000123977661,1.5245000123977661,1.5245000123977661,1.5168999433517456,1.5168999433517456,71
2018-06-07,1.5331000089645386,1.5331000089645386,1.5331000089645386,1.5324000120162964,1.5331000089645386,17
2018-06-08,1.5231000185012817,1.5231000185012817,1.5321999788284302,1.5231000185012817,1.5321999788284302,54
2018-06-11,1.5313999652862549,1.5313999652862549,1.5343999862670898,1.5298000574111938,1.5298000574111938,76
2018-06-12,1.5299999713897705,1.5299999713897705,1.534500002861023,1.5266000032424927,1.5266000032424927,1147
2018-06-13,1.530900001525879,1.530900001525879,1.533400058746338,1.5291999578475952,1.5319000482559204,392
2018-06-14,1.5188000202178955,1.5188000202178955,1.5234999656677246,1.5188000202178955,1.5218000411987305,757
2018-06-15,1.5298999547958374,1.5298999547958374,1.5298999547958374,1.5298999547958374,1.5298999547958374,74
2018-06-18,1.5313999652862549,1.5313999652862549,1.5313999652862549,1.5313999652862549,1.5313999652862549,35
2018-06-19,1.545199990272522,1.545199990272522,1.545199990272522,1.5369999408721924,1.545199990272522,109
2018-06-20,1.5504000186920166,1.5504000186920166,1.5504000186920166,1.545300006866455,1.545300006866455,48
2018-06-21,1.5537999868392944,1.5537999868392944,1.5540000200271606,1.5427000522613525,1.5427000522613525,39
2018-06-22,1.556399941444397,1.556399941444397,1.5650999546051025,1.5535999536514282,1.5540000200271606,92
2018-06-25,1.5650999546051025,1.5650999546051025,1.5650999546051025,1.5540000200271606,1.555999994277954,68
2018-06-26,1.55649995803833,1.55649995803833,1.5642999410629272,1.55649995803833,1.5642999410629272,65
2018-06-27,1.545699954032898,1.545699954032898,1.5566999912261963,1.5429999828338623,1.5566999912261963,32
2018-06-28,1.5405000448226929,1.5405000448226929,1.5477999448776245,1.5405000448226929,1.5477999448776245,13
2018-06-29,1.5410000085830688,1.5410000085830688,1.5471999645233154,1.5400999784469604,1.5441999435424805,88
2018-07-02,1.5394999980926514,1.5394999980926514,1.541700005531311,1.5389000177383423,1.541700005531311,51
2018-07-03,1.5404000282287598,1.5404000282287598,1.542099952697754,1.5383000373840332,1.542099952697754,0
2018-07-05,1.5414999723434448,1.5414999723434448,1.5435999631881714,1.5414999723434448,1.5424000024795532,58
2018-07-06,1.5449999570846558,1.5449999570846558,1.549299955368042,1.5434999465942383,1.5442999601364136,68
2018-07-09,1.5463000535964966,1.5463000535964966,1.5463999509811401,1.5456000566482544,1.5463999509811401,12
2018-07-10,1.5468000173568726,1.5468000173568726,1.5468000173568726,1.5434000492095947,1.5456000566482544,18
2018-07-11,1.5463999509811401,1.5463999509811401,1.5477999448776245,1.5392999649047852,1.5455000400543213,93
2018-07-12,1.5427000522613525,1.5427000522613525,1.5433000326156616,1.5410000085830688,1.541200041770935,31
2018-07-13,1.5422999858856201,1.5422999858856201,1.5422999858856201,1.5379999876022339,1.5408999919891357,38
2018-07-16,1.5450999736785889,1.5450999736785889,1.5463000535964966,1.5424000024795532,1.5434999465942383,30
2018-07-17,1.5439000129699707,1.5439000129699707,1.5469000339508057,1.5434999465942383,1.544700026512146,27
2018-07-18,1.5399999618530273,1.5399999618530273,1.544700026512146,1.5399999618530273,1.544700026512146,6
2018-07-19,1.548200011253357,1.548200011253357,1.548799991607666,1.537500023841858,1.5379999876022339,22
2018-07-20,1.544700026512146,1.544700026512146,1.5500999689102173,1.541700005531311,1.5500999689102173,57
2018-07-23,1.5449999570846558,1.5449999570846558,1.545699954032898,1.5434999465942383,1.545699954032898,28
2018-07-24,1.542099952697754,1.542099952697754,1.5450999736785889,1.542099952697754,1.5436999797821045,20
2018-07-25,1.5321999788284302,1.5321999788284302,1.5377000570297241,1.530900001525879,1.5377000570297241,199
2018-07-26,1.5262999534606934,1.5262999534606934,1.5347000360488892,1.5262999534606934,1.5347000360488892,82
2018-07-27,1.527500033378601,1.527500033378601,1.527500033378601,1.5252000093460083,1.5260000228881836,34
2018-07-30,1.5290000438690186,1.5290000438690186,1.5292999744415283,1.5276000499725342,1.5276000499725342,104
2018-07-31,1.524399995803833,1.524399995803833,1.535599946975708,1.5235999822616577,1.535599946975708,16
2018-08-01,1.5192999839782715,1.5192999839782715,1.5255000591278076,1.5192999839782715,1.5255000591278076,35
2018-08-02,1.5125999450683594,1.5125999450683594,1.5180000066757202,1.5125999450683594,1.5176000595092773,71
2018-08-03,1.5062999725341797,1.5062999725341797,1.5121999979019165,1.5062999725341797,1.5121999979019165,172
2018-08-06,1.5062999725341797,1.5062999725341797,1.5087000131607056,1.5062999725341797,1.507599949836731,43
2018-08-07,1.5183000564575195,1.5183000564575195,1.518399953842163,1.5062999725341797,1.5062999725341797,58
2018-08-08,1.5153000354766846,1.5153000354766846,1.5206999778747559,1.5153000354766846,1.5197999477386475,33
2018-08-09,1.5078999996185303,1.5078999996185303,1.5139000415802002,1.5078999996185303,1.5121999979019165,10
2018-08-10,1.5006999969482422,1.5006999969482422,1.5069999694824219,1.4982000589370728,1.5069999694824219,84
2018-08-13,1.500599980354309,1.500599980354309,1.5032999515533447,1.4993000030517578,1.500599980354309,81
2018-08-14,1.486299991607666,1.486299991607666,1.4925999641418457,1.486299991607666,1.4925999641418457,14
2018-08-15,1.493399977684021,1.493399977684021,1.4945000410079956,1.4845999479293823,1.4845999479293823,87
2018-08-16,1.4979000091552734,1.4979000091552734,1.4997999668121338,1.4948999881744385,1.496899962425232,60
2018-08-17,1.4961999654769897,1.4961999654769897,1.5003000497817993,1.492400050163269,1.4987000226974487,92
2018-08-20,1.4989999532699585,1.4989999532699585,1.4989999532699585,1.4936000108718872,1.4936000108718872,35
2018-08-21,1.5119999647140503,1.5119999647140503,1.5124000310897827,1.5008000135421753,1.5009000301361084,50
2018-08-22,1.5094000101089478,1.5094000101089478,1.5155999660491943,1.5094000101089478,1.511199951171875,75
2018-08-23,1.5121999979019165,1.5121999979019165,1.5151000022888184,1.5080000162124634,1.5080000162124634,7
2018-08-24,1.5163999795913696,1.5163999795913696,1.5169999599456787,1.5162999629974365,1.5162999629974365,5
2018-08-27,1.5157999992370605,1.5157999992370605,1.5196000337600708,1.514799952507019,1.5148999691009521,17
2018-08-28,1.513800024986267,1.513800024986267,1.5155999660491943,1.5125999450683594,1.5155999660491943,12
2018-08-29,1.5125000476837158,1.5125000476837158,1.5161999464035034,1.5104999542236328,1.5104999542236328,29
2018-08-30,1.5162999629974365,1.5162999629974365,1.5162999629974365,1.5140000581741333,1.5153000354766846,19
2018-08-31,1.5146000385284424,1.5146000385284424,1.520900011062622,1.5146000385284424,1.5190000534057617,0
2018-09-04,1.5270999670028687,1.5270999670028687,1.527899980545044,1.5236999988555908,1.5236999988555908,104
2018-09-05,1.53410005569458,1.53410005569458,1.5347000360488892,1.5256999731063843,1.5285999774932861,33
2018-09-06,1.5276999473571777,1.5276999473571777,1.5377000570297241,1.5276999473571777,1.5353000164031982,307
2018-09-07,1.523900032043457,1.523900032043457,1.5269999504089355,1.5225000381469727,1.5266000032424927,24
2018-09-10,1.5263999700546265,1.5263999700546265,1.5283000469207764,1.523300051689148,1.523300051689148,403
2018-09-11,1.5217000246047974,1.5217000246047974,1.5293999910354614,1.5169999599456787,1.5250999927520752,108
2018-09-12,1.5110000371932983,1.5110000371932983,1.5159000158309937,1.5099999904632568,1.5135999917984009,405
2018-09-13,1.5188000202178955,1.5188000202178955,1.5221999883651733,1.5127999782562256,1.5127999782562256,1645
2018-09-14,1.5160000324249268,1.5160000324249268,1.520400047302246,1.5160000324249268,1.520400047302246,123
2018-09-17,1.521299958229065,1.521299958229065,1.521299958229065,1.521299958229065,1.521299958229065,0
2018-09-18,1.5226000547409058,1.5226000547409058,1.5322999954223633,1.5219000577926636,1.5322999954223633,120
2018-09-19,1.5156999826431274,1.5156999826431274,1.5240999460220337,1.5156999826431274,1.521399974822998,178
2018-09-20,1.527999997138977,1.527999997138977,1.5285999774932861,1.5187000036239624,1.5187000036239624,60
2018-09-21,1.5256999731063843,1.5256999731063843,1.527899980545044,1.5241999626159668,1.527899980545044,57
2018-09-24,1.5291999578475952,1.5291999578475952,1.530500054359436,1.5290000438690186,1.5296000242233276,12
2018-09-25,1.531499981880188,1.531499981880188,1.5332000255584717,1.531499981880188,1.532099962234497,23
2018-09-26,1.5367000102996826,1.5367000102996826,1.5372999906539917,1.5277999639511108,1.5286999940872192,45
2018-09-27,1.5273000001907349,1.5273000001907349,1.5370999574661255,1.5271999835968018,1.5370999574661255,20
2018-09-28,1.5073000192642212,1.5073000192642212,1.5247000455856323,1.507099986076355,1.5240000486373901,182
2018-10-01,1.4867000579833984,1.4867000579833984,1.4944000244140625,1.4867000579833984,1.4921000003814697,246
2018-10-02,1.4859999418258667,1.4859999418258667,1.48989999294281,1.4851000308990479,1.4895999431610107,57
2018-10-03,1.4853999614715576,1.4853999614715576,1.4912999868392944,1.4848999977111816,1.4908000230789185,8
2018-10-04,1.4945000410079956,1.4945000410079956,1.4945000410079956,1.4850000143051147,1.4850000143051147,23
2018-10-05,1.4975999593734741,1.4975999593734741,1.4975999593734741,1.492400050163269,1.4931999444961548,72
2018-10-08,1.4952000379562378,1.4952000379562378,1.4986000061035156,1.4946000576019287,1.4986000061035156,5
2018-10-09,1.4944000244140625,1.4944000244140625,1.4948999881744385,1.492799997329712,1.49399995803833,27
2018-10-10,1.5082000494003296,1.5082000494003296,1.5098999738693237,1.4988000392913818,1.4988000392913818,118
2018-10-11,1.5184999704360962,1.5184999704360962,1.5187000036239624,1.511199951171875,1.5140000581741333,47
2018-10-12,1.5146000385284424,1.5146000385284424,1.5161000490188599,1.5092999935150146,1.5161000490188599,64
2018-10-15,1.5098999738693237,1.5098999738693237,1.5153000354766846,1.507699966430664,1.5098999738693237,108
2018-10-16,1.5037000179290771,1.5037000179290771,1.5094000101089478,1.5018999576568604,1.5094000101089478,40
2018-10-17,1.5026999711990356,1.5026999711990356,1.5046000480651855,1.5026999711990356,1.5037000179290771,8
2018-10-18,1.5046000480651855,1.5046000480651855,1.506700038909912,1.5032999515533447,1.506700038909912,103
2018-10-19,1.5148999691009521,1.5148999691009521,1.5156999826431274,1.4993000030517578,1.499500036239624,30
2018-10-22,1.507599949836731,1.507599949836731,1.5089999437332153,1.507200002670288,1.5089999437332153,2
2018-10-23,1.5056999921798706,1.5056999921798706,1.507200002670288,1.5056999921798706,1.5062999725341797,4
2018-10-24,1.4871000051498413,1.4871000051498413,1.500499963760376,1.4836000204086304,1.5003999471664429,71
2018-10-25,1.490399956703186,1.490399956703186,1.4990999698638916,1.4901000261306763,1.4910999536514282,71
2018-10-26,1.4982000589370728,1.4982000589370728,1.4996000528335571,1.4950000047683716,1.4950000047683716,24
2018-10-29,1.4996999502182007,1.4996999502182007,1.500100016593933,1.49399995803833,1.4950000047683716,40
2018-10-30,1.4937000274658203,1.4937000274658203,1.4981000423431396,1.4931999444961548,1.4981000423431396,13
2018-10-31,1.4941999912261963,1.4941999912261963,1.4943000078201294,1.489799976348877,1.493499994277954,102
2018-11-01,1.496899962425232,1.496899962425232,1.4984999895095825,1.4951000213623047,1.4967999458312988,44
2018-11-02,1.496899962425232,1.496899962425232,1.500599980354309,1.496399998664856,1.496399998664856,44
2018-11-05,1.500499963760376,1.500499963760376,1.500499963760376,1.4957000017166138,1.4957000017166138,19
2018-11-06,1.5032999515533447,1.5032999515533447,1.5032999515533447,1.5002000331878662,1.5002000331878662,20
2018-11-07,1.5041999816894531,1.5041999816894531,1.5082000494003296,1.5041999816894531,1.5073000192642212,30
2018-11-08,1.500100016593933,1.500100016593933,1.5017999410629272,1.496500015258789,1.4987000226974487,52
2018-11-09,1.5006999969482422,1.5006999969482422,1.5010000467300415,1.499500036239624,1.5010000467300415,4
2018-11-12,1.4902000427246094,1.4902000427246094,1.4909000396728516,1.4881999492645264,1.4896999597549438,27
2018-11-13,1.496500015258789,1.496500015258789,1.497499942779541,1.496500015258789,1.4974000453948975,8
2018-11-14,1.502500057220459,1.502500057220459,1.5039000511169434,1.4983999729156494,1.4989999532699585,52
2018-11-15,1.4974000453948975,1.4974000453948975,1.5002000331878662,1.4974000453948975,1.5002000331878662,13
2018-11-16,1.5049999952316284,1.5049999952316284,1.5053999423980713,1.4941999912261963,1.4941999912261963,36
2018-11-19,1.5120999813079834,1.5120999813079834,1.5125000476837158,1.5051000118255615,1.5051000118255615,47
2018-11-20,1.5160000324249268,1.5160000324249268,1.5160000324249268,1.507099986076355,1.507099986076355,13
2018-11-21,1.5116000175476074,1.5116000175476074,1.5188000202178955,1.5108000040054321,1.5161000490188599,64
2018-11-23,1.4983999729156494,1.4983999729156494,1.5055999755859375,1.4983999729156494,1.5055999755859375,67
2018-11-26,1.5017999410629272,1.5017999410629272,1.5038000345230103,1.5013999938964844,1.5016000270843506,85
2018-11-27,1.5039000511169434,1.5039000511169434,1.504699945449829,1.5032999515533447,1.504699945449829,26
2018-11-28,1.5115000009536743,1.5115000009536743,1.5115000009536743,1.5038000345230103,1.5038000345230103,46
2018-11-29,1.5133999586105347,1.5133999586105347,1.5144000053405762,1.511299967765808,1.5125999450683594,35
2018-11-30,1.5042999982833862,1.5042999982833862,1.5154999494552612,1.5042999982833862,1.5154000520706177,31
2018-12-03,1.4996999502182007,1.4996999502182007,1.5042999982833862,1.4930000305175781,1.5042999982833862,94
2018-12-04,1.503600001335144,1.503600001335144,1.5055999755859375,1.4989999532699585,1.5039000511169434,85
2018-12-06,1.5240999460220337,1.5240999460220337,1.5305999517440796,1.5190000534057617,1.5190000534057617,110
2018-12-07,1.5180000066757202,1.5180000066757202,1.5190999507904053,1.5116000175476074,1.5169999599456787,74
2018-12-10,1.5232000350952148,1.5232000350952148,1.5264999866485596,1.521299958229065,1.521399974822998,142
2018-12-11,1.517699956893921,1.517699956893921,1.5264999866485596,1.517699956893921,1.5262000560760498,2404
2018-12-12,1.5180000066757202,1.5180000066757202,1.5185999870300293,1.5152000188827515,1.5152000188827515,520
2018-12-13,1.5181000232696533,1.5181000232696533,1.5181000232696533,1.5168999433517456,1.5181000232696533,329
2018-12-14,1.5118000507354736,1.5118000507354736,1.5118000507354736,1.5118000507354736,1.5118000507354736,13
2018-12-17,1.5194000005722046,1.5194000005722046,1.5194000005722046,1.5194000005722046,1.5194000005722046,75
2018-12-18,1.541100025177002,1.541100025177002,1.541100025177002,1.534000039100647,1.534000039100647,281
2018-12-19,1.5433000326156616,1.5433000326156616,1.545199990272522,1.5401999950408936,1.5401999950408936,44
2018-12-20,1.5562000274658203,1.5562000274658203,1.5597000122070312,1.5427000522613525,1.5432000160217285,168
2018-12-21,1.5530999898910522,1.5530999898910522,1.5556999444961548,1.5511000156402588,1.554800033569336,147
2018-12-24,1.5600999593734741,1.5600999593734741,1.561400055885315,1.5535999536514282,1.5535999536514282,18
2018-12-26,1.5497000217437744,1.5497000217437744,1.5600999593734741,1.548699975013733,1.5600999593734741,10
2018-12-27,1.5693000555038452,1.5693000555038452,1.5700000524520874,1.557800054550171,1.5579999685287476,30
2018-12-28,1.5679999589920044,1.5679999589920044,1.5706000328063965,1.5645999908447266,1.5647000074386597,19
2018-12-31,1.5674999952316284,1.5674999952316284,1.569700002670288,1.5674999952316284,1.569700002670288,10
2019-01-02,1.548200011253357,1.548200011253357,1.5680999755859375,1.5468000173568726,1.5680999755859375,40
2019-01-03,1.542099952697754,1.542099952697754,1.5547000169754028,1.542099952697754,1.5499999523162842,41
2019-01-04,1.5333000421524048,1.5333000421524048,1.5398000478744507,1.531000018119812,1.5398000478744507,32
2019-01-07,1.5327999591827393,1.5327999591827393,1.5354000329971313,1.5299999713897705,1.5354000329971313,33
2019-01-08,1.5262000560760498,1.5262000560760498,1.5303000211715698,1.524899959564209,1.5303000211715698,28
2019-01-09,1.5324000120162964,1.5324000120162964,1.5326000452041626,1.5216000080108643,1.5246000289916992,65
2019-01-10,1.5269999504089355,1.5269999504089355,1.5351999998092651,1.5269999504089355,1.535099983215332,58
2019-01-11,1.527400016784668,1.527400016784668,1.5293999910354614,1.5262999534606934,1.5293999910354614,20
2019-01-14,1.5269999504089355,1.5269999504089355,1.5269999504089355,1.5263999700546265,1.5268000364303589,6
2019-01-15,1.5198999643325806,1.5198999643325806,1.524999976158142,1.5175000429153442,1.524999976158142,57
2019-01-16,1.5156999826431274,1.5156999826431274,1.5198999643325806,1.5149999856948853,1.5198999643325806,124
2019-01-17,1.5163999795913696,1.5163999795913696,1.5198999643325806,1.5159000158309937,1.518399953842163,5
2019-01-18,1.5140999555587769,1.5140999555587769,1.5182000398635864,1.5104999542236328,1.5182000398635864,13
2019-01-22,1.5219000577926636,1.5219000577926636,1.5219000577926636,1.5140999555587769,1.5140999555587769,102
2019-01-23,1.5245000123977661,1.5245000123977661,1.5261000394821167,1.518399953842163,1.518399953842163,48
2019-01-24,1.5133999586105347,1.5133999586105347,1.5210000276565552,1.513100028038025,1.520799994468689,124
2019-01-25,1.5145000219345093,1.5145000219345093,1.5163999795913696,1.5118999481201172,1.5118999481201172,21
2019-01-28,1.5195000171661377,1.5195000171661377,1.5195000171661377,1.5127999782562256,1.5127999782562256,4
2019-01-29,1.5226000547409058,1.5226000547409058,1.5227999687194824,1.5182000398635864,1.519700050354004,37
2019-01-30,1.5130000114440918,1.5130000114440918,1.518399953842163,1.5108000040054321,1.518399953842163,38
2019-01-31,1.506500005722046,1.506500005722046,1.5154999494552612,1.506500005722046,1.5145000219345093,142
2019-02-01,1.5039000511169434,1.5039000511169434,1.510200023651123,1.503499984741211,1.506500005722046,13
2019-02-04,1.5039000511169434,1.5039000511169434,1.5056999921798706,1.5038000345230103,1.5039000511169434,18
2019-02-05,1.5032999515533447,1.5032999515533447,1.5032999515533447,1.5008000135421753,1.5020999908447266,15
2019-02-06,1.503999948501587,1.503999948501587,1.5069999694824219,1.5015000104904175,1.5015000104904175,50
2019-02-07,1.513100028038025,1.513100028038025,1.513800024986267,1.5075000524520874,1.5075000524520874,35
2019-02-08,1.5056999921798706,1.5056999921798706,1.5135999917984009,1.5056999921798706,1.5135999917984009,13
2019-02-11,1.5025999546051025,1.5025999546051025,1.5053999423980713,1.5025999546051025,1.5046000480651855,39
2019-02-12,1.503600001335144,1.503600001335144,1.503600001335144,1.4991999864578247,1.5003999471664429,25
2019-02-13,1.4960999488830566,1.4960999488830566,1.5029000043869019,1.4960999488830566,1.5029000043869019,15
2019-02-14,1.5037000179290771,1.5037000179290771,1.506600022315979,1.4950000047683716,1.4954999685287476,27
2019-02-15,1.4993000030517578,1.4993000030517578,1.500499963760376,1.4958000183105469,1.500499963760376,46
2019-02-19,1.5006999969482422,1.5006999969482422,1.5045000314712524,1.4976999759674072,1.5022000074386597,22
2019-02-20,1.495300054550171,1.495300054550171,1.499400019645691,1.495300054550171,1.499400019645691,20
2019-02-21,1.5010000467300415,1.5010000467300415,1.501099944114685,1.496000051498413,1.4980000257492065,13
2019-02-22,1.4916000366210938,1.4916000366210938,1.5006999969482422,1.4916000366210938,1.499400019645691,29
2019-02-25,1.5012999773025513,1.5012999773025513,1.5012999773025513,1.4911999702453613,1.4911999702453613,9
2019-02-26,1.5024000406265259,1.5024000406265259,1.5044000148773193,1.500100016593933,1.500100016593933,20
2019-02-27,1.4967999458312988,1.4967999458312988,1.4996000528335571,1.4967999458312988,1.4996000528335571,57
2019-02-28,1.4966000318527222,1.4966000318527222,1.5049999952316284,1.4966000318527222,1.5002000331878662,86
2019-03-01,1.5118999481201172,1.5118999481201172,1.5118999481201172,1.4938000440597534,1.4938000440597534,94
2019-03-04,1.5097999572753906,1.5097999572753906,1.511299967765808,1.5080000162124634,1.511299967765808,61
2019-03-05,1.5095000267028809,1.5095000267028809,1.5125999450683594,1.5095000267028809,1.5108000040054321,61
2019-03-06,1.5185999870300293,1.5185999870300293,1.5232000350952148,1.5125999450683594,1.513200044631958,57
2019-03-07,1.5056999921798706,1.5056999921798706,1.5204999446868896,1.5056999921798706,1.5198999643325806,341
2019-03-08,1.5085999965667725,1.5085999965667725,1.5094000101089478,1.507099986076355,1.5081000328063965,20
2019-03-11,1.5077999830245972,1.5077999830245972,1.5089000463485718,1.5077999830245972,1.5089000463485718,119
2019-03-12,1.5103000402450562,1.5103000402450562,1.5120999813079834,1.5077999830245972,1.5113999843597412,1523
2019-03-13,1.507699966430664,1.507699966430664,1.507699966430664,1.506100058555603,1.506100058555603,465
2019-03-14,1.5055999755859375,1.5055999755859375,1.506600022315979,1.5055999755859375,1.506600022315979,597
2019-03-15,1.5109000205993652,1.5109000205993652,1.5109000205993652,1.5109000205993652,1.5109000205993652,40
2019-03-18,1.5121999979019165,1.5121999979019165,1.5121999979019165,1.5121999979019165,1.5121999979019165,38
2019-03-19,1.5189000368118286,1.5189000368118286,1.5214999914169312,1.5134999752044678,1.520400047302246,61
2019-03-20,1.5270999670028687,1.5270999670028687,1.527500033378601,1.5204999446868896,1.520900011062622,123
2019-03-21,1.5264999866485596,1.5264999866485596,1.5286999940872192,1.523900032043457,1.5269999504089355,52
2019-03-22,1.5226999521255493,1.5226999521255493,1.5286999940872192,1.5183000564575195,1.5286999940872192,91
2019-03-25,1.5246000289916992,1.5246000289916992,1.5250999927520752,1.524399995803833,1.524399995803833,3
2019-03-26,1.5166000127792358,1.5166000127792358,1.5241999626159668,1.5163999795913696,1.5226000547409058,124
2019-03-27,1.5170999765396118,1.5170999765396118,1.517799973487854,1.5164999961853027,1.5169999599456787,13
2019-03-28,1.5156999826431274,1.5156999826431274,1.517799973487854,1.5119999647140503,1.5153000354766846,65
2019-03-29,1.5045000314712524,1.5045000314712524,1.5151000022888184,1.5045000314712524,1.5151000022888184,101
2019-04-01,1.4989999532699585,1.4989999532699585,1.507699966430664,1.4977999925613403,1.507699966430664,163
2019-04-02,1.5012999773025513,1.5012999773025513,1.5018999576568604,1.4979000091552734,1.4979000091552734,29
2019-04-03,1.5058000087738037,1.5058000087738037,1.5063999891281128,1.5024000406265259,1.5024000406265259,102
2019-04-04,1.5049999952316284,1.5049999952316284,1.507699966430664,1.5042999982833862,1.507200002670288,31
2019-04-05,1.5083999633789062,1.5083999633789062,1.5104999542236328,1.5056999921798706,1.5056999921798706,19
2019-04-08,1.5053999423980713,1.5053999423980713,1.5104000568389893,1.5053999423980713,1.5104000568389893,1
2019-04-09,1.5073000192642212,1.5073000192642212,1.507699966430664,1.5054999589920044,1.5054999589920044,50
2019-04-10,1.5078999996185303,1.5078999996185303,1.510699987411499,1.5058000087738037,1.5082000494003296,64
2019-04-11,1.5118999481201172,1.5118999481201172,1.5147000551223755,1.5109000205993652,1.5109000205993652,55
2019-04-12,1.5119999647140503,1.5119999647140503,1.5159000158309937,1.5118000507354736,1.5159000158309937,19
2019-04-15,1.5180000066757202,1.5180000066757202,1.519700050354004,1.5110000371932983,1.5125999450683594,108
2019-04-16,1.5130000114440918,1.5130000114440918,1.5205999612808228,1.5118999481201172,1.517199993133545,121
2019-04-17,1.5126999616622925,1.5126999616622925,1.513800024986267,1.5056999921798706,1.5128999948501587,148
2019-04-18,1.5083999633789062,1.5083999633789062,1.5117000341415405,1.5078999996185303,1.5115000009536743,33
2019-04-22,1.5074000358581543,1.5074000358581543,1.5089999437332153,1.5074000358581543,1.507699966430664,52
2019-04-23,1.5125000476837158,1.5125000476837158,1.5125999450683594,1.5069999694824219,1.5080000162124634,254
2019-04-24,1.5082999467849731,1.5082999467849731,1.5176000595092773,1.5082000494003296,1.5124000310897827,169
2019-04-25,1.5054999589920044,1.5054999589920044,1.51010000705719,1.5054999589920044,1.51010000705719,69
2019-04-26,1.50600004196167,1.50600004196167,1.5084999799728394,1.5047999620437622,1.5056999921798706,88
2019-04-29,1.5082999467849731,1.5082999467849731,1.5082999467849731,1.5056999921798706,1.5056999921798706,8
2019-04-30,1.507099986076355,1.507099986076355,1.5153000354766846,1.506600022315979,1.51010000705719,137
2019-05-01,1.510200023651123,1.510200023651123,1.5140999555587769,1.5053000450134277,1.5053000450134277,117
2019-05-02,1.5090999603271484,1.5090999603271484,1.5118000507354736,1.5080000162124634,1.51010000705719,184
2019-05-03,1.5069999694824219,1.5069999694824219,1.5069999694824219,1.5032000541687012,1.506600022315979,102
2019-05-06,1.5092999935150146,1.5092999935150146,1.5127999782562256,1.5092999935150146,1.5103000402450562,35
2019-05-07,1.5109000205993652,1.5109000205993652,1.5110000371932983,1.5082999467849731,1.5099999904632568,136
2019-05-08,1.5118000507354736,1.5118000507354736,1.5135999917984009,1.5104000568389893,1.5116000175476074,62
2019-05-09,1.5144000053405762,1.5144000053405762,1.520799994468689,1.5109000205993652,1.5118000507354736,112
2019-05-10,1.510599970817566,1.510599970817566,1.5168999433517456,1.5083999633789062,1.5144000053405762,139
2019-05-13,1.5159000158309937,1.5159000158309937,1.5168999433517456,1.5123000144958496,1.5125000476837158,91
2019-05-14,1.5123000144958496,1.5123000144958496,1.5168999433517456,1.5118000507354736,1.516700029373169,84
2019-05-15,1.5084999799728394,1.5084999799728394,1.513800024986267,1.5078999996185303,1.513100028038025,93
2019-05-16,1.5062999725341797,1.5062999725341797,1.5073000192642212,1.5025999546051025,1.5061999559402466,85
2019-05-17,1.5029000043869019,1.5029000043869019,1.5124000310897827,1.5029000043869019,1.5091999769210815,99
2019-05-20,1.5025999546051025,1.5025999546051025,1.503600001335144,1.500599980354309,1.500599980354309,71
2019-05-21,1.4979000091552734,1.4979000091552734,1.5020999908447266,1.496999979019165,1.5016000270843506,199
2019-05-22,1.5009000301361084,1.5009000301361084,1.5012999773025513,1.4948999881744385,1.4987000226974487,129
2019-05-23,1.5099999904632568,1.5099999904632568,1.5099999904632568,1.500499963760376,1.500599980354309,106
2019-05-24,1.5082000494003296,1.5082000494003296,1.5089000463485718,1.506700038909912,1.5083999633789062,11
2019-05-28,1.507699966430664,1.507699966430664,1.5090999603271484,1.5047999620437622,1.5075000524520874,77
2019-05-29,1.507099986076355,1.507099986076355,1.5099999904632568,1.5063999891281128,1.5073000192642212,56
2019-05-30,1.5055999755859375,1.5055999755859375,1.507099986076355,1.5016000270843506,1.506600022315979,153
2019-05-31,1.5120999813079834,1.5120999813079834,1.5135999917984009,1.507200002670288,1.5082000494003296,91
2019-06-03,1.5139000415802002,1.5139000415802002,1.5147000551223755,1.51010000705719,1.5108000040054321,53
2019-06-04,1.5092999935150146,1.5092999935150146,1.51419997215271,1.5088000297546387,1.5128999948501587,94
2019-06-05,1.5081000328063965,1.5081000328063965,1.5127999782562256,1.507200002670288,1.5082000494003296,118
2019-06-06,1.5078999996185303,1.5078999996185303,1.5140000581741333,1.5042999982833862,1.507099986076355,30
2019-06-07,1.5054999589920044,1.5054999589920044,1.507099986076355,1.5042999982833862,1.5063999891281128,90
2019-06-10,1.5020999908447266,1.5020999908447266,1.5020999908447266,1.5003000497817993,1.5011999607086182,43
2019-06-11,1.5061999559402466,1.5061999559402466,1.5061999559402466,1.4996000528335571,1.5015000104904175,1823
2019-06-12,1.5051000118255615,1.5051000118255615,1.506500005722046,1.503999948501587,1.506500005722046,759
2019-06-13,1.503100037574768,1.503100037574768,1.50600004196167,1.5016000270843506,1.50600004196167,325
2019-06-14,1.5039000511169434,1.5039000511169434,1.5039000511169434,1.5039000511169434,1.5039000511169434,75
2019-06-17,1.5061999559402466,1.5061999559402466,1.5061999559402466,1.5061999559402466,1.5061999559402466,39
2019-06-18,1.50600004196167,1.50600004196167,1.5163999795913696,1.5056999921798706,1.5163999795913696,100
2019-06-19,1.5026999711990356,1.5026999711990356,1.5068000555038452,1.5002000331878662,1.5052000284194946,149
2019-06-20,1.4974000453948975,1.4974000453948975,1.5026999711990356,1.4940999746322632,1.5026999711990356,287
2019-06-21,1.5091999769210815,1.5091999769210815,1.509600043296814,1.4967999458312988,1.4974000453948975,120
2019-06-24,1.5110000371932983,1.5110000371932983,1.5118000507354736,1.51010000705719,1.51010000705719,64
2019-06-25,1.506600022315979,1.506600022315979,1.5095000267028809,1.5038000345230103,1.5095000267028809,133
2019-06-26,1.4981000423431396,1.4981000423431396,1.5044000148773193,1.4981000423431396,1.5044000148773193,70
2019-06-27,1.4958000183105469,1.4958000183105469,1.4997999668121338,1.4958000183105469,1.4990999698638916,71
2019-06-28,1.4952000379562378,1.4952000379562378,1.4970999956130981,1.4938000440597534,1.4960999488830566,77
2019-07-01,1.48989999294281,1.48989999294281,1.4952000379562378,1.489300012588501,1.4952000379562378,18
2019-07-02,1.486899971961975,1.486899971961975,1.4916000366210938,1.4866000413894653,1.48989999294281,101
2019-07-03,1.4810999631881714,1.4810999631881714,1.4859999418258667,1.480299949645996,1.4853999614715576,69
2019-07-05,1.4746999740600586,1.4746999740600586,1.4814000129699707,1.4746999740600586,1.4795000553131104,138
2019-07-08,1.4746999740600586,1.4746999740600586,1.4747999906539917,1.4714000225067139,1.4746999740600586,245
2019-07-09,1.4773000478744507,1.4773000478744507,1.4793000221252441,1.4765000343322754,1.4765000343322754,59
2019-07-10,1.476699948310852,1.476699948310852,1.483199954032898,1.4764000177383423,1.4773999452590942,76
2019-07-11,1.4773000478744507,1.4773000478744507,1.4788999557495117,1.4764000177383423,1.476699948310852,74
2019-07-12,1.4746999740600586,1.4746999740600586,1.4746999740600586,1.4714000225067139,1.4717999696731567,20
2019-07-15,1.4744000434875488,1.4744000434875488,1.4747999906539917,1.4726999998092651,1.4743000268936157,68
2019-07-16,1.4701000452041626,1.4701000452041626,1.4702999591827393,1.4667999744415283,1.469499945640564,53
2019-07-17,1.468999981880188,1.468999981880188,1.4723000526428223,1.468999981880188,1.4723000526428223,42
2019-07-18,1.4749000072479248,1.4749000072479248,1.4752999544143677,1.4693000316619873,1.4722000360488892,82
2019-07-19,1.4706000089645386,1.4706000089645386,1.4759000539779663,1.4706000089645386,1.472599983215332,45
2019-07-22,1.475000023841858,1.475000023841858,1.476099967956543,1.468000054359436,1.4702999591827393,137
2019-07-23,1.469499945640564,1.469499945640564,1.475600004196167,1.4693000316619873,1.475600004196167,82
2019-07-24,1.468500018119812,1.468500018119812,1.4696999788284302,1.4668999910354614,1.4696999788284302,36
2019-07-25,1.4714000225067139,1.4714000225067139,1.4736000299453735,1.4622999429702759,1.468000054359436,125
2019-07-26,1.4699000120162964,1.4699000120162964,1.4730000495910645,1.4699000120162964,1.4714000225067139,21
2019-07-29,1.471500039100647,1.471500039100647,1.471500039100647,1.468000054359436,1.4700000286102295,20
2019-07-30,1.471500039100647,1.471500039100647,1.4716999530792236,1.4701000452041626,1.4713000059127808,13
2019-07-31,1.4668999910354614,1.4668999910354614,1.4701000452041626,1.4641000032424927,1.4701000452041626,70
2019-08-01,1.4707000255584717,1.4707000255584717,1.4707000255584717,1.4622999429702759,1.4635000228881836,32
2019-08-02,1.4716999530792236,1.4716999530792236,1.4744999408721924,1.468400001525879,1.468400001525879,77
2019-08-05,1.4845000505447388,1.4845000505447388,1.4845000505447388,1.4707000255584717,1.4707000255584717,97
2019-08-06,1.4910999536514282,1.4910999536514282,1.4910999536514282,1.4815000295639038,1.486199975013733,98
2019-08-07,1.4967999458312988,1.4967999458312988,1.5023000240325928,1.4905999898910522,1.4924999475479126,246
2019-08-08,1.4838999509811401,1.4838999509811401,1.4946000576019287,1.4838999509811401,1.492900013923645,58
2019-08-09,1.483299970626831,1.483299970626831,1.4896999597549438,1.4824999570846558,1.4839999675750732,54
2019-08-12,1.4890999794006348,1.4890999794006348,1.4890999794006348,1.4829000234603882,1.4829000234603882,32
2019-08-13,1.4804999828338623,1.4804999828338623,1.4937000274658203,1.4783999919891357,1.486299991607666,76
2019-08-14,1.486899971961975,1.486899971961975,1.490399956703186,1.4803999662399292,1.4803999662399292,38
2019-08-15,1.4824999570846558,1.4824999570846558,1.488700032234192,1.4816999435424805,1.4845000505447388,32
2019-08-16,1.475100040435791,1.475100040435791,1.4785000085830688,1.4740999937057495,1.4785000085830688,48
2019-08-19,1.479699969291687,1.479699969291687,1.479699969291687,1.4744999408721924,1.476099967956543,78
2019-08-20,1.4801000356674194,1.4801000356674194,1.4814000129699707,1.4774999618530273,1.4774999618530273,66
2019-08-21,1.4763000011444092,1.4763000011444092,1.4800000190734863,1.4743000268936157,1.4800000190734863,54
2019-08-22,1.4763000011444092,1.4763000011444092,1.4765000343322754,1.4729000329971313,1.476199984550476,59
2019-08-23,1.4837000370025635,1.4837000370025635,1.4866000413894653,1.4740999937057495,1.4754999876022339,104
2019-08-26,1.4737999439239502,1.4737999439239502,1.4874000549316406,1.4728000164031982,1.4874000549316406,109
2019-08-27,1.4758000373840332,1.4758000373840332,1.4763000011444092,1.4703999757766724,1.472499966621399,97
2019-08-28,1.476199984550476,1.476199984550476,1.4772000312805176,1.4744999408721924,1.475100040435791,45
2019-08-29,1.4714000225067139,1.4714000225067139,1.476199984550476,1.4704999923706055,1.476199984550476,56
2019-08-30,1.4636000394821167,1.4636000394821167,1.468000054359436,1.4622000455856323,1.464400053024292,75
2019-09-03,1.4627000093460083,1.4627000093460083,1.46589994430542,1.462499976158142,1.4648000001907349,82
2019-09-04,1.4594999551773071,1.4594999551773071,1.4700000286102295,1.4594999551773071,1.465399980545044,67
2019-09-05,1.461300015449524,1.461300015449524,1.4634000062942505,1.4579999446868896,1.4594999551773071,237
2019-09-06,1.4538999795913696,1.4538999795913696,1.461300015449524,1.4537999629974365,1.458899974822998,113
2019-09-09,1.455399990081787,1.455399990081787,1.455399990081787,1.4527000188827515,1.4538999795913696,31
2019-09-10,1.4532999992370605,1.4532999992370605,1.4570000171661377,1.450600028038025,1.4563000202178955,1304
2019-09-11,1.4527000188827515,1.4527000188827515,1.4532999992370605,1.4473999738693237,1.4532999992370605,368
2019-09-12,1.4630999565124512,1.4630999565124512,1.4630999565124512,1.4499000310897827,1.4538999795913696,1244
2019-09-13,1.4701000452041626,1.4701000452041626,1.4703999757766724,1.4678000211715698,1.4678000211715698,85
2019-09-16,1.4592000246047974,1.4592000246047974,1.460800051689148,1.4592000246047974,1.4600000381469727,118
2019-09-17,1.4743000268936157,1.4743000268936157,1.4743000268936157,1.4665000438690186,1.4665000438690186,51
2019-09-18,1.4744000434875488,1.4744000434875488,1.476699948310852,1.4744000434875488,1.4765000343322754,10
2019-09-19,1.4723999500274658,1.4723999500274658,1.4781999588012695,1.4723999500274658,1.475000023841858,31
2019-09-20,1.4699000120162964,1.4699000120162964,1.4723000526428223,1.4661999940872192,1.4708000421524048,32
2019-09-23,1.4651999473571777,1.4651999473571777,1.469599962234497,1.464900016784668,1.469499945640564,32
2019-09-24,1.4656000137329102,1.4656000137329102,1.4666999578475952,1.4637999534606934,1.4637999534606934,45
2019-09-25,1.4575999975204468,1.4575999975204468,1.4660999774932861,1.4575999975204468,1.4660999774932861,71
2019-09-26,1.4559999704360962,1.4559999704360962,1.4585000276565552,1.4545999765396118,1.4573999643325806,26
2019-09-27,1.4555000066757202,1.4555000066757202,1.457900047302246,1.4543999433517456,1.4557000398635864,59
2019-09-30,1.4494999647140503,1.4494999647140503,1.4537999629974365,1.4492000341415405,1.4537999629974365,51
2019-10-01,1.4515000581741333,1.4515000581741333,1.455299973487854,1.4491000175476074,1.4494999647140503,105
2019-10-02,1.4657000303268433,1.4657000303268433,1.4666999578475952,1.4515000581741333,1.4515000581741333,46
2019-10-03,1.4688999652862549,1.4688999652862549,1.47160005569458,1.4644999504089355,1.4672000408172607,40
2019-10-04,1.469599962234497,1.469599962234497,1.469599962234497,1.4682999849319458,1.4688999652862549,12
2019-10-07,1.4666999578475952,1.4666999578475952,1.469499945640564,1.46589994430542,1.4694000482559204,36
2019-10-08,1.4652999639511108,1.4652999639511108,1.4701000452041626,1.4644999504089355,1.466599941253662,25
2019-10-09,1.4688999652862549,1.4688999652862549,1.469499945640564,1.4671000242233276,1.468000054359436,13
2019-10-10,1.4693000316619873,1.4693000316619873,1.4739999771118164,1.468000054359436,1.4696999788284302,36
2019-10-11,1.461400032043457,1.461400032043457,1.4737000465393066,1.461300015449524,1.468500018119812,58
2019-10-14,1.464900016784668,1.464900016784668,1.464900016784668,1.4620000123977661,1.4620000123977661,3
2019-10-15,1.462499976158142,1.462499976158142,1.4648000001907349,1.4601999521255493,1.4636000394821167,34
2019-10-16,1.4661999940872192,1.4661999940872192,1.4671000242233276,1.4620000123977661,1.4622999429702759,35
2019-10-17,1.4664000272750854,1.4664000272750854,1.468999981880188,1.4664000272750854,1.4673000574111938,23
2019-10-18,1.469599962234497,1.469599962234497,1.4701999425888062,1.46589994430542,1.466599941253662,52
2019-10-21,1.4634000062942505,1.4634000062942505,1.4707000255584717,1.4634000062942505,1.4704999923706055,32
2019-10-22,1.4617999792099,1.4617999792099,1.4635000228881836,1.461400032043457,1.4634000062942505,57
2019-10-23,1.4599000215530396,1.4599000215530396,1.4621000289916992,1.4593000411987305,1.4611999988555908,1056
2019-10-24,1.4565000534057617,1.4565000534057617,1.4622999429702759,1.4560999870300293,1.4622999429702759,42
2019-10-25,1.4515999555587769,1.4515999555587769,1.4556000232696533,1.4515999555587769,1.4556000232696533,45
2019-10-28,1.4530999660491943,1.4530999660491943,1.454300045967102,1.4530999660491943,1.454300045967102,12
2019-10-29,1.4585000276565552,1.4585000276565552,1.4585000276565552,1.4507999420166016,1.4509999752044678,12
2019-10-30,1.4706000089645386,1.4706000089645386,1.4723000526428223,1.4581999778747559,1.4586999416351318,242
2019-10-31,1.4710999727249146,1.4710999727249146,1.4759000539779663,1.4710999727249146,1.472599983215332,78
2019-11-01,1.47160005569458,1.47160005569458,1.4736000299453735,1.47160005569458,1.4717999696731567,47
2019-11-04,1.4670000076293945,1.4670000076293945,1.472599983215332,1.4670000076293945,1.4714000225067139,105
2019-11-05,1.4595999717712402,1.4595999717712402,1.4670000076293945,1.4595999717712402,1.4670000076293945,33
2019-11-06,1.4629000425338745,1.4629000425338745,1.4646999835968018,1.4595999717712402,1.4595999717712402,36
2019-11-07,1.4594999551773071,1.4594999551773071,1.4627000093460083,1.4585000276565552,1.4627000093460083,25
2019-11-08,1.461400032043457,1.461400032043457,1.4628000259399414,1.458799958229065,1.4589999914169312,37
2019-11-11,1.4621000289916992,1.4621000289916992,1.462499976158142,1.461400032043457,1.461400032043457,15
2019-11-12,1.4594999551773071,1.4594999551773071,1.4594999551773071,1.4594999551773071,1.4594999551773071,0
2019-11-13,1.4610999822616577,1.4610999822616577,1.4636000394821167,1.4610999822616577,1.4636000394821167,16
2019-11-14,1.4637999534606934,1.4637999534606934,1.4637999534606934,1.4601000547409058,1.462399959564209,29
2019-11-15,1.4646999835968018,1.4646999835968018,1.46589994430542,1.4606000185012817,1.4629000425338745,61
2019-11-18,1.465399980545044,1.465399980545044,1.466599941253662,1.4637999534606934,1.4645999670028687,30
2019-11-19,1.4723999500274658,1.4723999500274658,1.4730000495910645,1.4644999504089355,1.464900016784668,62
2019-11-20,1.4758000373840332,1.4758000373840332,1.4773000478744507,1.4713000059127808,1.4723000526428223,130
2019-11-21,1.4703999757766724,1.4703999757766724,1.479099988937378,1.4703999757766724,1.4759999513626099,156
2019-11-22,1.4670000076293945,1.4670000076293945,1.4710999727249146,1.4667999744415283,1.4710999727249146,24
2019-11-25,1.4671000242233276,1.4671000242233276,1.4677000045776367,1.4667999744415283,1.4672000408172607,47
2019-11-26,1.464900016784668,1.464900016784668,1.4682999849319458,1.4645999670028687,1.4681999683380127,15
2019-11-27,1.4632999897003174,1.4632999897003174,1.4639999866485596,1.4615000486373901,1.4639999866485596,25
2019-11-29,1.4645999670028687,1.4645999670028687,1.46589994430542,1.4630999565124512,1.4630999565124512,28
2019-12-02,1.4744000434875488,1.4744000434875488,1.4744000434875488,1.4643000364303589,1.4643000364303589,66
2019-12-03,1.475100040435791,1.475100040435791,1.4759000539779663,1.4736000299453735,1.4747999906539917,257
2019-12-04,1.4622000455856323,1.4622000455856323,1.4729000329971313,1.4622000455856323,1.472100019454956,20
2019-12-05,1.4630000591278076,1.4630000591278076,1.4636000394821167,1.460800051689148,1.4622999429702759,64
2019-12-06,1.4671000242233276,1.4671000242233276,1.468999981880188,1.462499976158142,1.462499976158142,165
2019-12-09,1.4643000364303589,1.4643000364303589,1.4682999849319458,1.4637999534606934,1.4678000211715698,106
2019-12-10,1.4687000513076782,1.4687000513076782,1.4687999486923218,1.465000033378601,1.465000033378601,1957
2019-12-11,1.4670000076293945,1.4670000076293945,1.467900037765503,1.4652999639511108,1.4667999744415283,907
2019-12-12,1.4651999473571777,1.4651999473571777,1.4668999910354614,1.4648000001907349,1.4666999578475952,120
2019-12-13,1.4665000438690186,1.4665000438690186,1.47160005569458,1.4630000591278076,1.47160005569458,159
2019-12-16,1.4656000137329102,1.4656000137329102,1.4656000137329102,1.4656000137329102,1.4656000137329102,51
2019-12-17,1.4758000373840332,1.4758000373840332,1.478600025177002,1.4758000373840332,1.478600025177002,29
2019-12-18,1.4658000469207764,1.4658000469207764,1.4754999876022339,1.4652999639511108,1.4754999876022339,113
2019-12-19,1.4672000408172607,1.4672000408172607,1.4687999486923218,1.4657000303268433,1.4658000469207764,206
2019-12-20,1.464900016784668,1.464900016784668,1.4687000513076782,1.464900016784668,1.4682999849319458,64
2019-12-23,1.4661999940872192,1.4661999940872192,1.4680999517440796,1.4644999504089355,1.464900016784668,886
2019-12-24,1.46589994430542,1.46589994430542,1.4663000106811523,1.464400053024292,1.4652999639511108,11
2019-12-26,1.4621000289916992,1.4621000289916992,1.4639999866485596,1.4621000289916992,1.4639999866485596,4
2019-12-27,1.468500018119812,1.468500018119812,1.468500018119812,1.4644999504089355,1.4644999504089355,142
2019-12-30,1.4687999486923218,1.4687999486923218,1.471500039100647,1.4673999547958374,1.4681999683380127,172
2019-12-31,1.4636000394821167,1.4636000394821167,1.4696999788284302,1.4616999626159668,1.4696999788284302,29
2020-01-02,1.4567999839782715,1.4567999839782715,1.4621000289916992,1.4567999839782715,1.4621000289916992,26
2020-01-03,1.4571000337600708,1.4571000337600708,1.4571000337600708,1.4515000581741333,1.4567999839782715,85
2020-01-06,1.4571000337600708,1.4571000337600708,1.4594999551773071,1.455899953842163,1.455899953842163,5
2020-01-07,1.4555000066757202,1.4555000066757202,1.457200050354004,1.455399990081787,1.4558000564575195,4
2020-01-08,1.4535000324249268,1.4535000324249268,1.454699993133545,1.4535000324249268,1.454699993133545,11
2020-01-09,1.458400011062622,1.458400011062622,1.4601999521255493,1.4550000429153442,1.4550000429153442,41
2020-01-10,1.4581999778747559,1.4581999778747559,1.4581999778747559,1.4523999691009521,1.4563000202178955,56
2020-01-13,1.458799958229065,1.458799958229065,1.458799958229065,1.4560999870300293,1.4580999612808228,105
2020-01-14,1.4585000276565552,1.4585000276565552,1.4611999988555908,1.4574999809265137,1.4602999687194824,35
2020-01-15,1.4595999717712402,1.4595999717712402,1.4630999565124512,1.458799958229065,1.4594999551773071,117
2020-01-16,1.4579999446868896,1.4579999446868896,1.461300015449524,1.457200050354004,1.461300015449524,12
2020-01-17,1.4543999433517456,1.4543999433517456,1.4557000398635864,1.4536000490188599,1.454300045967102,23
2020-01-21,1.4551000595092773,1.4551000595092773,1.4555000066757202,1.451200008392334,1.4545999765396118,243
2020-01-22,1.4628000259399414,1.4628000259399414,1.4628000259399414,1.451200008392334,1.4538999795913696,253
2020-01-23,1.4558000564575195,1.4558000564575195,1.46589994430542,1.4558000564575195,1.4642000198364258,47
2020-01-24,1.4538999795913696,1.4538999795913696,1.454699993133545,1.4524999856948853,1.4545999765396118,119
2020-01-27,1.4565999507904053,1.4565999507904053,1.4594999551773071,1.4559999704360962,1.4574999809265137,125
2020-01-28,1.455299973487854,1.455299973487854,1.457900047302246,1.4545999765396118,1.457800030708313,14
2020-01-29,1.4579999446868896,1.4579999446868896,1.4579999446868896,1.454800009727478,1.454800009727478,48
2020-01-30,1.461899995803833,1.461899995803833,1.462499976158142,1.457800030708313,1.457800030708313,36
2020-01-31,1.4711999893188477,1.4711999893188477,1.4711999893188477,1.4620000123977661,1.4620000123977661,31
2020-02-03,1.4749000072479248,1.4749000072479248,1.4754999876022339,1.465999960899353,1.4722000360488892,61
2020-02-04,1.4708000421524048,1.4708000421524048,1.475000023841858,1.469499945640564,1.4749000072479248,43
2020-02-05,1.465399980545044,1.465399980545044,1.4670000076293945,1.465399980545044,1.4660999774932861,27
2020-02-06,1.462399959564209,1.462399959564209,1.4644999504089355,1.461400032043457,1.4639999866485596,34
2020-02-07,1.4592000246047974,1.4592000246047974,1.461300015449524,1.4592000246047974,1.4610999822616577,12
2020-02-10,1.4565999507904053,1.4565999507904053,1.4594999551773071,1.4565999507904053,1.458899974822998,61
2020-02-11,1.454800009727478,1.454800009727478,1.454800009727478,1.4527000188827515,1.4535000324249268,16
2020-02-12,1.444100022315979,1.444100022315979,1.4515999555587769,1.444000005722046,1.4515999555587769,46
2020-02-13,1.4404000043869019,1.4404000043869019,1.4457000494003296,1.4401999711990356,1.4434000253677368,26
2020-02-14,1.4391000270843506,1.4391000270843506,1.4404000043869019,1.4388999938964844,1.4404000043869019,11
2020-02-18,1.432800054550171,1.432800054550171,1.4392999410629272,1.4323999881744385,1.4378000497817993,178
2020-02-19,1.430400013923645,1.430400013923645,1.43149995803833,1.429800033569336,1.43149995803833,13
2020-02-20,1.4330999851226807,1.4330999851226807,1.434399962425232,1.4289000034332275,1.430400013923645,133
2020-02-21,1.4361000061035156,1.4361000061035156,1.4390000104904175,1.4320000410079956,1.4330999851226807,71
2020-02-24,1.4428999423980713,1.4428999423980713,1.4449000358581543,1.4371999502182007,1.437600016593933,35
2020-02-25,1.4459999799728394,1.4459999799728394,1.4464999437332153,1.4424999952316284,1.444200038909912,220
2020-02-26,1.4531999826431274,1.4531999826431274,1.4531999826431274,1.4448000192642212,1.4479000568389893,56
2020-02-27,1.4700000286102295,1.4700000286102295,1.4745999574661255,1.4541000127792358,1.4541000127792358,697
2020-02-28,1.4795000553131104,1.4795000553131104,1.486299991607666,1.4753999710083008,1.4754999876022339,138
2020-03-02,1.4921000003814697,1.4921000003814697,1.493399977684021,1.4785000085830688,1.4795000553131104,182
2020-03-03,1.4961999654769897,1.4961999654769897,1.4981000423431396,1.4865000247955322,1.488800048828125,154
2020-03-04,1.4937000274658203,1.4937000274658203,1.4961999654769897,1.4808000326156616,1.4961999654769897,181
2020-03-05,1.5045000314712524,1.5045000314712524,1.507099986076355,1.4910000562667847,1.4910000562667847,206
2020-03-06,1.5200999975204468,1.5200999975204468,1.5224000215530396,1.5045000314712524,1.5045000314712524,109
2020-03-09,1.5627000331878662,1.5627000331878662,1.5678999423980713,1.5200999975204468,1.5200999975204468,162
2020-03-10,1.5527000427246094,1.5527000427246094,1.56850004196167,1.5465999841690063,1.5663000345230103,608
2020-03-11,1.5539000034332275,1.5539000034332275,1.559999942779541,1.5476000308990479,1.5563000440597534,1358
2020-03-12,1.5478999614715576,1.5478999614715576,1.566100001335144,1.532099962234497,1.55239999294281,2714
2020-03-13,1.5427000522613525,1.5427000522613525,1.5509999990463257,1.5379999876022339,1.5489000082015991,299
2020-03-16,1.5551999807357788,1.5551999807357788,1.5551999807357788,1.5551999807357788,1.5551999807357788,89
2020-03-17,1.570099949836731,1.570099949836731,1.573199987411499,1.551800012588501,1.5641000270843506,658
2020-03-18,1.5908000469207764,1.5908000469207764,1.5908000469207764,1.5750000476837158,1.5815999507904053,394
2020-03-19,1.5542000532150269,1.5542000532150269,1.5908000469207764,1.5516999959945679,1.5908000469207764,626
2020-03-20,1.542199969291687,1.542199969291687,1.5477999448776245,1.5319000482559204,1.5477999448776245,98
2020-03-23,1.5636999607086182,1.5636999607086182,1.5703999996185303,1.5419000387191772,1.5419000387191772,29
2020-03-24,1.5644999742507935,1.5644999742507935,1.583400011062622,1.5644999742507935,1.5654000043869019,57
2020-03-25,1.5478999614715576,1.5478999614715576,1.559399962425232,1.5478999614715576,1.559399962425232,14
2020-03-26,1.5533000230789185,1.5533000230789185,1.5616999864578247,1.5499999523162842,1.5616999864578247,43
2020-03-27,1.5547000169754028,1.5547000169754028,1.563099980354309,1.5534000396728516,1.5540000200271606,408
2020-03-30,1.5651999711990356,1.5651999711990356,1.5679999589920044,1.5599000453948975,1.5679999589920044,121
2020-03-31,1.555299997329712,1.555299997329712,1.5694999694824219,1.5506999492645264,1.5651999711990356,137
2020-04-01,1.5571000576019287,1.5571000576019287,1.563599944114685,1.5501999855041504,1.555299997329712,77
2020-04-02,1.5414999723434448,1.5414999723434448,1.5537999868392944,1.5354000329971313,1.5449999570846558,142
2020-04-03,1.5322999954223633,1.5322999954223633,1.5357999801635742,1.5255999565124512,1.5326000452041626,166
2020-04-06,1.5264999866485596,1.5264999866485596,1.5269999504089355,1.5242999792099,1.5267000198364258,26
2020-04-07,1.5276000499725342,1.5276000499725342,1.530900001525879,1.5231000185012817,1.5256999731063843,66
2020-04-08,1.5264999866485596,1.5264999866485596,1.5303000211715698,1.523900032043457,1.5255999565124512,31
2020-04-09,1.5289000272750854,1.5289000272750854,1.53410005569458,1.527999997138977,1.527999997138977,41
2020-04-13,1.5166000127792358,1.5166000127792358,1.5286999940872192,1.5159000158309937,1.5260000228881836,33
2020-04-14,1.5285999774932861,1.5285999774932861,1.5285999774932861,1.516700029373169,1.516700029373169,167
2020-04-15,1.5396000146865845,1.5396000146865845,1.541599988937378,1.5298000574111938,1.5298999547958374,61
2020-04-16,1.5324000120162964,1.5324000120162964,1.5397000312805176,1.5324000120162964,1.5397000312805176,16
2020-04-17,1.5255999565124512,1.5255999565124512,1.530500054359436,1.524999976158142,1.5262999534606934,26
2020-04-20,1.5367000102996826,1.5367000102996826,1.5367000102996826,1.527500033378601,1.5276000499725342,84
2020-04-21,1.5427000522613525,1.5427000522613525,1.5458999872207642,1.5389000177383423,1.5389000177383423,102
2020-04-22,1.5362000465393066,1.5362000465393066,1.5432000160217285,1.5338000059127808,1.5432000160217285,47
2020-04-23,1.5161999464035034,1.5161999464035034,1.5296000242233276,1.5161999464035034,1.5296000242233276,65
2020-04-24,1.5242999792099,1.5242999792099,1.5282000303268433,1.5144000053405762,1.5180000066757202,18
2020-04-27,1.5220999717712402,1.5220999717712402,1.528499960899353,1.5220999717712402,1.527899980545044,20
2020-04-28,1.5168999433517456,1.5168999433517456,1.5219999551773071,1.5154999494552612,1.5219999551773071,38
2020-04-29,1.5119999647140503,1.5119999647140503,1.5161000490188599,1.5104000568389893,1.5134999752044678,231
2020-04-30,1.5262000560760498,1.5262000560760498,1.5281000137329102,1.5082999467849731,1.5119999647140503,88
2020-05-01,1.5463999509811401,1.5463999509811401,1.5537999868392944,1.533400058746338,1.5335999727249146,129
2020-05-04,1.5365999937057495,1.5365999937057495,1.5501999855041504,1.5365999937057495,1.5485999584197998,123
2020-05-05,1.5230000019073486,1.5230000019073486,1.534500002861023,1.5211999416351318,1.5324000120162964,99
2020-05-06,1.526900053024292,1.526900053024292,1.5300999879837036,1.5183000564575195,1.5206999778747559,81
2020-05-07,1.5160000324249268,1.5160000324249268,1.5299999713897705,1.5103000402450562,1.5299999713897705,69
2020-05-08,1.5117000341415405,1.5117000341415405,1.5155999660491943,1.5117000341415405,1.5125999450683594,51
2020-05-11,1.516700029373169,1.516700029373169,1.5194000005722046,1.5098999738693237,1.5098999738693237,14
2020-05-12,1.5247000455856323,1.5247000455856323,1.527999997138977,1.5154000520706177,1.5161999464035034,31
2020-05-13,1.5266000032424927,1.5266000032424927,1.528499960899353,1.5234999656677246,1.528499960899353,226
2020-05-14,1.518399953842163,1.518399953842163,1.5254000425338745,1.5169999599456787,1.5254000425338745,32
2020-05-15,1.5263999700546265,1.5263999700546265,1.5276000499725342,1.5190999507904053,1.5190999507904053,26
2020-05-18,1.5247999429702759,1.5247999429702759,1.5247999429702759,1.5199999809265137,1.5204999446868896,18
2020-05-19,1.5210000276565552,1.5210000276565552,1.524399995803833,1.5191999673843384,1.5234999656677246,30
2020-05-20,1.5268000364303589,1.5268000364303589,1.5281000137329102,1.5224000215530396,1.527500033378601,110
2020-05-21,1.5286999940872192,1.5286999940872192,1.531999945640564,1.5253000259399414,1.5277999639511108,55
2020-05-22,1.5264999866485596,1.5264999866485596,1.5264999866485596,1.5255000591278076,1.5264999866485596,18
2020-05-26,1.513100028038025,1.513100028038025,1.5242999792099,1.5130000114440918,1.5242999792099,164
2020-05-27,1.5148999691009521,1.5148999691009521,1.5196000337600708,1.511199951171875,1.5121999979019165,53
2020-05-28,1.5264999866485596,1.5264999866485596,1.5264999866485596,1.5149999856948853,1.5154999494552612,62
2020-05-29,1.5298999547958374,1.5298999547958374,1.5384999513626099,1.5263999700546265,1.5263999700546265,117
2020-06-01,1.5118999481201172,1.5118999481201172,1.5307999849319458,1.5117000341415405,1.5307999849319458,164
2020-06-02,1.5104000568389893,1.5104000568389893,1.5134999752044678,1.507599949836731,1.511299967765808,138
2020-06-03,1.5157999992370605,1.5157999992370605,1.5189000368118286,1.5103000402450562,1.5115000009536743,212
2020-06-04,1.5331000089645386,1.5331000089645386,1.5331000089645386,1.5127999782562256,1.5154999494552612,122
2020-06-05,1.5175000429153442,1.5175000429153442,1.5322999954223633,1.5166000127792358,1.5312999486923218,1273
2020-06-08,1.5109000205993652,1.5109000205993652,1.5148999691009521,1.510699987411499,1.5148999691009521,173
2020-06-09,1.519700050354004,1.519700050354004,1.5254000425338745,1.5166000127792358,1.5166000127792358,749
2020-06-10,1.5245000123977661,1.5245000123977661,1.527400016784668,1.520300030708313,1.520400047302246,1011
2020-06-11,1.537600040435791,1.537600040435791,1.5437999963760376,1.5281000137329102,1.5281000137329102,422
2020-06-12,1.5292999744415283,1.5292999744415283,1.5342999696731567,1.5292999744415283,1.5331000089645386,172
2020-06-15,1.5363999605178833,1.5363999605178833,1.5363999605178833,1.5363999605178833,1.5363999605178833,125
2020-06-16,1.532099962234497,1.532099962234497,1.5413999557495117,1.5260000228881836,1.537600040435791,110
2020-06-17,1.5262000560760498,1.5262000560760498,1.5289000272750854,1.5224000215530396,1.5289000272750854,52
2020-06-18,1.5273000001907349,1.5273000001907349,1.5293999910354614,1.5252000093460083,1.5290000438690186,98
2020-06-19,1.524399995803833,1.524399995803833,1.5264999866485596,1.5180000066757202,1.5262999534606934,69
2020-06-22,1.5255999565124512,1.5255999565124512,1.5266000032424927,1.524899959564209,1.524999976158142,23
2020-06-23,1.5342999696731567,1.5342999696731567,1.5347000360488892,1.5255999565124512,1.5255999565124512,112
2020-06-24,1.5351999998092651,1.5351999998092651,1.5362999439239502,1.5319000482559204,1.5348000526428223,37
2020-06-25,1.533400058746338,1.533400058746338,1.5351999998092651,1.5297000408172607,1.534600019454956,88
2020-06-26,1.5356999635696411,1.5356999635696411,1.5390000343322754,1.5348000526428223,1.5351999998092651,105
2020-06-29,1.5401999950408936,1.5401999950408936,1.5442999601364136,1.5362999439239502,1.5362999439239502,84
2020-06-30,1.5285999774932861,1.5285999774932861,1.5374000072479248,1.527899980545044,1.5364999771118164,134
2020-07-01,1.5300999879837036,1.5300999879837036,1.5324000120162964,1.5227999687194824,1.5266000032424927,270
2020-07-02,1.5283000469207764,1.5283000469207764,1.5372999906539917,1.527500033378601,1.5348999500274658,131
2020-07-06,1.534500002861023,1.534500002861023,1.5372999906539917,1.5264999866485596,1.5264999866485596,107
2020-07-07,1.5362999439239502,1.5362999439239502,1.5362999439239502,1.5325000286102295,1.5341999530792236,79
2020-07-08,1.5322999954223633,1.5322999954223633,1.5372999906539917,1.5317000150680542,1.5362999439239502,61
2020-07-09,1.5360000133514404,1.5360000133514404,1.5367000102996826,1.5312000513076782,1.5367000102996826,82
2020-07-10,1.5374000072479248,1.5374000072479248,1.541599988937378,1.534999966621399,1.534999966621399,69
2020-07-13,1.544600009918213,1.544600009918213,1.5454000234603882,1.5370999574661255,1.539199948310852,76
2020-07-14,1.5540000200271606,1.5540000200271606,1.555299997329712,1.545199990272522,1.545199990272522,263
2020-07-15,1.5425000190734863,1.5425000190734863,1.5550999641418457,1.5425000190734863,1.5535000562667847,106
2020-07-16,1.5462000370025635,1.5462000370025635,1.5480999946594238,1.5426000356674194,1.5426000356674194,38
2020-07-17,1.5544999837875366,1.5544999837875366,1.5546000003814697,1.5471999645233154,1.5471999645233154,419
2020-07-20,1.5500999689102173,1.5500999689102173,1.556399941444397,1.5491000413894653,1.5533000230789185,61
2020-07-21,1.5511000156402588,1.5511000156402588,1.552299976348877,1.5410000085830688,1.5500999689102173,125
2020-07-22,1.5537999868392944,1.5537999868392944,1.559999942779541,1.5521999597549438,1.5525000095367432,238
2020-07-23,1.555899977684021,1.555899977684021,1.555899977684021,1.5508999824523926,1.5543999671936035,112
2020-07-24,1.5636999607086182,1.5636999607086182,1.5641000270843506,1.5578999519348145,1.5583000183105469,92
2020-07-27,1.5714999437332153,1.5714999437332153,1.5771000385284424,1.5636999607086182,1.5636999607086182,313
2020-07-28,1.5678999423980713,1.5678999423980713,1.5729000568389893,1.5674999952316284,1.5714999437332153,34
2020-07-29,1.573799967765808,1.573799967765808,1.5752999782562256,1.5684000253677368,1.5688999891281128,16
2020-07-30,1.5923000574111938,1.5923000574111938,1.593400001525879,1.5724999904632568,1.5724999904632568,138
2020-07-31,1.579200029373169,1.579200029373169,1.598099946975708,1.579200029373169,1.5923000574111938,221
2020-08-03,1.575700044631958,1.575700044631958,1.579800009727478,1.5733000040054321,1.5793999433517456,28
2020-08-04,1.5735000371932983,1.5735000371932983,1.5785000324249268,1.57260000705719,1.5785000324249268,82
2020-08-05,1.5765000581741333,1.5765000581741333,1.5779999494552612,1.5706000328063965,1.5720000267028809,71
2020-08-06,1.5791000127792358,1.5791000127792358,1.5806000232696533,1.5759999752044678,1.5759999752044678,25
2020-08-07,1.5780999660491943,1.5780999660491943,1.582900047302246,1.5759999752044678,1.5817999839782715,75
2020-08-10,1.569000005722046,1.569000005722046,1.5785000324249268,1.569000005722046,1.5785000324249268,80
2020-08-11,1.561400055885315,1.561400055885315,1.5683000087738037,1.561400055885315,1.5676000118255615,71
2020-08-12,1.5628999471664429,1.5628999471664429,1.5657999515533447,1.5615999698638916,1.5642000436782837,134
2020-08-13,1.5612000226974487,1.5612000226974487,1.5679999589920044,1.5612000226974487,1.5651999711990356,168
2020-08-14,1.570099949836731,1.570099949836731,1.570099949836731,1.5627000331878662,1.5627000331878662,11
2020-08-17,1.5666999816894531,1.5666999816894531,1.5717999935150146,1.5666999816894531,1.5707999467849731,77
2020-08-18,1.5713000297546387,1.5713000297546387,1.5751999616622925,1.567199945449829,1.5702999830245972,284
2020-08-19,1.5647000074386597,1.5647000074386597,1.5728000402450562,1.5638999938964844,1.5728000402450562,82
2020-08-20,1.5628000497817993,1.5628000497817993,1.5683000087738037,1.5625,1.5658999681472778,142
2020-08-21,1.5555000305175781,1.5555000305175781,1.563599944114685,1.555400013923645,1.563599944114685,44
2020-08-24,1.5611000061035156,1.5611000061035156,1.562000036239624,1.5537999868392944,1.5537999868392944,144
2020-08-25,1.5607000589370728,1.5607000589370728,1.5642999410629272,1.5587999820709229,1.5602999925613403,40
2020-08-26,1.5549999475479126,1.5549999475479126,1.5576000213623047,1.5532000064849854,1.5573999881744385,37
2020-08-27,1.5525000095367432,1.5525000095367432,1.5602999925613403,1.548200011253357,1.5562000274658203,104
2020-08-28,1.5573999881744385,1.5573999881744385,1.5605000257492065,1.5525000095367432,1.5525000095367432,407
2020-08-31,1.5551999807357788,1.5551999807357788,1.5601999759674072,1.5551999807357788,1.5575000047683716,53
2020-09-01,1.5576000213623047,1.5576000213623047,1.5636999607086182,1.5565999746322632,1.55840003490448,168
2020-09-02,1.5458999872207642,1.5458999872207642,1.5556000471115112,1.5455000400543213,1.5556000471115112,70
2020-09-03,1.5575000047683716,1.5575000047683716,1.5575000047683716,1.5440000295639038,1.5464999675750732,47
2020-09-04,1.5462000370025635,1.5462000370025635,1.5563000440597534,1.5462000370025635,1.555999994277954,45
2020-09-08,1.5578999519348145,1.5578999519348145,1.5578999519348145,1.5469000339508057,1.5504000186920166,413
2020-09-09,1.5544999837875366,1.5544999837875366,1.5599000453948975,1.5526000261306763,1.5556999444961548,2244
2020-09-10,1.558899998664856,1.558899998664856,1.5657999515533447,1.551900029182434,1.551900029182434,526
2020-09-11,1.5607000589370728,1.5607000589370728,1.5627000331878662,1.558500051498413,1.558500051498413,268
2020-09-14,1.565000057220459,1.565000057220459,1.565000057220459,1.565000057220459,1.565000057220459,51
2020-09-15,1.5650999546051025,1.5650999546051025,1.5658999681472778,1.562399983406067,1.5658999681472778,18
2020-09-16,1.5565999746322632,1.5565999746322632,1.5658999681472778,1.555999994277954,1.5631999969482422,52
2020-09-17,1.562600016593933,1.562600016593933,1.5642999410629272,1.5580999851226807,1.5580999851226807,45
2020-09-18,1.566499948501587,1.566499948501587,1.5669000148773193,1.5611000061035156,1.5627000331878662,60
2020-09-21,1.5679999589920044,1.5679999589920044,1.5681999921798706,1.561900019645691,1.5669000148773193,74
2020-09-22,1.5601999759674072,1.5601999759674072,1.5683000087738037,1.5600999593734741,1.5683000087738037,104
2020-09-23,1.562000036239624,1.562000036239624,1.562999963760376,1.5582000017166138,1.5582000017166138,38
2020-09-24,1.5599000453948975,1.5599000453948975,1.565000057220459,1.5599000453948975,1.5644999742507935,23
2020-09-25,1.5592000484466553,1.5592000484466553,1.5606000423431396,1.5579999685287476,1.5606000423431396,77
2020-09-28,1.5618000030517578,1.5618000030517578,1.5648000240325928,1.5582000017166138,1.5582000017166138,45
2020-09-29,1.573199987411499,1.573199987411499,1.5752999782562256,1.5625,1.5625,113
2020-09-30,1.562000036239624,1.562000036239624,1.573799967765808,1.562000036239624,1.5735000371932983,172
2020-10-01,1.5611000061035156,1.5611000061035156,1.5648000240325928,1.5607999563217163,1.5627000331878662,43
2020-10-02,1.5604000091552734,1.5604000091552734,1.5641000270843506,1.5604000091552734,1.5613000392913818,24
2020-10-05,1.565000057220459,1.565000057220459,1.5658999681472778,1.5606000423431396,1.5606000423431396,64
2020-10-06,1.5650999546051025,1.5650999546051025,1.5657999515533447,1.5642999410629272,1.5645999908447266,67
2020-10-07,1.5631999969482422,1.5631999969482422,1.5670000314712524,1.5631999969482422,1.5666999816894531,60
2020-10-08,1.5542000532150269,1.5542000532150269,1.562000036239624,1.5536999702453613,1.562000036239624,65
2020-10-09,1.554800033569336,1.554800033569336,1.556399941444397,1.5533000230789185,1.5539000034332275,64
2020-10-12,1.5506999492645264,1.5506999492645264,1.5532000064849854,1.5494999885559082,1.5532000064849854,58
2020-10-13,1.5450999736785889,1.5450999736785889,1.5516999959945679,1.5425000190734863,1.5506999492645264,75
2020-10-14,1.5463999509811401,1.5463999509811401,1.5471999645233154,1.5407999753952026,1.5450999736785889,90
2020-10-15,1.5485999584197998,1.5485999584197998,1.5520999431610107,1.5463000535964966,1.5463999509811401,484
2020-10-16,1.5464999675750732,1.5464999675750732,1.5520999431610107,1.5464999675750732,1.548799991607666,50
2020-10-19,1.552899956703186,1.552899956703186,1.5542000532150269,1.5449999570846558,1.5470999479293823,72
2020-10-20,1.5533000230789185,1.5533000230789185,1.559499979019165,1.5525000095367432,1.5551999807357788,43
2020-10-21,1.5591000318527222,1.5591000318527222,1.5606000423431396,1.5544999837875366,1.5544999837875366,81
2020-10-22,1.5547000169754028,1.5547000169754028,1.5609999895095825,1.5537999868392944,1.5609999895095825,52
2020-10-23,1.5601999759674072,1.5601999759674072,1.5602999925613403,1.5527000427246094,1.5539000034332275,48
2020-10-26,1.5606000423431396,1.5606000423431396,1.563599944114685,1.5587999820709229,1.5587999820709229,39
2020-10-27,1.55649995803833,1.55649995803833,1.5612000226974487,1.55649995803833,1.5611000061035156,39
2020-10-28,1.5638999938964844,1.5638999938964844,1.566100001335144,1.5539000034332275,1.555299997329712,70
2020-10-29,1.55649995803833,1.55649995803833,1.5674999952316284,1.5556999444961548,1.5654000043869019,159
2020-10-30,1.5520000457763672,1.5520000457763672,1.5591000318527222,1.5520000457763672,1.5556000471115112,170
2020-11-02,1.5403000116348267,1.5403000116348267,1.5571000576019287,1.5401999950408936,1.5528000593185425,140
2020-11-03,1.5430999994277954,1.5430999994277954,1.5430999994277954,1.5377000570297241,1.5403000116348267,79
2020-11-04,1.5399999618530273,1.5399999618530273,1.5490000247955322,1.5369999408721924,1.541700005531311,88
2020-11-05,1.544600009918213,1.544600009918213,1.551300048828125,1.5406999588012695,1.5470999479293823,80
2020-11-06,1.5489000082015991,1.5489000082015991,1.5534000396728516,1.5472999811172485,1.5485999584197998,68
2020-11-09,1.5371999740600586,1.5371999740600586,1.551200032234192,1.5328999757766724,1.551200032234192,150
2020-11-10,1.5390000343322754,1.5390000343322754,1.541700005531311,1.5358999967575073,1.5379999876022339,113
2020-11-11,1.5397000312805176,1.5397000312805176,1.541700005531311,1.534500002861023,1.541700005531311,41
2020-11-12,1.5521999597549438,1.5521999597549438,1.5526000261306763,1.5400999784469604,1.5403000116348267,128
2020-11-13,1.555299997329712,1.555299997329712,1.5571999549865723,1.5525000095367432,1.5534000396728516,80
2020-11-16,1.5516999959945679,1.5516999959945679,1.5556000471115112,1.547700047492981,1.5556000471115112,83
2020-11-17,1.5530999898910522,1.5530999898910522,1.5583000183105469,1.551200032234192,1.551200032234192,99
2020-11-18,1.548699975013733,1.548699975013733,1.5556000471115112,1.5484999418258667,1.5556000471115112,60
2020-11-19,1.5520999431610107,1.5520999431610107,1.5529999732971191,1.5496000051498413,1.5505000352859497,95
2020-11-20,1.5535000562667847,1.5535000562667847,1.5541000366210938,1.5484000444412231,1.5532000064849854,108
2020-11-23,1.5494999885559082,1.5494999885559082,1.5542999505996704,1.5478999614715576,1.5529999732971191,103
2020-11-24,1.5460000038146973,1.5460000038146973,1.55239999294281,1.5460000038146973,1.5470999479293823,74
2020-11-25,1.5492000579833984,1.5492000579833984,1.551300048828125,1.5463999509811401,1.5465999841690063,50
2020-11-27,1.5533000230789185,1.5533000230789185,1.5535000562667847,1.5478999614715576,1.5508999824523926,39
2020-11-30,1.5489000082015991,1.5489000082015991,1.5555000305175781,1.548200011253357,1.5555000305175781,78
2020-12-01,1.559000015258789,1.559000015258789,1.5621999502182007,1.5507999658584595,1.5507999658584595,141
2020-12-02,1.5638999938964844,1.5638999938964844,1.565000057220459,1.5606000423431396,1.562600016593933,52
2020-12-03,1.5612000226974487,1.5612000226974487,1.570099949836731,1.5605000257492065,1.56659996509552,39
2020-12-04,1.551300048828125,1.551300048828125,1.5648000240325928,1.5497000217437744,1.5612000226974487,73
2020-12-07,1.5509999990463257,1.5509999990463257,1.55649995803833,1.5505000352859497,1.5514999628067017,217
2020-12-08,1.5516999959945679,1.5516999959945679,1.551800012588501,1.549399971961975,1.549399971961975,64
2020-12-09,1.547700047492981,1.547700047492981,1.5497000217437744,1.5454000234603882,1.548699975013733,1861
2020-12-10,1.5464999675750732,1.5464999675750732,1.5491000413894653,1.5410000085830688,1.5491000413894653,1678
2020-12-11,1.5470000505447388,1.5470000505447388,1.5485999584197998,1.544700026512146,1.544800043106079,276
2020-12-14,1.5470999479293823,1.5470999479293823,1.5470999479293823,1.5470999479293823,1.5470999479293823,94
2020-12-15,1.5464999675750732,1.5464999675750732,1.5536999702453613,1.545699954032898,1.55239999294281,97
2020-12-16,1.5542000532150269,1.5542000532150269,1.558899998664856,1.5542000532150269,1.5542999505996704,300
2020-12-17,1.5636999607086182,1.5636999607086182,1.5648000240325928,1.5565999746322632,1.5575000047683716,60
2020-12-18,1.568600058555603,1.568600058555603,1.568600058555603,1.5635000467300415,1.5640000104904175,122
2020-12-21,1.5741000175476074,1.5741000175476074,1.5752999782562256,1.569100022315979,1.5693000555038452,52
2020-12-22,1.5717999935150146,1.5717999935150146,1.580299973487854,1.5717999935150146,1.5741000175476074,85
2020-12-23,1.56850004196167,1.56850004196167,1.5741000175476074,1.5676000118255615,1.572700023651123,101
2020-12-24,1.5640000104904175,1.5640000104904175,1.56850004196167,1.5640000104904175,1.56850004196167,5
2020-12-28,1.5703999996185303,1.5703999996185303,1.5738999843597412,1.5698000192642212,1.5721999406814575,24
2020-12-29,1.5723999738693237,1.5723999738693237,1.5740000009536743,1.5717999935150146,1.5723999738693237,63
2020-12-30,1.5707999467849731,1.5707999467849731,1.5759999752044678,1.5688999891281128,1.5759999752044678,106
2020-12-31,1.5631999969482422,1.5631999969482422,1.5674999952316284,1.5571999549865723,1.5674999952316284,51
2021-01-04,1.567199945449829,1.567199945449829,1.5686999559402466,1.5578999519348145,1.5597000122070312,143
2021-01-05,1.5604000091552734,1.5604000091552734,1.5667999982833862,1.5591000318527222,1.5666999816894531,13
2021-01-06,1.5644999742507935,1.5644999742507935,1.5678999423980713,1.5608999729156494,1.562600016593933,141
2021-01-07,1.5579999685287476,1.5579999685287476,1.5640000104904175,1.5568000078201294,1.5640000104904175,346
2021-01-08,1.5547000169754028,1.5547000169754028,1.5583000183105469,1.5539000034332275,1.5566999912261963,60
2021-01-11,1.5556999444961548,1.5556999444961548,1.5591000318527222,1.5556999444961548,1.5569000244140625,50
2021-01-12,1.5539000034332275,1.5539000034332275,1.5540000200271606,1.5506000518798828,1.5520999431610107,37
2021-01-13,1.5450999736785889,1.5450999736785889,1.5532000064849854,1.5437999963760376,1.5532000064849854,89
2021-01-14,1.537600040435791,1.537600040435791,1.5450999736785889,1.5356999635696411,1.5450999736785889,108
2021-01-15,1.5388000011444092,1.5388000011444092,1.5444999933242798,1.5384000539779663,1.5384000539779663,59
2021-01-19,1.5454000234603882,1.5454000234603882,1.5478999614715576,1.541599988937378,1.5462000370025635,103
2021-01-20,1.5321999788284302,1.5321999788284302,1.544600009918213,1.528499960899353,1.544600009918213,316
2021-01-21,1.5369999408721924,1.5369999408721924,1.537500023841858,1.530900001525879,1.5321999788284302,98
2021-01-22,1.5499000549316406,1.5499000549316406,1.5514999628067017,1.5403000116348267,1.5403000116348267,274
2021-01-25,1.5492000579833984,1.5492000579833984,1.5492000579833984,1.5449999570846558,1.5478999614715576,43
2021-01-26,1.5458999872207642,1.5458999872207642,1.5477999448776245,1.5450999736785889,1.5477999448776245,34
2021-01-27,1.5494999885559082,1.5494999885559082,1.5520000457763672,1.5439000129699707,1.545300006866455,115
2021-01-28,1.5535999536514282,1.5535999536514282,1.558899998664856,1.5534000396728516,1.5540000200271606,382
2021-01-29,1.5543999671936035,1.5543999671936035,1.558899998664856,1.5508999824523926,1.5578999519348145,104
2021-02-01,1.5508999824523926,1.5508999824523926,1.551900029182434,1.5472999811172485,1.5499999523162842,86
2021-02-02,1.5404000282287598,1.5404000282287598,1.5484999418258667,1.5404000282287598,1.5484999418258667,202
2021-02-03,1.5382000207901,1.5382000207901,1.5405000448226929,1.5377000570297241,1.5390000343322754,121
2021-02-04,1.5364999771118164,1.5364999771118164,1.5390000343322754,1.533400058746338,1.5354000329971313,105
2021-02-05,1.5388000011444092,1.5388000011444092,1.5392999649047852,1.5339000225067139,1.5343999862670898,107
2021-02-08,1.5370999574661255,1.5370999574661255,1.538699984550476,1.5369000434875488,1.5384999513626099,18
2021-02-09,1.5392999649047852,1.5392999649047852,1.5443999767303467,1.538699984550476,1.5389000177383423,66
2021-02-10,1.5399999618530273,1.5399999618530273,1.542199969291687,1.5394999980926514,1.5407999753952026,72
2021-02-11,1.5413999557495117,1.5413999557495117,1.541700005531311,1.5382000207901,1.5405000448226929,84
2021-02-12,1.5400999784469604,1.5400999784469604,1.544800043106079,1.5388000011444092,1.5428999662399292,39
2021-02-16,1.5368000268936157,1.5368000268936157,1.5392999649047852,1.5321999788284302,1.5392999649047852,175
2021-02-17,1.5292999744415283,1.5292999744415283,1.5354000329971313,1.5292999744415283,1.5354000329971313,99
2021-02-18,1.5332000255584717,1.5332000255584717,1.5367000102996826,1.5300999879837036,1.5300999879837036,88
2021-02-19,1.5298000574111938,1.5298000574111938,1.5377999544143677,1.5298000574111938,1.5367000102996826,68
2021-02-22,1.5336999893188477,1.5336999893188477,1.535599946975708,1.5298999547958374,1.5298999547958374,37
2021-02-23,1.5298000574111938,1.5298000574111938,1.5338000059127808,1.5292999744415283,1.5332000255584717,195
2021-02-24,1.5226000547409058,1.5226000547409058,1.5300999879837036,1.5211000442504883,1.5300999879837036,143
2021-02-25,1.5328999757766724,1.5328999757766724,1.5347000360488892,1.5226000547409058,1.5226000547409058,167
2021-02-26,1.5351999998092651,1.5351999998092651,1.5391000509262085,1.530400037765503,1.5327999591827393,191
2021-03-01,1.5245000123977661,1.5245000123977661,1.5351999998092651,1.5233999490737915,1.5351999998092651,184
2021-03-02,1.524999976158142,1.524999976158142,1.5266000032424927,1.5211999416351318,1.5246000289916992,96
2021-03-03,1.524999976158142,1.524999976158142,1.5264999866485596,1.5225000381469727,1.5260000228881836,161
2021-03-04,1.5152000188827515,1.5152000188827515,1.5245000123977661,1.5152000188827515,1.5230000019073486,232
2021-03-05,1.5090999603271484,1.5090999603271484,1.5176000595092773,1.5090999603271484,1.5152000188827515,157
2021-03-08,1.5009000301361084,1.5009000301361084,1.5090999603271484,1.5009000301361084,1.5090999603271484,580
2021-03-09,1.503600001335144,1.503600001335144,1.5045000314712524,1.4996000528335571,1.4996000528335571,356
2021-03-10,1.5052000284194946,1.5052000284194946,1.5054999589920044,1.5046000480651855,1.5046000480651855,4650
2021-03-11,1.5025999546051025,1.5025999546051025,1.5058000087738037,1.5023000240325928,1.5038000345230103,486
2021-03-12,1.4896999597549438,1.4896999597549438,1.4960999488830566,1.4896999597549438,1.496000051498413,108
2021-03-15,1.4896999597549438,1.4896999597549438,1.4896999597549438,1.4874999523162842,1.4896999597549438,114
2021-03-16,1.4837000370025635,1.4837000370025635,1.492799997329712,1.4837000370025635,1.490399956703186,127
2021-03-17,1.48989999294281,1.48989999294281,1.490399956703186,1.4836000204086304,1.4836000204086304,169
2021-03-18,1.492799997329712,1.492799997329712,1.4940999746322632,1.4835000038146973,1.4869999885559082,341
2021-03-19,1.4904999732971191,1.4904999732971191,1.4931000471115112,1.4872000217437744,1.4914000034332275,293
2021-03-22,1.4962999820709229,1.4962999820709229,1.4975999593734741,1.4882999658584595,1.4882999658584595,107
2021-03-23,1.4922000169754028,1.4922000169754028,1.4997999668121338,1.4883999824523926,1.4989999532699585,341
2021-03-24,1.4878000020980835,1.4878000020980835,1.4951000213623047,1.4860999584197998,1.4951000213623047,224
2021-03-25,1.4879000186920166,1.4879000186920166,1.4916000366210938,1.4852999448776245,1.4859000444412231,154
2021-03-26,1.4871000051498413,1.4871000051498413,1.4871000051498413,1.4831000566482544,1.4852999448776245,113
2021-03-29,1.4840999841690063,1.4840999841690063,1.4883999824523926,1.4840999841690063,1.4871000051498413,68
2021-03-30,1.4823999404907227,1.4823999404907227,1.4842000007629395,1.4797999858856201,1.4830000400543213,299
2021-03-31,1.4757000207901,1.4757000207901,1.4823999404907227,1.4752000570297241,1.4823999404907227,247
2021-04-01,1.479099988937378,1.479099988937378,1.4809000492095947,1.4781999588012695,1.4781999588012695,99
2021-04-05,1.4814000129699707,1.4814000129699707,1.4825999736785889,1.4764000177383423,1.4800000190734863,57
2021-04-06,1.4951000213623047,1.4951000213623047,1.4951000213623047,1.4818999767303467,1.4818999767303467,98
2021-04-07,1.5,1.5,1.5052000284194946,1.496000051498413,1.496000051498413,254
2021-04-08,1.499400019645691,1.499400019645691,1.5012999773025513,1.496999979019165,1.4979000091552734,484
2021-04-09,1.492900013923645,1.492900013923645,1.500599980354309,1.492300033569336,1.500599980354309,166
2021-04-12,1.4974000453948975,1.4974000453948975,1.4987000226974487,1.4931999444961548,1.4931999444961548,200
2021-04-13,1.4990999698638916,1.4990999698638916,1.5045000314712524,1.496999979019165,1.4986000061035156,109
2021-04-14,1.501099944114685,1.501099944114685,1.506500005722046,1.501099944114685,1.5032000541687012,271
2021-04-15,1.503000020980835,1.503000020980835,1.503100037574768,1.49590003490448,1.5011999607086182,240
2021-04-16,1.4990999698638916,1.4990999698638916,1.5017000436782837,1.4982999563217163,1.5012999773025513,43
2021-04-19,1.51010000705719,1.51010000705719,1.5104000568389893,1.4972000122070312,1.4996999502182007,62
2021-04-20,1.519700050354004,1.519700050354004,1.519700050354004,1.5081000328063965,1.51010000705719,180
2021-04-21,1.5047999620437622,1.5047999620437622,1.520300030708313,1.5025999546051025,1.5149999856948853,515
2021-04-22,1.5017999410629272,1.5017999410629272,1.5074000358581543,1.5008000135421753,1.5063999891281128,242
2021-04-23,1.5098999738693237,1.5098999738693237,1.5108000040054321,1.50409996509552,1.50409996509552,153
2021-04-26,1.5008000135421753,1.5008000135421753,1.510699987411499,1.4980000257492065,1.510699987411499,77
2021-04-27,1.5009000301361084,1.5009000301361084,1.5009000301361084,1.4980000257492065,1.4984999895095825,104
2021-04-28,1.4946000576019287,1.4946000576019287,1.4990999698638916,1.4924999475479126,1.4990999698638916,229
2021-04-29,1.4902000427246094,1.4902000427246094,1.4944000244140625,1.4896999597549438,1.4941999912261963,97
2021-04-30,1.4774999618530273,1.4774999618530273,1.4890999794006348,1.4774999618530273,1.4890999794006348,198
2021-05-03,1.482200026512146,1.482200026512146,1.4836000204086304,1.4811999797821045,1.4816999435424805,24
2021-05-04,1.4794000387191772,1.4794000387191772,1.4839999675750732,1.4794000387191772,1.4815000295639038,101
2021-05-05,1.4746999740600586,1.4746999740600586,1.4785000085830688,1.4723999500274658,1.4783999919891357,86
2021-05-06,1.469599962234497,1.469599962234497,1.476199984550476,1.468400001525879,1.4746999740600586,99
2021-05-07,1.4779000282287598,1.4779000282287598,1.479200005531311,1.4678000211715698,1.4678000211715698,225
2021-05-10,1.4703999757766724,1.4703999757766724,1.4759000539779663,1.4703999757766724,1.471500039100647,213
2021-05-11,1.4701000452041626,1.4701000452041626,1.4739999771118164,1.4697999954223633,1.4697999954223633,135
2021-05-12,1.4632999897003174,1.4632999897003174,1.470900058746338,1.4607000350952148,1.4702999591827393,480
2021-05-13,1.4702999591827393,1.4702999591827393,1.4726999998092651,1.4644999504089355,1.464900016784668,137
2021-05-14,1.4716999530792236,1.4716999530792236,1.4732999801635742,1.468400001525879,1.4732999801635742,121
2021-05-17,1.4673000574111938,1.4673000574111938,1.4746999740600586,1.4673000574111938,1.472100019454956,61
2021-05-18,1.4753999710083008,1.4753999710083008,1.4753999710083008,1.4651999473571777,1.4667999744415283,207
2021-05-19,1.4778000116348267,1.4778000116348267,1.4819999933242798,1.4737999439239502,1.476099967956543,244
2021-05-20,1.4743000268936157,1.4743000268936157,1.4804999828338623,1.4738999605178833,1.4759000539779663,116
2021-05-21,1.4701000452041626,1.4701000452041626,1.4778000116348267,1.4687000513076782,1.4778000116348267,96
2021-05-24,1.472000002861023,1.472000002861023,1.4759999513626099,1.4704999923706055,1.4704999923706055,225
2021-05-25,1.478600025177002,1.478600025177002,1.478600025177002,1.473099946975708,1.473099946975708,32
2021-05-26,1.4775999784469604,1.4775999784469604,1.4824999570846558,1.4763000011444092,1.4775999784469604,106
2021-05-27,1.4723999500274658,1.4723999500274658,1.4789999723434448,1.471500039100647,1.4789999723434448,174
2021-05-28,1.475000023841858,1.475000023841858,1.475000023841858,1.4693000316619873,1.4735000133514404,87
2021-06-01,1.4749000072479248,1.4749000072479248,1.4780999422073364,1.4706000089645386,1.4744999408721924,159
2021-06-02,1.4701000452041626,1.4701000452041626,1.4752000570297241,1.4701000452041626,1.4746999740600586,79
2021-06-03,1.4681999683380127,1.4681999683380127,1.472000002861023,1.4681999683380127,1.4703999757766724,44
2021-06-04,1.4692000150680542,1.4692000150680542,1.4716999530792236,1.4665000438690186,1.4687999486923218,275
2021-06-07,1.4723000526428223,1.4723000526428223,1.4736000299453735,1.4694000482559204,1.4706000089645386,93
2021-06-08,1.4745999574661255,1.4745999574661255,1.475100040435791,1.471500039100647,1.471500039100647,597
2021-06-09,1.4744999408721924,1.4744999408721924,1.475000023841858,1.4729000329971313,1.4746999740600586,4835
2021-06-10,1.4714000225067139,1.4714000225067139,1.4752999544143677,1.4714000225067139,1.4752999544143677,593
2021-06-11,1.472599983215332,1.472599983215332,1.472599983215332,1.4722000360488892,1.4723000526428223,213
2021-06-14,1.4723000526428223,1.4723000526428223,1.4745999574661255,1.47160005569458,1.4730000495910645,68
2021-06-15,1.4805999994277954,1.4805999994277954,1.4815000295639038,1.476099967956543,1.476099967956543,136
2021-06-16,1.476699948310852,1.476699948310852,1.4825999736785889,1.4745999574661255,1.480299949645996,527
2021-06-17,1.4737999439239502,1.4737999439239502,1.475000023841858,1.4711999893188477,1.4717999696731567,201
2021-06-18,1.4775999784469604,1.4775999784469604,1.4801000356674194,1.4742000102996826,1.4752999544143677,65
2021-06-21,1.4743000268936157,1.4743000268936157,1.4839999675750732,1.4743000268936157,1.4803999662399292,107
2021-06-22,1.4730000495910645,1.4730000495910645,1.4773000478744507,1.4723000526428223,1.4763000011444092,204
2021-06-23,1.4702999591827393,1.4702999591827393,1.472000002861023,1.4681999683380127,1.472000002861023,262
2021-06-24,1.472499966621399,1.472499966621399,1.4728000164031982,1.4700000286102295,1.4701999425888062,114
2021-06-25,1.4707000255584717,1.4707000255584717,1.472499966621399,1.4700000286102295,1.472499966621399,21
2021-06-28,1.4739999771118164,1.4739999771118164,1.4744999408721924,1.4696999788284302,1.4697999954223633,23
2021-06-29,1.4772000312805176,1.4772000312805176,1.4776999950408936,1.4728000164031982,1.4728000164031982,92
2021-06-30,1.4716999530792236,1.4716999530792236,1.4785000085830688,1.4699000120162964,1.4772000312805176,175
2021-07-01,1.4757000207901,1.4757000207901,1.4757000207901,1.4707000255584717,1.4708000421524048,30
2021-07-02,1.4641000032424927,1.4641000032424927,1.475600004196167,1.4637000560760498,1.475600004196167,279
2021-07-06,1.4754999876022339,1.4754999876022339,1.479099988937378,1.4644999504089355,1.4666999578475952,513
2021-07-07,1.4749000072479248,1.4749000072479248,1.4779000282287598,1.4699000120162964,1.4752000570297241,92
2021-07-08,1.48580002784729,1.48580002784729,1.4921000003814697,1.475000023841858,1.475000023841858,189
2021-07-09,1.4810999631881714,1.4810999631881714,1.486199975013733,1.4808000326156616,1.48580002784729,76
2021-07-12,1.4801000356674194,1.4801000356674194,1.482800006866455,1.479099988937378,1.4797999858856201,55
2021-07-13,1.4766000509262085,1.4766000509262085,1.483199954032898,1.4757000207901,1.4795000553131104,141
2021-07-14,1.4816999435424805,1.4816999435424805,1.4819999933242798,1.4733999967575073,1.4749000072479248,49
2021-07-15,1.490399956703186,1.490399956703186,1.4908000230789185,1.4831000566482544,1.4831000566482544,360
2021-07-16,1.490399956703186,1.490399956703186,1.4910000562667847,1.4860999584197998,1.4888999462127686,98
2021-07-19,1.5061999559402466,1.5061999559402466,1.510699987411499,1.4919999837875366,1.4919999837875366,254
2021-07-20,1.4973000288009644,1.4973000288009644,1.507200002670288,1.4973000288009644,1.5051000118255615,119
2021-07-21,1.4838000535964966,1.4838000535964966,1.497499942779541,1.4799000024795532,1.4973000288009644,227
2021-07-22,1.479599952697754,1.479599952697754,1.488800048828125,1.4795000553131104,1.482800006866455,108
2021-07-23,1.4817999601364136,1.4817999601364136,1.4817999601364136,1.480299949645996,1.4816999435424805,59
2021-07-26,1.482200026512146,1.482200026512146,1.4842000007629395,1.481600046157837,1.4831000566482544,245
2021-07-27,1.4901000261306763,1.4901000261306763,1.4901000261306763,1.4816999435424805,1.4816999435424805,121
2021-07-28,1.4847999811172485,1.4847999811172485,1.4874000549316406,1.4843000173568726,1.4867000579833984,140
2021-07-29,1.480299949645996,1.480299949645996,1.4836000204086304,1.4793000221252441,1.4835000038146973,90
2021-07-30,1.4808000326156616,1.4808000326156616,1.482100009918213,1.4779000282287598,1.4807000160217285,103
2021-08-02,1.4864000082015991,1.4864000082015991,1.4864000082015991,1.481600046157837,1.4824999570846558,36
2021-08-03,1.4884999990463257,1.4884999990463257,1.4938000440597534,1.4875999689102173,1.4875999689102173,79
2021-08-04,1.4869999885559082,1.4869999885559082,1.4930000305175781,1.4859999418258667,1.4888999462127686,387
2021-08-05,1.4800000190734863,1.4800000190734863,1.4842000007629395,1.4781999588012695,1.4839999675750732,170
2021-08-06,1.4776999950408936,1.4776999950408936,1.4797999858856201,1.4767999649047852,1.4793000221252441,180
2021-08-09,1.4772000312805176,1.4772000312805176,1.479099988937378,1.475600004196167,1.4788999557495117,81
2021-08-10,1.4694000482559204,1.4694000482559204,1.4775999784469604,1.468500018119812,1.4775999784469604,173
2021-08-11,1.4693000316619873,1.4693000316619873,1.4701000452041626,1.468500018119812,1.4687999486923218,35
2021-08-12,1.4707000255584717,1.4707000255584717,1.4707000255584717,1.4696999788284302,1.4699000120162964,12
2021-08-13,1.4773000478744507,1.4773000478744507,1.4773000478744507,1.4707000255584717,1.4707000255584717,64
2021-08-16,1.4810999631881714,1.4810999631881714,1.482800006866455,1.4778000116348267,1.4779000282287598,193
2021-08-17,1.4793000221252441,1.4793000221252441,1.486199975013733,1.478700041770935,1.4825999736785889,25
2021-08-18,1.480299949645996,1.480299949645996,1.480299949645996,1.4783999919891357,1.478600025177002,47
2021-08-19,1.4975999593734741,1.4975999593734741,1.4983999729156494,1.482200026512146,1.482200026512146,56
2021-08-20,1.5032999515533447,1.5032999515533447,1.5115000009536743,1.4993000030517578,1.5019999742507935,319
2021-08-23,1.486299991607666,1.486299991607666,1.4977999925613403,1.4859999418258667,1.4975999593734741,281
2021-08-24,1.4810999631881714,1.4810999631881714,1.486299991607666,1.4808000326156616,1.486299991607666,67
2021-08-25,1.4837000370025635,1.4837000370025635,1.4845000505447388,1.4808000326156616,1.4829000234603882,66
2021-08-26,1.4912999868392944,1.4912999868392944,1.4917000532150269,1.4845000505447388,1.4845000505447388,29
2021-08-27,1.4888999462127686,1.4888999462127686,1.492900013923645,1.4888999462127686,1.4900000095367432,59
2021-08-30,1.4884999990463257,1.4884999990463257,1.488800048828125,1.4845999479293823,1.4884999990463257,105
2021-08-31,1.4895999431610107,1.4895999431610107,1.493499994277954,1.4875999689102173,1.4875999689102173,79
2021-09-01,1.4948999881744385,1.4948999881744385,1.4948999881744385,1.4865000247955322,1.4901000261306763,93
2021-09-02,1.4911999702453613,1.4911999702453613,1.4947999715805054,1.4903000593185425,1.4940999746322632,42
2021-09-03,1.4881999492645264,1.4881999492645264,1.48989999294281,1.4864000082015991,1.48989999294281,52
2021-09-07,1.4977999925613403,1.4977999925613403,1.4977999925613403,1.4883999824523926,1.4889999628067017,1030
2021-09-08,1.498900055885315,1.498900055885315,1.5049999952316284,1.4967000484466553,1.5002000331878662,4849
2021-09-09,1.496500015258789,1.496500015258789,1.5039000511169434,1.4943000078201294,1.501099944114685,464
2021-09-10,1.4957000017166138,1.4957000017166138,1.4957000017166138,1.4957000017166138,1.4957000017166138,189
2021-09-13,1.4946000576019287,1.4946000576019287,1.4946000576019287,1.4946000576019287,1.4946000576019287,458
2021-09-14,1.5006999969482422,1.5006999969482422,1.5012999773025513,1.4973000288009644,1.497499942779541,32
2021-09-15,1.495300054550171,1.495300054550171,1.503000020980835,1.4948999881744385,1.5020999908447266,198
2021-09-16,1.4930000305175781,1.4930000305175781,1.496500015258789,1.488800048828125,1.4941999912261963,234
2021-09-17,1.4976999759674072,1.4976999759674072,1.4990999698638916,1.492400050163269,1.492900013923645,138
2021-09-20,1.506700038909912,1.506700038909912,1.5119999647140503,1.4993000030517578,1.4993000030517578,101
2021-09-21,1.5048999786376953,1.5048999786376953,1.5077999830245972,1.4983999729156494,1.5012999773025513,228
2021-09-22,1.4967000484466553,1.4967000484466553,1.5041999816894531,1.4950000047683716,1.503600001335144,172
2021-09-23,1.4883999824523926,1.4883999824523926,1.4896999597549438,1.4859999418258667,1.4882999658584595,191
2021-09-24,1.48580002784729,1.48580002784729,1.4930000305175781,1.4843000173568726,1.4889999628067017,388
2021-09-27,1.4789999723434448,1.4789999723434448,1.4850000143051147,1.4783999919891357,1.4839999675750732,516
2021-09-28,1.4829000234603882,1.4829000234603882,1.4859999418258667,1.4769999980926514,1.4775999784469604,325
2021-09-29,1.4810999631881714,1.4810999631881714,1.4846999645233154,1.4801000356674194,1.4829000234603882,78
2021-09-30,1.468500018119812,1.468500018119812,1.4788999557495117,1.4670000076293945,1.4788999557495117,332
2021-10-01,1.4675999879837036,1.4675999879837036,1.4769999980926514,1.4675999879837036,1.4700000286102295,244
2021-10-04,1.4644999504089355,1.4644999504089355,1.4696999788284302,1.4630000591278076,1.4677000045776367,170
2021-10-05,1.4607000350952148,1.4607000350952148,1.465499997138977,1.4575999975204468,1.4644999504089355,217
2021-10-06,1.4563000202178955,1.4563000202178955,1.4643000364303589,1.4563000202178955,1.4627000093460083,235
2021-10-07,1.4521000385284424,1.4521000385284424,1.458799958229065,1.4515999555587769,1.4567999839782715,312
2021-10-08,1.4443999528884888,1.4443999528884888,1.4524999856948853,1.4433000087738037,1.4520000219345093,350
2021-10-11,1.4443000555038452,1.4443000555038452,1.4457000494003296,1.4414000511169434,1.4449000358581543,113
2021-10-12,1.438599944114685,1.438599944114685,1.4457000494003296,1.4368000030517578,1.4443000555038452,277
2021-10-13,1.4428999423980713,1.4428999423980713,1.4448000192642212,1.4390000104904175,1.4398000240325928,353
2021-10-14,1.4362000226974487,1.4362000226974487,1.4433000087738037,1.4345999956130981,1.4433000087738037,185
2021-10-15,1.4388999938964844,1.4388999938964844,1.4388999938964844,1.4342000484466553,1.4362000226974487,83
2021-10-18,1.438599944114685,1.438599944114685,1.440000057220459,1.4351999759674072,1.4362000226974487,178
2021-10-19,1.4400999546051025,1.4400999546051025,1.4416999816894531,1.4371000528335571,1.4388999938964844,108
2021-10-20,1.437000036239624,1.437000036239624,1.4400999546051025,1.4362000226974487,1.4399000406265259,91
2021-10-21,1.4404000043869019,1.4404000043869019,1.44159996509552,1.4354000091552734,1.437399983406067,90
2021-10-22,1.440500020980835,1.440500020980835,1.4419000148773193,1.4350999593734741,1.4393999576568604,111
2021-10-25,1.4395999908447266,1.4395999908447266,1.4420000314712524,1.4354000091552734,1.4417999982833862,163
2021-10-26,1.4378000497817993,1.4378000497817993,1.4385000467300415,1.4352999925613403,1.4372999668121338,58
2021-10-27,1.434399962425232,1.434399962425232,1.4455000162124634,1.4312000274658203,1.438099980354309,360
2021-10-28,1.444000005722046,1.444000005722046,1.444100022315979,1.434399962425232,1.4372999668121338,338
2021-10-29,1.4316999912261963,1.4316999912261963,1.444599986076355,1.43149995803833,1.4434000253677368,284
2021-11-01,1.436900019645691,1.436900019645691,1.4371000528335571,1.43149995803833,1.4321999549865723,51
2021-11-02,1.438099980354309,1.438099980354309,1.4407999515533447,1.4371000528335571,1.4393999576568604,110
2021-11-03,1.440000057220459,1.440000057220459,1.4407000541687012,1.438099980354309,1.440000057220459,113
2021-11-04,1.440600037574768,1.440600037574768,1.440600037574768,1.4341000318527222,1.4359999895095825,204
2021-11-05,1.440000057220459,1.440000057220459,1.4412000179290771,1.4349000453948975,1.4412000179290771,280
2021-11-08,1.4433000087738037,1.4433000087738037,1.4443000555038452,1.4400999546051025,1.4400999546051025,73
2021-11-09,1.4428999423980713,1.4428999423980713,1.4463000297546387,1.4414000511169434,1.4416999816894531,183
2021-11-10,1.4359999895095825,1.4359999895095825,1.4428000450134277,1.4318000078201294,1.4428000450134277,277
2021-11-11,1.4407000541687012,1.4407000541687012,1.4443999528884888,1.4349000453948975,1.434999942779541,347
2021-11-12,1.437399983406067,1.437399983406067,1.4426000118255615,1.4365999698638916,1.4419000148773193,192
2021-11-15,1.4251999855041504,1.4251999855041504,1.437399983406067,1.42330002784729,1.4371000528335571,136
2021-11-16,1.4220000505447388,1.4220000505447388,1.4254000186920166,1.4220000505447388,1.4235999584197998,196
2021-11-17,1.4279999732971191,1.4279999732971191,1.4291000366210938,1.4200999736785889,1.4220000505447388,122
2021-11-18,1.433500051498413,1.433500051498413,1.4359999895095825,1.4285999536514282,1.4293999671936035,326
2021-11-19,1.429800033569336,1.429800033569336,1.429900050163269,1.4253000020980835,1.4285999536514282,215
2021-11-22,1.4270000457763672,1.4270000457763672,1.4294999837875366,1.4250999689102173,1.426300048828125,44
2021-11-23,1.42739999294281,1.42739999294281,1.4342000484466553,1.4256999492645264,1.4280999898910522,117
2021-11-24,1.4194999933242798,1.4194999933242798,1.4270000457763672,1.4175000190734863,1.426200032234192,110
2021-11-26,1.4444999694824219,1.4444999694824219,1.4472999572753906,1.4185999631881714,1.4194999933242798,416
2021-11-29,1.4400999546051025,1.4400999546051025,1.4422999620437622,1.434999942779541,1.4390000104904175,152
2021-11-30,1.448099970817566,1.448099970817566,1.4551000595092773,1.442199945449829,1.4459999799728394,682
2021-12-01,1.4502999782562256,1.4502999782562256,1.4502999782562256,1.4430999755859375,1.448099970817566,222
2021-12-02,1.4478000402450562,1.4478000402450562,1.455199956893921,1.4473999738693237,1.4474999904632568,496
2021-12-03,1.4523999691009521,1.4523999691009521,1.4524999856948853,1.440600037574768,1.4478000402450562,163
2021-12-06,1.440500020980835,1.440500020980835,1.4514000415802002,1.4392999410629272,1.451300024986267,836
2021-12-07,1.4246000051498413,1.4246000051498413,1.4329999685287476,1.4213999509811401,1.4328999519348145,397
2021-12-08,1.436900019645691,1.436900019645691,1.436900019645691,1.424399971961975,1.4254000186920166,4106
2021-12-09,1.4357999563217163,1.4357999563217163,1.4359999895095825,1.434499979019165,1.4355000257492065,2351
2021-12-10,1.4399000406265259,1.4399000406265259,1.4399000406265259,1.4315999746322632,1.434999942779541,418
2021-12-13,1.4417999982833862,1.4417999982833862,1.4417999982833862,1.4366999864578247,1.4366999864578247,59
2021-12-14,1.4502999782562256,1.4502999782562256,1.454800009727478,1.4469000101089478,1.4469000101089478,65
2021-12-15,1.4539999961853027,1.4539999961853027,1.4574999809265137,1.4507999420166016,1.45169997215271,337
2021-12-16,1.452299952507019,1.452299952507019,1.4550000429153442,1.4459999799728394,1.451200008392334,339
2021-12-17,1.4522000551223755,1.4522000551223755,1.454699993133545,1.4496999979019165,1.4529999494552612,52
2021-12-20,1.4629000425338745,1.4629000425338745,1.4678000211715698,1.4520000219345093,1.4521000385284424,341
2021-12-21,1.4608999490737915,1.4608999490737915,1.4657000303268433,1.4608999490737915,1.4629000425338745,45
2021-12-22,1.458299994468689,1.458299994468689,1.4608999490737915,1.4572999477386475,1.4593000411987305,9
2021-12-23,1.4543999433517456,1.4543999433517456,1.4571000337600708,1.4531999826431274,1.4571000337600708,176
2021-12-27,1.4520000219345093,1.4520000219345093,1.4550000429153442,1.4501999616622925,1.4534000158309937,169
2021-12-28,1.451200008392334,1.451200008392334,1.4529000520706177,1.4508999586105347,1.4523999691009521,4
2021-12-29,1.4539999961853027,1.4539999961853027,1.4577000141143799,1.4500000476837158,1.4523999691009521,284
2021-12-30,1.4458999633789062,1.4458999633789062,1.4523999691009521,1.445099949836731,1.4523999691009521,235
2021-12-31,1.4423999786376953,1.4423999786376953,1.4443999528884888,1.4391000270843506,1.4436999559402466,99
2022-01-03,1.4422999620437622,1.4422999620437622,1.4457000494003296,1.4385000467300415,1.4385000467300415,32
2022-01-04,1.436400055885315,1.436400055885315,1.4424999952316284,1.4350999593734741,1.4390000104904175,142
2022-01-05,1.444700002670288,1.444700002670288,1.4456000328063965,1.4345999956130981,1.4345999956130981,166
2022-01-06,1.4388999938964844,1.4388999938964844,1.4495999813079834,1.4386999607086182,1.4455000162124634,86
2022-01-07,1.4377000331878662,1.4377000331878662,1.4420000314712524,1.4371999502182007,1.4417999982833862,199
2022-01-10,1.4378000497817993,1.4378000497817993,1.438099980354309,1.4321999549865723,1.4378999471664429,297
2022-01-11,1.4323999881744385,1.4323999881744385,1.4347000122070312,1.4322999715805054,1.4347000122070312,156
2022-01-12,1.4332000017166138,1.4332000017166138,1.433899998664856,1.426900029182434,1.4296000003814697,57
2022-01-13,1.4332000017166138,1.4332000017166138,1.4351999759674072,1.43149995803833,1.43340003490448,65
2022-01-14,1.4358999729156494,1.4358999729156494,1.4371999502182007,1.4323999881744385,1.4371999502182007,289
2022-01-18,1.4184000492095947,1.4184000492095947,1.4325000047683716,1.4184000492095947,1.4325000047683716,394
2022-01-19,1.4194999933242798,1.4194999933242798,1.4222999811172485,1.4157999753952026,1.4184000492095947,694
2022-01-20,1.4127000570297241,1.4127000570297241,1.4226000308990479,1.4127000570297241,1.4217000007629395,182
2022-01-21,1.4278000593185425,1.4278000593185425,1.4294999837875366,1.4180999994277954,1.4189000129699707,332
2022-01-24,1.433500051498413,1.433500051498413,1.4385000467300415,1.4247000217437744,1.4279999732971191,377
2022-01-25,1.4259999990463257,1.4259999990463257,1.43340003490448,1.4257999658584595,1.4332000017166138,239
2022-01-26,1.4258999824523926,1.4258999824523926,1.4293999671936035,1.419600009918213,1.4234999418258667,214
2022-01-27,1.4213000535964966,1.4213000535964966,1.4261000156402588,1.4144999980926514,1.4249999523162842,556
2022-01-28,1.4263999462127686,1.4263999462127686,1.4277000427246094,1.4198999404907227,1.4198999404907227,103
2022-01-31,1.4291000366210938,1.4291000366210938,1.4300999641418457,1.4221999645233154,1.4223999977111816,320
2022-02-01,1.4305000305175781,1.4305000305175781,1.433899998664856,1.4282000064849854,1.4287999868392944,143
2022-02-02,1.433899998664856,1.433899998664856,1.4368000030517578,1.4329999685287476,1.434000015258789,137
2022-02-03,1.450700044631958,1.450700044631958,1.45169997215271,1.433500051498413,1.4357999563217163,247
2022-02-04,1.461300015449524,1.461300015449524,1.464400053024292,1.4532999992370605,1.4534000158309937,282
2022-02-07,1.4502999782562256,1.4502999782562256,1.461300015449524,1.4493999481201172,1.461300015449524,184
2022-02-08,1.452299952507019,1.452299952507019,1.4526000022888184,1.4465999603271484,1.4502999782562256,138
2022-02-09,1.4496999979019165,1.4496999979019165,1.4529000520706177,1.4495999813079834,1.45169997215271,133
2022-02-10,1.4570000171661377,1.4570000171661377,1.4570000171661377,1.4490000009536743,1.4493000507354736,54
2022-02-11,1.4452999830245972,1.4452999830245972,1.4508999586105347,1.4437999725341797,1.4507999420166016,56
2022-02-14,1.4393999576568604,1.4393999576568604,1.447100043296814,1.4388999938964844,1.4470000267028809,300
2022-02-15,1.4472999572753906,1.4472999572753906,1.4508999586105347,1.4429999589920044,1.4429999589920044,73
2022-02-16,1.4448000192642212,1.4448000192642212,1.4457000494003296,1.440600037574768,1.444000005722046,93
2022-02-17,1.4437999725341797,1.4437999725341797,1.4450000524520874,1.4429999589920044,1.444599986076355,26
2022-02-18,1.4449000358581543,1.4449000358581543,1.4449000358581543,1.442199945449829,1.44350004196167,32
2022-02-22,1.4464000463485718,1.4464000463485718,1.4490000009536743,1.4433000087738037,1.4472999572753906,89
2022-02-23,1.4408999681472778,1.4408999681472778,1.44350004196167,1.4394999742507935,1.44350004196167,42
2022-02-24,1.4342999458312988,1.4342999458312988,1.4397000074386597,1.430400013923645,1.4347000122070312,359
2022-02-25,1.4325000047683716,1.4325000047683716,1.4377000331878662,1.4323999881744385,1.4333000183105469,142
2022-02-28,1.4242000579833984,1.4242000579833984,1.4300999641418457,1.4217000007629395,1.4255000352859497,254
2022-03-01,1.4177000522613525,1.4177000522613525,1.4213999509811401,1.4106999635696411,1.420199990272522,444
2022-03-02,1.4076999425888062,1.4076999425888062,1.4177000522613525,1.4039000272750854,1.4177000522613525,416
2022-03-03,1.4026999473571777,1.4026999473571777,1.405500054359436,1.3983999490737915,1.4052000045776367,183
2022-03-04,1.3904999494552612,1.3904999494552612,1.4038000106811523,1.3904999494552612,1.3977999687194824,394
2022-03-07,1.38919997215271,1.38919997215271,1.3940999507904053,1.3773000240325928,1.3866000175476074,787
2022-03-08,1.4061000347137451,1.4061000347137451,1.4098000526428223,1.3916000127792358,1.3916000127792358,1195
2022-03-09,1.4213999509811401,1.4213999509811401,1.4213999509811401,1.404099941253662,1.404099941253662,3028
2022-03-10,1.4016000032424927,1.4016000032424927,1.419100046157837,1.4016000032424927,1.4141000509262085,2673
2022-03-11,1.3877999782562256,1.3877999782562256,1.4036999940872192,1.3877999782562256,1.4036999940872192,477
2022-03-14,1.3995000123977661,1.3995000123977661,1.3995000123977661,1.3995000123977661,1.3995000123977661,81
2022-03-15,1.402999997138977,1.402999997138977,1.4186999797821045,1.402400016784668,1.4184999465942383,189
2022-03-16,1.4042999744415283,1.4042999744415283,1.4067000150680542,1.4005000591278076,1.4045000076293945,61
2022-03-17,1.4077999591827393,1.4077999591827393,1.409999966621399,1.4012999534606934,1.4043999910354614,228
2022-03-18,1.3966000080108643,1.3966000080108643,1.4069000482559204,1.3947999477386475,1.4067000150680542,261
2022-03-21,1.3916000127792358,1.3916000127792358,1.3975000381469727,1.3913999795913696,1.3966000080108643,239
2022-03-22,1.3911999464035034,1.3911999464035034,1.3947999477386475,1.3877999782562256,1.3897000551223755,161
2022-03-23,1.3875000476837158,1.3875000476837158,1.3912999629974365,1.3832000494003296,1.3912999629974365,117
2022-03-24,1.3840999603271484,1.3840999603271484,1.3870999813079834,1.3803000450134277,1.3870999813079834,514
2022-03-25,1.3746999502182007,1.3746999502182007,1.3874000310897827,1.3746000528335571,1.3823000192642212,264
2022-03-28,1.3804999589920044,1.3804999589920044,1.3860000371932983,1.371500015258789,1.3746999502182007,298
2022-03-29,1.3898999691009521,1.3898999691009521,1.3960000276565552,1.3797999620437622,1.3803000450134277,412
2022-03-30,1.3969000577926636,1.3969000577926636,1.3991999626159668,1.3911999464035034,1.3918999433517456,313
2022-03-31,1.3858000040054321,1.3858000040054321,1.4019999504089355,1.3853000402450562,1.4004000425338745,739
2022-04-01,1.385200023651123,1.385200023651123,1.388800024986267,1.3831000328063965,1.3880000114440918,449
2022-04-04,1.373900055885315,1.373900055885315,1.3880000114440918,1.3733999729156494,1.3880000114440918,121
2022-04-05,1.3638999462127686,1.3638999462127686,1.3743000030517578,1.3632999658584595,1.3743000030517578,801
2022-04-06,1.36899995803833,1.36899995803833,1.3707000017166138,1.3658000230789185,1.3658000230789185,337
2022-04-07,1.3722000122070312,1.3722000122070312,1.3788000345230103,1.3691999912261963,1.3720999956130981,447
2022-04-08,1.3717999458312988,1.3717999458312988,1.3732999563217163,1.3701000213623047,1.3705999851226807,213
2022-04-11,1.3782999515533447,1.3782999515533447,1.3796000480651855,1.3747999668121338,1.375499963760376,112
2022-04-12,1.371899962425232,1.371899962425232,1.3797999620437622,1.3707000017166138,1.3766000270843506,263
2022-04-13,1.3717000484466553,1.3717000484466553,1.3753999471664429,1.3702000379562378,1.3738000392913818,732
2022-04-14,1.3690999746322632,1.3690999746322632,1.3743000030517578,1.3600000143051147,1.3733999729156494,177
2022-04-18,1.3640999794006348,1.3640999794006348,1.3674999475479126,1.3626999855041504,1.3671000003814697,210
2022-04-19,1.3658000230789185,1.3658000230789185,1.3675999641418457,1.357800006866455,1.3579000234603882,62
2022-04-20,1.3592000007629395,1.3592000007629395,1.3660999536514282,1.357100009918213,1.3658000230789185,271
2022-04-21,1.3666000366210938,1.3666000366210938,1.3666000366210938,1.3615000247955322,1.3641999959945679,61
2022-04-22,1.3753999471664429,1.3753999471664429,1.3770999908447266,1.3695000410079956,1.3707000017166138,165
2022-04-25,1.3665000200271606,1.3665000200271606,1.3777999877929688,1.3659000396728516,1.3777999877929688,94
2022-04-26,1.3657000064849854,1.3657000064849854,1.3717000484466553,1.3634999990463257,1.36489999294281,79
2022-04-27,1.358199954032898,1.358199954032898,1.3651000261306763,1.3559999465942383,1.3646999597549438,110
2022-04-28,1.3481999635696411,1.3481999635696411,1.358199954032898,1.346500039100647,1.358199954032898,192
2022-04-29,1.3592000007629395,1.3592000007629395,1.3601000308990479,1.3424999713897705,1.3481999635696411,253
2022-05-02,1.3569999933242798,1.3569999933242798,1.3623000383377075,1.3555999994277954,1.3596999645233154,81
2022-05-03,1.3545000553131104,1.3545000553131104,1.3617000579833984,1.3539999723434448,1.3544000387191772,232
2022-05-04,1.3561999797821045,1.3561999797821045,1.3561999797821045,1.3518999814987183,1.3518999814987183,53
2022-05-05,1.3543000221252441,1.3543000221252441,1.3561999797821045,1.3502000570297241,1.354699969291687,37
2022-05-06,1.3634999990463257,1.3634999990463257,1.3659000396728516,1.3513000011444092,1.3513000011444092,53
2022-05-09,1.374500036239624,1.374500036239624,1.3753999471664429,1.3634999990463257,1.3634999990463257,27
2022-05-10,1.3738000392913818,1.3738000392913818,1.3782999515533447,1.3717999458312988,1.3777999877929688,381
2022-05-11,1.3691999912261963,1.3691999912261963,1.371500015258789,1.3672000169754028,1.371000051498413,483
2022-05-12,1.357800006866455,1.357800006866455,1.3711999654769897,1.3558000326156616,1.3695000410079956,93
2022-05-13,1.3473000526428223,1.3473000526428223,1.353700041770935,1.3461999893188477,1.353700041770935,179
2022-05-16,1.3418999910354614,1.3418999910354614,1.3502000570297241,1.3417999744415283,1.3495999574661255,44
2022-05-17,1.3544000387191772,1.3544000387191772,1.3545000553131104,1.350100040435791,1.350100040435791,175
2022-05-18,1.3504999876022339,1.3504999876022339,1.353700041770935,1.3476999998092651,1.353700041770935,229
2022-05-19,1.3579000234603882,1.3579000234603882,1.3587000370025635,1.3478000164031982,1.3502999544143677,80
2022-05-20,1.356600046157837,1.356600046157837,1.3573999404907227,1.3529000282287598,1.3573999404907227,22
2022-05-23,1.3681000471115112,1.3681000471115112,1.3681000471115112,1.357699990272522,1.357699990272522,30
2022-05-24,1.3779000043869019,1.3779000043869019,1.3813999891281128,1.3681000471115112,1.3681000471115112,208
2022-05-25,1.3703999519348145,1.3703999519348145,1.3779000043869019,1.3688000440597534,1.3779000043869019,252
2022-05-26,1.3702000379562378,1.3702000379562378,1.375599980354309,1.3700000047683716,1.3700000047683716,144
2022-05-27,1.3667000532150269,1.3667000532150269,1.367900013923645,1.3658000230789185,1.367900013923645,15
2022-05-31,1.3585000038146973,1.3585000038146973,1.367799997329712,1.3517999649047852,1.3675999641418457,231
2022-06-01,1.3466999530792236,1.3466999530792236,1.3589999675750732,1.3466999530792236,1.3589999675750732,75
2022-06-02,1.3513000011444092,1.3513000011444092,1.354099988937378,1.3503999710083008,1.3503999710083008,183
2022-06-03,1.3497999906539917,1.3497999906539917,1.3525999784469604,1.3481999635696411,1.3517999649047852,50
2022-06-06,1.3447999954223633,1.3447999954223633,1.3499000072479248,1.3443000316619873,1.3499000072479248,241
2022-06-07,1.3417999744415283,1.3417999744415283,1.3453999757766724,1.3417999744415283,1.3453999757766724,751
2022-06-08,1.345900058746338,1.345900058746338,1.3461999893188477,1.3408000469207764,1.3408000469207764,2145
2022-06-09,1.3481999635696411,1.3481999635696411,1.354099988937378,1.3457000255584717,1.3472000360488892,2744
2022-06-10,1.3424999713897705,1.3424999713897705,1.3424999713897705,1.3424999713897705,1.3424999713897705,231
2022-06-13,1.3414000272750854,1.3414000272750854,1.3414000272750854,1.3414000272750854,1.3414000272750854,424
2022-06-14,1.3585000038146973,1.3585000038146973,1.36080002784729,1.3523000478744507,1.3523000478744507,298
2022-06-15,1.3581000566482544,1.3581000566482544,1.3695000410079956,1.3550000190734863,1.358299970626831,290
2022-06-16,1.3759000301361084,1.3759000301361084,1.3759000301361084,1.3543000221252441,1.3543000221252441,380
2022-06-17,1.375100016593933,1.375100016593933,1.3763999938964844,1.3720999956130981,1.374500036239624,690
2022-06-21,1.3695000410079956,1.3695000410079956,1.3770999908447266,1.368299961090088,1.3752000331878662,313
2022-06-22,1.374899983406067,1.374899983406067,1.3797999620437622,1.368899941444397,1.36899995803833,204
2022-06-23,1.3760000467300415,1.3760000467300415,1.3783999681472778,1.367799997329712,1.3770999908447266,376
2022-06-24,1.3710999488830566,1.3710999488830566,1.376099944114685,1.3688000440597534,1.375100016593933,277
2022-06-27,1.37090003490448,1.37090003490448,1.374400019645691,1.3665000200271606,1.3674999475479126,46
2022-06-28,1.3619999885559082,1.3619999885559082,1.3686000108718872,1.3595999479293823,1.3686000108718872,321
2022-06-29,1.3538999557495117,1.3538999557495117,1.3632999658584595,1.353600025177002,1.3624999523162842,222
2022-06-30,1.3561999797821045,1.3561999797821045,1.3567999601364136,1.348099946975708,1.3567999601364136,304
2022-07-01,1.350600004196167,1.350600004196167,1.3593000173568726,1.3489999771118164,1.3561999797821045,179
2022-07-05,1.345900058746338,1.345900058746338,1.351099967956543,1.3378000259399414,1.3499000072479248,517
2022-07-06,1.3348000049591064,1.3348000049591064,1.3446999788284302,1.3319000005722046,1.3446999788284302,760
2022-07-07,1.3250999450683594,1.3250999450683594,1.3352999687194824,1.3243999481201172,1.3352999687194824,926
2022-07-08,1.3248000144958496,1.3248000144958496,1.326200008392334,1.3200000524520874,1.3250999450683594,306
2022-07-11,1.3134000301361084,1.3134000301361084,1.323799967765808,1.3134000301361084,1.323799967765808,229
2022-07-12,1.312999963760376,1.312999963760376,1.3171000480651855,1.3105000257492065,1.3134000301361084,471
2022-07-13,1.3115999698638916,1.3115999698638916,1.3178000450134277,1.3043999671936035,1.3127000331878662,677
2022-07-14,1.3210999965667725,1.3210999965667725,1.3251999616622925,1.3082000017166138,1.3122999668121338,310
2022-07-15,1.320199966430664,1.320199966430664,1.3221999406814575,1.3177000284194946,1.3217999935150146,208
2022-07-18,1.322700023651123,1.322700023651123,1.3243999481201172,1.3186999559402466,1.319599986076355,89
2022-07-19,1.3241000175476074,1.3241000175476074,1.3345999717712402,1.320199966430664,1.320199966430664,176
2022-07-20,1.3169000148773193,1.3169000148773193,1.3259999752044678,1.3169000148773193,1.3234000205993652,244
2022-07-21,1.3199000358581543,1.3199000358581543,1.330299973487854,1.31850004196167,1.31850004196167,140
2022-07-22,1.3229000568389893,1.3229000568389893,1.323199987411499,1.3108999729156494,1.3187999725341797,251
2022-07-25,1.3183000087738037,1.3183000087738037,1.3273999691009521,1.3171000480651855,1.3250999450683594,333
2022-07-26,1.3105000257492065,1.3105000257492065,1.3206000328063965,1.3083000183105469,1.319100022315979,304
2022-07-27,1.3142000436782837,1.3142000436782837,1.3142000436782837,1.3079999685287476,1.309000015258789,236
2022-07-28,1.3098000288009644,1.3098000288009644,1.3145999908447266,1.3028000593185425,1.3145999908447266,199
2022-07-29,1.3140000104904175,1.3140000104904175,1.31850004196167,1.3082000017166138,1.3098000288009644,525
2022-08-01,1.3217999935150146,1.3217999935150146,1.323199987411499,1.3122999668121338,1.3131999969482422,823
2022-08-02,1.3125,1.3125,1.3259999752044678,1.3125,1.3229999542236328,319
2022-08-03,1.3085999488830566,1.3085999488830566,1.3151999711990356,1.30840003490448,1.3127000331878662,174
2022-08-04,1.3212000131607056,1.3212000131607056,1.3214999437332153,1.3097000122070312,1.3106000423431396,227
2022-08-05,1.3207999467849731,1.3207999467849731,1.322700023651123,1.3180999755859375,1.3215999603271484,144
2022-08-08,1.3144999742507935,1.3144999742507935,1.320199966430664,1.3142999410629272,1.3188999891281128,59
2022-08-09,1.319599986076355,1.319599986076355,1.3224999904632568,1.3158999681472778,1.3158999681472778,222
2022-08-10,1.3207999467849731,1.3207999467849731,1.3295999765396118,1.3187999725341797,1.319599986076355,99
2022-08-11,1.3208999633789062,1.3208999633789062,1.3248000144958496,1.3188999891281128,1.3198000192642212,61
2022-08-12,1.3148000240325928,1.3148000240325928,1.3180999755859375,1.3142000436782837,1.3151999711990356,222
2022-08-15,1.3143999576568604,1.3143999576568604,1.323699951171875,1.3140000104904175,1.3140000104904175,45
2022-08-16,1.3095999956130981,1.3095999956130981,1.3144999742507935,1.3095999956130981,1.3131999969482422,243
2022-08-17,1.3169000148773193,1.3169000148773193,1.3187999725341797,1.3134000301361084,1.3134000301361084,37
2022-08-18,1.3087999820709229,1.3087999820709229,1.3181999921798706,1.308500051498413,1.3181999921798706,95
2022-08-19,1.306399941444397,1.306399941444397,1.3116999864578247,1.3063000440597534,1.3091000318527222,44
2022-08-22,1.299299955368042,1.299299955368042,1.3063000440597534,1.297700047492981,1.3056999444961548,264
2022-08-23,1.2940000295639038,1.2940000295639038,1.2985999584197998,1.2937999963760376,1.2985999584197998,247
2022-08-24,1.2950999736785889,1.2950999736785889,1.297700047492981,1.2924000024795532,1.2940000295639038,49
2022-08-25,1.292099952697754,1.292099952697754,1.2970999479293823,1.291200041770935,1.2970999479293823,60
2022-08-26,1.3001999855041504,1.3001999855041504,1.3035000562667847,1.2929999828338623,1.2929999828338623,276
2022-08-29,1.3014999628067017,1.3014999628067017,1.3065999746322632,1.3006999492645264,1.3007999658584595,114
2022-08-30,1.3149000406265259,1.3149000406265259,1.3149000406265259,1.3025000095367432,1.3035000562667847,85
2022-08-31,1.3199000358581543,1.3199000358581543,1.3199000358581543,1.3106000423431396,1.3142000436782837,379
2022-09-01,1.3111000061035156,1.3111000061035156,1.325600028038025,1.309999942779541,1.3207000494003296,147
2022-09-02,1.3095999956130981,1.3095999956130981,1.3158999681472778,1.3086999654769897,1.313099980354309,352
2022-09-06,1.3044999837875366,1.3044999837875366,1.3105000257492065,1.299399971961975,1.304900050163269,328
2022-09-07,1.313099980354309,1.313099980354309,1.3145999908447266,1.3039000034332275,1.3039000034332275,152
2022-09-08,1.3097000122070312,1.3097000122070312,1.3152999877929688,1.3082000017166138,1.3136999607086182,1787
2022-09-09,1.3095999956130981,1.3095999956130981,1.311900019645691,1.3069000244140625,1.3098000288009644,112
2022-09-12,1.3148000240325928,1.3148000240325928,1.3234000205993652,1.3121999502182007,1.3152999877929688,331
2022-09-13,1.312999963760376,1.312999963760376,1.3207000494003296,1.3109999895095825,1.3150999546051025,911
2022-09-14,1.315500020980835,1.315500020980835,1.319200038909912,1.3147000074386597,1.315000057220459,2790
2022-09-15,1.3215999603271484,1.3215999603271484,1.3224999904632568,1.313599944114685,1.3142999410629272,215
2022-09-16,1.3291000127792358,1.3291000127792358,1.3291000127792358,1.3291000127792358,1.3291000127792358,9
2022-09-19,1.3289999961853027,1.3289999961853027,1.3289999961853027,1.3282999992370605,1.3282999992370605,44
2022-09-20,1.3411999940872192,1.3411999940872192,1.3420000076293945,1.3350000381469727,1.3375999927520752,122
2022-09-21,1.3324999809265137,1.3324999809265137,1.3352999687194824,1.3274999856948853,1.3350000381469727,265
2022-09-22,1.3348000049591064,1.3348000049591064,1.339400053024292,1.3344999551773071,1.336300015449524,204
2022-09-23,1.3243999481201172,1.3243999481201172,1.3310999870300293,1.3243999481201172,1.3310999870300293,403
2022-09-26,1.329300045967102,1.329300045967102,1.3348000049591064,1.3114999532699585,1.3140000104904175,227
2022-09-27,1.3238999843597412,1.3238999843597412,1.3288999795913696,1.3238999843597412,1.326799988746643,30
2022-09-28,1.3342000246047974,1.3342000246047974,1.3342000246047974,1.320099949836731,1.3242000341415405,162
2022-09-29,1.350100040435791,1.350100040435791,1.350100040435791,1.3293999433517456,1.3305000066757202,462
2022-09-30,1.3622000217437744,1.3622000217437744,1.3624000549316406,1.3451000452041626,1.3502000570297241,457
2022-10-03,1.3456000089645386,1.3456000089645386,1.3579000234603882,1.343999981880188,1.3579000234603882,213
2022-10-04,1.357200026512146,1.357200026512146,1.3633999824523926,1.3513000011444092,1.3513000011444092,405
2022-10-05,1.3531999588012695,1.3531999588012695,1.3554999828338623,1.3523000478744507,1.3552000522613525,38
2022-10-06,1.3535000085830688,1.3535000085830688,1.357800006866455,1.3535000085830688,1.354099988937378,45
2022-10-07,1.3431999683380127,1.3431999683380127,1.3530999422073364,1.3417999744415283,1.3529000282287598,422
2022-10-10,1.3423999547958374,1.3423999547958374,1.344499945640564,1.3371000289916992,1.3422000408172607,236
2022-10-11,1.347000002861023,1.347000002861023,1.3515000343322754,1.3452999591827393,1.351199984550476,373
2022-10-12,1.347100019454956,1.347100019454956,1.3480000495910645,1.3418999910354614,1.3480000495910645,451
2022-10-13,1.3494999408721924,1.3494999408721924,1.354200005531311,1.3458000421524048,1.3458000421524048,408
2022-10-14,1.3568999767303467,1.3568999767303467,1.3593000173568726,1.3486000299453735,1.3486000299453735,76
2022-10-17,1.3568999767303467,1.3568999767303467,1.3568999767303467,1.3503999710083008,1.353700041770935,42
2022-10-18,1.3626999855041504,1.3626999855041504,1.3645000457763672,1.3555999994277954,1.3568999767303467,220
2022-10-19,1.351699948310852,1.351699948310852,1.3586000204086304,1.3503999710083008,1.3586000204086304,515
2022-10-20,1.3533999919891357,1.3533999919891357,1.3533999919891357,1.346500039100647,1.3513000011444092,13
2022-10-21,1.3508000373840332,1.3508000373840332,1.3529000282287598,1.3496999740600586,1.3515000343322754,77
2022-10-24,1.360200047492981,1.360200047492981,1.3633999824523926,1.3507000207901,1.351199984550476,212
2022-10-25,1.361799955368042,1.361799955368042,1.363700032234192,1.357300043106079,1.3595999479293823,79
2022-10-26,1.3723000288009644,1.3723000288009644,1.3758000135421753,1.3595999479293823,1.3596999645233154,409
2022-10-27,1.3559999465942383,1.3559999465942383,1.3726999759674072,1.3549000024795532,1.3723000288009644,203
2022-10-28,1.3592000007629395,1.3592000007629395,1.3595000505447388,1.3566999435424805,1.3566999435424805,41
2022-10-31,1.3518999814987183,1.3518999814987183,1.36080002784729,1.350100040435791,1.3589999675750732,201
2022-11-01,1.3502999544143677,1.3502999544143677,1.3532999753952026,1.3490999937057495,1.3490999937057495,157
2022-11-02,1.3525999784469604,1.3525999784469604,1.355299949645996,1.350100040435791,1.350100040435791,162
2022-11-03,1.3425999879837036,1.3425999879837036,1.3496999740600586,1.3424999713897705,1.3494000434875488,129
2022-11-04,1.3443000316619873,1.3443000316619873,1.3459999561309814,1.3325999975204468,1.339400053024292,229
2022-11-07,1.3566999435424805,1.3566999435424805,1.357100009918213,1.346500039100647,1.346500039100647,330
2022-11-08,1.357800006866455,1.357800006866455,1.357800006866455,1.3517999649047852,1.3557000160217285,188
2022-11-09,1.357200026512146,1.357200026512146,1.3575999736785889,1.3516000509262085,1.354599952697754,211
2022-11-10,1.3624000549316406,1.3624000549316406,1.3631999492645264,1.3494000434875488,1.3580000400543213,95
2022-11-11,1.3760000467300415,1.3760000467300415,1.3768999576568604,1.3626999855041504,1.3626999855041504,110
2022-11-14,1.3791999816894531,1.3791999816894531,1.3791999816894531,1.3696999549865723,1.374400019645691,270
2022-11-15,1.3797999620437622,1.3797999620437622,1.3895000219345093,1.375499963760376,1.3767999410629272,342
2022-11-16,1.3882999420166016,1.3882999420166016,1.3899999856948853,1.378000020980835,1.378000020980835,179
2022-11-17,1.3842999935150146,1.3842999935150146,1.388200044631958,1.3813999891281128,1.3874000310897827,174
2022-11-18,1.3849999904632568,1.3849999904632568,1.3882999420166016,1.3833999633789062,1.3833999633789062,22
2022-11-21,1.3796000480651855,1.3796000480651855,1.3848999738693237,1.3767999410629272,1.3773000240325928,322
2022-11-22,1.3803999423980713,1.3803999423980713,1.3803999423980713,1.3776999711990356,1.3799999952316284,158
2022-11-23,1.3918999433517456,1.3918999433517456,1.3918999433517456,1.382200002670288,1.3847999572753906,374
2022-11-25,1.3942999839782715,1.3942999839782715,1.3942999839782715,1.3884999752044678,1.391800045967102,191
2022-11-28,1.3967000246047974,1.3967000246047974,1.4098999500274658,1.392799973487854,1.3931000232696533,190
2022-11-29,1.4048999547958374,1.4048999547958374,1.414199948310852,1.3912999629974365,1.3950999975204468,420
2022-11-30,1.4012000560760498,1.4012000560760498,1.4063999652862549,1.3964999914169312,1.4063999652862549,62
2022-12-01,1.4140000343322754,1.4140000343322754,1.4140000343322754,1.4023000001907349,1.4023000001907349,505
2022-12-02,1.419700026512146,1.419700026512146,1.419700026512146,1.4112999439239502,1.4157999753952026,262
2022-12-05,1.427899956703186,1.427899956703186,1.427899956703186,1.4149999618530273,1.419700026512146,640
2022-12-06,1.4311000108718872,1.4311000108718872,1.436400055885315,1.426300048828125,1.427899956703186,555
2022-12-07,1.4364999532699585,1.4364999532699585,1.4407000541687012,1.4290000200271606,1.430299997329712,742
2022-12-08,1.4356000423431396,1.4356000423431396,1.4395999908447266,1.431399941444397,1.4371999502182007,219
2022-12-09,1.438099980354309,1.438099980354309,1.4426000118255615,1.436400055885315,1.4371999502182007,336
2022-12-12,1.4362000226974487,1.4362000226974487,1.4459999799728394,1.4362000226974487,1.4375,566
2022-12-13,1.4424999952316284,1.4424999952316284,1.4443000555038452,1.434000015258789,1.4363000392913818,1445
2022-12-14,1.4470000267028809,1.4470000267028809,1.4472999572753906,1.4420000314712524,1.4420000314712524,2897
2022-12-15,1.4519000053405762,1.4519000053405762,1.4557000398635864,1.44159996509552,1.4466999769210815,2152
2022-12-16,1.4515000581741333,1.4515000581741333,1.4535000324249268,1.4515000581741333,1.4523999691009521,36
2022-12-19,1.4485000371932983,1.4485000371932983,1.4485000371932983,1.4485000371932983,1.4485000371932983,46
2022-12-20,1.4537999629974365,1.4537999629974365,1.4580999612808228,1.4537999629974365,1.4537999629974365,76
2022-12-21,1.4526000022888184,1.4526000022888184,1.4564000368118286,1.4519000053405762,1.4536000490188599,36
2022-12-22,1.4536000490188599,1.4536000490188599,1.4560999870300293,1.4534000158309937,1.4539999961853027,157
2022-12-23,1.4520000219345093,1.4520000219345093,1.4529999494552612,1.4520000219345093,1.4529999494552612,2
2022-12-27,1.4466999769210815,1.4466999769210815,1.4494999647140503,1.4414000511169434,1.4494999647140503,111
2022-12-28,1.4505000114440918,1.4505000114440918,1.4514000415802002,1.443600058555603,1.4469000101089478,159
2022-12-29,1.4521000385284424,1.4521000385284424,1.4541000127792358,1.4484000205993652,1.4514000415802002,65
2022-12-30,1.454800009727478,1.454800009727478,1.4556000232696533,1.4486000537872314,1.451799988746643,69
2023-01-03,1.4500999450683594,1.4500999450683594,1.4570000171661377,1.440500020980835,1.4535000324249268,332
2023-01-04,1.4359999895095825,1.4359999895095825,1.4500999450683594,1.4356000423431396,1.4484000205993652,183
2023-01-05,1.434399962425232,1.434399962425232,1.4407000541687012,1.4341000318527222,1.4359999895095825,333
2023-01-06,1.4358999729156494,1.4358999729156494,1.4390000104904175,1.4299999475479126,1.432800054550171,215
2023-01-09,1.4428999423980713,1.4428999423980713,1.4438999891281128,1.4347000122070312,1.4371999502182007,305
2023-01-10,1.4466999769210815,1.4466999769210815,1.4470000267028809,1.4423999786376953,1.4428000450134277,36
2023-01-11,1.4500000476837158,1.4500000476837158,1.4524999856948853,1.4464000463485718,1.4466999769210815,43
2023-01-12,1.4541000127792358,1.4541000127792358,1.4541000127792358,1.4450000524520874,1.450600028038025,488
2023-01-13,1.4550000429153442,1.4550000429153442,1.4563000202178955,1.4521000385284424,1.4529000520706177,189
2023-01-17,1.4493999481201172,1.4493999481201172,1.4598000049591064,1.4493000507354736,1.4571000337600708,189
2023-01-18,1.4611999988555908,1.4611999988555908,1.4611999988555908,1.4479000568389893,1.4479000568389893,68
2023-01-19,1.461899995803833,1.461899995803833,1.4668999910354614,1.4595999717712402,1.461899995803833,203
2023-01-20,1.457200050354004,1.457200050354004,1.4645999670028687,1.4571000337600708,1.4627000093460083,134
2023-01-23,1.4580999612808228,1.4580999612808228,1.4631999731063843,1.4565000534057617,1.4573999643325806,178
2023-01-24,1.4585000276565552,1.4585000276565552,1.4586000442504883,1.4550000429153442,1.4565999507904053,46
2023-01-25,1.465000033378601,1.465000033378601,1.468000054359436,1.4572999477386475,1.4592000246047974,194
2023-01-26,1.455899953842163,1.455899953842163,1.4667999744415283,1.4536999464035034,1.4651999473571777,71
2023-01-27,1.4499000310897827,1.4499000310897827,1.454699993133545,1.4479999542236328,1.454699993133545,171
2023-01-30,1.455199956893921,1.455199956893921,1.4580999612808228,1.4520000219345093,1.4520000219345093,50
2023-01-31,1.4490000009536743,1.4490000009536743,1.4616999626159668,1.4490000009536743,1.4616999626159668,45
2023-02-01,1.4635000228881836,1.4635000228881836,1.4635000228881836,1.4494999647140503,1.4494999647140503,36
2023-02-02,1.4565000534057617,1.4565000534057617,1.4670000076293945,1.454699993133545,1.4660999774932861,250
2023-02-03,1.4498000144958496,1.4498000144958496,1.4630000591278076,1.4498000144958496,1.4556000232696533,60
2023-02-06,1.4448000192642212,1.4448000192642212,1.4500000476837158,1.4431999921798706,1.4500000476837158,64
2023-02-07,1.4404000043869019,1.4404000043869019,1.4423999786376953,1.4395999908447266,1.4423999786376953,82
2023-02-08,1.443600058555603,1.443600058555603,1.443600058555603,1.4395999908447266,1.4404000043869019,66
2023-02-09,1.4467999935150146,1.4467999935150146,1.448099970817566,1.4429999589920044,1.4429999589920044,188
2023-02-10,1.4265999794006348,1.4265999794006348,1.4428999423980713,1.4265999794006348,1.4428999423980713,187
2023-02-13,1.4315999746322632,1.4315999746322632,1.4329999685287476,1.4265999794006348,1.4300999641418457,34
2023-02-14,1.434499979019165,1.434499979019165,1.438099980354309,1.43340003490448,1.4342999458312988,50
2023-02-15,1.43340003490448,1.43340003490448,1.4395999908447266,1.4321999549865723,1.437000036239624,24
2023-02-16,1.4371000528335571,1.4371000528335571,1.438099980354309,1.432800054550171,1.432800054550171,38
2023-02-17,1.4427000284194946,1.4427000284194946,1.4428000450134277,1.4401999711990356,1.4407999515533447,16
2023-02-21,1.4428999423980713,1.4428999423980713,1.4431999921798706,1.4350999593734741,1.4422999620437622,116
2023-02-22,1.4397000074386597,1.4397000074386597,1.4443999528884888,1.4384000301361084,1.444100022315979,45
2023-02-23,1.436900019645691,1.436900019645691,1.4377000331878662,1.434999942779541,1.4362000226974487,38
2023-02-24,1.4371000528335571,1.4371000528335571,1.4412000179290771,1.4358999729156494,1.4358999729156494,71
2023-02-27,1.4419000148773193,1.4419000148773193,1.4419000148773193,1.4350999593734741,1.4350999593734741,132
2023-02-28,1.4433000087738037,1.4433000087738037,1.4479999542236328,1.4433000087738037,1.444100022315979,97
2023-03-01,1.4515000581741333,1.4515000581741333,1.455899953842163,1.445099949836731,1.445099949836731,320
2023-03-02,1.4412000179290771,1.4412000179290771,1.44760000705719,1.4412000179290771,1.4469000101089478,112
2023-03-03,1.4462000131607056,1.4462000131607056,1.448099970817566,1.4400999546051025,1.4404000043869019,272
2023-03-06,1.4544999599456787,1.4544999599456787,1.4544999599456787,1.4466999769210815,1.4471999406814575,338
2023-03-07,1.4523999691009521,1.4523999691009521,1.4523999691009521,1.4523999691009521,1.4523999691009521,272
2023-03-08,1.4558000564575195,1.4558000564575195,1.4565000534057617,1.4493000507354736,1.4505000114440918,3114
2023-03-09,1.4622000455856323,1.4622000455856323,1.4622000455856323,1.4549000263214111,1.4569000005722046,1946
2023-03-10,1.4723000526428223,1.4723000526428223,1.4723000526428223,1.4723000526428223,1.4723000526428223,337
2023-03-13,1.4723000526428223,1.4723000526428223,1.4723000526428223,1.468999981880188,1.468999981880188,309
2023-03-14,1.4759000539779663,1.4759000539779663,1.4805999994277954,1.468500018119812,1.4805999994277954,347
2023-03-15,1.4622000455856323,1.4622000455856323,1.476099967956543,1.4564000368118286,1.476099967956543,410
2023-03-16,1.4629000425338745,1.4629000425338745,1.4673000574111938,1.4586000442504883,1.4658000469207764,397
2023-03-17,1.4709999561309814,1.4709999561309814,1.4709999561309814,1.4642000198364258,1.4646999835968018,139
2023-03-20,1.470900058746338,1.470900058746338,1.4736000299453735,1.4701000452041626,1.4701000452041626,48
2023-03-21,1.482200026512146,1.482200026512146,1.4838999509811401,1.4749000072479248,1.4749000072479248,162
2023-03-22,1.4947999715805054,1.4947999715805054,1.496000051498413,1.482200026512146,1.482200026512146,298
2023-03-23,1.4924999475479126,1.4924999475479126,1.4987000226974487,1.4895999431610107,1.4957000017166138,245
2023-03-24,1.4839999675750732,1.4839999675750732,1.4886000156402588,1.4831000566482544,1.4886000156402588,150
2023-03-27,1.4789999723434448,1.4789999723434448,1.4825999736785889,1.4788999557495117,1.4818999767303467,98
2023-03-28,1.480299949645996,1.480299949645996,1.4853999614715576,1.480299949645996,1.4805999994277954,205
2023-03-29,1.4764000177383423,1.4764000177383423,1.4809000492095947,1.4745999574661255,1.479200005531311,350
2023-03-30,1.4789999723434448,1.4789999723434448,1.482699990272522,1.4717999696731567,1.475000023841858,494
2023-03-31,1.4736000299453735,1.4736000299453735,1.4758000373840332,1.4736000299453735,1.4758000373840332,20
2023-04-03,1.466599941253662,1.466599941253662,1.4694000482559204,1.4630999565124512,1.4630999565124512,232
2023-04-04,1.4783999919891357,1.4783999919891357,1.4795000553131104,1.4694000482559204,1.4696999788284302,285
2023-04-05,1.4722000360488892,1.4722000360488892,1.4804999828338623,1.471500039100647,1.4781999588012695,227
2023-04-06,1.4767999649047852,1.4767999649047852,1.4769999980926514,1.472499966621399,1.4732999801635742,2
2023-04-10,1.4713000059127808,1.4713000059127808,1.476099967956543,1.4713000059127808,1.476099967956543,154
2023-04-11,1.473099946975708,1.473099946975708,1.4772000312805176,1.473099946975708,1.4772000312805176,5
2023-04-12,1.4808000326156616,1.4808000326156616,1.4815000295639038,1.4739999771118164,1.4739999771118164,260
2023-04-13,1.4768999814987183,1.4768999814987183,1.4816999435424805,1.4768999814987183,1.4788000583648682,148
2023-04-14,1.4729000329971313,1.4729000329971313,1.4778000116348267,1.472599983215332,1.4778000116348267,124
2023-04-17,1.4674999713897705,1.4674999713897705,1.4711999893188477,1.465999960899353,1.4706000089645386,161
2023-04-18,1.4729000329971313,1.4729000329971313,1.4729000329971313,1.4667999744415283,1.4668999910354614,298
2023-04-19,1.4779000282287598,1.4779000282287598,1.4779000282287598,1.4710999727249146,1.4717999696731567,247
2023-04-20,1.4808000326156616,1.4808000326156616,1.4810999631881714,1.4793000221252441,1.480299949645996,122
2023-04-21,1.4903000593185425,1.4903000593185425,1.4904999732971191,1.4833999872207642,1.4833999872207642,23
2023-04-24,1.498900055885315,1.498900055885315,1.498900055885315,1.493399977684021,1.493399977684021,207
2023-04-25,1.5002000331878662,1.5002000331878662,1.5011999607086182,1.498900055885315,1.498900055885315,132
2023-04-26,1.509600043296814,1.509600043296814,1.5139000415802002,1.4982999563217163,1.4982999563217163,376
2023-04-27,1.5026999711990356,1.5026999711990356,1.5090999603271484,1.5012999773025513,1.5082999467849731,312
2023-04-28,1.4941999912261963,1.4941999912261963,1.5053000450134277,1.493899941444397,1.5026999711990356,222
2023-05-01,1.4883999824523926,1.4883999824523926,1.4967999458312988,1.4878000020980835,1.4958000183105469,24
2023-05-02,1.5011999607086182,1.5011999607086182,1.5011999607086182,1.4902000427246094,1.4902000427246094,113
2023-05-03,1.50600004196167,1.50600004196167,1.5089000463485718,1.5029000043869019,1.5029000043869019,45
2023-05-04,1.4937000274658203,1.4937000274658203,1.5094000101089478,1.4937000274658203,1.506700038909912,153
2023-05-05,1.4768999814987183,1.4768999814987183,1.4938000440597534,1.4768999814987183,1.4938000440597534,110
2023-05-08,1.4737999439239502,1.4737999439239502,1.478600025177002,1.4731999635696411,1.4759000539779663,190
2023-05-09,1.469099998474121,1.469099998474121,1.472599983215332,1.4687999486923218,1.47160005569458,29
2023-05-10,1.4709999561309814,1.4709999561309814,1.4714000225067139,1.4680999517440796,1.4697999954223633,19
2023-05-11,1.4744000434875488,1.4744000434875488,1.4744999408721924,1.4670000076293945,1.4670000076293945,55
2023-05-12,1.4736000299453735,1.4736000299453735,1.4758000373840332,1.4730000495910645,1.4757000207901,13
2023-05-15,1.4665000438690186,1.4665000438690186,1.471500039100647,1.4660999774932861,1.4710999727249146,128
2023-05-16,1.4656000137329102,1.4656000137329102,1.469099998474121,1.4616999626159668,1.4687999486923218,138
2023-05-17,1.4595999717712402,1.4595999717712402,1.4656000137329102,1.4586999416351318,1.4656000137329102,91
2023-05-18,1.4563000202178955,1.4563000202178955,1.4595999717712402,1.4538999795913696,1.4595999717712402,21
2023-05-19,1.4615000486373901,1.4615000486373901,1.4615000486373901,1.4544999599456787,1.4563000202178955,15
2023-05-22,1.4628000259399414,1.4628000259399414,1.4630999565124512,1.4609999656677246,1.4610999822616577,10
2023-05-23,1.4563000202178955,1.4563000202178955,1.461400032043457,1.4557000398635864,1.461400032043457,20
2023-05-24,1.4632999897003174,1.4632999897003174,1.4642000198364258,1.4594999551773071,1.4594999551773071,37
2023-05-25,1.4634000062942505,1.4634000062942505,1.4637000560760498,1.4591000080108643,1.4602999687194824,39
2023-05-26,1.4622000455856323,1.4622000455856323,1.4644999504089355,1.4601999521255493,1.4630999565124512,139
2023-05-30,1.4589999914169312,1.4589999914169312,1.460800051689148,1.4530999660491943,1.4607000350952148,29
2023-05-31,1.4500000476837158,1.4500000476837158,1.4602999687194824,1.4494999647140503,1.4602999687194824,65
2023-06-01,1.4479999542236328,1.4479999542236328,1.4541000127792358,1.4463000297546387,1.4500000476837158,109
2023-06-02,1.4394999742507935,1.4394999742507935,1.4458999633789062,1.4385000467300415,1.4458999633789062,42
2023-06-05,1.4404000043869019,1.4404000043869019,1.4426000118255615,1.4357000589370728,1.4371000528335571,39
2023-06-06,1.4337999820709229,1.4337999820709229,1.4404000043869019,1.4336999654769897,1.4404000043869019,206
2023-06-07,1.4316999912261963,1.4316999912261963,1.438599944114685,1.430999994277954,1.4337999820709229,412
2023-06-08,1.4404000043869019,1.4404000043869019,1.4407999515533447,1.4292999505996704,1.430899977684021,338
2023-06-09,1.4357000589370728,1.4357000589370728,1.4392999410629272,1.434000015258789,1.4352999925613403,84
2023-06-12,1.438599944114685,1.438599944114685,1.438599944114685,1.4348000288009644,1.4361000061035156,676
2023-06-13,1.4364999532699585,1.4364999532699585,1.4431999921798706,1.4350999593734741,1.4401999711990356,888
2023-06-14,1.4428000450134277,1.4428000450134277,1.4428000450134277,1.4359999895095825,1.4361000061035156,2683
2023-06-15,1.4464999437332153,1.4464999437332153,1.4464999437332153,1.4422999620437622,1.4422999620437622,324
2023-06-16,1.445099949836731,1.445099949836731,1.4478000402450562,1.445099949836731,1.4478000402450562,101
2023-06-20,1.4491000175476074,1.4491000175476074,1.451300024986267,1.4452999830245972,1.4466999769210815,303
2023-06-21,1.4501999616622925,1.4501999616622925,1.4501999616622925,1.4466999769210815,1.448799967765808,33
2023-06-22,1.445099949836731,1.445099949836731,1.4523999691009521,1.445099949836731,1.450600028038025,153
2023-06-23,1.440999984741211,1.440999984741211,1.444200038909912,1.4368000030517578,1.444200038909912,159
2023-06-26,1.4388999938964844,1.4388999938964844,1.440600037574768,1.4371000528335571,1.4381999969482422,80
2023-06-27,1.4486000537872314,1.4486000537872314,1.4486000537872314,1.4385000467300415,1.4385000467300415,18
2023-06-28,1.4515999555587769,1.4515999555587769,1.4515999555587769,1.4499000310897827,1.4507999420166016,67
2023-06-29,1.4434000253677368,1.4434000253677368,1.4529000520706177,1.4431999921798706,1.45169997215271,52
2023-06-30,1.448199987411499,1.448199987411499,1.4505000114440918,1.4407000541687012,1.4443000555038452,19
2023-07-03,1.4499000310897827,1.4499000310897827,1.4499000310897827,1.4492000341415405,1.4493000507354736,19
2023-07-05,1.445099949836731,1.445099949836731,1.4494999647140503,1.4429999589920044,1.4437999725341797,73
2023-07-06,1.4570000171661377,1.4570000171661377,1.4572999477386475,1.4463000297546387,1.4464999437332153,74
2023-07-07,1.4593000411987305,1.4593000411987305,1.460800051689148,1.4591000080108643,1.4594999551773071,133
2023-07-10,1.4642000198364258,1.4642000198364258,1.4642000198364258,1.458899974822998,1.4594999551773071,13
2023-07-11,1.4602999687194824,1.4602999687194824,1.4642000198364258,1.4602999687194824,1.4642000198364258,26
2023-07-12,1.472499966621399,1.472499966621399,1.4728000164031982,1.4602999687194824,1.4602999687194824,348
2023-07-13,1.4744999408721924,1.4744999408721924,1.4759000539779663,1.4696999788284302,1.472499966621399,277
2023-07-14,1.4874999523162842,1.4874999523162842,1.4874999523162842,1.4745999574661255,1.4745999574661255,242
2023-07-17,1.4855999946594238,1.4855999946594238,1.4895999431610107,1.4845999479293823,1.4874999523162842,157
2023-07-18,1.482699990272522,1.482699990272522,1.4884999990463257,1.482699990272522,1.4872000217437744,21
2023-07-19,1.4774999618530273,1.4774999618530273,1.4830000400543213,1.4764000177383423,1.4823999404907227,178
2023-07-20,1.469099998474121,1.469099998474121,1.4763000011444092,1.469099998474121,1.4763000011444092,26
2023-07-21,1.472100019454956,1.472100019454956,1.4737000465393066,1.4672000408172607,1.4693000316619873,265
2023-07-24,1.4607000350952148,1.4607000350952148,1.4713000059127808,1.4607000350952148,1.4713000059127808,37
2023-07-25,1.457800030708313,1.457800030708313,1.4615000486373901,1.457800030708313,1.4615000486373901,140
2023-07-26,1.468000054359436,1.468000054359436,1.468400001525879,1.4598000049591064,1.4598000049591064,765
2023-07-27,1.4543999433517456,1.4543999433517456,1.464900016784668,1.45169997215271,1.464900016784668,71
2023-07-28,1.4622000455856323,1.4622000455856323,1.4630999565124512,1.4530999660491943,1.455299973487854,184
2023-07-31,1.4515999555587769,1.4515999555587769,1.462499976158142,1.4515999555587769,1.4598000049591064,198
2023-08-01,1.4609999656677246,1.4609999656677246,1.4620000123977661,1.4570000171661377,1.4570000171661377,799
2023-08-02,1.4628000259399414,1.4628000259399414,1.4645999670028687,1.4605000019073486,1.4643000364303589,341
2023-08-03,1.4636000394821167,1.4636000394821167,1.465000033378601,1.4603999853134155,1.4632999897003174,29
2023-08-04,1.4757000207901,1.4757000207901,1.476099967956543,1.464400053024292,1.4646999835968018,29
2023-08-07,1.4735000133514404,1.4735000133514404,1.4743000268936157,1.4704999923706055,1.4704999923706055,10
2023-08-08,1.4726999998092651,1.4726999998092651,1.4788000583648682,1.4726999998092651,1.4769999980926514,80
2023-08-09,1.4744000434875488,1.4744000434875488,1.4775999784469604,1.4744000434875488,1.4745999574661255,12
2023-08-10,1.4766000509262085,1.4766000509262085,1.4815000295639038,1.4766000509262085,1.4788999557495117,74
2023-08-11,1.4744000434875488,1.4744000434875488,1.4795000553131104,1.4735000133514404,1.479200005531311,19
2023-08-14,1.4707000255584717,1.4707000255584717,1.4746999740600586,1.467900037765503,1.4746999740600586,249
2023-08-15,1.4731999635696411,1.4731999635696411,1.4758000373840332,1.4701000452041626,1.4701000452041626,34
2023-08-16,1.4744000434875488,1.4744000434875488,1.4759000539779663,1.4744000434875488,1.4759000539779663,48
2023-08-17,1.4728000164031982,1.4728000164031982,1.4754999876022339,1.4718999862670898,1.4726999998092651,52
2023-08-18,1.475000023841858,1.475000023841858,1.476699948310852,1.4730000495910645,1.4730000495910645,18
2023-08-21,1.4779000282287598,1.4779000282287598,1.4780999422073364,1.4746999740600586,1.4746999740600586,60
2023-08-22,1.472599983215332,1.472599983215332,1.472599983215332,1.4704999923706055,1.4723999500274658,14
2023-08-23,1.4717999696731567,1.4717999696731567,1.4735000133514404,1.4677000045776367,1.4703999757766724,137
2023-08-24,1.468400001525879,1.468400001525879,1.4696999788284302,1.468400001525879,1.469599962234497,25
2023-08-25,1.4703999757766724,1.4703999757766724,1.4708000421524048,1.4642000198364258,1.4666999578475952,34
2023-08-28,1.4718999862670898,1.4718999862670898,1.4718999862670898,1.4700000286102295,1.4700000286102295,54
2023-08-29,1.4758000373840332,1.4758000373840332,1.4774999618530273,1.4732999801635742,1.4732999801635742,81
2023-08-30,1.479099988937378,1.479099988937378,1.482300043106079,1.4746999740600586,1.4752000570297241,280
2023-08-31,1.4668999910354614,1.4668999910354614,1.475600004196167,1.4668999910354614,1.475600004196167,28
2023-09-01,1.466599941253662,1.466599941253662,1.4723999500274658,1.4644999504089355,1.465000033378601,38
2023-09-05,1.4630999565124512,1.4630999565124512,1.4699000120162964,1.4601000547409058,1.4699000120162964,160
2023-09-06,1.465000033378601,1.465000033378601,1.4666999578475952,1.462399959564209,1.4635000228881836,29
2023-09-07,1.4638999700546265,1.4638999700546265,1.4665000438690186,1.4615000486373901,1.4622000455856323,36
2023-09-08,1.4600000381469727,1.4600000381469727,1.4644999504089355,1.457200050354004,1.4644999504089355,41
2023-09-11,1.4596999883651733,1.4596999883651733,1.4615000486373901,1.4596999883651733,1.4599000215530396,1913
2023-09-12,1.455199956893921,1.455199956893921,1.457900047302246,1.4515999555587769,1.457900047302246,1702
2023-09-13,1.4562000036239624,1.4562000036239624,1.4577000141143799,1.4538999795913696,1.4557000398635864,2623
2023-09-14,1.4366999864578247,1.4366999864578247,1.4534000158309937,1.4366999864578247,1.4534000158309937,500
2023-09-15,1.441100001335144,1.441100001335144,1.4426000118255615,1.441100001335144,1.4426000118255615,582
2023-09-18,1.4400999546051025,1.4400999546051025,1.4400999546051025,1.438599944114685,1.438599944114685,30
2023-09-19,1.4392000436782837,1.4392000436782837,1.4427000284194946,1.434999942779541,1.4419000148773193,118
2023-09-20,1.4397000074386597,1.4397000074386597,1.4421000480651855,1.4393999576568604,1.4413000345230103,46
2023-09-21,1.4398000240325928,1.4398000240325928,1.4431999921798706,1.437600016593933,1.437600016593933,168
2023-09-22,1.4385000467300415,1.4385000467300415,1.4393999576568604,1.433500051498413,1.434999942779541,20
2023-09-25,1.4296000003814697,1.4296000003814697,1.4386999607086182,1.4296000003814697,1.4383000135421753,206
2023-09-26,1.4321000576019287,1.4321000576019287,1.4347000122070312,1.4279999732971191,1.4286999702453613,18
2023-09-27,1.4229999780654907,1.4229999780654907,1.4318000078201294,1.4229999780654907,1.4318000078201294,53
2023-09-28,1.4283000230789185,1.4283000230789185,1.4290000200271606,1.420300006866455,1.4205000400543213,39
2023-09-29,1.4372999668121338,1.4372999668121338,1.437600016593933,1.4264999628067017,1.4283000230789185,70
2023-10-02,1.4377000331878662,1.4377000331878662,1.4397000074386597,1.436400055885315,1.4383000135421753,68
2023-10-03,1.4392000436782837,1.4392000436782837,1.4394999742507935,1.4364999532699585,1.4364999532699585,75
2023-10-04,1.4471999406814575,1.4471999406814575,1.4486000537872314,1.4378000497817993,1.4378000497817993,252
2023-10-05,1.4500000476837158,1.4500000476837158,1.4515999555587769,1.4472999572753906,1.4472999572753906,151
2023-10-06,1.4495999813079834,1.4495999813079834,1.4498000144958496,1.4423999786376953,1.4483000040054321,120
2023-10-09,1.4381999969482422,1.4381999969482422,1.44159996509552,1.4381999969482422,1.44159996509552,99
2023-10-10,1.4430999755859375,1.4430999755859375,1.4443999528884888,1.4404000043869019,1.4404000043869019,57
2023-10-11,1.4453999996185303,1.4453999996185303,1.4469000101089478,1.444000005722046,1.4443999528884888,109
2023-10-12,1.4437999725341797,1.4437999725341797,1.4458999633789062,1.4413000345230103,1.4458999633789062,6
2023-10-13,1.4384000301361084,1.4384000301361084,1.441100001335144,1.4357000589370728,1.441100001335144,17
2023-10-16,1.4395999908447266,1.4395999908447266,1.4407999515533447,1.437600016593933,1.4407999515533447,59
2023-10-17,1.4449000358581543,1.4449000358581543,1.4457000494003296,1.4407999515533447,1.4407999515533447,154
2023-10-18,1.4467999935150146,1.4467999935150146,1.4467999935150146,1.4428000450134277,1.4449000358581543,20
2023-10-19,1.4539999961853027,1.4539999961853027,1.4539999961853027,1.4486000537872314,1.4486000537872314,37
2023-10-20,1.4536999464035034,1.4536999464035034,1.4543999433517456,1.4515000581741333,1.4526000022888184,15
2023-10-23,1.462499976158142,1.462499976158142,1.462499976158142,1.454200029373169,1.4543999433517456,54
2023-10-24,1.4560999870300293,1.4560999870300293,1.4602999687194824,1.4560999870300293,1.4602999687194824,170
2023-10-25,1.4600000381469727,1.4600000381469727,1.4620000123977661,1.4586000442504883,1.4589999914169312,18
2023-10-26,1.4609999656677246,1.4609999656677246,1.4609999656677246,1.4557000398635864,1.4586000442504883,179
2023-10-27,1.4687000513076782,1.4687000513076782,1.4687000513076782,1.4595999717712402,1.4595999717712402,112
2023-10-30,1.469599962234497,1.469599962234497,1.4704999923706055,1.4637000560760498,1.4637000560760498,118
2023-10-31,1.4692000150680542,1.4692000150680542,1.476099967956543,1.468400001525879,1.469599962234497,70
2023-11-01,1.4651999473571777,1.4651999473571777,1.4692000150680542,1.4635000228881836,1.4692000150680542,106
2023-11-02,1.4630999565124512,1.4630999565124512,1.4722000360488892,1.4630999565124512,1.4696999788284302,169
2023-11-03,1.4681999683380127,1.4681999683380127,1.4700000286102295,1.4635000228881836,1.4635000228881836,197
2023-11-06,1.4696999788284302,1.4696999788284302,1.4710999727249146,1.4677000045776367,1.4681999683380127,17
2023-11-07,1.4733999967575073,1.4733999967575073,1.4733999967575073,1.469499945640564,1.469499945640564,157
2023-11-08,1.478700041770935,1.478700041770935,1.4799000024795532,1.4722000360488892,1.4733999967575073,92
2023-11-09,1.4747999906539917,1.4747999906539917,1.478700041770935,1.4737000465393066,1.478700041770935,39
2023-11-10,1.4764000177383423,1.4764000177383423,1.4795000553131104,1.475100040435791,1.4753999710083008,267
2023-11-13,1.4780999422073364,1.4780999422073364,1.4780999422073364,1.4759000539779663,1.4773999452590942,53
2023-11-14,1.4917999505996704,1.4917999505996704,1.4919999837875366,1.4816999435424805,1.4816999435424805,360
2023-11-15,1.4852999448776245,1.4852999448776245,1.4904999732971191,1.4852999448776245,1.4904999732971191,177
2023-11-16,1.4950000047683716,1.4950000047683716,1.4950000047683716,1.4859999418258667,1.4860999584197998,214
2023-11-17,1.4966000318527222,1.4966000318527222,1.4966000318527222,1.4918999671936035,1.493299961090088,126
2023-11-20,1.5032999515533447,1.5032999515533447,1.5032999515533447,1.4972000122070312,1.4972000122070312,292
2023-11-21,1.496500015258789,1.496500015258789,1.5052000284194946,1.496500015258789,1.5032999515533447,121
2023-11-22,1.492400050163269,1.492400050163269,1.499400019645691,1.492400050163269,1.4962999820709229,349
2023-11-23,1.4938000440597534,1.4938000440597534,1.4957000017166138,1.4908000230789185,1.4908000230789185,349
2023-11-24,1.4900000095367432,1.4900000095367432,1.4957000017166138,1.488700032234192,1.4908000230789185,262
2023-11-27,1.493499994277954,1.493499994277954,1.4954999685287476,1.4917000532150269,1.4919999837875366,149
2023-11-28,1.4918999671936035,1.4918999671936035,1.493899941444397,1.489300012588501,1.489400029182434,68
2023-11-29,1.4926999807357788,1.4926999807357788,1.4931000471115112,1.4905999898910522,1.4926999807357788,23
2023-11-30,1.4780999422073364,1.4780999422073364,1.4884999990463257,1.4780999422073364,1.4884999990463257,72
2023-12-01,1.4678000211715698,1.4678000211715698,1.4739999771118164,1.465000033378601,1.4739999771118164,60
2023-12-04,1.4668999910354614,1.4668999910354614,1.473099946975708,1.4632999897003174,1.473099946975708,183
2023-12-05,1.4657000303268433,1.4657000303268433,1.4693000316619873,1.4651000499725342,1.4687000513076782,15
2023-12-06,1.4635000228881836,1.4635000228881836,1.4663000106811523,1.4625999927520752,1.4652999639511108,39
2023-12-07,1.4680999517440796,1.4680999517440796,1.4680999517440796,1.4635000228881836,1.4635000228881836,102
2023-12-08,1.4616999626159668,1.4616999626159668,1.464400053024292,1.4593000411987305,1.464400053024292,25
2023-12-11,1.4606000185012817,1.4606000185012817,1.4652999639511108,1.4586999416351318,1.4631999731063843,370
2023-12-12,1.4672000408172607,1.4672000408172607,1.4672000408172607,1.4606000185012817,1.4606000185012817,1298
2023-12-13,1.4701999425888062,1.4701999425888062,1.4701999425888062,1.4651999473571777,1.466599941253662,3762
2023-12-14,1.4739999771118164,1.4739999771118164,1.4739999771118164,1.4667999744415283,1.4686000347137451,990
2023-12-15,1.4572999477386475,1.4572999477386475,1.4730000495910645,1.4572999477386475,1.4730000495910645,718
2023-12-18,1.460800051689148,1.460800051689148,1.460800051689148,1.460800051689148,1.460800051689148,154
2023-12-19,1.4673000574111938,1.4673000574111938,1.4696999788284302,1.4656000137329102,1.466599941253662,60
2023-12-20,1.4637000560760498,1.4637000560760498,1.4664000272750854,1.462499976158142,1.4664000272750854,136
2023-12-21,1.4651000499725342,1.4651000499725342,1.4696999788284302,1.4643000364303589,1.4646999835968018,35
2023-12-22,1.4638999700546265,1.4638999700546265,1.4667999744415283,1.4630000591278076,1.4651999473571777,316
2023-12-26,1.4611999988555908,1.4611999988555908,1.4615000486373901,1.4611999988555908,1.4615000486373901,1
2023-12-27,1.4696999788284302,1.4696999788284302,1.471500039100647,1.4675999879837036,1.4675999879837036,24
2023-12-28,1.4666999578475952,1.4666999578475952,1.4743000268936157,1.4642000198364258,1.469499945640564,199
2023-12-29,1.4644999504089355,1.4644999504089355,1.4716999530792236,1.458799958229065,1.4694000482559204,21
2024-01-02,1.4617999792099,1.4617999792099,1.4644999504089355,1.457900047302246,1.4644999504089355,530
2024-01-03,1.460800051689148,1.460800051689148,1.4615000486373901,1.4585000276565552,1.4610999822616577,20
2024-01-04,1.464900016784668,1.464900016784668,1.4658000469207764,1.4599000215530396,1.4599000215530396,40
2024-01-05,1.465399980545044,1.465399980545044,1.465399980545044,1.461899995803833,1.4621000289916992,4
2024-01-08,1.4661999940872192,1.4661999940872192,1.471500039100647,1.4646999835968018,1.4646999835968018,147
2024-01-09,1.4660999774932861,1.4660999774932861,1.4693000316619873,1.4638999700546265,1.4638999700546265,6
2024-01-10,1.4702999591827393,1.4702999591827393,1.4702999591827393,1.469499945640564,1.469499945640564,6
2024-01-11,1.4737000465393066,1.4737000465393066,1.4737000465393066,1.4678000211715698,1.4699000120162964,173
2024-01-12,1.4711999893188477,1.4711999893188477,1.4711999893188477,1.4664000272750854,1.4680999517440796,13
2024-01-16,1.469599962234497,1.469599962234497,1.4745999574661255,1.468000054359436,1.4716999530792236,278
2024-01-17,1.472499966621399,1.472499966621399,1.472499966621399,1.4714000225067139,1.4718999862670898,8
2024-01-18,1.468999981880188,1.468999981880188,1.4722000360488892,1.468000054359436,1.472100019454956,152
2024-01-19,1.4656000137329102,1.4656000137329102,1.468999981880188,1.4656000137329102,1.4673999547958374,8
2024-01-22,1.4688999652862549,1.4688999652862549,1.4688999652862549,1.4631999731063843,1.4637000560760498,125
2024-01-23,1.4629000425338745,1.4629000425338745,1.4665000438690186,1.462399959564209,1.4665000438690186,118
2024-01-24,1.4737000465393066,1.4737000465393066,1.4737000465393066,1.4675999879837036,1.4675999879837036,47
2024-01-25,1.4627000093460083,1.4627000093460083,1.4736000299453735,1.4625999927520752,1.4736000299453735,128
2024-01-26,1.4622999429702759,1.4622999429702759,1.4645999670028687,1.4596999883651733,1.4630999565124512,31
2024-01-29,1.4550000429153442,1.4550000429153442,1.4575999975204468,1.4550000429153442,1.4575999975204468,113
2024-01-30,1.4551000595092773,1.4551000595092773,1.4574999809265137,1.4521000385284424,1.4550000429153442,37
2024-01-31,1.4545999765396118,1.4545999765396118,1.4563000202178955,1.4530999660491943,1.4551000595092773,63
2024-02-01,1.4571000337600708,1.4571000337600708,1.4571000337600708,1.4551000595092773,1.4563000202178955,4
2024-02-02,1.4544999599456787,1.4544999599456787,1.4589999914169312,1.454200029373169,1.458299994468689,176
2024-02-05,1.4557000398635864,1.4557000398635864,1.4557000398635864,1.4523999691009521,1.4529999494552612,14
2024-02-06,1.4509999752044678,1.4509999752044678,1.4562000036239624,1.4509999752044678,1.4562000036239624,20
2024-02-07,1.4522000551223755,1.4522000551223755,1.4532999992370605,1.4515000581741333,1.4527000188827515,16
2024-02-08,1.451300024986267,1.451300024986267,1.4530999660491943,1.4500999450683594,1.4530999660491943,90
2024-02-09,1.4529000520706177,1.4529000520706177,1.4544999599456787,1.4478000402450562,1.451300024986267,41
2024-02-12,1.4503999948501587,1.4503999948501587,1.4510999917984009,1.4495999813079834,1.4510999917984009,5
2024-02-13,1.4551000595092773,1.4551000595092773,1.455399990081787,1.4509999752044678,1.4509999752044678,18
2024-02-14,1.4544999599456787,1.4544999599456787,1.4556000232696533,1.4500000476837158,1.4541000127792358,35
2024-02-15,1.451799988746643,1.451799988746643,1.4536999464035034,1.451799988746643,1.4536999464035034,8
2024-02-16,1.4551000595092773,1.4551000595092773,1.4551000595092773,1.4515000581741333,1.4519000053405762,52
2024-02-20,1.462399959564209,1.462399959564209,1.4657000303268433,1.4528000354766846,1.4528000354766846,137
2024-02-21,1.4615999460220337,1.4615999460220337,1.462499976158142,1.4615999460220337,1.462499976158142,10
2024-02-22,1.4605000019073486,1.4605000019073486,1.4625999927520752,1.4598000049591064,1.4625999927520752,109
2024-02-23,1.4620000123977661,1.4620000123977661,1.4630999565124512,1.4601999521255493,1.4601999521255493,9
2024-02-26,1.466599941253662,1.466599941253662,1.467900037765503,1.464400053024292,1.464400053024292,18
2024-02-27,1.468000054359436,1.468000054359436,1.468000054359436,1.4658000469207764,1.465999960899353,37
2024-02-28,1.4718999862670898,1.4718999862670898,1.4723999500274658,1.4672000408172607,1.4678000211715698,25
2024-02-29,1.4672000408172607,1.4672000408172607,1.4749000072479248,1.4671000242233276,1.4738999605178833,499
2024-03-01,1.4706000089645386,1.4706000089645386,1.4706000089645386,1.4672000408172607,1.4674999713897705,33
2024-03-04,1.4747999906539917,1.4747999906539917,1.4747999906539917,1.4716999530792236,1.4716999530792236,45
2024-03-05,1.4758000373840332,1.4758000373840332,1.4758000373840332,1.473099946975708,1.475000023841858,95
2024-03-06,1.4732999801635742,1.4732999801635742,1.4775999784469604,1.4732999801635742,1.4758000373840332,151
2024-03-07,1.4733999967575073,1.4733999967575073,1.4735000133514404,1.4730000495910645,1.4732999801635742,16
2024-03-08,1.4757000207901,1.4757000207901,1.4757000207901,1.4752999544143677,1.4752999544143677,89
2024-03-11,1.4735000133514404,1.4735000133514404,1.475100040435791,1.4731999635696411,1.475100040435791,468
2024-03-12,1.4744999408721924,1.4744999408721924,1.4744999408721924,1.4722000360488892,1.472499966621399,931
2024-03-13,1.475000023841858,1.475000023841858,1.475000023841858,1.4730000495910645,1.4743000268936157,2344
2024-03-14,1.473099946975708,1.473099946975708,1.4744999408721924,1.4717999696731567,1.4744999408721924,2141
2024-03-15,1.4745999574661255,1.4745999574661255,1.4745999574661255,1.4737999439239502,1.4737999439239502,115
2024-03-18,1.4747999906539917,1.4747999906539917,1.4747999906539917,1.4747999906539917,1.4747999906539917,165
2024-03-19,1.4772000312805176,1.4772000312805176,1.4803999662399292,1.4747999906539917,1.4747999906539917,102
2024-03-20,1.476199984550476,1.476199984550476,1.4769999980926514,1.475100040435791,1.4769999980926514,14
2024-03-21,1.4732999801635742,1.4732999801635742,1.476199984550476,1.472499966621399,1.4740999937057495,31
2024-03-22,1.4737999439239502,1.4737999439239502,1.4749000072479248,1.4709999561309814,1.4709999561309814,44
2024-03-25,1.475100040435791,1.475100040435791,1.475100040435791,1.4745999574661255,1.4745999574661255,2
2024-03-26,1.4740999937057495,1.4740999937057495,1.4740999937057495,1.4723000526428223,1.4723000526428223,7
2024-03-27,1.4722000360488892,1.4722000360488892,1.4744000434875488,1.4722000360488892,1.4744000434875488,29
2024-03-28,1.4636000394821167,1.4636000394821167,1.4718999862670898,1.4636000394821167,1.4718999862670898,263
2024-04-01,1.461400032043457,1.461400032043457,1.461400032043457,1.4602999687194824,1.4602999687194824,6
2024-04-02,1.4638999700546265,1.4638999700546265,1.464900016784668,1.4589999914169312,1.4610999822616577,10
2024-04-03,1.4687999486923218,1.4687999486923218,1.4687999486923218,1.4657000303268433,1.4665000438690186,18
2024-04-04,1.4717999696731567,1.4717999696731567,1.472000002861023,1.4678000211715698,1.468000054359436,152
2024-04-05,1.475100040435791,1.475100040435791,1.4765000343322754,1.4707000255584717,1.4707000255584717,370
2024-04-08,1.476699948310852,1.476699948310852,1.4771000146865845,1.4744000434875488,1.4759000539779663,14
2024-04-09,1.4766000509262085,1.4766000509262085,1.4782999753952026,1.4766000509262085,1.4782999753952026,20
2024-04-10,1.4726999998092651,1.4726999998092651,1.4759000539779663,1.4701000452041626,1.4739999771118164,123
2024-04-11,1.4702999591827393,1.4702999591827393,1.472599983215332,1.469599962234497,1.469599962234497,18
2024-04-12,1.468999981880188,1.468999981880188,1.468999981880188,1.4652999639511108,1.4682999849319458,3
2024-04-15,1.4677000045776367,1.4677000045776367,1.4678000211715698,1.4651000499725342,1.4678000211715698,16
2024-04-16,1.4704999923706055,1.4704999923706055,1.4739999771118164,1.468400001525879,1.468400001525879,28
2024-04-17,1.4717999696731567,1.4717999696731567,1.4717999696731567,1.4693000316619873,1.4702999591827393,130
2024-04-18,1.4686000347137451,1.4686000347137451,1.4709999561309814,1.468000054359436,1.4709999561309814,26
2024-04-19,1.4668999910354614,1.4668999910354614,1.4670000076293945,1.4660999774932861,1.466599941253662,11
2024-04-22,1.4616999626159668,1.4616999626159668,1.4651000499725342,1.4611999988555908,1.4651000499725342,16
2024-04-23,1.464400053024292,1.464400053024292,1.464400053024292,1.4630999565124512,1.4637999534606934,32
2024-04-24,1.4675999879837036,1.4675999879837036,1.4675999879837036,1.4675999879837036,1.4675999879837036,0
2024-04-25,1.4674999713897705,1.4674999713897705,1.4707000255584717,1.4671000242233276,1.468999981880188,4
2024-04-26,1.4637999534606934,1.4637999534606934,1.4678000211715698,1.4630999565124512,1.4665000438690186,40
2024-04-29,1.4666999578475952,1.4666999578475952,1.4666999578475952,1.4644999504089355,1.4644999504089355,10
2024-04-30,1.4710999727249146,1.4710999727249146,1.4739999771118164,1.4701999425888062,1.4711999893188477,55
2024-05-01,1.472599983215332,1.472599983215332,1.4728000164031982,1.4714000225067139,1.4714000225067139,13
2024-05-02,1.468400001525879,1.468400001525879,1.4708000421524048,1.4666999578475952,1.4708000421524048,6
2024-05-03,1.4747999906539917,1.4747999906539917,1.4749000072479248,1.4687999486923218,1.4687999486923218,32
2024-05-06,1.4733999967575073,1.4733999967575073,1.4749000072479248,1.4733999967575073,1.4749000072479248,3
2024-05-07,1.4780000448226929,1.4780000448226929,1.478600025177002,1.4739999771118164,1.4739999771118164,15
2024-05-08,1.4771000146865845,1.4771000146865845,1.4795000553131104,1.476099967956543,1.4793000221252441,8
2024-05-09,1.4759000539779663,1.4759000539779663,1.4759000539779663,1.4737000465393066,1.4744999408721924,17
2024-05-10,1.4743000268936157,1.4743000268936157,1.4764000177383423,1.4709999561309814,1.4759999513626099,20
2024-05-13,1.4763000011444092,1.4763000011444092,1.4781999588012695,1.4763000011444092,1.4781999588012695,1
2024-05-14,1.4783999919891357,1.4783999919891357,1.4783999919891357,1.476199984550476,1.4767999649047852,2
2024-05-15,1.4809999465942383,1.4809999465942383,1.4824999570846558,1.4774999618530273,1.4780999422073364,59
2024-05-16,1.4810999631881714,1.4810999631881714,1.4829000234603882,1.4810999631881714,1.4817999601364136,185
2024-05-17,1.4811999797821045,1.4811999797821045,1.4811999797821045,1.4810999631881714,1.4810999631881714,2
2024-05-20,1.4809999465942383,1.4809999465942383,1.4809999465942383,1.479200005531311,1.479200005531311,58
2024-05-21,1.482800006866455,1.482800006866455,1.4840999841690063,1.4802000522613525,1.4818999767303467,52
2024-05-22,1.4831000566482544,1.4831000566482544,1.4831000566482544,1.481600046157837,1.481600046157837,13
2024-05-23,1.485700011253357,1.485700011253357,1.485700011253357,1.4815000295639038,1.4815000295639038,2
2024-05-24,1.483299970626831,1.483299970626831,1.4882999658584595,1.4831000566482544,1.485700011253357,18
2024-05-28,1.482699990272522,1.482699990272522,1.4837000370025635,1.4801000356674194,1.4801000356674194,48
2024-05-29,1.4824999570846558,1.4824999570846558,1.4824999570846558,1.482300043106079,1.482300043106079,9
2024-05-30,1.4824999570846558,1.4824999570846558,1.4837000370025635,1.482200026512146,1.4837000370025635,45
2024-05-31,1.4783999919891357,1.4783999919891357,1.4824999570846558,1.4781999588012695,1.4824999570846558,55
2024-06-03,1.4875999689102173,1.4875999689102173,1.4875999689102173,1.4779000282287598,1.4785000085830688,87
2024-06-04,1.4891999959945679,1.4891999959945679,1.489400029182434,1.4872000217437744,1.4884999990463257,300
2024-06-05,1.4891999959945679,1.4891999959945679,1.4925999641418457,1.4864000082015991,1.488700032234192,79
2024-06-06,1.4890999794006348,1.4890999794006348,1.492300033569336,1.4881000518798828,1.4891999959945679,118
2024-06-07,1.4855999946594238,1.4855999946594238,1.4895999431610107,1.4850000143051147,1.4895999431610107,136
2024-06-10,1.4812999963760376,1.4812999963760376,1.4839999675750732,1.479099988937378,1.4839999675750732,384
2024-06-11,1.4776999950408936,1.4776999950408936,1.482200026512146,1.4769999980926514,1.481600046157837,2528
2024-06-12,1.483299970626831,1.483299970626831,1.4853999614715576,1.4769999980926514,1.4769999980926514,2743
2024-06-13,1.4758000373840332,1.4758000373840332,1.4860999584197998,1.4752999544143677,1.4854999780654907,652
2024-06-14,1.4700000286102295,1.4700000286102295,1.4758000373840332,1.4700000286102295,1.4758000373840332,240
2024-06-17,1.4742000102996826,1.4742000102996826,1.4742000102996826,1.4742000102996826,1.4742000102996826,43
2024-06-18,1.476199984550476,1.476199984550476,1.4778000116348267,1.4759999513626099,1.4769999980926514,27
2024-06-20,1.468999981880188,1.468999981880188,1.4766000509262085,1.468999981880188,1.476199984550476,151
2024-06-21,1.467900037765503,1.467900037765503,1.468999981880188,1.4657000303268433,1.468999981880188,68
2024-06-24,1.468500018119812,1.468500018119812,1.4716999530792236,1.4673000574111938,1.4673000574111938,21
2024-06-25,1.4661999940872192,1.4661999940872192,1.4687000513076782,1.4631999731063843,1.4687000513076782,232
2024-06-26,1.4663000106811523,1.4663000106811523,1.4670000076293945,1.4636000394821167,1.4661999940872192,60
2024-06-27,1.4686000347137451,1.4686000347137451,1.4703999757766724,1.4652999639511108,1.4663000106811523,94
2024-06-28,1.4688999652862549,1.4688999652862549,1.4696999788284302,1.4660999774932861,1.4687000513076782,102
2024-07-01,1.4774999618530273,1.4774999618530273,1.4774999618530273,1.4701000452041626,1.4701000452041626,72
2024-07-02,1.471500039100647,1.471500039100647,1.4758000373840332,1.471500039100647,1.4757000207901,122
2024-07-03,1.472599983215332,1.472599983215332,1.4754999876022339,1.472599983215332,1.4731999635696411,54
2024-07-05,1.479099988937378,1.479099988937378,1.4802000522613525,1.472599983215332,1.4737999439239502,94
2024-07-08,1.4788000583648682,1.4788000583648682,1.4800000190734863,1.4788000583648682,1.479200005531311,56
2024-07-09,1.4759999513626099,1.4759999513626099,1.4785000085830688,1.4758000373840332,1.4779000282287598,35
2024-07-10,1.476699948310852,1.476699948310852,1.4773999452590942,1.4754999876022339,1.4773999452590942,21
2024-07-11,1.4833999872207642,1.4833999872207642,1.4836000204086304,1.4794000387191772,1.4794000387191772,244
2024-07-12,1.4884999990463257,1.4884999990463257,1.4886000156402588,1.485200047492981,1.485200047492981,65
2024-07-15,1.4921000003814697,1.4921000003814697,1.493399977684021,1.4890999794006348,1.4890999794006348,55
2024-07-16,1.492400050163269,1.492400050163269,1.4938000440597534,1.4909000396728516,1.4922000169754028,74
2024-07-17,1.4990999698638916,1.4990999698638916,1.4990999698638916,1.4937000274658203,1.4937000274658203,158
2024-07-18,1.4960999488830566,1.4960999488830566,1.4981000423431396,1.4946999549865723,1.4981000423431396,29
2024-07-19,1.4954999685287476,1.4954999685287476,1.4966000318527222,1.4941999912261963,1.4941999912261963,23
2024-07-22,1.4991999864578247,1.4991999864578247,1.4996999502182007,1.495300054550171,1.495300054550171,98
2024-07-23,1.4966000318527222,1.4966000318527222,1.5003999471664429,1.495300054550171,1.499899983406067,80
2024-07-24,1.4984999895095825,1.4984999895095825,1.4996000528335571,1.4967999458312988,1.4974000453948975,41
2024-07-25,1.5008000135421753,1.5008000135421753,1.503499984741211,1.5002000331878662,1.5017999410629272,20
2024-07-26,1.503600001335144,1.503600001335144,1.503600001335144,1.4990999698638916,1.5010000467300415,88
2024-07-29,1.5003000497817993,1.5003000497817993,1.5006999969482422,1.4986000061035156,1.4996999502182007,21
2024-07-30,1.4986000061035156,1.4986000061035156,1.501099944114685,1.4970999956130981,1.500100016593933,46
2024-07-31,1.4946999549865723,1.4946999549865723,1.5003000497817993,1.4946999549865723,1.4996000528335571,43
2024-08-01,1.4983999729156494,1.4983999729156494,1.4983999729156494,1.4911999702453613,1.4938000440597534,221
2024-08-02,1.5145000219345093,1.5145000219345093,1.5147000551223755,1.5013999938964844,1.5016000270843506,105
2024-08-05,1.5159000158309937,1.5159000158309937,1.5232000350952148,1.514799952507019,1.514799952507019,441
2024-08-06,1.5055999755859375,1.5055999755859375,1.5151000022888184,1.5055999755859375,1.5151000022888184,128
2024-08-07,1.5024000406265259,1.5024000406265259,1.5051000118255615,1.5006999969482422,1.5051000118255615,115
2024-08-08,1.500100016593933,1.500100016593933,1.503600001335144,1.4982000589370728,1.502500057220459,80
2024-08-09,1.500499963760376,1.500499963760376,1.5017000436782837,1.499500036239624,1.4997999668121338,193
2024-08-12,1.5022000074386597,1.5022000074386597,1.5022000074386597,1.4987000226974487,1.499400019645691,72
2024-08-13,1.5090999603271484,1.5090999603271484,1.5090999603271484,1.5011999607086182,1.5011999607086182,46
2024-08-14,1.511299967765808,1.511299967765808,1.513100028038025,1.511299967765808,1.5115000009536743,20
2024-08-15,1.5073000192642212,1.5073000192642212,1.5109000205993652,1.50409996509552,1.5109000205993652,62
2024-08-16,1.5091999769210815,1.5091999769210815,1.5098999738693237,1.5074000358581543,1.507599949836731,25
2024-08-19,1.5116000175476074,1.5116000175476074,1.5116000175476074,1.5083999633789062,1.5091999769210815,37
2024-08-20,1.5154999494552612,1.5154999494552612,1.5154999494552612,1.5088000297546387,1.5117000341415405,34
2024-08-21,1.516700029373169,1.516700029373169,1.517699956893921,1.5118999481201172,1.5157999992370605,89
2024-08-22,1.5118000507354736,1.5118000507354736,1.5151000022888184,1.5110000371932983,1.5151000022888184,72
2024-08-23,1.5123000144958496,1.5123000144958496,1.513200044631958,1.5096999406814575,1.513200044631958,40
2024-08-26,1.5046000480651855,1.5046000480651855,1.5119999647140503,1.5044000148773193,1.5119999647140503,351
2024-08-27,1.5046000480651855,1.5046000480651855,1.50600004196167,1.5024000406265259,1.50600004196167,76
2024-08-28,1.4981000423431396,1.4981000423431396,1.5033999681472778,1.4967999458312988,1.5033999681472778,173
2024-08-29,1.4930000305175781,1.4930000305175781,1.4977999925613403,1.4908000230789185,1.4975999593734741,161
2024-08-30,1.4908000230789185,1.4908000230789185,1.4946000576019287,1.489300012588501,1.4946000576019287,137
2024-09-03,1.4954999685287476,1.4954999685287476,1.4987000226974487,1.4904999732971191,1.4904999732971191,220
2024-09-04,1.497499942779541,1.497499942779541,1.4990999698638916,1.496899962425232,1.4982999563217163,255
2024-09-05,1.499899983406067,1.499899983406067,1.499899983406067,1.4970999956130981,1.4970999956130981,30
2024-09-06,1.5037000179290771,1.5037000179290771,1.5045000314712524,1.4988000392913818,1.5003000497817993,47
2024-09-09,1.4975999593734741,1.4975999593734741,1.4996000528335571,1.4966000318527222,1.4993000030517578,47
2024-09-10,1.499899983406067,1.499899983406067,1.500599980354309,1.4976999759674072,1.4982000589370728,609
2024-09-11,1.496000051498413,1.496000051498413,1.499400019645691,1.496000051498413,1.499400019645691,4661
2024-09-12,1.5032000541687012,1.5032000541687012,1.5032000541687012,1.4951000213623047,1.4951000213623047,657
2024-09-13,1.50600004196167,1.50600004196167,1.50600004196167,1.50600004196167,1.50600004196167,85
2024-09-16,1.5119999647140503,1.5119999647140503,1.5119999647140503,1.5104999542236328,1.5104999542236328,238
2024-09-17,1.513700008392334,1.513700008392334,1.517199993133545,1.513700008392334,1.5147000551223755,56
2024-09-18,1.5151000022888184,1.5151000022888184,1.5175000429153442,1.5133999586105347,1.5144000053405762,86
2024-09-19,1.5151000022888184,1.5151000022888184,1.5151000022888184,1.5135999917984009,1.5139000415802002,41
2024-09-20,1.5154999494552612,1.5154999494552612,1.5166000127792358,1.5147000551223755,1.5151000022888184,215
2024-09-23,1.5025999546051025,1.5025999546051025,1.513100028038025,1.502500057220459,1.513100028038025,147
2024-09-24,1.5027999877929688,1.5027999877929688,1.507099986076355,1.5027999877929688,1.507099986076355,8
2024-09-25,1.5025999546051025,1.5025999546051025,1.5087000131607056,1.5018999576568604,1.5045000314712524,42
2024-09-26,1.5074000358581543,1.5074000358581543,1.5080000162124634,1.5010000467300415,1.5025999546051025,153
2024-09-27,1.5104999542236328,1.5104999542236328,1.5113999843597412,1.5032999515533447,1.5032999515533447,26
2024-09-30,1.507200002670288,1.507200002670288,1.514799952507019,1.507200002670288,1.51010000705719,21
2024-10-01,1.4945000410079956,1.4945000410079956,1.507200002670288,1.4945000410079956,1.507200002670288,65
2024-10-02,1.4924999475479126,1.4924999475479126,1.4948999881744385,1.4904999732971191,1.4948999881744385,44
2024-10-03,1.4953999519348145,1.4953999519348145,1.4953999519348145,1.4924999475479126,1.4924999475479126,32
2024-10-04,1.4911999702453613,1.4911999702453613,1.4972000122070312,1.490399956703186,1.496500015258789,15
2024-10-07,1.4976999759674072,1.4976999759674072,1.4976999759674072,1.4911999702453613,1.4911999702453613,21
2024-10-08,1.5,1.5,1.5017000436782837,1.4996999502182007,1.4996999502182007,56
2024-10-09,1.5010000467300415,1.5010000467300415,1.5010000467300415,1.4991999864578247,1.499500036239624,92
2024-10-10,1.5039000511169434,1.5039000511169434,1.5056999921798706,1.5013999938964844,1.5013999938964844,23
2024-10-11,1.5068000555038452,1.5068000555038452,1.5084999799728394,1.5046000480651855,1.5055999755859375,61
2024-10-14,1.5053999423980713,1.5053999423980713,1.5053999423980713,1.5053999423980713,1.5053999423980713,0
2024-10-15,1.5027999877929688,1.5027999877929688,1.5104000568389893,1.5027999877929688,1.5051000118255615,169
2024-10-16,1.4947999715805054,1.4947999715805054,1.503000020980835,1.4947999715805054,1.5015000104904175,43
2024-10-17,1.4947999715805054,1.4947999715805054,1.498900055885315,1.4914000034332275,1.4948999881744385,116
2024-10-18,1.5013999938964844,1.5013999938964844,1.5013999938964844,1.4958000183105469,1.4961999654769897,150
2024-10-21,1.4974000453948975,1.4974000453948975,1.5015000104904175,1.4974000453948975,1.499899983406067,51
2024-10-22,1.4937000274658203,1.4937000274658203,1.4986000061035156,1.4937000274658203,1.4986000061035156,45
2024-10-23,1.492799997329712,1.492799997329712,1.49399995803833,1.4911999702453613,1.4922000169754028,75
2024-10-24,1.5002000331878662,1.5002000331878662,1.5002000331878662,1.4925999641418457,1.4925999641418457,50
2024-10-25,1.5006999969482422,1.5006999969482422,1.5025999546051025,1.499400019645691,1.499400019645691,79
2024-10-28,1.503000020980835,1.503000020980835,1.504699945449829,1.503000020980835,1.5039000511169434,19
2024-10-29,1.5061999559402466,1.5061999559402466,1.5061999559402466,1.4986000061035156,1.5018999576568604,64
2024-10-30,1.5113999843597412,1.5113999843597412,1.5124000310897827,1.5077999830245972,1.5077999830245972,244
2024-10-31,1.5125000476837158,1.5125000476837158,1.5159000158309937,1.510599970817566,1.510599970817566,316
2024-11-01,1.5127999782562256,1.5127999782562256,1.516800045967102,1.510699987411499,1.5155999660491943,75
2024-11-04,1.5124000310897827,1.5124000310897827,1.5174000263214111,1.5124000310897827,1.514799952507019,17
2024-11-05,1.5135999917984009,1.5135999917984009,1.5135999917984009,1.5121999979019165,1.5121999979019165,9
2024-11-06,1.4961999654769897,1.4961999654769897,1.5118999481201172,1.488800048828125,1.5118999481201172,153
2024-11-07,1.4952000379562378,1.4952000379562378,1.4996000528335571,1.493499994277954,1.4961999654769897,12
2024-11-08,1.4911999702453613,1.4911999702453613,1.4989999532699585,1.489400029182434,1.4977999925613403,29
2024-11-11,1.4837000370025635,1.4837000370025635,1.4908000230789185,1.4825999736785889,1.4908000230789185,92
2024-11-12,1.4804999828338623,1.4804999828338623,1.4846999645233154,1.478600025177002,1.4846999645233154,102
2024-11-13,1.4795000553131104,1.4795000553131104,1.4839999675750732,1.4774999618530273,1.4804999828338623,67
2024-11-14,1.4808000326156616,1.4808000326156616,1.4833999872207642,1.4723000526428223,1.4780000448226929,66
2024-11-15,1.4852999448776245,1.4852999448776245,1.486199975013733,1.4840999841690063,1.4840999841690063,73
2024-11-18,1.4848999977111816,1.4848999977111816,1.4889999628067017,1.4848999977111816,1.4889999628067017,57
2024-11-19,1.479699969291687,1.479699969291687,1.4846999645233154,1.4788999557495117,1.4846999645233154,59
2024-11-20,1.4739999771118164,1.4739999771118164,1.4775999784469604,1.4736000299453735,1.4775999784469604,39
2024-11-21,1.4642000198364258,1.4642000198364258,1.4706000089645386,1.4637999534606934,1.4706000089645386,44
2024-11-22,1.4557000398635864,1.4557000398635864,1.4651999473571777,1.4539999961853027,1.4642000198364258,39
2024-11-25,1.468500018119812,1.468500018119812,1.469099998474121,1.4643000364303589,1.4643000364303589,18
2024-11-26,1.4728000164031982,1.4728000164031982,1.4824999570846558,1.4728000164031982,1.4771000146865845,183
2024-11-27,1.482300043106079,1.482300043106079,1.4838999509811401,1.4745999574661255,1.4745999574661255,85
2024-11-29,1.4794000387191772,1.4794000387191772,1.4816999435424805,1.4757000207901,1.4778000116348267,60
2024-12-02,1.4735000133514404,1.4735000133514404,1.4769999980926514,1.472599983215332,1.4769999980926514,49
2024-12-03,1.4780999422073364,1.4780999422073364,1.479599952697754,1.4738999605178833,1.4738999605178833,379
2024-12-04,1.4788000583648682,1.4788000583648682,1.4818999767303467,1.4749000072479248,1.479599952697754,73
2024-12-05,1.4851000308990479,1.4851000308990479,1.4851000308990479,1.479699969291687,1.4818999767303467,156
2024-12-06,1.4943000078201294,1.4943000078201294,1.4957000017166138,1.4838999509811401,1.4838999509811401,233
2024-12-09,1.4944000244140625,1.4944000244140625,1.4957000017166138,1.492300033569336,1.4946999549865723,227
2024-12-10,1.4909000396728516,1.4909000396728516,1.4957000017166138,1.4875999689102173,1.4957000017166138,2036
2024-12-11,1.4855999946594238,1.4855999946594238,1.4905999898910522,1.4824999570846558,1.489400029182434,2980
2024-12-12,1.4878000020980835,1.4878000020980835,1.4882999658584595,1.4845999479293823,1.4859000444412231,2101
2024-12-13,1.493499994277954,1.493499994277954,1.4936000108718872,1.4891999959945679,1.489400029182434,64
2024-12-16,1.4940999746322632,1.4940999746322632,1.4940999746322632,1.4940999746322632,1.4940999746322632,33
2024-12-17,1.5017000436782837,1.5017000436782837,1.5042999982833862,1.4982999563217163,1.4982999563217163,28
2024-12-18,1.4972000122070312,1.4972000122070312,1.5059000253677368,1.496999979019165,1.5019999742507935,72
2024-12-19,1.4916000366210938,1.4916000366210938,1.5018999576568604,1.488800048828125,1.5011999607086182,83
2024-12-20,1.499899983406067,1.499899983406067,1.5003000497817993,1.4940999746322632,1.4940999746322632,82
2024-12-23,1.4970999956130981,1.4970999956130981,1.5020999908447266,1.4962999820709229,1.497499942779541,33
2024-12-24,1.4944000244140625,1.4944000244140625,1.4946999549865723,1.4944000244140625,1.4946999549865723,3
2024-12-26,1.5025999546051025,1.5025999546051025,1.5027999877929688,1.5016000270843506,1.5016000270843506,7
2024-12-27,1.5038000345230103,1.5038000345230103,1.5053000450134277,1.5,1.5,26
2024-12-30,1.493299961090088,1.493299961090088,1.502500057220459,1.493299961090088,1.502500057220459,130
2024-12-31,1.48989999294281,1.48989999294281,1.4970999956130981,1.4895999431610107,1.4970999956130981,55
2025-01-02,1.4782999753952026,1.4782999753952026,1.489400029182434,1.4773999452590942,1.4889999628067017,319
2025-01-03,1.4890999794006348,1.4890999794006348,1.4890999794006348,1.4804999828338623,1.4814000129699707,451
2025-01-06,1.48989999294281,1.48989999294281,1.493299961090088,1.4843000173568726,1.4843000173568726,45
2025-01-07,1.486299991607666,1.486299991607666,1.492300033569336,1.4859999418258667,1.4889999628067017,24
2025-01-08,1.4838999509811401,1.4838999509811401,1.4838999509811401,1.482200026512146,1.4831000566482544,10
2025-01-09,1.482699990272522,1.482699990272522,1.482800006866455,1.482699990272522,1.482800006866455,1
2025-01-10,1.478700041770935,1.478700041770935,1.479099988937378,1.475600004196167,1.4789999723434448,46
2025-01-13,1.4716999530792236,1.4716999530792236,1.4730000495910645,1.4693000316619873,1.4693000316619873,44
2025-01-14,1.4799000024795532,1.4799000024795532,1.4799000024795532,1.4742000102996826,1.4744000434875488,16
2025-01-15,1.4753999710083008,1.4753999710083008,1.4819999933242798,1.4752000570297241,1.4794000387191772,10
2025-01-16,1.483299970626831,1.483299970626831,1.483299970626831,1.4775999784469604,1.4775999784469604,8
2025-01-17,1.4865000247955322,1.4865000247955322,1.4865000247955322,1.4846999645233154,1.4846999645233154,11
2025-01-21,1.4938000440597534,1.4938000440597534,1.5045000314712524,1.4883999824523926,1.4895000457763672,110
2025-01-22,1.4977999925613403,1.4977999925613403,1.499500036239624,1.4957000017166138,1.4957000017166138,67
2025-01-23,1.4972000122070312,1.4972000122070312,1.5003000497817993,1.4945000410079956,1.4986000061035156,17
2025-01-24,1.5056999921798706,1.5056999921798706,1.5074000358581543,1.497499942779541,1.497499942779541,22
2025-01-27,1.5089000463485718,1.5089000463485718,1.5127999782562256,1.5059000253677368,1.5063999891281128,69
2025-01-28,1.5025999546051025,1.5025999546051025,1.5052000284194946,1.5,1.5046000480651855,66
2025-01-29,1.5022000074386597,1.5022000074386597,1.5048999786376953,1.5008000135421753,1.5024000406265259,20
2025-01-30,1.5032999515533447,1.5032999515533447,1.516700029373169,1.4989999532699585,1.4997999668121338,34
2025-01-31,1.5058000087738037,1.5058000087738037,1.5073000192642212,1.5016000270843506,1.5058000087738037,66
2025-02-03,1.4989999532699585,1.4989999532699585,1.5119999647140503,1.4889999628067017,1.5108000040054321,426
2025-02-04,1.4852999448776245,1.4852999448776245,1.492799997329712,1.4852999448776245,1.48989999294281,48
2025-02-05,1.4900000095367432,1.4900000095367432,1.4900000095367432,1.4874000549316406,1.4888999462127686,10
2025-02-06,1.4871000051498413,1.4871000051498413,1.4872000217437744,1.4838000535964966,1.4872000217437744,39
2025-02-07,1.476099967956543,1.476099967956543,1.4880000352859497,1.4744000434875488,1.4853999614715576,57
2025-02-10,1.475000023841858,1.475000023841858,1.4808000326156616,1.475000023841858,1.4776999950408936,23
2025-02-11,1.4808000326156616,1.4808000326156616,1.4817999601364136,1.4768999814987183,1.4768999814987183,17
2025-02-12,1.4845999479293823,1.4845999479293823,1.485700011253357,1.4793000221252441,1.4835000038146973,68
2025-02-13,1.4852999448776245,1.4852999448776245,1.489400029182434,1.4830000400543213,1.488700032234192,67
2025-02-14,1.486899971961975,1.486899971961975,1.4882999658584595,1.4845999479293823,1.4852999448776245,31
2025-02-18,1.482100009918213,1.482100009918213,1.4879000186920166,1.4816999435424805,1.4866000413894653,33
2025-02-19,1.4838000535964966,1.4838000535964966,1.4838000535964966,1.4804999828338623,1.482800006866455,96
2025-02-20,1.4886000156402588,1.4886000156402588,1.4886000156402588,1.483299970626831,1.4838000535964966,41
2025-02-21,1.4888999462127686,1.4888999462127686,1.4888999462127686,1.4848999977111816,1.4866000413894653,11
2025-02-24,1.490399956703186,1.490399956703186,1.4917999505996704,1.4890999794006348,1.4917999505996704,27
2025-02-25,1.5033999681472778,1.5033999681472778,1.5033999681472778,1.4936000108718872,1.4936000108718872,86
2025-02-26,1.503999948501587,1.503999948501587,1.509600043296814,1.5032000541687012,1.5044000148773193,73
2025-02-27,1.5025999546051025,1.5025999546051025,1.5049999952316284,1.5012999773025513,1.5049999952316284,15
2025-02-28,1.4991999864578247,1.4991999864578247,1.503499984741211,1.4977999925613403,1.5011999607086182,33
2025-03-03,1.5189000368118286,1.5189000368118286,1.5226999521255493,1.50409996509552,1.50409996509552,154
2025-03-04,1.5358999967575073,1.5358999967575073,1.537500023841858,1.517199993133545,1.5192999839782715,162
2025-03-05,1.5468000173568726,1.5468000173568726,1.5529999732971191,1.530400037765503,1.530400037765503,268
2025-03-06,1.544800043106079,1.544800043106079,1.5539000034332275,1.5404000282287598,1.5468000173568726,259
2025-03-07,1.5577000379562378,1.5577000379562378,1.5644999742507935,1.5492000579833984,1.5492000579833984,287
2025-03-10,1.5664000511169434,1.5664000511169434,1.5664000511169434,1.5526000261306763,1.5577000379562378,535
2025-03-11,1.5743000507354736,1.5743000507354736,1.5841000080108643,1.565600037574768,1.5664000511169434,2742
2025-03-12,1.5634000301361084,1.5634000301361084,1.5765999555587769,1.5634000301361084,1.5745999813079834,2790
2025-03-13,1.5654000043869019,1.5654000043869019,1.5667999982833862,1.5604000091552734,1.5644999742507935,429
2025-03-14,1.5640000104904175,1.5640000104904175,1.5720000267028809,1.562600016593933,1.562999963760376,259
2025-03-17,1.5627000331878662,1.5627000331878662,1.5627000331878662,1.559999942779541,1.559999942779541,19
2025-03-18,1.566100001335144,1.566100001335144,1.5672999620437622,1.5580999851226807,1.5613000392913818,195
2025-03-19,1.561900019645691,1.561900019645691,1.5645999908447266,1.5586999654769897,1.5645999908447266,65
2025-03-20,1.5549999475479126,1.5549999475479126,1.5621999502182007,1.5546000003814697,1.5621999502182007,104
2025-03-21,1.5532000064849854,1.5532000064849854,1.5571000576019287,1.5520999431610107,1.555999994277954,86
2025-03-24,1.5476000308990479,1.5476000308990479,1.5503000020980835,1.545300006866455,1.5503000020980835,37
2025-03-25,1.544700026512146,1.544700026512146,1.5476000308990479,1.544700026512146,1.5475000143051147,28
2025-03-26,1.537500023841858,1.537500023841858,1.5405999422073364,1.5357999801635742,1.5405999422073364,40
2025-03-27,1.5458999872207642,1.5458999872207642,1.5465999841690063,1.5367000102996826,1.5367000102996826,162
2025-03-28,1.5504000186920166,1.5504000186920166,1.5504000186920166,1.545699954032898,1.545699954032898,52
2025-03-31,1.5555000305175781,1.5555000305175781,1.5556000471115112,1.552899956703186,1.5532000064849854,54
2025-04-01,1.5470999479293823,1.5470999479293823,1.5562000274658203,1.5470999479293823,1.5561000108718872,261
2025-04-02,1.5555000305175781,1.5555000305175781,1.5555000305175781,1.5442999601364136,1.5442999601364136,70
2025-04-03,1.554800033569336,1.554800033569336,1.5684000253677368,1.5463000535964966,1.5463000535964966,446
2025-04-04,1.5587999820709229,1.5587999820709229,1.572100043296814,1.5535999536514282,1.5570000410079956,460
2025-04-07,1.5537999868392944,1.5537999868392944,1.5686999559402466,1.5536999702453613,1.5635000467300415,154
2025-04-08,1.5599000453948975,1.5599000453948975,1.5621000528335571,1.548699975013733,1.5505000352859497,41
2025-04-09,1.5480999946594238,1.5480999946594238,1.5693999528884888,1.541700005531311,1.5679999589920044,50
2025-04-10,1.5693000555038452,1.5693000555038452,1.5693000555038452,1.5435999631881714,1.5435999631881714,33
2025-04-11,1.5720000267028809,1.5720000267028809,1.5892000198364258,1.5720000267028809,1.5839999914169312,166
2025-04-14,1.5746999979019165,1.5746999979019165,1.580399990081787,1.5709999799728394,1.5709999799728394,148
2025-04-15,1.5751999616622925,1.5751999616622925,1.5773999691009521,1.5707999467849731,1.5709999799728394,99
2025-04-16,1.5808000564575195,1.5808000564575195,1.5825999975204468,1.5781999826431274,1.5781999826431274,69
2025-04-17,1.5749000310897827,1.5749000310897827,1.5815999507904053,1.5707999467849731,1.5815999507904053,211
2025-04-21,1.5951999425888062,1.5951999425888062,1.5951999425888062,1.5872000455856323,1.5880000591278076,56
2025-04-22,1.5793999433517456,1.5793999433517456,1.5918999910354614,1.5793999433517456,1.5906000137329102,17
2025-04-23,1.5733000040054321,1.5733000040054321,1.5789999961853027,1.5722999572753906,1.5722999572753906,15
2025-04-24,1.5779000520706177,1.5779000520706177,1.5784000158309937,1.5743000507354736,1.5743000507354736,3
2025-04-25,1.5779000520706177,1.5779000520706177,1.5786000490188599,1.5764000415802002,1.5764000415802002,21
2025-04-28,1.5808000564575195,1.5808000564575195,1.5808000564575195,1.573799967765808,1.573799967765808,11
2025-04-29,1.57669997215271,1.57669997215271,1.5787999629974365,1.5765999555587769,1.5787999629974365,5
2025-04-30,1.565000057220459,1.565000057220459,1.572700023651123,1.562000036239624,1.572700023651123,53
2025-05-01,1.5633000135421753,1.5633000135421753,1.5642999410629272,1.5605000257492065,1.5627000331878662,81
2025-05-02,1.5615999698638916,1.5615999698638916,1.56850004196167,1.5615999698638916,1.562000036239624,33
2025-05-05,1.5636999607086182,1.5636999607086182,1.5677000284194946,1.5621999502182007,1.5637999773025513,19
2025-05-06,1.5669000148773193,1.5669000148773193,1.5669000148773193,1.5633000135421753,1.5649000406265259,14
2025-05-07,1.5654000043869019,1.5654000043869019,1.5677000284194946,1.5621000528335571,1.5621999502182007,21
2025-05-08,1.5638999938964844,1.5638999938964844,1.5699000358581543,1.5638999938964844,1.5657000541687012,19
2025-05-09,1.5688999891281128,1.5688999891281128,1.5728000402450562,1.5627000331878662,1.5627000331878662,19
2025-05-12,1.55239999294281,1.55239999294281,1.5648000240325928,1.5497000217437744,1.5648000240325928,83
2025-05-13,1.5597000122070312,1.5597000122070312,1.5615999698638916,1.5527000427246094,1.554900050163269,18
2025-05-14,1.5628000497817993,1.5628000497817993,1.5674999952316284,1.5614999532699585,1.5614999532699585,12
2025-05-15,1.5613000392913818,1.5613000392913818,1.5674999952316284,1.5613000392913818,1.5643999576568604,23
2025-05-16,1.5600999593734741,1.5600999593734741,1.5627000331878662,1.5600999593734741,1.5627000331878662,2
2025-05-19,1.5686999559402466,1.5686999559402466,1.572700023651123,1.5686999559402466,1.5720000267028809,3
2025-05-20,1.5707000494003296,1.5707000494003296,1.5713000297546387,1.570199966430664,1.570199966430664,14
2025-05-21,1.569000005722046,1.569000005722046,1.5758999586105347,1.569000005722046,1.5738999843597412,34
2025-05-22,1.5642000436782837,1.5642000436782837,1.5694999694824219,1.5642000436782837,1.5694999694824219,1
2025-05-23,1.5592000484466553,1.5592000484466553,1.5602999925613403,1.559000015258789,1.5602999925613403,15
2025-05-27,1.5643999576568604,1.5643999576568604,1.5643999576568604,1.5627000331878662,1.563099980354309,4
2025-05-28,1.5621999502182007,1.5621999502182007,1.5669000148773193,1.5621999502182007,1.565000057220459,43
2025-05-29,1.5700000524520874,1.5700000524520874,1.5707000494003296,1.5540000200271606,1.5599000453948975,17
2025-05-30,1.558500051498413,1.558500051498413,1.5672999620437622,1.558500051498413,1.5666999816894531,79
2025-06-02,1.569100022315979,1.569100022315979,1.5693000555038452,1.5633000135421753,1.5642999410629272,17
2025-06-03,1.5602999925613403,1.5602999925613403,1.5671000480651855,1.5602999925613403,1.5667999982833862,24
2025-06-04,1.5608999729156494,1.5608999729156494,1.5638999938964844,1.5608999729156494,1.5622999668121338,63
2025-06-05,1.5631999969482422,1.5631999969482422,1.5667999982833862,1.5631999969482422,1.5667999982833862,0
2025-06-06,1.5609999895095825,1.5609999895095825,1.5627000331878662,1.5601999759674072,1.5627000331878662,18
2025-06-09,1.562999963760376,1.562999963760376,1.5634000301361084,1.562600016593933,1.5627000331878662,121
2025-06-10,1.5635000467300415,1.5635000467300415,1.5657000541687012,1.562600016593933,1.5652999877929688,1171
2025-06-11,1.5693999528884888,1.5693999528884888,1.5705000162124634,1.5643999576568604,1.5651999711990356,1991
2025-06-12,1.5749000310897827,1.5749000310897827,1.5815999507904053,1.5735000371932983,1.5743999481201172,2465
2025-06-13,1.569000005722046,1.569000005722046,1.5693000555038452,1.569000005722046,1.5693000555038452,168
2025-06-16,1.57260000705719,1.57260000705719,1.57260000705719,1.57260000705719,1.57260000705719,81
2025-06-17,1.5686999559402466,1.5686999559402466,1.5716999769210815,1.5677000284194946,1.570099949836731,14
2025-06-18,1.573799967765808,1.573799967765808,1.5789999961853027,1.572700023651123,1.5745999813079834,0
2025-06-20,1.5849000215530396,1.5849000215530396,1.5859999656677246,1.57669997215271,1.577299952507019,27
2025-06-23,1.5924999713897705,1.5924999713897705,1.5924999713897705,1.5814000368118286,1.5814000368118286,31
2025-06-24,1.5973999500274658,1.5973999500274658,1.5973999500274658,1.590000033378601,1.594499945640564,54
2025-06-25,1.6029000282287598,1.6029000282287598,1.6029000282287598,1.5942000150680542,1.5973999500274658,492
2025-06-26,1.5990999937057495,1.5990999937057495,1.6079000234603882,1.597499966621399,1.6060999631881714,71
2025-06-27,1.6065000295639038,1.6065000295639038,1.6098999977111816,1.5999000072479248,1.601099967956543,69
2025-06-30,1.6064000129699707,1.6064000129699707,1.6064000129699707,1.6018999814987183,1.605299949645996,54
2025-07-01,1.6100000143051147,1.6100000143051147,1.6121000051498413,1.6045000553131104,1.6047999858856201,106
2025-07-02,1.6057000160217285,1.6057000160217285,1.6092000007629395,1.6051000356674194,1.6092000007629395,38
2025-07-03,1.5956000089645386,1.5956000089645386,1.6051000356674194,1.5956000089645386,1.6051000356674194,0
2025-07-04,1.6043000221252441,1.6043000221252441,1.6043000221252441,1.6023999452590942,1.6023999452590942,0
2025-07-07,1.6026999950408936,1.6026999950408936,1.6065000295639038,1.6026999950408936,1.6044000387191772,38
2025-07-08,1.6055999994277954,1.6055999994277954,1.6058000326156616,1.6015000343322754,1.6058000326156616,153
2025-07-09,1.6058000326156616,1.6058000326156616,1.6064000129699707,1.6044000387191772,1.6044000387191772,18
2025-07-10,1.600100040435791,1.600100040435791,1.607800006866455,1.5993000268936157,1.607800006866455,94
2025-07-11,1.6002000570297241,1.6002000570297241,1.6030000448226929,1.5994000434875488,1.6017999649047852,145
2025-07-14,1.6003999710083008,1.6003999710083008,1.6013000011444092,1.5986000299453735,1.6013000011444092,29
2025-07-15,1.5932999849319458,1.5932999849319458,1.6009000539779663,1.5931999683380127,1.6009000539779663,51
2025-07-16,1.5949000120162964,1.5949000120162964,1.6030999422073364,1.5915000438690186,1.5936000347137451,80
2025-07-17,1.5942000150680542,1.5942000150680542,1.5960999727249146,1.5937000513076782,1.5937000513076782,8
2025-07-18,1.5967999696731567,1.5967999696731567,1.6004999876022339,1.596500039100647,1.5980000495910645,138
2025-07-21,1.6016000509262085,1.6016000509262085,1.6030999422073364,1.597599983215332,1.597599983215332,19
2025-07-22,1.6002000570297241,1.6002000570297241,1.6007000207901,1.5999000072479248,1.6007000207901,7
2025-07-23,1.6023000478744507,1.6023000478744507,1.6023000478744507,1.5938999652862549,1.600100040435791,71
2025-07-24,1.6060999631881714,1.6060999631881714,1.6060999631881714,1.6035000085830688,1.6053999662399292,126
2025-07-25,1.611799955368042,1.611799955368042,1.611799955368042,1.6049000024795532,1.6067999601364136,58
2025-07-28,1.5936000347137451,1.5936000347137451,1.6019999980926514,1.5923999547958374,1.6019999980926514,26
2025-07-29,1.5913000106811523,1.5913000106811523,1.593999981880188,1.5878000259399414,1.593999981880188,8
2025-07-30,1.579800009727478,1.579800009727478,1.593500018119812,1.5795999765396118,1.5924999713897705,68
2025-07-31,1.583299994468689,1.583299994468689,1.5842000246047974,1.5793999433517456,1.5810999870300293,40
2025-08-01,1.5937999486923218,1.5937999486923218,1.5979000329971313,1.5824999809265137,1.5824999809265137,482
2025-08-04,1.5951999425888062,1.5951999425888062,1.5973000526428223,1.5937000513076782,1.597000002861023,70
2025-08-05,1.5964000225067139,1.5964000225067139,1.597100019454956,1.5928000211715698,1.5938999652862549,26
2025-08-06,1.603600025177002,1.603600025177002,1.603600025177002,1.5944000482559204,1.5951000452041626,37
2025-08-07,1.6008000373840332,1.6008000373840332,1.6058000326156616,1.6008000373840332,1.6038000583648682,95
2025-08-08,1.6038000583648682,1.6038000583648682,1.6050000190734863,1.6018999814987183,1.6023000478744507,15
2025-08-11,1.6009999513626099,1.6009999513626099,1.6023000478744507,1.6009999513626099,1.6023000478744507,4
2025-08-12,1.6087000370025635,1.6087000370025635,1.6094000339508057,1.6014000177383423,1.6026999950408936,72
2025-08-13,1.6121000051498413,1.6121000051498413,1.614300012588501,1.6110999584197998,1.611799955368042,107
2025-08-14,1.6087000370025635,1.6087000370025635,1.6116000413894653,1.608199954032898,1.6116000413894653,40
2025-08-15,1.617400050163269,1.617400050163269,1.6175999641418457,1.6153000593185425,1.6153000593185425,15
2025-08-18,1.611199975013733,1.611199975013733,1.6161999702453613,1.611199975013733,1.6161999702453613,53
2025-08-19,1.6155999898910522,1.6155999898910522,1.6166000366210938,1.611299991607666,1.611299991607666,18
2025-08-20,1.6174999475479126,1.6174999475479126,1.618299961090088,1.617300033569336,1.617300033569336,11
2025-08-21,1.6140999794006348,1.6140999794006348,1.6181999444961548,1.6140999794006348,1.6167999505996704,30
2025-08-22,1.6211999654769897,1.6211999654769897,1.6226999759674072,1.6140999794006348,1.6140999794006348,41
2025-08-25,1.610200047492981,1.610200047492981,1.618399977684021,1.6094000339508057,1.618399977684021,95
2025-08-26,1.6115000247955322,1.6115000247955322,1.6128000020980835,1.6097999811172485,1.6101000308990479,10
2025-08-27,1.6051000356674194,1.6051000356674194,1.6059000492095947,1.6039999723434448,1.6050000190734863,124
2025-08-28,1.6068999767303467,1.6068999767303467,1.6068999767303467,1.604599952697754,1.604599952697754,13
2025-08-29,1.6064000129699707,1.6064000129699707,1.607800006866455,1.6032999753952026,1.6032999753952026,0
2025-09-02,1.604200005531311,1.604200005531311,1.611899971961975,1.6019999980926514,1.611899971961975,17
2025-09-03,1.6092000007629395,1.6092000007629395,1.6098999977111816,1.6088000535964966,1.6098999977111816,3
2025-09-04,1.6102999448776245,1.6102999448776245,1.610700011253357,1.6086000204086304,1.6095000505447388,184
2025-09-05,1.6226999759674072,1.6226999759674072,1.625599980354309,1.6110999584197998,1.6110999584197998,164
2025-09-08,1.6247999668121338,1.6247999668121338,1.6247999668121338,1.618399977684021,1.6208000183105469,260
2025-09-09,1.6210999488830566,1.6210999488830566,1.625499963760376,1.6210999488830566,1.625499963760376,368
2025-09-10,1.6225999593734741,1.6225999593734741,1.6243000030517578,1.6197999715805054,1.6197999715805054,4309
2025-09-11,1.6237000226974487,1.6237000226974487,1.6263999938964844,1.622499942779541,1.6227999925613403,1349
2025-09-12,1.6247999668121338,1.6247999668121338,1.6266000270843506,1.6198999881744385,1.625100016593933,154
2025-09-15,1.626099944114685,1.626099944114685,1.626099944114685,1.6239999532699585,1.6239999532699585,114
2025-09-16,1.6332999467849731,1.6332999467849731,1.6332999467849731,1.625599980354309,1.625599980354309,218
2025-09-17,1.6313999891281128,1.6313999891281128,1.6330000162124634,1.628999948501587,1.6303000450134277,76
2025-09-18,1.6275999546051025,1.6275999546051025,1.628499984741211,1.6246000528335571,1.628499984741211,217
2025-09-19,1.6200000047683716,1.6200000047683716,1.6267999410629272,1.618899941444397,1.6267999410629272,92
2025-09-22,1.6318999528884888,1.6318999528884888,1.6330000162124634,1.6256999969482422,1.6258000135421753,150
2025-09-23,1.6373000144958496,1.6373000144958496,1.6374000310897827,1.632099986076355,1.632699966430664,23
2025-09-24,1.6333999633789062,1.6333999633789062,1.6337000131607056,1.6318999528884888,1.6337000131607056,22
2025-09-25,1.6260000467300415,1.6260000467300415,1.6339999437332153,1.6260000467300415,1.6339999437332153,22
2025-09-26,1.632699966430664,1.632699966430664,1.632699966430664,1.6289000511169434,1.6289000511169434,15
2025-09-29,1.6338000297546387,1.6338000297546387,1.6380000114440918,1.6327999830245972,1.6330000162124634,264
2025-09-30,1.6354999542236328,1.6354999542236328,1.6374000310897827,1.63510000705719,1.6354000568389893,28
2025-10-01,1.6373000144958496,1.6373000144958496,1.638800024986267,1.6354000568389893,1.6354000568389893,38
2025-10-02,1.6376999616622925,1.6376999616622925,1.6397000551223755,1.636299967765808,1.6397000551223755,19
2025-10-03,1.63919997215271,1.63919997215271,1.6411000490188599,1.6384999752044678,1.6403000354766846,62
2025-10-06,1.6353000402450562,1.6353000402450562,1.6374000310897827,1.628600001335144,1.6374000310897827,31
2025-10-07,1.6274000406265259,1.6274000406265259,1.6274000406265259,1.6274000406265259,1.6274000406265259,0
2025-10-08,1.6227999925613403,1.6227999925613403,1.6247999668121338,1.6203999519348145,1.6246999502182007,56
2025-10-09,1.62090003490448,1.62090003490448,1.6227999925613403,1.6203999519348145,1.6227999925613403,15
2025-10-10,1.6262999773025513,1.6262999773025513,1.6270999908447266,1.6188000440597534,1.6237000226974487,484
2025-10-13,1.6247999668121338,1.6247999668121338,1.6267999410629272,1.6225999593734741,1.6267999410629272,484
2025-10-14,1.6297999620437622,1.6297999620437622,1.6309000253677368,1.6253000497817993,1.6283999681472778,39
2025-10-15,1.635599970817566,1.635599970817566,1.6361000537872314,1.632099986076355,1.632099986076355,9
2025-10-16,1.6431000232696533,1.6431000232696533,1.6438000202178955,1.6366000175476074,1.6369999647140503,50
2025-10-17,1.636199951171875,1.636199951171875,1.645900011062622,1.6359000205993652,1.6438000202178955,19
2025-10-20,1.6354000568389893,1.6354000568389893,1.6370999813079834,1.634600043296814,1.634600043296814,11
2025-10-21,1.627500057220459,1.627500057220459,1.6323000192642212,1.6274000406265259,1.6323000192642212,24
2025-10-22,1.6246000528335571,1.6246000528335571,1.6263999938964844,1.6231000423431396,1.6231000423431396,11
2025-10-23,1.625499963760376,1.625499963760376,1.625499963760376,1.6223000288009644,1.6243000030517578,29
2025-10-24,1.6282999515533447,1.6282999515533447,1.631500005722046,1.6282999515533447,1.6289000511169434,200
2025-10-27,1.6306999921798706,1.6306999921798706,1.6306999921798706,1.6273000240325928,1.6288000345230103,7
2025-10-28,1.6263999938964844,1.6263999938964844,1.632200002670288,1.6263999938964844,1.632200002670288,13
2025-10-29,1.6159000396728516,1.6159000396728516,1.6252000331878662,1.6154999732971191,1.6252000331878662,23
2025-10-30,1.6176999807357788,1.6176999807357788,1.6217999458312988,1.6167000532150269,1.6211999654769897,14
2025-10-31,1.6153000593185425,1.6153000593185425,1.621000051498413,1.6153000593185425,1.621000051498413,14
2025-11-03,1.618899941444397,1.618899941444397,1.6210999488830566,1.6180000305175781,1.6180000305175781,0
2025-11-04,1.61899995803833,1.61899995803833,1.6204999685287476,1.6171000003814697,1.6204999685287476,235
2025-11-05,1.6211999654769897,1.6211999654769897,1.6246999502182007,1.620300054550171,1.621999979019165,17
2025-11-06,1.6292999982833862,1.6292999982833862,1.63100004196167,1.6222000122070312,1.6222000122070312,11
2025-11-07,1.6230000257492065,1.6230000257492065,1.6302000284194946,1.6230000257492065,1.6298999786376953,12
2025-11-10,1.621000051498413,1.621000051498413,1.6238000392913818,1.621000051498413,1.6238000392913818,10
2025-11-11,1.6232000589370728,1.6232000589370728,1.623900055885315,1.6232000589370728,1.623900055885315,2
2025-11-12,1.6220999956130981,1.6220999956130981,1.6243000030517578,1.6220999956130981,1.6243000030517578,35
2025-11-13,1.6330000162124634,1.6330000162124634,1.6341999769210815,1.6253000497817993,1.6253000497817993,23
2025-11-14,1.6296000480651855,1.6296000480651855,1.6332000494003296,1.6292999982833862,1.6332000494003296,8
2025-11-17,1.6283999681472778,1.6283999681472778,1.6283999681472778,1.625499963760376,1.6275999546051025,12
2025-11-18,1.6196999549865723,1.6196999549865723,1.6309000253677368,1.6194000244140625,1.6309000253677368,182
2025-11-19,1.6196000576019287,1.6196000576019287,1.6210999488830566,1.6187000274658203,1.6205999851226807,11
2025-11-20,1.6259000301361084,1.6259000301361084,1.6259000301361084,1.6253000497817993,1.6259000301361084,1
2025-11-21,1.6227999925613403,1.6227999925613403,1.6259000301361084,1.6222000122070312,1.6259000301361084,40
2025-11-24,1.6263999938964844,1.6263999938964844,1.6270999908447266,1.625499963760376,1.6270999908447266,405
2025-11-25,1.6323000192642212,1.6323000192642212,1.632599949836731,1.6277999877929688,1.628600001335144,29
2025-11-26,1.6277999877929688,1.6277999877929688,1.631100058555603,1.6277999877929688,1.631100058555603,28
2025-11-28,1.6211999654769897,1.6211999654769897,1.6282000541687012,1.617400050163269,1.6267999410629272,34
2025-12-01,1.6247999668121338,1.6247999668121338,1.624899983406067,1.6243000030517578,1.624899983406067,124
2025-12-02,1.6236000061035156,1.6236000061035156,1.6265000104904175,1.6236000061035156,1.6259000301361084,37
2025-12-03,1.628100037574768,1.628100037574768,1.628100037574768,1.625599980354309,1.625599980354309,230
2025-12-04,1.625499963760376,1.625499963760376,1.6303999423980713,1.6247999668121338,1.6303999423980713,87
2025-12-05,1.6110999584197998,1.6110999584197998,1.625,1.6100000143051147,1.625,55
2025-12-08,1.6119999885559082,1.6119999885559082,1.6119999885559082,1.6083999872207642,1.6110999584197998,229
2025-12-09,1.610200047492981,1.610200047492981,1.6138999462127686,1.6090999841690063,1.6138999462127686,1667
2025-12-10,1.6128000020980835,1.6128000020980835,1.6128000020980835,1.610700011253357,1.6109000444412231,4105
2025-12-11,1.6175999641418457,1.6175999641418457,1.618899941444397,1.6130000352859497,1.6130000352859497,166
2025-12-12,1.6160999536514282,1.6160999536514282,1.6160999536514282,1.6130000352859497,1.6130000352859497,82
2025-12-15,1.6190999746322632,1.6190999746322632,1.6190999746322632,1.6190999746322632,1.6190999746322632,35
2025-12-16,1.6167000532150269,1.6167000532150269,1.62090003490448,1.6167000532150269,1.62090003490448,23
2025-12-17,1.6198999881744385,1.6198999881744385,1.6211999654769897,1.6145999431610107,1.61489999294281,137
2025-12-18,1.6161999702453613,1.6161999702453613,1.6169999837875366,1.614300012588501,1.6160000562667847,199
2025-12-19,1.6167000532150269,1.6167000532150269,1.6167000532150269,1.6146999597549438,1.6157000064849854,29
2025-12-22,1.6162999868392944,1.6162999868392944,1.6174999475479126,1.6154999732971191,1.6169999837875366,107
2025-12-23,1.6146999597549438,1.6146999597549438,1.6175999641418457,1.6131999492645264,1.6175999641418457,80
2025-12-24,1.6103999614715576,1.6103999614715576,1.6133999824523926,1.6101000308990479,1.6126999855041504,57
2025-12-26,1.6102999448776245,1.6102999448776245,1.6102999448776245,1.6088999509811401,1.6090999841690063,29
2025-12-29,1.6104999780654907,1.6104999780654907,1.6126999855041504,1.6086000204086304,1.611899971961975,81
2025-12-30,1.6089999675750732,1.6089999675750732,1.6124000549316406,1.6089999675750732,1.6109999418258667,13
