Date,copper,aluminum,gold,silver,crude_oil,dxy,sp500,vix,us10y_yield,real_yield_10y,high_yield_oas,china_pmi_proxy_oecd_business_confidence
2010-01-04,3.388000011444092,,1117.699951171875,17.440000534057617,81.51000213623047,77.52999877929688,1132.989990234375,20.040000915527344,3.8410000801086426,1.47,,102.8719
2010-01-05,3.3959999084472656,,1118.0999755859375,17.7810001373291,81.7699966430664,77.62000274658203,1136.52001953125,19.350000381469727,3.755000114440918,1.43,,102.8719
2010-01-06,3.477499961853028,,1135.9000244140625,18.163000106811523,83.18000030517578,77.48999786376953,1137.1400146484375,19.15999984741211,3.808000087738037,1.48,,102.8719
2010-01-07,3.4114999771118164,,1133.0999755859375,18.33300018310547,82.66000366210938,77.91000366210938,1141.68994140625,19.059999465942383,3.822000026702881,1.44,,102.8719
2010-01-08,3.388000011444092,,1138.199951171875,18.45800018310547,82.75,77.47000122070312,1144.97998046875,18.1299991607666,3.808000087738037,1.41,,102.8719
2010-01-11,3.428499937057495,,1150.699951171875,18.683000564575195,82.5199966430664,77.0,1146.97998046875,17.549999237060547,3.818000078201294,1.47,,102.8719
2010-01-12,3.337500095367432,,1128.9000244140625,18.243000030517575,80.79000091552734,76.94999694824219,1136.219970703125,18.25,3.7190001010894775,1.35,,102.8719
2010-01-13,3.387500047683716,,1136.4000244140625,18.538000106811523,79.6500015258789,76.8499984741211,1145.6800537109375,17.850000381469727,3.7829999923706055,1.43,,102.8719
2010-01-14,3.375999927520752,,1142.5999755859375,18.64299964904785,79.38999938964844,76.7300033569336,1148.4599609375,17.6299991607666,3.733999967575073,1.4,,102.8719
2010-01-15,3.3550000190734863,,1130.0999755859375,18.410999298095703,78.0,77.31999969482422,1136.030029296875,17.90999984741211,3.6760001182556152,1.34,,102.8719
2010-01-19,3.437000036239624,,1139.699951171875,18.78400039672852,79.0199966430664,77.5,1150.22998046875,17.579999923706055,3.7070000171661377,1.35,,102.8719
2010-01-20,3.345999956130981,,1112.300048828125,17.865999221801758,77.62000274658203,78.33999633789062,1138.0400390625,18.68000030517578,3.658999919891357,1.31,,102.8719
2010-01-21,3.2850000858306885,,1102.699951171875,17.496000289916992,76.08000183105469,78.31999969482422,1116.47998046875,22.270000457763672,3.611000061035156,1.29,,102.8719
2010-01-22,3.338500022888184,,1089.199951171875,16.917999267578125,74.54000091552734,78.27999877929688,1091.760009765625,27.309999465942383,3.5980000495910645,1.31,,102.8719
2010-01-25,3.384000062942505,,1095.199951171875,17.131000518798828,75.26000213623047,78.19000244140625,1096.780029296875,25.40999984741211,3.630000114440918,1.33,,102.8719
2010-01-26,3.3289999961853027,,1097.9000244140625,16.84600067138672,74.70999908447266,78.43000030517578,1092.1700439453125,24.549999237060547,3.630000114440918,1.31,,102.8719
2010-01-27,3.2144999504089355,,1084.4000244140625,16.42799949645996,73.66999816894531,78.68000030517578,1097.5,23.13999938964844,3.6440000534057617,1.35,,102.8719
2010-01-28,3.0899999141693115,,1083.5999755859375,16.20199966430664,73.63999938964844,78.9000015258789,1084.530029296875,23.729999542236328,3.6579999923706055,1.35,,102.8719
2010-01-29,3.0460000038146973,,1083.0,16.183000564575195,72.88999938964844,79.45999908447266,1073.8699951171875,24.6200008392334,3.608999967575073,1.3,,102.8719
2010-02-01,3.0785000324249268,,1104.300048828125,16.652999877929688,74.43000030517578,79.23999786376953,1089.18994140625,22.59000015258789,3.6540000438690186,1.29,,102.2112
2010-02-02,3.0850000381469727,,1117.4000244140625,16.736000061035156,77.2300033569336,79.01000213623047,1103.3199462890625,21.479999542236328,3.634999990463257,1.26,,102.2112
2010-02-03,2.9679999351501465,,1111.4000244140625,16.309999465942383,76.9800033569336,79.37000274658203,1097.280029296875,21.600000381469727,3.703000068664551,1.3,,102.2112
2010-02-04,2.875499963760376,,1062.4000244140625,15.343000411987305,73.13999938964844,79.91999816894531,1063.1099853515625,26.07999992370605,3.609999895095825,1.27,,102.2112
2010-02-05,2.8540000915527344,,1052.199951171875,14.822999954223633,71.19000244140625,80.44000244140625,1066.18994140625,26.11000061035156,3.5460000038146973,1.32,,102.2112
2010-02-08,2.9094998836517334,,1065.699951171875,15.07800006866455,71.88999938964844,80.30000305175781,1056.739990234375,26.51000022888184,3.5920000076293945,1.35,,102.2112
2010-02-09,2.9835000038146973,,1076.699951171875,15.430999755859377,73.75,79.86000061035156,1070.52001953125,26.0,3.632999897003174,1.37,,102.2112
2010-02-10,2.986000061035156,,1075.800048828125,15.302000045776367,74.5199966430664,80.02999877929688,1068.1300048828125,25.399999618530277,3.694000005722046,1.44,,102.2112
2010-02-11,3.129499912261963,,1094.199951171875,15.592000007629396,75.27999877929688,79.98999786376953,1078.469970703125,23.959999084472656,3.733000040054321,1.47,,102.2112
2010-02-12,3.0789999961853027,,1089.5,15.449000358581545,74.12999725341797,80.31999969482422,1075.510009765625,22.729999542236328,3.693000078201294,1.46,,102.2112
2010-02-16,3.2184998989105225,,1119.300048828125,16.149999618530273,77.01000213623047,79.69999694824219,1094.8699951171875,22.25,3.6640000343322754,1.42,,102.2112
2010-02-17,3.2385001182556152,,1119.5,16.097999572753906,77.33000183105469,80.37999725341797,1099.510009765625,21.71999931335449,3.742000102996826,1.46,,102.2112
2010-02-18,3.2850000858306885,,1118.0,16.059999465942383,79.05999755859375,80.4000015258789,1106.75,20.6299991607666,3.802999973297119,1.48,,102.2112
2010-02-19,3.3570001125335693,,1121.300048828125,16.413000106811523,79.80999755859375,80.63999938964844,1109.1700439453125,20.020000457763672,3.7820000648498535,1.52,,102.2112
2010-02-22,3.30649995803833,,1112.5999755859375,16.222000122070312,80.16000366210938,80.51000213623047,1108.010009765625,19.940000534057617,3.799000024795532,1.55,,102.2112
2010-02-23,3.21399998664856,,1102.699951171875,15.887999534606934,78.86000061035156,80.8499984741211,1094.5999755859375,21.3700008392334,3.690999984741211,1.5,,102.2112
2010-02-24,3.2355000972747803,,1096.5,15.9399995803833,80.0,80.8499984741211,1105.239990234375,20.270000457763672,3.694999933242798,1.51,,102.2112
2010-02-25,3.192500114440918,,1107.800048828125,16.110000610351562,78.16999816894531,80.79000091552734,1102.93994140625,20.100000381469727,3.641999959945679,1.51,,102.2112
2010-02-26,3.2685000896453857,,1118.300048828125,16.5,79.66000366210938,80.36000061035156,1104.489990234375,19.5,3.595000028610229,1.48,,102.2112
2010-03-01,3.3329999446868896,,1117.800048828125,16.448999404907227,78.69999694824219,80.66000366210938,1115.7099609375,19.26000022888184,3.6059999465942383,1.46,,102.3744
2010-03-02,3.3954999446868896,,1136.9000244140625,17.04400062561035,79.68000030517578,80.5199966430664,1118.31005859375,19.059999465942383,3.614000082015991,1.46,,102.3744
2010-03-03,3.4189999103546143,,1142.699951171875,17.30900001525879,80.87000274658203,79.9800033569336,1118.7900390625,18.82999992370605,3.625,1.46,,102.3744
2010-03-04,3.3605000972747803,,1132.5999755859375,17.1560001373291,80.20999908447266,80.55999755859375,1122.969970703125,18.71999931335449,3.6059999465942383,1.44,,102.3744
2010-03-05,3.4024999141693115,,1134.800048828125,17.36199951171875,81.5,80.43000030517578,1138.699951171875,17.420000076293945,3.681999921798706,1.48,,102.3744
2010-03-08,3.3965001106262207,,1123.5999755859375,17.25200080871582,81.87000274658203,80.43000030517578,1138.5,17.790000915527344,3.7079999446868896,1.49,,102.3744
2010-03-09,3.3980000019073486,,1122.0,17.31800079345703,81.48999786376953,80.58999633789062,1140.449951171875,17.920000076293945,3.700999975204468,1.48,,102.3744
2010-03-10,3.3550000190734863,,1107.800048828125,16.993999481201172,82.08999633789062,80.44999694824219,1145.6099853515625,18.56999969482422,3.7200000286102295,1.49,,102.3744
2010-03-11,3.365999937057495,,1108.0,17.13599967956543,82.11000061035156,80.31999969482422,1150.239990234375,18.059999465942383,3.7200000286102295,1.49,,102.3744
2010-03-12,3.369499921798706,,1101.5,17.02400016784668,81.23999786376953,79.83000183105469,1149.989990234375,17.579999923706055,3.7100000381469727,1.45,,102.3744
2010-03-15,3.306999921798706,,1105.0999755859375,17.08300018310547,79.80000305175781,80.25,1150.510009765625,18.0,3.703999996185303,1.46,,102.3744
2010-03-16,3.3570001125335693,,1122.199951171875,17.33300018310547,81.69999694824219,79.75,1159.4599609375,17.690000534057617,3.6530001163482666,1.42,,102.3744
2010-03-17,3.4100000858306885,,1124.0,17.50200080871582,82.93000030517578,79.63999938964844,1166.2099609375,16.90999984741211,3.641999959945679,1.4,,102.3744
2010-03-18,3.387500047683716,,1127.4000244140625,17.406999588012695,82.19999694824219,80.22000122070312,1165.8299560546875,16.6200008392334,3.671999931335449,1.45,,102.3744
2010-03-19,3.364500045776367,,1107.4000244140625,17.017000198364258,80.68000030517578,80.72000122070312,1159.9000244140625,16.969999313354492,3.687000036239624,1.5,,102.3744
2010-03-22,3.372499942779541,,1099.300048828125,16.920000076293945,81.25,80.6500015258789,1165.81005859375,16.8700008392334,3.663000106811523,1.48,,102.3744
2010-03-23,3.369499921798706,,1103.5,17.011999130249023,81.91000366210938,80.9000015258789,1174.1700439453125,16.350000381469727,3.680000066757202,1.49,,102.3744
2010-03-24,3.3364999294281006,,1088.5999755859375,16.625999450683594,80.61000061035156,81.83999633789062,1167.719970703125,17.549999237060547,3.828999996185303,1.6,,102.3744
2010-03-25,3.371000051498413,,1092.699951171875,16.726999282836914,80.52999877929688,82.12000274658203,1165.72998046875,18.399999618530277,3.901000022888184,1.65,,102.3744
2010-03-26,3.3929998874664307,,1104.199951171875,16.893999099731445,80.0,81.68000030517578,1166.5899658203125,17.770000457763672,3.8550000190734863,1.62,,102.3744
2010-03-29,3.5295000076293945,,1110.300048828125,17.37299919128418,82.16999816894531,81.36000061035156,1173.219970703125,17.59000015258789,3.864000082015991,1.66,,102.3744
2010-03-30,3.555000066757202,,1104.5,17.31599998474121,82.37000274658203,81.47000122070312,1173.27001953125,17.1299991607666,3.868000030517578,1.66,,102.3744
2010-03-31,3.5460000038146973,,1113.300048828125,17.511999130249023,83.76000213623047,81.06999969482422,1169.4300537109375,17.59000015258789,3.8329999446868896,1.6,,102.3744
2010-04-01,3.57699990272522,,1125.0999755859375,17.875999450683594,84.87000274658203,80.77999877929688,1178.0999755859375,17.469999313354492,3.858999967575073,1.61,,102.3484
2010-04-05,3.625999927520752,,1132.9000244140625,18.10400009155273,86.62000274658203,81.08999633789062,1187.43994140625,17.020000457763672,3.99399995803833,1.7,,102.3484
2010-04-06,3.609499931335449,,1135.0999755859375,17.91699981689453,86.83999633789062,81.38999938964844,1189.43994140625,16.229999542236328,3.9679999351501465,1.68,,102.3484
2010-04-07,3.5920000076293945,,1152.300048828125,18.184999465942383,85.87999725341797,81.44000244140625,1182.449951171875,16.6200008392334,3.86299991607666,1.55,,102.3484
2010-04-08,3.5810000896453857,,1152.199951171875,18.11599922180176,85.38999938964844,81.52999877929688,1186.43994140625,16.479999542236328,3.8959999084472656,1.58,,102.3484
2010-04-09,3.5845000743865967,,1161.0999755859375,18.34000015258789,84.91999816894531,81.08999633789062,1194.3699951171875,16.139999389648438,3.888000011444092,1.56,,102.3484
2010-04-12,3.559499979019165,,1161.5999755859375,18.402999877929688,84.33999633789062,80.55999755859375,1196.47998046875,15.579999923706056,3.845999956130981,1.52,,102.3484
2010-04-13,3.595499992370605,,1152.800048828125,18.238000869750977,84.05000305175781,80.51000213623047,1197.300048828125,16.200000762939453,3.811000108718872,1.5,,102.3484
2010-04-14,3.6054999828338623,,1159.0,18.40399932861328,85.83999633789062,80.19000244140625,1210.6500244140625,15.59000015258789,3.8550000190734863,1.54,,102.3484
2010-04-15,3.5964999198913574,,1159.699951171875,18.423999786376957,85.51000213623047,80.4800033569336,1211.6700439453125,15.890000343322754,3.848000049591065,1.49,,102.3484
2010-04-16,3.5114998817443848,,1136.300048828125,17.66900062561035,83.23999786376953,80.81999969482422,1192.1300048828125,18.36000061035156,3.7699999809265137,1.46,,102.3484
2010-04-19,3.494499921798706,,1135.199951171875,17.725000381469727,81.44999694824219,81.0,1197.52001953125,17.34000015258789,3.806999921798706,1.49,,102.3484
2010-04-20,3.51200008392334,,1138.5999755859375,17.815000534057617,83.44999694824219,81.05000305175781,1207.1700439453125,15.729999542236328,3.805000066757202,1.47,,102.3484
2010-04-21,3.532999992370605,,1148.199951171875,18.072999954223636,83.68000030517578,81.16000366210938,1205.93994140625,16.31999969482422,3.73799991607666,1.42,,102.3484
2010-04-22,3.484499931335449,,1142.300048828125,18.006000518798828,83.69999694824219,81.56999969482422,1208.6700439453125,16.469999313354492,3.7720000743865967,1.46,,102.3484
2010-04-23,3.5114998817443848,,1153.0999755859375,18.18899917602539,85.12000274658203,81.3499984741211,1217.280029296875,16.6200008392334,3.816999912261963,1.47,,102.3484
2010-04-26,3.5269999504089355,,1153.5,18.333999633789062,84.19999694824219,81.4800033569336,1212.050048828125,17.469999313354492,3.815000057220459,1.46,,102.3484
2010-04-27,3.3635001182556152,,1161.699951171875,18.11599922180176,82.44000244140625,82.1500015258789,1183.7099609375,22.809999465942383,3.690000057220459,1.37,,102.3484
2010-04-28,3.367500066757202,,1171.300048828125,18.10700035095215,83.22000122070312,82.37999725341797,1191.3599853515625,21.07999992370605,3.7730000019073486,1.4,,102.3484
2010-04-29,3.3334999084472656,,1168.4000244140625,18.548999786376957,85.16999816894531,82.0,1206.780029296875,18.440000534057617,3.7279999256134033,1.31,,102.3484
2010-04-30,3.337500095367432,,1180.0999755859375,18.61100006103516,86.1500015258789,81.87000274658203,1186.68994140625,22.049999237060547,3.663000106811523,1.29,,102.3484
2010-05-03,3.2785000801086426,,1182.699951171875,18.8129997253418,86.19000244140625,82.2699966430664,1202.260009765625,20.190000534057617,3.704999923706055,1.32,,101.5999
2010-05-04,3.164499998092652,,1168.5999755859375,17.81800079345703,82.73999786376953,83.30000305175781,1173.5999755859375,23.84000015258789,3.61299991607666,1.31,,101.5999
2010-05-05,3.138000011444092,,1174.5999755859375,17.51099967956543,79.97000122070312,84.08000183105469,1165.8699951171875,24.90999984741211,3.549999952316284,1.3,,101.5999
2010-05-06,3.1034998893737797,,1196.9000244140625,17.493000030517578,77.11000061035156,84.88999938964844,1128.1500244140625,32.79999923706055,3.3980000019073486,1.25,,101.5999
2010-05-07,3.13100004196167,,1210.0,18.429000854492188,75.11000061035156,84.44999694824219,1110.8800048828125,40.95000076293945,3.428999900817871,1.3,,101.5999
2010-05-10,3.2149999141693115,,1200.4000244140625,18.530000686645508,76.80000305175781,84.16000366210938,1159.72998046875,28.84000015258789,3.5390000343322754,1.33,,101.5999
2010-05-11,3.194000005722046,,1219.9000244140625,19.27199935913086,76.37000274658203,84.47000122070312,1155.7900390625,28.31999969482422,3.5350000858306885,1.31,,101.5999
2010-05-12,3.1760001182556152,,1242.699951171875,19.63999938964844,75.6500015258789,84.83000183105469,1171.6700439453125,25.520000457763672,3.566999912261963,1.28,,101.5999
2010-05-13,3.219500064849853,,1228.800048828125,19.47599983215332,74.4000015258789,85.20999908447266,1157.43994140625,26.68000030517578,3.563999891281128,1.28,,101.5999
2010-05-14,3.122999906539917,,1227.4000244140625,19.20199966430664,71.61000061035156,86.0999984741211,1135.6800537109375,31.239999771118164,3.441999912261963,1.26,,101.5999
2010-05-17,2.9230000972747803,,1227.699951171875,18.834999084472656,70.08000183105469,86.20999908447266,1136.93994140625,30.84000015258789,3.4719998836517334,1.31,,101.5999
2010-05-18,3.0225000381469727,,1214.300048828125,18.854999542236328,69.41000366210938,87.16000366210938,1120.800048828125,33.54999923706055,3.375999927520752,1.25,,101.5999
2010-05-19,2.950000047683716,,1192.5999755859375,18.090999603271484,69.87000274658203,86.38999938964844,1115.050048828125,35.31999969482422,3.358999967575073,1.32,,101.5999
2010-05-20,2.935499906539917,,1187.800048828125,17.694000244140625,68.01000213623047,85.56999969482422,1071.5899658203125,45.790000915527344,3.263999938964844,1.36,,101.5999
2010-05-21,3.051500082015991,,1175.699951171875,17.631000518798828,70.04000091552734,85.37000274658203,1087.68994140625,40.09999847412109,3.200000047683716,1.33,,101.5999
2010-05-24,3.1364998817443848,,1193.800048828125,17.98200035095215,70.20999908447266,86.20999908447266,1073.6500244140625,38.31999969482422,3.226999998092652,1.35,,101.5999
2010-05-25,3.033499956130981,,1197.800048828125,17.76300048828125,68.75,86.77999877929688,1074.030029296875,34.61000061035156,3.157999992370605,1.33,,101.5999
2010-05-26,3.071500062942505,,1213.300048828125,18.29199981689453,71.51000213623047,87.12000274658203,1067.949951171875,35.02000045776367,3.2179999351501465,1.3,,101.5999
2010-05-27,3.15149998664856,,1211.9000244140625,18.457000732421875,74.55000305175781,86.18000030517578,1103.06005859375,29.68000030517578,3.338000059127808,1.33,,101.5999
2010-05-28,3.0969998836517334,,1212.199951171875,18.410999298095703,73.97000122070312,86.4800033569336,1089.4100341796875,32.06999969482422,3.3010001182556152,1.32,,101.5999
2010-06-01,3.053999900817871,,1224.800048828125,18.540000915527344,72.58000183105469,86.63999938964844,1070.7099609375,35.540000915527344,3.2960000038146973,1.32,,100.6174
2010-06-02,3.032000064849853,,1220.5999755859375,18.304000854492188,72.86000061035156,86.79000091552734,1098.3800048828125,30.170000076293945,3.3340001106262207,1.36,,100.6174
2010-06-03,2.938499927520752,,1208.300048828125,17.920000076293945,74.61000061035156,87.13999938964844,1102.8299560546875,29.459999084472656,3.378999948501587,1.34,,100.6174
2010-06-04,2.8125,,1216.199951171875,17.290000915527344,71.51000213623047,88.2300033569336,1064.8800048828125,35.47999954223633,3.194999933242798,1.26,,100.6174
2010-06-07,2.759000062942505,,1239.300048828125,18.152999877929688,71.44000244140625,88.4000015258789,1050.469970703125,36.56999969482422,3.184000015258789,1.25,,100.6174
2010-06-08,2.7725000381469727,,1244.0,18.468000411987305,71.98999786376953,88.38999938964844,1062.0,33.70000076293945,3.1679999828338623,1.29,,100.6174
2010-06-09,2.8424999713897705,,1228.5,18.18000030517578,74.37999725341797,87.9000015258789,1055.68994140625,33.72999954223633,3.187000036239624,1.28,,100.6174
2010-06-10,2.8554999828338623,,1220.800048828125,18.34199905395508,75.4800033569336,87.16999816894531,1086.8399658203125,30.56999969482422,3.319000005722046,1.35,,100.6174
2010-06-11,2.899499893188477,,1228.9000244140625,18.222000122070312,73.77999877929688,87.51000213623047,1091.5999755859375,28.790000915527344,3.2160000801086426,1.29,,100.6174
2010-06-14,2.990000009536743,,1223.300048828125,18.402000427246094,75.12000274658203,86.51000213623047,1089.6300048828125,28.57999992370605,3.275000095367432,1.31,,100.6174
2010-06-15,3.002500057220459,,1233.199951171875,18.569000244140625,76.94000244140625,85.9800033569336,1115.22998046875,25.8700008392334,3.309999942779541,1.32,,100.6174
2010-06-16,2.99399995803833,,1229.300048828125,18.43199920654297,77.66999816894531,86.08000183105469,1114.6099853515625,25.920000076293945,3.282000064849853,1.28,,100.6174
2010-06-17,2.9024999141693115,,1247.5,18.767000198364254,76.79000091552734,85.69000244140625,1116.0400390625,25.049999237060547,3.190000057220459,1.22,,100.6174
2010-06-18,2.88100004196167,,1257.199951171875,19.174999237060547,77.18000030517578,85.69999694824219,1117.510009765625,23.950000762939453,3.2230000495910645,1.25,,100.6174
2010-06-21,2.938999891281128,,1239.699951171875,18.802000045776367,77.81999969482422,85.93000030517578,1113.199951171875,24.8799991607666,3.243000030517578,1.24,,100.6174
2010-06-22,2.990499973297119,,1239.9000244140625,18.895999908447266,77.20999908447266,86.11000061035156,1095.31005859375,27.049999237060547,3.1659998893737797,1.2,,100.6174
2010-06-23,2.934000015258789,,1234.0999755859375,18.45400047302246,76.3499984741211,85.73999786376953,1092.0400390625,26.90999984741211,3.115000009536743,1.19,,100.6174
2010-06-24,3.003000020980835,,1245.5,18.731000900268555,76.51000213623047,85.7300033569336,1073.68994140625,29.739999771118164,3.122999906539917,1.23,,100.6174
2010-06-25,3.0929999351501465,,1255.800048828125,19.104999542236328,78.86000061035156,85.30999755859375,1076.760009765625,28.530000686645508,3.11299991607666,1.21,,100.6174
2010-06-28,3.06850004196167,,1238.199951171875,18.67300033569336,78.25,85.6500015258789,1074.5699462890625,29.0,3.032000064849853,1.17,,100.6174
2010-06-29,2.9154999256134038,,1242.0,18.5939998626709,75.94000244140625,86.02999877929688,1041.239990234375,34.130001068115234,2.9670000076293945,1.14,,100.6174
2010-06-30,2.936000108718872,,1245.5,18.67099952697754,75.62999725341797,86.0199966430664,1030.7099609375,34.540000915527344,2.950999975204468,1.15,,100.6174
2010-07-01,2.865000009536743,,1206.300048828125,17.760000228881836,72.94999694824219,84.72000122070312,1027.3699951171875,32.86000061035156,2.927000045776367,1.21,,100.1115
2010-07-02,2.9040000438690186,,1207.4000244140625,17.697999954223633,72.13999938964844,84.43000030517578,1022.5800170898438,30.1200008392334,2.9790000915527344,1.27,,100.1115
2010-07-06,2.9600000381469727,,1194.800048828125,17.83300018310547,71.9800033569336,84.08000183105469,1028.06005859375,29.649999618530277,2.931999921798706,1.26,,100.1115
2010-07-07,3.005500078201294,,1198.5999755859375,17.979000091552734,74.06999969482422,83.81999969482422,1060.27001953125,26.84000015258789,2.9800000190734863,1.3,,100.1115
2010-07-08,3.006999969482422,,1195.800048828125,17.851999282836914,75.44000244140625,83.81999969482422,1070.25,25.709999084472656,3.0199999809265137,1.25,,100.1115
2010-07-09,3.0445001125335693,,1209.5999755859375,18.05299949645996,76.08999633789062,83.94999694824219,1077.9599609375,24.979999542236328,3.055999994277954,1.26,,100.1115
2010-07-12,2.999500036239624,,1198.5,17.89699935913086,74.94999694824219,84.19999694824219,1078.75,24.43000030517578,3.0460000038146973,1.26,,100.1115
2010-07-13,3.009500026702881,,1213.300048828125,18.23699951171875,77.1500015258789,83.63999938964844,1095.3399658203125,24.559999465942383,3.114000082015991,1.28,,100.1115
2010-07-14,3.000999927520752,,1206.800048828125,18.27400016784668,77.04000091552734,83.43000030517578,1095.1700439453125,24.88999938964844,3.049999952316284,1.23,,100.1115
2010-07-15,3.005000114440918,,1208.0999755859375,18.34600067138672,76.62000274658203,82.55999755859375,1096.47998046875,25.13999938964844,2.9779999256134038,1.21,,100.1115
2010-07-16,2.923500061035156,,1188.0,17.773000717163086,76.01000213623047,82.48999786376953,1064.8800048828125,26.25,2.938999891281128,1.25,,100.1115
2010-07-19,2.932499885559082,,1181.699951171875,17.534000396728516,76.54000091552734,82.51000213623047,1071.25,25.96999931335449,2.96399998664856,1.29,,100.1115
2010-07-20,2.997499942779541,,1191.5,17.684999465942383,77.44000244140625,82.75,1083.47998046875,23.93000030517578,2.931999921798706,1.28,,100.1115
2010-07-21,3.086999893188477,,1191.5999755859375,17.79800033569336,76.55999755859375,83.38999938964844,1069.5899658203125,25.63999938964844,2.8919999599456787,1.19,,100.1115
2010-07-22,3.1605000495910645,,1195.5,18.114999771118164,79.30000305175781,82.5999984741211,1093.6700439453125,24.6299991607666,2.931999921798706,1.21,,100.1115
2010-07-23,3.184999942779541,,1187.699951171875,18.09600067138672,78.9800033569336,82.45999908447266,1102.6600341796875,23.46999931335449,2.99399995803833,1.24,,100.1115
2010-07-26,3.2249999046325684,,1183.0,18.19499969482422,78.9800033569336,82.08999633789062,1115.010009765625,22.729999542236328,2.99399995803833,1.24,,100.1115
2010-07-27,3.2049999237060547,,1158.0,17.621000289916992,77.5,82.18000030517578,1113.8399658203125,23.190000534057617,3.046999931335449,1.26,,100.1115
2010-07-28,3.240000009536743,,1160.4000244140625,17.42300033569336,76.98999786376953,82.18000030517578,1106.1300048828125,24.25,3.000999927520752,1.22,,100.1115
2010-07-29,3.2855000495910645,,1168.4000244140625,17.60099983215332,78.36000061035156,81.63999938964844,1101.530029296875,24.1299991607666,2.999000072479248,1.21,,100.1115
2010-07-30,3.306999921798706,,1181.699951171875,17.98699951171875,78.94999694824219,81.54000091552734,1101.5999755859375,23.5,2.907000064849853,1.14,,100.1115
2010-08-02,3.384999990463257,,1183.4000244140625,18.402999877929688,81.33999633789062,80.94000244140625,1125.8599853515625,22.01000022888184,2.963000059127808,1.13,,100.4501
2010-08-03,3.3550000190734863,,1185.199951171875,18.40699958801269,82.55000305175781,80.5999984741211,1120.4599609375,22.6299991607666,2.9140000343322754,1.07,,100.4501
2010-08-04,3.400500059127808,,1193.699951171875,18.26300048828125,82.47000122070312,80.88999938964844,1127.239990234375,22.209999084472656,2.95199990272522,1.12,,100.4501
2010-08-05,3.3505001068115234,,1197.199951171875,18.308000564575195,82.01000213623047,80.81999969482422,1125.81005859375,22.100000381469727,2.914999961853028,1.07,,100.4501
2010-08-06,3.3394999504089355,,1203.4000244140625,18.458999633789062,80.69999694824219,80.41000366210938,1121.6400146484375,21.739999771118164,2.8239998817443848,1.04,,100.4501
2010-08-09,3.3505001068115234,,1200.699951171875,18.22900009155273,81.4800033569336,80.70999908447266,1127.7900390625,22.13999938964844,2.822000026702881,1.04,,100.4501
2010-08-10,3.311000108718872,,1196.199951171875,18.145999908447266,80.25,80.80000305175781,1121.06005859375,22.3700008392334,2.7809998989105225,0.95,,100.4501
2010-08-11,3.252500057220459,,1197.5,17.889999389648438,78.0199966430664,82.29000091552734,1089.469970703125,25.38999938964844,2.684999942779541,0.95,,100.4501
2010-08-12,3.282500028610229,,1214.800048828125,18.05299949645996,75.73999786376953,82.63999938964844,1083.6099853515625,25.729999542236328,2.734999895095825,1.05,,100.4501
2010-08-13,3.251499891281128,,1214.9000244140625,18.097000122070312,75.38999938964844,82.94999694824219,1079.25,26.239999771118164,2.687999963760376,1.0,,100.4501
2010-08-16,3.2769999504089355,,1224.5,18.417999267578125,75.23999786376953,82.52999877929688,1079.3800048828125,26.100000381469727,2.575000047683716,0.95,,100.4501
2010-08-17,3.337500095367432,,1226.5999755859375,18.586000442504883,75.7699966430664,82.2300033569336,1092.5400390625,24.32999992370605,2.6449999809265137,1.01,,100.4501
2010-08-18,3.3489999771118164,,1229.699951171875,18.38999938964844,75.41999816894531,82.22000122070312,1094.1600341796875,24.59000015258789,2.6410000324249268,1.02,,100.4501
2010-08-19,3.317500114440918,,1233.800048828125,18.31800079345703,74.43000030517578,82.44999694824219,1075.6300048828125,26.440000534057617,2.5789999961853027,1.02,,100.4501
2010-08-20,3.2909998893737797,,1227.199951171875,17.98200035095215,73.45999908447266,83.05999755859375,1071.68994140625,25.489999771118164,2.611999988555908,1.05,,100.4501
2010-08-23,3.2915000915527344,,1226.9000244140625,17.982999801635742,73.0999984741211,83.12000274658203,1067.3599853515625,25.65999984741211,2.6070001125335693,1.05,,100.4501
2010-08-24,3.239500045776367,,1231.800048828125,18.36899948120117,71.62999725341797,83.1500015258789,1051.8699951171875,27.459999084472656,2.499000072479248,1.01,,100.4501
2010-08-25,3.2109999656677246,,1239.5,19.02199935913086,72.5199966430664,83.26000213623047,1055.3299560546875,26.700000762939453,2.5380001068115234,1.01,,100.4501
2010-08-26,3.305500030517578,,1235.4000244140625,18.97800064086914,73.36000061035156,82.93000030517578,1047.219970703125,27.3700008392334,2.499000072479248,0.95,,100.4501
2010-08-27,3.364000082015991,,1236.0,19.03899955749512,75.16999816894531,82.91999816894531,1064.5899658203125,24.450000762939453,2.6519999504089355,1.05,,100.4501
2010-08-30,3.4130001068115234,,1237.0999755859375,19.038000106811523,74.69999694824219,83.16000366210938,1048.9200439453125,27.209999084472656,2.5450000762939453,0.99,,100.4501
2010-08-31,3.361000061035156,,1248.300048828125,19.39800071716309,71.91999816894531,83.19999694824219,1049.3299560546875,26.049999237060547,2.476999998092652,0.95,,100.4501
2010-09-01,3.4684998989105225,,1246.300048828125,19.358999252319336,73.91000366210938,82.5199966430664,1080.2900390625,23.88999938964844,2.5820000171661377,1.02,,101.3898
2010-09-02,3.48799991607666,,1251.5,19.63800048828125,75.0199966430664,82.45999908447266,1090.0999755859375,23.190000534057617,2.628000020980835,1.05,,101.3898
2010-09-03,3.493499994277954,,1249.199951171875,19.915000915527344,74.5999984741211,83.0999984741211,1104.510009765625,21.309999465942383,2.7060000896453857,1.1,,101.3898
2010-09-07,3.463500022888184,,1257.300048828125,19.882999420166016,74.08999633789062,82.81999969482422,1091.8399658203125,23.799999237060547,2.608999967575073,0.98,,101.3898
2010-09-08,3.490499973297119,,1255.5999755859375,19.97800064086914,74.66999816894531,82.58999633789062,1098.8699951171875,23.25,2.6540000438690186,1.02,,101.3898
2010-09-09,3.433500051498413,,1248.9000244140625,19.81399917602539,74.25,82.66999816894531,1104.1800537109375,22.809999465942383,2.760999917984009,1.05,,101.3898
2010-09-10,3.3970000743865967,,1244.5,19.802000045776367,76.44999694824219,82.69999694824219,1109.550048828125,21.989999771118164,2.7950000762939453,1.02,,101.3898
2010-09-13,3.4714999198913574,,1245.0999755859375,20.11000061035156,77.19000244140625,81.91000366210938,1121.9000244140625,21.209999084472656,2.740999937057495,0.94,,101.3898
2010-09-14,3.4595000743865967,,1269.699951171875,20.400999069213867,76.80000305175781,81.08000183105469,1121.0999755859375,21.559999465942383,2.6659998893737797,0.93,,101.3898
2010-09-15,3.4579999446868896,,1266.699951171875,20.54199981689453,76.0199966430664,81.48999786376953,1125.0699462890625,22.100000381469727,2.7230000495910645,0.97,,101.3898
2010-09-16,3.4830000400543213,,1271.9000244140625,20.7450008392334,74.56999969482422,81.23999786376953,1124.6600341796875,21.71999931335449,2.759000062942505,1.0,,101.3898
2010-09-17,3.513499975204468,,1275.5999755859375,20.790000915527344,73.66000366210938,81.4000015258789,1125.5899658203125,22.01000022888184,2.746000051498413,1.0,,101.3898
2010-09-20,3.496000051498413,,1279.0,20.777000427246094,74.86000061035156,81.33999633789062,1142.7099609375,21.5,2.7060000896453857,0.94,,101.3898
2010-09-21,3.4744999408721924,,1272.4000244140625,20.6200008392334,73.5199966430664,80.44000244140625,1139.780029296875,22.350000381469727,2.594000101089477,0.78,,101.3898
2010-09-22,3.558500051498413,,1290.199951171875,21.035999298095703,74.70999908447266,79.83000183105469,1134.280029296875,22.51000022888184,2.5480000972747803,0.74,,101.3898
2010-09-23,3.5850000381469727,,1294.300048828125,21.194000244140625,75.18000030517578,80.01000213623047,1124.8299560546875,23.8700008392334,2.555000066757202,0.77,,101.3898
2010-09-24,3.6135001182556152,,1296.0,21.382999420166016,76.48999786376953,79.38999938964844,1148.6700439453125,21.709999084472656,2.611999988555908,0.81,,101.3898
2010-09-27,3.5934998989105225,,1296.699951171875,21.45499992370605,76.5199966430664,79.33999633789062,1142.1600341796875,22.540000915527344,2.5169999599456787,0.79,,101.3898
2010-09-28,3.634000062942505,,1306.5999755859375,21.6879997253418,76.18000030517578,79.01000213623047,1147.699951171875,22.600000381469727,2.4560000896453857,0.69,,101.3898
2010-09-29,3.6565001010894775,,1308.5,21.929000854492188,77.86000061035156,78.69000244140625,1144.72998046875,23.25,2.50600004196167,0.74,,101.3898
2010-09-30,3.6459999084472656,,1307.800048828125,21.79800033569336,79.97000122070312,78.72000122070312,1141.199951171875,23.700000762939453,2.5169999599456787,0.75,,101.3898
2010-10-01,3.683500051498413,,1316.0999755859375,22.03700065612793,81.58000183105469,78.08999633789062,1146.239990234375,22.5,2.526000022888184,0.75,,102.1677
2010-10-04,3.6575000286102295,,1315.4000244140625,22.01300048828125,81.47000122070312,78.44999694824219,1137.030029296875,23.530000686645508,2.4790000915527344,0.72,,102.1677
2010-10-05,3.7190001010894775,,1338.9000244140625,22.714000701904297,82.81999969482422,77.75,1160.75,21.76000022888184,2.4739999771118164,0.65,,102.1677
2010-10-06,3.746000051498413,,1346.4000244140625,23.020000457763672,83.2300033569336,77.38999938964844,1159.969970703125,21.489999771118164,2.3989999294281006,0.52,,102.1677
2010-10-07,3.673500061035156,,1333.9000244140625,22.565000534057617,81.66999816894531,77.38999938964844,1158.06005859375,21.559999465942383,2.3959999084472656,0.53,,102.1677
2010-10-08,3.766499996185303,,1344.199951171875,23.08699989318848,82.66000366210938,77.31999969482422,1165.1500244140625,20.709999084472656,2.38100004196167,0.45,,102.1677
2010-10-11,3.7795000076293945,,1353.300048828125,23.33099937438965,82.20999908447266,77.44000244140625,1165.3199462890625,18.959999084472656,,0.45,,102.1677
2010-10-12,3.7809998989105225,,1345.699951171875,23.128999710083008,81.66999816894531,77.36000061035156,1169.77001953125,18.93000030517578,2.421999931335449,0.49,,102.1677
2010-10-13,3.813999891281128,,1369.5,23.91399955749512,83.01000213623047,77.06999969482422,1178.0999755859375,19.06999969482422,2.430999994277954,0.44,,102.1677
2010-10-14,3.809000015258789,,1376.699951171875,24.41699981689453,82.69000244140625,76.6500015258789,1173.81005859375,19.8799991607666,2.494999885559082,0.41,,102.1677
2010-10-15,3.8345000743865967,,1371.0999755859375,24.27199935913086,81.25,77.04000091552734,1176.18994140625,19.030000686645508,2.575999975204468,0.5,,102.1677
2010-10-18,3.850500106811523,,1371.199951171875,24.39699935913086,83.08000183105469,76.93000030517578,1184.7099609375,19.09000015258789,2.490999937057495,0.47,,102.1677
2010-10-19,3.755000114440918,,1335.0999755859375,23.763999938964844,79.48999786376953,78.18000030517578,1165.9000244140625,20.6299991607666,2.4749999046325684,0.44,,102.1677
2010-10-20,3.7885000705718994,,1343.300048828125,23.847999572753903,81.7699966430664,77.16999816894531,1178.1700439453125,19.790000915527344,2.470000028610229,0.47,,102.1677
2010-10-21,3.775500059127808,,1324.699951171875,23.12299919128418,80.55999755859375,77.41999816894531,1180.260009765625,19.270000457763672,2.5309998989105225,0.5,,102.1677
2010-10-22,3.7915000915527344,,1324.4000244140625,23.125,81.69000244140625,77.47000122070312,1183.0799560546875,18.780000686645508,2.562999963760376,0.5,,102.1677
2010-10-25,3.8564999103546143,,1338.300048828125,23.54400062561035,82.5199966430664,77.0999984741211,1185.6199951171875,19.850000381469727,2.553999900817871,0.45,,102.1677
2010-10-26,3.8635001182556152,,1338.0,23.823999404907227,82.55000305175781,77.70999908447266,1185.6400146484375,20.21999931335449,2.635999917984009,0.52,,102.1677
2010-10-27,3.7734999656677246,,1322.199951171875,23.39800071716309,81.94000244140625,78.1500015258789,1182.449951171875,20.709999084472656,2.711999893188477,0.62,,102.1677
2010-10-28,3.785000085830689,,1342.0999755859375,23.871000289916992,82.18000030517578,77.30999755859375,1183.780029296875,20.8799991607666,2.6610000133514404,0.57,,102.1677
2010-10-29,3.732000112533569,,1357.0999755859375,24.559999465942383,81.43000030517578,77.2699966430664,1183.260009765625,21.200000762939453,2.611999988555908,0.5,,102.1677
2010-11-01,3.7785000801086426,,1350.199951171875,24.54800033569336,82.94999694824219,77.30000305175781,1184.3800048828125,21.82999992370605,2.628000020980835,0.49,,102.3671
2010-11-02,3.8334999084472656,,1356.4000244140625,24.832000732421875,83.9000015258789,76.72000122070312,1193.5699462890625,21.56999969482422,2.594000101089477,0.49,,102.3671
2010-11-03,3.7795000076293945,,1337.0999755859375,24.43199920654297,84.69000244140625,76.4800033569336,1197.9599609375,19.559999465942383,2.61899995803833,0.5,,102.3671
2010-11-04,3.9065001010894775,,1382.699951171875,26.03899955749512,86.48999786376953,75.87999725341797,1221.06005859375,18.520000457763672,2.483999967575073,0.44,,102.3671
2010-11-05,3.944000005722046,,1397.300048828125,26.74399948120117,86.8499984741211,76.55000305175781,1225.8499755859375,18.26000022888184,2.5360000133514404,0.48,,102.3671
2010-11-08,3.952500104904175,,1402.800048828125,27.42799949645996,87.05999755859375,77.02999877929688,1223.25,18.290000915527344,2.562999963760376,0.48,,102.3671
2010-11-09,4.039500236511231,,1409.800048828125,28.902000427246094,86.72000122070312,77.44000244140625,1213.4000244140625,19.07999992370605,2.6589999198913574,0.58,,102.3671
2010-11-10,3.9660000801086426,,1399.0999755859375,26.86100006103516,87.80999755859375,77.62999725341797,1218.7099609375,18.46999931335449,2.6480000019073486,0.56,,102.3671
2010-11-11,4.01800012588501,,1403.0999755859375,27.400999069213867,87.80999755859375,78.22000122070312,1213.5400390625,18.63999938964844,2.6480000019073486,0.56,,102.3671
2010-11-12,3.888499975204468,,1365.4000244140625,25.9379997253418,84.87999725341797,78.08000183105469,1199.2099609375,20.61000061035156,2.75600004196167,0.71,,102.3671
2010-11-15,3.92300009727478,,1368.4000244140625,26.08799934387207,84.86000061035156,78.5199966430664,1197.75,20.200000762939453,2.9110000133514404,0.87,,102.3671
2010-11-16,3.723999977111816,,1338.300048828125,25.22900009155273,82.33999633789062,79.20999908447266,1178.3399658203125,22.57999992370605,2.8469998836517334,0.87,,102.3671
2010-11-17,3.7284998893737793,,1336.800048828125,25.506999969482425,80.44000244140625,79.08000183105469,1178.5899658203125,21.76000022888184,2.864000082015991,0.84,,102.3671
2010-11-18,3.830499887466431,,1352.9000244140625,26.82999992370605,81.8499984741211,78.62000274658203,1196.68994140625,18.75,2.9019999504089355,0.83,,102.3671
2010-11-19,3.8329999446868896,,1352.199951171875,27.174999237060547,81.51000213623047,78.5,1199.72998046875,18.040000915527344,2.875,0.77,,102.3671
2010-11-22,3.749500036239624,,1357.699951171875,27.457000732421875,81.73999786376953,78.68000030517578,1197.8399658203125,18.3700008392334,2.812999963760376,0.7,,102.3671
2010-11-23,3.700999975204468,,1377.5,27.56800079345703,81.25,79.68000030517578,1180.72998046875,20.6299991607666,2.76200008392334,0.69,,102.3671
2010-11-24,3.755500078201294,,1372.9000244140625,27.52400016784668,83.86000061035156,79.87000274658203,1198.3499755859375,19.559999465942383,2.9140000343322754,0.8,,102.3671
2010-11-26,3.750999927520752,,1362.300048828125,26.69499969482422,83.76000213623047,80.36000061035156,1189.4000244140625,22.21999931335449,2.864000082015991,0.75,,102.3671
2010-11-29,3.757999897003174,,1366.0,27.14800071716309,85.7300033569336,80.83999633789062,1187.760009765625,21.530000686645508,2.822000026702881,0.73,,102.3671
2010-11-30,3.822999954223633,,1385.0,28.184999465942383,84.11000061035156,81.19999694824219,1180.550048828125,23.540000915527344,2.796999931335449,0.74,,102.3671
2010-12-01,3.946000099182129,,1387.300048828125,28.38800048828125,86.75,80.70999908447266,1206.0699462890625,21.36000061035156,2.96399998664856,0.83,,101.914
2010-12-02,3.9769999980926514,,1388.5,28.54199981689453,88.0,80.30000305175781,1221.530029296875,19.38999938964844,3.0,0.84,,101.914
2010-12-03,3.994999885559082,,1405.4000244140625,29.24099922180176,89.19000244140625,79.37999725341797,1224.7099609375,18.010000228881836,3.0169999599456787,0.86,,101.914
2010-12-06,4.004000186920166,,1415.300048828125,29.70499992370605,89.37999725341797,79.56999969482422,1223.1199951171875,18.020000457763672,2.940999984741211,0.79,,101.914
2010-12-07,4.044000148773193,,1408.300048828125,29.74799919128418,88.69000244140625,79.86000061035156,1223.75,17.989999771118164,3.164999961853028,0.92,,101.914
2010-12-08,4.0945000648498535,,1382.5,28.224000930786133,88.27999877929688,80.0,1228.280029296875,17.739999771118164,3.236000061035156,1.07,,101.914
2010-12-09,4.081500053405762,,1392.0999755859375,28.78899955749512,88.37000274658203,80.06999969482422,1233.0,17.25,3.2230000495910645,1.09,,101.914
2010-12-10,4.105000019073486,,1384.300048828125,28.576000213623047,87.79000091552734,80.06999969482422,1240.4000244140625,17.610000610351562,3.2960000038146973,1.16,,101.914
2010-12-13,4.19950008392334,,1397.300048828125,29.599000930786133,88.61000061035156,79.27999877929688,1240.4599609375,17.549999237060547,3.282999992370605,1.11,,101.914
2010-12-14,4.201499938964844,,1403.5999755859375,29.75900077819824,88.27999877929688,79.37000274658203,1241.5899658203125,17.610000610351562,3.4549999237060547,1.27,,101.914
2010-12-15,4.126500129699707,,1385.5,29.225000381469727,88.62000274658203,80.26000213623047,1235.22998046875,17.940000534057617,3.5199999809265137,1.22,,101.914
2010-12-16,4.110499858856201,,1370.4000244140625,28.756999969482425,87.69999694824219,80.18000030517578,1242.8699951171875,17.389999389648438,3.476999998092652,1.15,,101.914
2010-12-17,4.152999877929688,,1378.5999755859375,29.113000869750977,88.0199966430664,80.37000274658203,1243.9100341796875,16.110000610351562,3.3299999237060547,1.05,,101.914
2010-12-20,4.200500011444092,,1385.5,29.334999084472656,88.80999755859375,80.62999725341797,1247.0799560546875,16.40999984741211,3.3489999771118164,1.07,,101.914
2010-12-21,4.270500183105469,,1388.199951171875,29.375999450683597,89.81999969482422,80.72000122070312,1254.5999755859375,16.489999771118164,3.325999975204468,1.06,,101.914
2010-12-22,4.269000053405762,,1386.800048828125,29.367000579833984,90.4800033569336,80.7300033569336,1258.8399658203125,15.449999809265137,3.345999956130981,1.03,,101.914
2010-12-23,4.251999855041504,,1380.0,29.309999465942383,91.51000213623048,80.5,1256.77001953125,16.469999313354492,3.3929998874664307,1.08,,101.914
2010-12-27,4.275000095367432,,1382.4000244140625,29.23500061035156,91.0,80.37000274658203,1257.5400390625,17.670000076293945,3.3510000705718994,1.06,,101.914
2010-12-28,4.323999881744385,,1405.199951171875,30.29700088500977,91.48999786376952,80.36000061035156,1258.510009765625,17.520000457763672,3.4809999465942383,1.17,,101.914
2010-12-29,4.309000015258789,,1413.0999755859375,30.679000854492188,91.12000274658205,79.80000305175781,1259.780029296875,17.280000686645508,3.3410000801086426,1.06,,101.914
2010-12-30,4.356500148773193,,1405.5999755859375,30.488000869750977,89.83999633789062,79.5199966430664,1257.8800048828125,17.520000457763672,3.36899995803833,1.08,,101.914
2010-12-31,4.439499855041504,,1421.0999755859375,30.90999984741211,91.37999725341795,79.02999877929688,1257.6400146484375,17.75,3.305000066757202,1.0,,101.914
2011-01-03,4.451499938964844,,1422.5999755859375,31.09600067138672,91.5500030517578,79.12999725341797,1271.8699951171875,17.610000610351562,3.3420000076293945,1.05,,101.3074
2011-01-04,4.363500118255615,,1378.5,29.492000579833984,89.37999725341797,79.44000244140625,1270.199951171875,17.3799991607666,3.345999956130981,1.01,,101.3074
2011-01-05,4.401500225067139,,1373.4000244140625,29.17300033569336,90.3000030517578,80.26000213623047,1276.56005859375,17.020000457763672,3.4830000400543213,1.08,,101.3074
2011-01-06,4.321000099182129,,1371.4000244140625,29.11000061035156,88.37999725341797,80.79000091552734,1273.8499755859375,17.399999618530273,3.4189999103546143,1.03,,101.3074
2011-01-07,4.272500038146973,,1368.5,28.660999298095703,88.02999877929688,81.01000213623047,1271.5,17.139999389648438,3.328000068664551,0.98,,101.3074
2011-01-10,4.254499912261963,,1373.699951171875,28.85099983215332,89.25,80.87999725341797,1269.75,17.540000915527344,3.303999900817871,0.96,,101.3074
2011-01-11,4.339000225067139,,1384.0,29.489999771118164,91.11000061035156,80.8499984741211,1274.47998046875,16.889999389648438,3.3410000801086426,0.97,,101.3074
2011-01-12,4.401999950408936,,1385.699951171875,29.53199958801269,91.86000061035156,80.02999877929688,1285.9599609375,16.239999771118164,3.3550000190734863,0.98,,101.3074
2011-01-13,4.367000102996826,,1386.9000244140625,29.25200080871582,91.4000015258789,79.19000244140625,1283.760009765625,16.389999389648438,3.3010001182556152,0.97,,101.3074
2011-01-14,4.403500080108643,,1360.4000244140625,28.30900001525879,91.54000091552734,79.16000366210938,1293.239990234375,15.460000038146973,3.3329999446868896,1.0,,101.3074
2011-01-18,4.418499946594238,,1368.0999755859375,28.900999069213867,91.37999725341795,78.95999908447266,1295.02001953125,15.869999885559082,3.364000082015991,0.99,,101.3074
2011-01-19,4.360000133514404,,1370.199951171875,28.79199981689453,90.86000061035156,78.63999938964844,1281.9200439453125,17.309999465942383,3.336999893188477,0.99,,101.3074
2011-01-20,4.262499809265137,,1346.5,27.458999633789062,88.86000061035156,78.81999969482422,1280.260009765625,17.989999771118164,3.4590001106262207,1.22,,101.3074
2011-01-21,4.300000190734863,,1341.0,27.416000366210938,89.11000061035156,78.20999908447266,1283.3499755859375,18.46999931335449,3.4159998893737797,1.2,,101.3074
2011-01-24,4.34149980545044,,1344.5,27.31800079345703,87.87000274658203,78.05000305175781,1290.8399658203125,17.649999618530273,3.407999992370605,1.18,,101.3074
2011-01-25,4.218999862670898,,1332.300048828125,26.81100082397461,86.19000244140625,78.0,1291.1800537109375,17.59000015258789,3.319000005722046,1.11,,101.3074
2011-01-26,4.260499954223633,,1333.0,27.131999969482425,87.33000183105469,77.9000015258789,1296.6300048828125,16.639999389648438,3.427999973297119,1.16,,101.3074
2011-01-27,4.330999851226807,,1318.4000244140625,27.045000076293945,85.63999938964844,77.7300033569336,1299.5400390625,16.149999618530273,3.384999990463257,1.16,,101.3074
2011-01-28,4.365499973297119,,1340.699951171875,27.93400001525879,89.33999633789062,78.12999725341797,1276.3399658203125,20.040000915527344,3.3289999961853027,1.09,,101.3074
2011-01-31,4.451000213623047,,1333.800048828125,28.173999786376957,92.19000244140624,77.73999786376953,1286.1199951171875,19.530000686645508,3.378000020980835,1.08,,101.3074
2011-02-01,4.539999961853027,,1339.5999755859375,28.52400016784668,90.7699966430664,77.06999969482422,1307.5899658203125,17.6299991607666,3.443000078201294,1.11,,100.9546
2011-02-02,4.533999919891357,,1331.5,28.298999786376957,90.86000061035156,77.16000366210938,1304.030029296875,17.299999237060547,3.489000082015991,1.16,,100.9546
2011-02-03,4.534999847412109,,1352.300048828125,28.732999801635746,90.54000091552734,77.75,1307.0999755859375,16.690000534057617,3.5409998893737797,1.23,,100.9546
2011-02-04,4.571000099182129,,1348.300048828125,29.06399917602539,89.02999877929688,78.04000091552734,1310.8699951171875,15.93000030517578,3.651999950408936,1.3,,100.9546
2011-02-07,4.567500114440918,,1347.5999755859375,29.347999572753903,87.4800033569336,78.02999877929688,1319.050048828125,16.280000686645508,3.6440000534057617,1.32,,100.9546
2011-02-08,4.567999839782715,,1363.4000244140625,30.270999908447266,86.94000244140625,78.0,1324.5699462890625,15.8100004196167,3.724999904632568,1.39,,100.9546
2011-02-09,4.519499778747559,,1364.800048828125,30.27300071716309,86.70999908447266,77.63999938964844,1320.8800048828125,15.869999885559082,3.641999959945679,1.34,,100.9546
2011-02-10,4.537000179290772,,1361.9000244140625,30.090999603271484,86.7300033569336,78.25,1321.8699951171875,16.09000015258789,3.7079999446868896,1.39,,100.9546
2011-02-11,4.531000137329102,,1359.9000244140625,29.992000579833984,85.58000183105469,78.45999908447266,1329.1500244140625,15.6899995803833,3.6459999084472656,1.36,,100.9546
2011-02-14,4.623000144958496,,1364.5999755859375,30.52899932861328,84.80999755859375,78.61000061035156,1332.3199462890625,15.949999809265137,3.614000082015991,1.34,,100.9546
2011-02-15,4.531499862670898,,1373.5999755859375,30.69300079345703,84.31999969482422,78.56999969482422,1328.010009765625,16.3700008392334,3.615999937057495,1.33,,100.9546
2011-02-16,4.466000080108643,,1374.699951171875,30.6299991607666,84.98999786376953,78.22000122070312,1336.3199462890625,16.719999313354492,3.621000051498413,1.37,,100.9546
2011-02-17,4.480000019073486,,1384.699951171875,31.57200050354004,86.36000061035156,78.0,1340.4300537109375,16.59000015258789,3.5739998817443848,1.31,,100.9546
2011-02-18,4.478499889373779,,1388.199951171875,32.29800033569336,86.19999694824219,77.66000366210938,1343.010009765625,16.43000030517578,3.58899998664856,1.25,,100.9546
2011-02-22,4.3454999923706055,,1400.5,32.86399841308594,93.56999969482422,77.7699966430664,1315.43994140625,20.799999237060547,3.4609999656677246,1.12,,100.9546
2011-02-23,4.273499965667725,,1413.4000244140625,33.301998138427734,98.0999984741211,77.41000366210938,1307.4000244140625,22.1299991607666,3.486999988555908,1.1,,100.9546
2011-02-24,4.326499938964844,,1415.300048828125,33.17900085449219,97.27999877929688,77.05999755859375,1306.0999755859375,21.31999969482422,3.437999963760376,1.05,,100.9546
2011-02-25,4.435999870300293,,1408.699951171875,32.89799880981445,97.87999725341795,77.27999877929688,1319.8800048828125,19.21999931335449,3.424999952316284,1.02,,100.9546
2011-02-28,4.478000164031982,,1409.300048828125,33.80400085449219,96.97000122070312,76.88999938964844,1327.219970703125,18.350000381469727,3.4140000343322754,1.03,,100.9546
2011-03-01,4.490499973297119,,1430.699951171875,34.41600036621094,99.62999725341795,77.05000305175781,1306.3299560546875,21.01000022888184,3.4140000343322754,1.0,,100.918
2011-03-02,4.480000019073486,,1437.199951171875,34.82500076293945,102.2300033569336,76.66999816894531,1308.43994140625,20.700000762939453,3.46399998664856,1.01,,100.918
2011-03-03,4.474999904632568,,1416.0,34.3129997253418,101.91000366210938,76.4800033569336,1330.969970703125,18.600000381469727,3.572000026702881,1.09,,100.918
2011-03-04,4.4720001220703125,,1428.199951171875,35.31700134277344,104.41999816894533,76.4000015258789,1321.1500244140625,19.059999465942383,3.492000102996826,1.0,,100.918
2011-03-07,4.313000202178955,,1434.0999755859375,35.85499954223633,105.44000244140624,76.5,1310.1300048828125,20.65999984741211,3.496999979019165,1.0,,100.918
2011-03-08,4.324999809265137,,1426.9000244140625,35.65299987792969,105.0199966430664,76.80000305175781,1321.8199462890625,19.81999969482422,3.5439999103546143,1.01,,100.918
2011-03-09,4.19950008392334,,1429.300048828125,36.042999267578125,104.37999725341795,76.72000122070312,1320.02001953125,20.21999931335449,3.469000101089477,0.98,,100.918
2011-03-10,4.184500217437744,,1412.199951171875,35.06399917602539,102.6999969482422,77.27999877929688,1295.1099853515625,21.8799991607666,3.3929998874664307,0.91,,100.918
2011-03-11,4.195000171661377,,1421.5,35.93299865722656,101.16000366210938,76.77999877929688,1304.280029296875,20.07999992370605,3.3929998874664307,0.96,,100.918
2011-03-14,4.173500061035156,,1424.5999755859375,35.82500076293945,101.19000244140624,76.3499984741211,1296.3900146484375,21.1299991607666,3.3469998836517334,0.93,,100.918
2011-03-15,4.125,,1392.5999755859375,34.11600112915039,97.18000030517578,76.33000183105469,1281.8699951171875,24.31999969482422,3.322999954223633,0.93,,100.918
2011-03-16,4.186999797821045,,1396.0,34.47100067138672,97.9800033569336,76.68000030517578,1256.8800048828125,29.399999618530277,3.211999893188477,0.85,,100.918
2011-03-17,4.335999965667725,,1404.0,34.2599983215332,101.41999816894533,76.04000091552734,1273.719970703125,26.3700008392334,3.247999906539917,0.82,,100.918
2011-03-18,4.329500198364258,,1415.9000244140625,35.060001373291016,101.06999969482422,75.72000122070312,1279.2099609375,24.440000534057617,3.2769999504089355,0.85,,100.918
2011-03-21,4.2754998207092285,,1426.199951171875,36.00199890136719,102.33000183105467,75.4000015258789,1298.3800048828125,20.61000061035156,3.322999954223633,0.9,,100.918
2011-03-22,4.303500175476074,,1427.5,36.27099990844727,104.0,75.43000030517578,1293.77001953125,20.209999084472656,3.3320000171661377,0.95,,100.918
2011-03-23,4.418499946594238,,1437.9000244140625,37.20199966430664,105.75,75.79000091552734,1297.5400390625,19.170000076293945,3.3480000495910645,0.98,,100.918
2011-03-24,4.414000034332275,,1434.800048828125,37.38800048828125,105.5999984741211,75.66000366210938,1309.6600341796875,18.0,3.4040000438690186,0.95,,100.918
2011-03-25,4.4085001945495605,,1426.0999755859375,37.05799865722656,105.4000015258789,76.22000122070312,1313.800048828125,17.90999984741211,3.444000005722046,1.02,,100.918
2011-03-28,4.340499877929688,,1419.800048828125,37.09700012207031,103.9800033569336,76.12999725341797,1310.18994140625,19.440000534057617,3.447999954223633,1.01,,100.918
2011-03-29,4.337500095367432,,1416.0,36.97700119018555,104.79000091552734,76.25,1319.43994140625,18.15999984741211,3.490999937057495,1.03,,100.918
2011-03-30,4.265999794006348,,1423.800048828125,37.5009994506836,104.2699966430664,76.12000274658203,1328.260009765625,17.709999084472656,3.4549999237060547,1.0,,100.918
2011-03-31,4.300000190734863,,1438.9000244140625,37.87200164794922,106.72000122070312,75.86000061035156,1325.8299560546875,17.739999771118164,3.4539999961853027,0.99,,100.918
2011-04-01,4.251500129699707,,1428.0999755859375,37.73699951171875,107.94000244140624,75.83000183105469,1332.4100341796875,17.399999618530273,3.450999975204468,0.94,,100.6655
2011-04-04,4.246500015258789,,1432.199951171875,38.48400115966797,108.47000122070312,75.91000366210938,1332.8699951171875,17.5,3.430999994277954,0.91,,100.6655
2011-04-05,4.257999897003174,,1451.800048828125,39.17499923706055,108.33999633789062,75.87999725341797,1332.6300048828125,17.25,3.486999988555908,0.94,,100.6655
2011-04-06,4.363500118255615,,1457.699951171875,39.38399887084961,108.83000183105467,75.51000213623047,1335.5400390625,16.899999618530273,3.5450000762939453,0.99,,100.6655
2011-04-07,4.408999919891357,,1458.5,39.54199981689453,110.3000030517578,75.58999633789062,1333.510009765625,17.110000610351562,3.555000066757202,0.99,,100.6655
2011-04-08,4.494999885559082,,1473.4000244140625,40.59999847412109,112.79000091552734,75.06999969482422,1328.1700439453125,17.8700008392334,3.569999933242798,0.95,,100.6655
2011-04-11,4.453499794006348,,1467.4000244140625,40.604000091552734,109.91999816894533,75.05999755859375,1324.4599609375,16.59000015258789,3.569999933242798,0.96,,100.6655
2011-04-12,4.377500057220459,,1452.9000244140625,40.05799865722656,106.25,74.8499984741211,1314.1600341796875,17.09000015258789,3.5,0.9,,100.6655
2011-04-13,4.28849983215332,,1454.9000244140625,40.23500061035156,107.11000061035156,74.9800033569336,1314.4100341796875,16.920000076293945,3.4660000801086426,0.88,,100.6655
2011-04-14,4.2795000076293945,,1471.699951171875,41.6609992980957,108.11000061035156,74.68000030517578,1314.52001953125,16.270000457763672,3.484999895095825,0.89,,100.6655
2011-04-15,4.252999782562256,,1485.300048828125,42.56600189208984,109.66000366210938,74.83000183105469,1319.6800537109375,15.31999969482422,3.4100000858306885,0.82,,100.6655
2011-04-18,4.193999767303467,,1492.300048828125,42.95700073242188,107.12000274658205,75.5,1305.1400146484375,16.959999084472656,3.371000051498413,0.8,,100.6655
2011-04-19,4.224999904632568,,1494.5,43.91899871826172,108.1500015258789,75.02999877929688,1312.6199951171875,15.829999923706056,3.3559999465942383,0.76,,100.6655
2011-04-20,4.33650016784668,,1498.300048828125,44.46500015258789,111.4499969482422,74.37000274658203,1330.3599853515625,15.06999969482422,3.400000095367432,0.82,,100.6655
2011-04-21,4.3979997634887695,,1503.199951171875,46.0620002746582,112.29000091552734,74.0,1337.3800048828125,14.6899995803833,3.400000095367432,0.83,,100.6655
2011-04-25,4.301000118255615,,1508.5999755859375,47.1510009765625,112.27999877929688,73.98999786376953,1335.25,15.770000457763672,3.36299991607666,0.79,,100.6655
2011-04-26,4.31850004196167,,1503.0,45.05799865722656,112.20999908447266,73.83999633789062,1347.239990234375,15.619999885559082,3.319999933242798,0.76,,100.6655
2011-04-27,4.228499889373779,,1516.699951171875,45.9640007019043,112.76000213623048,73.5199966430664,1355.6600341796875,15.350000381469728,3.368000030517578,0.81,,100.6655
2011-04-28,4.244999885559082,,1530.800048828125,47.52000045776367,112.86000061035156,73.12000274658203,1360.47998046875,14.619999885559082,3.312000036239624,0.78,,100.6655
2011-04-29,4.165500164031982,,1556.0,48.58399963378906,113.93000030517578,72.93000030517578,1363.6099853515625,14.75,3.2960000038146973,0.75,,100.6655
2011-05-02,4.182499885559082,,1556.699951171875,46.07799911499024,113.5199966430664,72.94999694824219,1361.219970703125,15.989999771118164,3.2860000133514404,0.75,,100.1398
2011-05-03,4.239999771118164,,1540.0999755859375,42.57600021362305,111.0500030517578,73.13999938964844,1356.6199951171875,16.700000762939453,3.255000114440918,0.73,,100.1398
2011-05-04,4.120500087738037,,1514.9000244140625,39.382999420166016,109.23999786376952,73.02999877929688,1347.3199462890625,17.079999923706055,3.2230000495910645,0.7,,100.1398
2011-05-05,3.98550009727478,,1480.9000244140625,36.23099899291992,99.8000030517578,74.19000244140625,1335.0999755859375,18.200000762939453,3.1679999828338623,0.7,,100.1398
2011-05-06,3.963500022888184,,1491.199951171875,35.28300094604492,97.18000030517578,74.83999633789062,1340.199951171875,18.399999618530277,3.157000064849853,0.71,,100.1398
2011-05-09,4.004000186920166,,1502.9000244140625,37.11000061035156,102.5500030517578,74.73999786376953,1346.2900390625,17.15999984741211,3.1419999599456787,0.69,,100.1398
2011-05-10,4.0295000076293945,,1516.5999755859375,38.47999954223633,103.87999725341795,74.61000061035156,1357.1600341796875,15.90999984741211,3.194999933242798,0.74,,100.1398
2011-05-11,3.901999950408936,,1501.0999755859375,35.50899887084961,98.20999908447266,75.33000183105469,1342.0799560546875,16.950000762939453,3.157000064849853,0.76,,100.1398
2011-05-12,3.9605000019073486,,1506.5999755859375,34.792999267578125,98.97000122070312,75.23999786376953,1348.6500244140625,16.030000686645508,3.2300000190734863,0.79,,100.1398
2011-05-13,3.974999904632568,,1493.4000244140625,35.01100158691406,99.6500015258789,75.76000213623047,1337.77001953125,17.06999969482422,3.187000036239624,0.79,,100.1398
2011-05-16,3.983000040054321,,1490.4000244140625,34.12900161743164,97.37000274658205,75.47000122070312,1329.469970703125,18.239999771118164,3.1489999294281006,0.81,,100.1398
2011-05-17,3.990999937057495,,1479.800048828125,33.487998962402344,96.91000366210938,75.4000015258789,1328.97998046875,17.549999237060547,3.121000051498413,0.82,,100.1398
2011-05-18,4.099500179290772,,1495.5999755859375,35.09400177001953,100.0999984741211,75.47000122070312,1340.6800537109375,16.229999542236328,3.1710000038146973,0.82,,100.1398
2011-05-19,4.046999931335449,,1492.199951171875,34.926998138427734,98.44000244140624,75.12000274658203,1343.5999755859375,15.520000457763672,3.1710000038146973,0.91,,100.1398
2011-05-20,4.11899995803833,,1508.800048828125,35.082000732421875,99.48999786376952,75.43000030517578,1333.27001953125,17.43000030517578,3.1519999504089355,0.85,,100.1398
2011-05-23,3.990000009536743,,1515.300048828125,34.9010009765625,97.6999969482422,76.0999984741211,1317.3699951171875,18.270000457763672,3.134000062942505,0.84,,100.1398
2011-05-24,4.012499809265137,,1523.199951171875,36.12099838256836,99.58999633789062,75.87999725341797,1316.280029296875,17.81999969482422,3.122999906539917,0.79,,100.1398
2011-05-25,4.102000236511231,,1526.5999755859375,37.63999938964844,101.31999969482422,75.93000030517578,1320.469970703125,17.06999969482422,3.128999948501587,0.8,,100.1398
2011-05-26,4.10699987411499,,1522.800048828125,37.32600021362305,100.2300033569336,75.55000305175781,1325.68994140625,16.09000015258789,3.061000108718872,0.76,,100.1398
2011-05-27,4.179500102996826,,1536.300048828125,37.85699844360352,100.58999633789062,74.94999694824219,1331.0999755859375,15.979999542236328,3.063999891281128,0.79,,100.1398
2011-05-31,4.173500061035156,,1535.9000244140625,38.303001403808594,102.6999969482422,74.63999938964844,1345.199951171875,15.449999809265137,3.049999952316284,0.8,,100.1398
2011-06-01,4.103000164031982,,1542.4000244140625,37.68899917602539,100.29000091552734,74.68000030517578,1314.550048828125,18.299999237060547,2.9660000801086426,0.74,,99.5798
2011-06-02,4.08050012588501,,1532.0,36.20000076293945,100.4000015258789,74.33000183105469,1312.93994140625,18.09000015258789,3.0299999713897705,0.78,,99.5798
2011-06-03,4.130000114440918,,1541.699951171875,36.1870002746582,100.22000122070312,73.77999877929688,1300.1600341796875,17.950000762939453,2.996999979019165,0.75,,99.5798
2011-06-06,4.13700008392334,,1546.5,36.7760009765625,99.01000213623048,73.94999694824219,1286.1700439453125,18.489999771118164,3.002000093460083,0.76,,99.5798
2011-06-07,4.144499778747559,,1543.300048828125,37.040000915527344,99.08999633789062,73.5199966430664,1284.93994140625,18.06999969482422,3.010999917984009,0.76,,99.5798
2011-06-08,4.105000019073486,,1538.0999755859375,36.61899948120117,100.73999786376952,73.93000030517578,1279.56005859375,18.790000915527344,2.961999893188477,0.76,,99.5798
2011-06-09,4.103499889373779,,1542.0999755859375,37.42300033569336,101.93000030517578,74.19000244140625,1289.0,17.770000457763672,2.997999906539917,0.8,,99.5798
2011-06-10,4.052000045776367,,1528.5999755859375,36.32600021362305,99.29000091552734,74.79000091552734,1270.97998046875,18.86000061035156,2.970999956130981,0.79,,99.5798
2011-06-13,4.0304999351501465,,1515.0,34.73600006103516,97.3000030517578,74.51000213623047,1271.8299560546875,19.61000061035156,2.990999937057495,0.8,,99.5798
2011-06-14,4.15399980545044,,1523.800048828125,35.40999984741211,99.37000274658205,74.33000183105469,1287.8699951171875,18.26000022888184,3.0989999771118164,0.83,,99.5798
2011-06-15,4.121500015258789,,1525.5999755859375,35.40599822998047,94.80999755859376,75.5999984741211,1265.4200439453125,21.31999969482422,2.9730000495910645,0.74,,99.5798
2011-06-16,4.117499828338623,,1529.300048828125,35.553001403808594,94.9499969482422,75.75,1267.6400146484375,22.729999542236328,2.9089999198913574,0.73,,99.5798
2011-06-17,4.103000164031982,,1538.5999755859375,35.73899841308594,93.01000213623048,74.98999786376953,1271.5,21.850000381469727,2.944000005722046,0.75,,99.5798
2011-06-20,4.074999809265137,,1541.5,36.06499862670898,93.26000213623048,75.02999877929688,1278.3599853515625,19.989999771118164,2.963000059127808,0.79,,99.5798
2011-06-21,4.089499950408936,,1546.0,36.37300109863281,93.4000015258789,74.54000091552734,1295.52001953125,18.86000061035156,2.984999895095825,0.78,,99.5798
2011-06-22,4.090000152587891,,1552.9000244140625,36.73400115966797,95.41000366210938,74.77999877929688,1287.1400146484375,18.520000457763672,2.993000030517578,0.82,,99.5798
2011-06-23,4.040999889373779,,1520.0999755859375,35.005001068115234,91.0199966430664,75.44999694824219,1283.5,19.290000915527344,2.9089999198913574,0.71,,99.5798
2011-06-24,4.098499774932861,,1500.5,34.64099884033203,91.16000366210938,75.66999816894531,1268.449951171875,21.100000381469727,2.871000051498413,0.64,,99.5798
2011-06-27,4.051499843597412,,1496.0,33.58000183105469,90.61000061035156,75.38999938964844,1280.0999755859375,20.559999465942383,2.927000045776367,0.67,,99.5798
2011-06-28,4.0920000076293945,,1499.699951171875,33.632999420166016,92.88999938964844,75.05999755859375,1296.6700439453125,19.170000076293945,3.0450000762939453,0.73,,99.5798
2011-06-29,4.209499835968018,,1509.9000244140625,34.75,94.7699966430664,74.69000244140625,1307.4100341796875,17.270000457763672,3.1080000400543213,0.74,,99.5798
2011-06-30,4.271999835968018,,1502.300048828125,34.8120002746582,95.41999816894533,74.30000305175781,1320.6400146484375,16.520000457763672,3.157999992370605,0.75,,99.5798
2011-07-01,4.291999816894531,,1482.300048828125,33.694000244140625,94.94000244140624,74.3499984741211,1339.6700439453125,15.869999885559082,3.197000026702881,0.77,,99.27352
2011-07-05,4.339000225067139,,1512.300048828125,35.402000427246094,96.88999938964844,74.69000244140625,1337.8800048828125,16.059999465942383,3.135999917984009,0.77,,99.27352
2011-07-06,4.326499938964844,,1528.699951171875,35.9109992980957,96.6500015258789,75.12000274658203,1339.219970703125,16.34000015258789,3.095000028610229,0.74,,99.27352
2011-07-07,4.432000160217285,,1530.199951171875,36.52799987792969,98.66999816894533,74.95999908447266,1353.219970703125,15.949999809265137,3.1489999294281006,0.75,,99.27352
2011-07-08,4.402500152587891,,1541.199951171875,36.5359992980957,96.1999969482422,75.18000030517578,1343.800048828125,15.949999809265137,3.0160000324249268,0.69,,99.27352
2011-07-11,4.358500003814697,,1548.800048828125,35.68899917602539,95.1500015258789,75.98999786376953,1319.489990234375,18.38999938964844,2.9170000553131104,0.63,,99.27352
2011-07-12,4.381499767303467,,1561.9000244140625,35.62900161743164,97.43000030517578,75.80999755859375,1313.6400146484375,19.8700008392334,2.907999992370605,0.6,,99.27352
2011-07-13,4.394499778747559,,1585.199951171875,38.14799880981445,98.0500030517578,75.20999908447266,1317.719970703125,19.90999984741211,2.8910000324249268,0.59,,99.27352
2011-07-14,4.372000217437744,,1589.0,38.68899917602539,95.69000244140624,75.25,1308.8699951171875,20.799999237060547,2.944000005722046,0.68,,99.27352
2011-07-15,4.40500020980835,,1589.800048828125,39.0629997253418,97.23999786376952,75.12999725341797,1316.1400146484375,19.530000686645508,2.907999992370605,0.61,,99.27352
2011-07-18,4.395999908447266,,1602.0999755859375,40.33300018310547,95.93000030517578,75.4800033569336,1305.43994140625,20.950000762939453,2.9089999198913574,0.58,,99.27352
2011-07-19,4.4604997634887695,,1600.9000244140625,40.21099853515625,97.5,75.22000122070312,1326.72998046875,19.209999084472656,2.8910000324249268,0.54,,99.27352
2011-07-20,4.428500175476074,,1596.699951171875,39.54600143432617,98.13999938964844,74.79000091552734,1325.8399658203125,19.09000015258789,2.933000087738037,0.62,,99.27352
2011-07-21,4.377500057220459,,1586.800048828125,38.9370002746582,99.12999725341795,74.0199966430664,1343.800048828125,17.559999465942383,3.009999990463257,0.68,,99.27352
2011-07-22,4.4045000076293945,,1601.300048828125,40.11299896240234,99.87000274658205,74.19999694824219,1345.02001953125,17.520000457763672,2.96399998664856,0.61,,99.27352
2011-07-25,4.401500225067139,,1612.0,40.354000091552734,99.1999969482422,74.05999755859375,1337.4300537109375,19.350000381469727,3.003999948501587,0.58,,99.27352
2011-07-26,4.473999977111816,,1616.5999755859375,40.69100189208984,99.58999633789062,73.47000122070312,1331.93994140625,20.229999542236328,2.950999975204468,0.57,,99.27352
2011-07-27,4.440499782562256,,1615.0,40.553001403808594,97.4000015258789,74.08999633789062,1304.8900146484375,22.979999542236328,2.9800000190734863,0.56,,99.27352
2011-07-28,4.464499950408936,,1613.4000244140625,39.77899932861328,97.44000244140624,74.22000122070312,1300.6700439453125,23.739999771118164,2.950999975204468,0.52,,99.27352
2011-07-29,4.473999977111816,,1628.300048828125,40.09199905395508,95.6999969482422,73.9000015258789,1292.280029296875,25.25,2.805000066757202,0.38,,99.27352
2011-08-01,4.40399980545044,,1619.0,39.29800033569336,94.88999938964844,74.26000213623047,1286.93994140625,23.65999984741211,2.740000009536743,0.33,,99.17147
2011-08-02,4.388999938964844,,1641.9000244140625,40.08100128173828,93.79000091552734,74.51000213623047,1254.050048828125,24.790000915527344,2.624000072479248,0.29,,99.17147
2011-08-03,4.320000171661377,,1663.4000244140625,41.74700164794922,91.93000030517578,74.04000091552734,1260.3399658203125,23.3799991607666,2.5989999771118164,0.36,,99.17147
2011-08-04,4.230999946594238,,1656.199951171875,39.417999267578125,86.62999725341797,75.12000274658203,1200.0699462890625,31.65999984741211,2.4579999446868896,0.24,,99.17147
2011-08-05,4.11299991607666,,1648.800048828125,38.196998596191406,86.87999725341797,74.5999984741211,1199.3800048828125,32.0,2.558000087738037,0.32,,99.17147
2011-08-08,3.9574999809265137,,1710.199951171875,39.374000549316406,81.30999755859375,74.79000091552734,1119.4599609375,48.0,2.33899998664856,0.2,,99.17147
2011-08-09,3.9670000076293945,,1740.0,37.87699890136719,79.30000305175781,74.61000061035156,1172.530029296875,35.060001373291016,2.181999921798706,0.0,,99.17147
2011-08-10,3.885499954223633,,1781.300048828125,39.32500076293945,82.88999938964844,74.63999938964844,1120.760009765625,42.9900016784668,2.13700008392334,-0.13,,99.17147
2011-08-11,4.004499912261963,,1748.800048828125,38.65599822998047,85.72000122070312,74.68000030517578,1172.6400146484375,39.0,2.3359999656677246,0.06,,99.17147
2011-08-12,4.009500026702881,,1740.199951171875,39.10100173950195,85.37999725341797,74.61000061035156,1178.81005859375,36.36000061035156,2.236999988555908,-0.02,,99.17147
2011-08-15,4.031499862670898,,1755.5,39.29800033569336,87.87999725341797,73.83999633789062,1204.489990234375,31.8700008392334,2.2850000858306885,0.06,,99.17147
2011-08-16,3.99399995803833,,1782.4000244140625,39.82099914550781,86.6500015258789,74.01000213623047,1192.760009765625,32.849998474121094,2.21399998664856,0.05,,99.17147
2011-08-17,4.02899980545044,,1791.199951171875,40.34999847412109,87.58000183105469,73.66999816894531,1193.8900146484375,31.57999992370605,2.164999961853028,0.01,,99.17147
2011-08-18,3.964499950408936,,1818.9000244140625,40.6870002746582,82.37999725341797,74.23999786376953,1140.6500244140625,42.66999816894531,2.0829999446868896,0.09,,99.17147
2011-08-19,3.982500076293945,,1848.9000244140625,42.428001403808594,82.26000213623047,73.98999786376953,1123.530029296875,43.04999923706055,2.071000099182129,0.02,,99.17147
2011-08-22,3.9560000896453857,,1888.699951171875,43.32099914550781,84.12000274658203,74.06999969482422,1123.8199462890625,42.43999862670898,2.088000059127808,0.03,,99.17147
2011-08-23,3.994499921798706,,1858.300048828125,42.28099822998047,85.44000244140625,73.87000274658203,1162.3499755859375,36.27000045776367,2.13700008392334,0.13,,99.17147
2011-08-24,3.996999979019165,,1754.0999755859375,39.15700149536133,85.16000366210938,74.01000213623047,1177.5999755859375,35.900001525878906,2.259999990463257,0.25,,99.17147
2011-08-25,4.078999996185303,,1759.800048828125,40.7400016784668,85.30000305175781,74.27999877929688,1159.27001953125,39.7599983215332,2.2219998836517334,0.13,,99.17147
2011-08-26,4.098999977111816,,1794.0999755859375,40.946998596191406,85.37000274658203,73.80999755859375,1176.800048828125,35.59000015258789,2.187999963760376,0.15,,99.17147
2011-08-29,4.089000225067139,,1788.4000244140625,40.54100036621094,87.2699966430664,73.72000122070312,1210.0799560546875,32.279998779296875,2.2709999084472656,0.22,,99.17147
2011-08-30,4.123000144958496,,1826.699951171875,41.39799880981445,88.9000015258789,73.94000244140625,1212.9200439453125,32.88999938964844,2.1760001182556152,0.14,,99.17147
2011-08-31,4.186999797821045,,1828.5,41.69900131225586,88.80999755859375,74.12999725341797,1218.8900146484375,31.6200008392334,2.2179999351501465,0.18,,99.17147
2011-09-01,4.142499923706055,,1826.0,41.48199844360352,88.93000030517578,74.4800033569336,1204.4200439453125,31.81999969482422,2.1459999084472656,0.07,,99.02118
2011-09-02,4.10699987411499,,1873.699951171875,43.02000045776367,86.44999694824219,74.75,1173.969970703125,33.91999816894531,1.996000051498413,0.0,,99.02118
2011-09-06,4.039500236511231,,1869.9000244140625,41.81800079345703,86.0199966430664,75.91999816894531,1165.239990234375,37.0,1.9789999723434448,0.05,,99.02118
2011-09-07,4.115499973297119,,1814.199951171875,41.571998596191406,89.33999633789062,75.45999908447266,1198.6199951171875,33.380001068115234,2.0360000133514404,0.09,,99.02118
2011-09-08,4.127999782562256,,1854.4000244140625,42.479000091552734,89.05000305175781,76.23999786376953,1185.9000244140625,34.31999969482422,1.9859999418258667,0.0,,99.02118
2011-09-09,3.987499952316284,,1856.4000244140625,41.573001861572266,87.23999786376953,77.19000244140625,1154.22998046875,38.52000045776367,1.9149999618530276,-0.03,,99.02118
2011-09-12,3.950500011444092,,1809.9000244140625,40.16400146484375,88.19000244140625,77.56999969482422,1162.27001953125,38.59000015258789,1.9299999475479128,0.0,,99.02118
2011-09-13,3.9560000896453857,,1826.800048828125,41.12300109863281,90.20999908447266,76.91000366210938,1172.8699951171875,36.90999984741211,1.99399995803833,0.07,,99.02118
2011-09-14,3.884999990463257,,1823.5,40.46900177001953,88.91000366210938,76.83000183105469,1188.6800537109375,34.599998474121094,2.010999917984009,0.12,,99.02118
2011-09-15,3.944999933242798,,1778.5,39.45299911499024,89.4000015258789,76.23999786376953,1209.1099853515625,31.96999931335449,2.0850000381469727,0.13,,99.02118
2011-09-16,3.920000076293945,,1812.0999755859373,40.78099822998047,87.95999908447266,76.58000183105469,1216.010009765625,30.979999542236328,2.075999975204468,0.13,,99.02118
2011-09-19,3.7715001106262207,,1776.4000244140625,39.11000061035156,85.69999694824219,77.38999938964844,1204.0899658203125,32.72999954223633,1.940000057220459,0.09,,99.02118
2011-09-20,3.7165000438690186,,1806.5999755859373,40.08100128173828,86.88999938964844,77.02999877929688,1202.0899658203125,32.86000061035156,1.9470000267028809,0.04,,99.02118
2011-09-21,3.753499984741211,,1805.5,40.41999816894531,85.91999816894531,77.33999633789062,1166.760009765625,37.31999969482422,1.875,0.02,,99.02118
2011-09-22,3.4804999828338623,,1739.199951171875,36.53799819946289,80.51000213623047,78.37999725341797,1129.56005859375,41.34999847412109,1.715000033378601,0.01,,99.02118
2011-09-23,3.2720000743865967,,1637.5,30.051000595092773,79.8499984741211,78.30000305175781,1136.4300537109375,41.25,1.807999968528748,0.1,,99.02118
2011-09-26,3.275000095367432,,1592.5,29.927000045776367,80.23999786376953,78.36000061035156,1162.949951171875,39.02000045776367,1.9040000438690183,0.12,,99.02118
2011-09-27,3.429500102996826,,1650.5999755859375,31.496999740600582,84.44999694824219,77.51000213623047,1175.3800048828125,37.709999084472656,2.0160000324249268,0.12,,99.02118
2011-09-28,3.236000061035156,,1616.300048828125,30.084999084472656,81.20999908447266,77.8499984741211,1151.06005859375,41.08000183105469,2.002000093460083,0.16,,99.02118
2011-09-29,3.236999988555908,,1615.5,30.472000122070312,82.13999938964844,77.91999816894531,1160.4000244140625,38.84000015258789,1.9570000171661377,0.17,,99.02118
2011-09-30,3.1449999809265137,,1620.4000244140625,30.041000366210938,79.19999694824219,78.55000305175781,1131.4200439453125,42.959999084472656,1.924000024795532,0.17,,99.02118
2011-10-03,3.140000104904175,,1656.0,30.75,77.61000061035156,79.44999694824219,1099.22998046875,45.45000076293945,1.784999966621399,0.07,,98.6412
2011-10-04,3.094500064849853,,1614.699951171875,29.795000076293945,75.66999816894531,79.5999984741211,1123.949951171875,40.81999969482422,1.781000018119812,0.05,,98.6412
2011-10-05,3.0975000858306885,,1640.300048828125,30.316999435424805,79.68000030517578,78.91000366210938,1144.030029296875,37.810001373291016,1.9049999713897705,0.12,,98.6412
2011-10-06,3.239000082015991,,1651.9000244140625,31.96999931335449,82.58999633789062,78.52999877929688,1164.969970703125,36.27000045776367,1.9859999418258667,0.13,,98.6412
2011-10-07,3.2664999961853027,,1634.5,30.95800018310547,82.9800033569336,78.72000122070312,1155.4599609375,36.20000076293945,2.068000078201294,0.16,,98.6412
2011-10-10,3.361999988555908,,1669.5999755859375,31.944000244140625,85.41000366210938,77.5999984741211,1194.8900146484375,33.02000045776367,2.075999975204468,0.16,,98.6412
2011-10-11,3.2874999046325684,,1659.699951171875,31.96299934387207,85.80999755859375,77.58000183105469,1195.5400390625,32.86000061035156,2.1600000858306885,0.23,,98.6412
2011-10-12,3.390500068664551,,1681.300048828125,32.75400161743164,85.56999969482422,76.98999786376953,1207.25,31.26000022888184,2.2260000705718994,0.26,,98.6412
2011-10-13,3.302500009536743,,1667.300048828125,31.632999420166016,84.2300033569336,76.98999786376953,1203.6600341796875,30.700000762939453,2.1689999103546143,0.27,,98.6412
2011-10-14,3.4049999713897705,,1681.800048828125,32.13999938964844,86.80000305175781,76.62000274658203,1224.5799560546875,28.239999771118164,2.2320001125335693,0.28,,98.6412
2011-10-17,3.373500108718872,,1675.5,31.791000366210938,86.37999725341797,77.13999938964844,1200.8599853515625,33.38999938964844,2.1549999713897705,0.24,,98.6412
2011-10-18,3.3554999828338623,,1651.699951171875,31.801000595092773,88.33999633789062,77.12999725341797,1225.3800048828125,31.559999465942383,2.151000022888184,0.22,,98.6412
2011-10-19,3.253999948501587,,1646.0,31.25200080871582,86.11000061035156,77.11000061035156,1209.8800048828125,34.439998626708984,2.1589999198913574,0.23,,98.6412
2011-10-20,3.054500102996826,,1611.9000244140625,30.266000747680664,85.30000305175781,76.97000122070312,1215.3900146484375,34.779998779296875,2.180000066757202,0.22,,98.6412
2011-10-21,3.219000101089477,,1635.0999755859375,31.17300033569336,87.4000015258789,76.30000305175781,1238.25,31.31999969482422,2.203000068664551,0.23,,98.6412
2011-10-24,3.447000026702881,,1651.5,31.6200008392334,91.2699966430664,76.0199966430664,1254.18994140625,29.26000022888184,2.233999967575073,0.23,,98.6412
2011-10-25,3.4189999103546143,,1699.5999755859375,33.03400039672852,93.16999816894533,76.25,1229.050048828125,32.220001220703125,2.128000020980835,0.12,,98.6412
2011-10-26,3.48799991607666,,1722.699951171875,33.29100036621094,90.1999969482422,76.19999694824219,1242.0,29.86000061035156,2.203000068664551,0.15,,98.6412
2011-10-27,3.688999891281128,,1746.699951171875,35.095001220703125,93.95999908447266,74.87000274658203,1284.5899658203125,25.459999084472656,2.3949999809265137,0.24,,98.6412
2011-10-28,3.70199990272522,,1746.199951171875,35.27000045776367,93.31999969482422,75.08999633789062,1285.0899658203125,24.530000686645508,2.305999994277954,0.19,,98.6412
2011-10-31,3.628999948501587,,1724.199951171875,34.33700180053711,93.19000244140624,76.16999816894531,1253.300048828125,29.959999084472656,2.174999952316284,0.08,,98.6412
2011-11-01,3.498500108718872,,1711.0,32.72200012207031,92.19000244140624,77.26000213623047,1218.280029296875,34.77000045776367,2.000999927520752,-0.04,,98.32935
2011-11-02,3.5785000324249268,,1728.699951171875,33.92900085449219,92.51000213623048,77.01000213623047,1237.9000244140625,32.7400016784668,2.00600004196167,-0.07,,98.32935
2011-11-03,3.5845000743865967,,1764.199951171875,34.487998962402344,94.06999969482422,76.66999816894531,1261.1500244140625,30.5,2.065999984741211,0.0,,98.32935
2011-11-04,3.562999963760376,,1755.300048828125,34.06999969482422,94.26000213623048,76.91000366210938,1253.22998046875,30.15999984741211,2.049999952316284,-0.06,,98.32935
2011-11-07,3.532999992370605,,1790.300048828125,34.8120002746582,95.5199966430664,76.95999908447266,1261.1199951171875,29.850000381469727,1.99399995803833,-0.1,,98.32935
2011-11-08,3.532000064849853,,1798.4000244140625,35.137001037597656,96.8000030517578,76.66999816894531,1275.9200439453125,27.479999542236328,2.065000057220459,-0.03,,98.32935
2011-11-09,3.438999891281128,,1790.9000244140625,34.347999572753906,95.73999786376952,77.93000030517578,1229.0999755859375,36.15999984741211,1.955000042915344,-0.04,,98.32935
2011-11-10,3.372499942779541,,1758.9000244140625,34.095001220703125,97.77999877929688,77.63999938964844,1239.699951171875,32.810001373291016,2.055999994277954,-0.04,,98.32935
2011-11-11,3.461999893188477,,1787.5,34.67100143432617,98.98999786376952,76.94000244140625,1263.8499755859375,30.040000915527344,2.055999994277954,-0.04,,98.32935
2011-11-14,3.4855000972747803,,1777.800048828125,34.01300048828125,98.13999938964844,77.55999755859375,1251.780029296875,31.1299991607666,2.0429999828338623,-0.01,,98.32935
2011-11-15,3.499000072479248,,1781.699951171875,34.448001861572266,99.37000274658205,77.87999725341797,1257.81005859375,31.21999931335449,2.056999921798706,0.04,,98.32935
2011-11-16,3.4820001125335693,,1773.800048828125,33.81399917602539,102.58999633789062,78.16000366210938,1236.9100341796875,33.5099983215332,2.0239999294281006,0.05,,98.32935
2011-11-17,3.381999969482422,,1719.800048828125,31.493000030517575,98.81999969482422,78.29000091552734,1216.1300048828125,34.5099983215332,1.9579999446868896,0.06,,98.32935
2011-11-18,3.4019999504089355,,1724.699951171875,32.41299819946289,97.41000366210938,78.0199966430664,1215.6500244140625,32.0,2.01200008392334,0.05,,98.32935
2011-11-21,3.299000024795532,,1678.300048828125,31.113000869750977,96.91999816894533,78.30000305175781,1192.97998046875,32.90999984741211,1.962000012397766,0.07,,98.32935
2011-11-22,3.3304998874664307,,1702.199951171875,32.948001861572266,98.01000213623048,78.2300033569336,1188.0400390625,31.96999931335449,1.9390000104904173,0.05,,98.32935
2011-11-23,3.2774999141693115,,1695.699951171875,31.881999969482425,96.16999816894533,79.0,1161.7900390625,33.97999954223633,1.878999948501587,-0.01,,98.32935
2011-11-25,3.2679998874664307,,1685.5,31.011999130249023,96.7699966430664,79.61000061035156,1158.6700439453125,34.470001220703125,1.9670000076293943,0.05,,98.32935
2011-11-28,3.3585000038146973,,1710.800048828125,32.15999984741211,98.20999908447266,79.29000091552734,1192.550048828125,32.130001068115234,1.9579999446868896,0.02,,98.32935
2011-11-29,3.375999927520752,,1713.4000244140625,31.85300064086914,99.79000091552734,79.0,1195.18994140625,30.63999938964844,1.996000051498413,0.01,,98.32935
2011-11-30,3.562999963760376,,1745.5,32.73099899291992,100.36000061035156,78.38999938964844,1246.9599609375,27.799999237060547,2.068000078201294,0.03,,98.32935
2011-12-01,3.5220000743865967,,1735.300048828125,32.69499969482422,100.1999969482422,78.31999969482422,1244.5799560546875,27.40999984741211,2.117000102996826,0.06,,98.55486
2011-12-02,3.572499990463257,,1747.0,32.62099838256836,100.95999908447266,78.62999725341797,1244.280029296875,27.520000457763672,2.0420000553131104,0.0,,98.55486
2011-12-05,3.6040000915527344,,1730.699951171875,32.305999755859375,100.98999786376952,78.61000061035156,1257.0799560546875,27.84000015258789,2.053999900817871,-0.01,,98.55486
2011-12-06,3.565500020980835,,1727.9000244140625,32.672000885009766,101.27999877929688,78.51000213623047,1258.469970703125,28.1299991607666,2.0929999351501465,0.01,,98.55486
2011-12-07,3.5450000762939453,,1740.9000244140625,32.55500030517578,100.48999786376952,78.4800033569336,1261.010009765625,28.670000076293945,2.0169999599456787,-0.01,,98.55486
2011-12-08,3.489500045776367,,1709.800048828125,31.46699905395508,98.33999633789062,78.80999755859375,1234.3499755859375,30.59000015258789,1.972000002861023,0.01,,98.55486
2011-12-09,3.546999931335449,,1712.800048828125,32.17300033569336,99.41000366210938,78.62999725341797,1255.18994140625,26.3799991607666,2.052000045776367,0.05,,98.55486
2011-12-12,3.4544999599456787,,1664.199951171875,30.934999465942383,97.7699966430664,79.56999969482422,1236.469970703125,25.670000076293945,2.009000062942505,-0.01,,98.55486
2011-12-13,3.432499885559082,,1659.9000244140625,31.19499969482422,100.13999938964844,80.25,1225.72998046875,25.40999984741211,1.962000012397766,-0.05,,98.55486
2011-12-14,3.2709999084472656,,1584.300048828125,28.881000518798828,94.9499969482422,80.52999877929688,1211.8199462890625,26.040000915527344,1.901000022888184,-0.04,,98.55486
2011-12-15,3.259500026702881,,1574.5999755859375,29.225000381469727,93.87000274658205,80.23999786376953,1215.75,25.11000061035156,1.9129999876022337,-0.01,,98.55486
2011-12-16,3.3239998817443848,,1595.5999755859375,29.614999771118164,93.52999877929688,80.25,1219.6600341796875,24.290000915527344,1.8539999723434448,-0.05,,98.55486
2011-12-19,3.3010001182556152,,1594.4000244140625,28.82200050354004,93.87999725341795,80.25,1205.3499755859375,24.920000076293945,1.812999963760376,-0.12,,98.55486
2011-12-20,3.36299991607666,,1615.5999755859375,29.496000289916992,97.22000122070312,79.87999725341797,1241.300048828125,23.21999931335449,1.924999952316284,-0.1,,98.55486
2011-12-21,3.388999938964844,,1611.9000244140625,29.197999954223636,98.66999816894533,80.0199966430664,1243.719970703125,21.43000030517578,1.9670000076293943,-0.07,,98.55486
2011-12-22,3.4089999198913574,,1608.9000244140625,29.000999450683597,99.52999877929688,79.91999816894531,1254.0,21.15999984741211,1.950999975204468,-0.07,,98.55486
2011-12-23,3.463500022888184,,1604.699951171875,29.04599952697754,99.68000030517578,80.01000213623047,1265.3299560546875,20.729999542236328,2.0299999713897705,-0.04,,98.55486
2011-12-27,3.4040000438690186,,1594.199951171875,28.69700050354004,101.33999633789062,79.79000091552734,1265.4300537109375,21.90999984741211,2.009000062942505,-0.02,,98.55486
2011-12-28,3.359999895095825,,1562.9000244140625,27.191999435424805,99.36000061035156,80.48999786376953,1249.6400146484375,23.520000457763672,1.9079999923706052,-0.07,,98.55486
2011-12-29,3.365499973297119,,1539.9000244140625,27.27400016784668,99.6500015258789,80.4800033569336,1263.02001953125,22.649999618530277,1.8969999551773071,-0.05,,98.55486
2011-12-30,3.43149995803833,,1565.800048828125,27.875,98.83000183105467,80.16999816894531,1257.5999755859375,23.399999618530277,1.871000051498413,-0.07,,98.55486
2012-01-03,3.525000095367432,,1599.699951171875,29.53300094604492,102.95999908447266,79.61000061035156,1277.06005859375,22.96999931335449,1.9600000381469729,-0.04,,99.06616
2012-01-04,3.429500102996826,,1611.9000244140625,29.0629997253418,103.22000122070312,80.08999633789062,1277.300048828125,22.21999931335449,1.995000004768372,-0.08,,99.06616
2012-01-05,3.422499895095825,,1619.4000244140625,29.26499938964844,101.80999755859376,80.94000244140625,1281.06005859375,21.479999542236328,1.993000030517578,-0.1,,99.06616
2012-01-06,3.430999994277954,,1616.0999755859375,28.652999877929688,101.55999755859376,81.23999786376953,1277.81005859375,20.6299991607666,1.9609999656677248,-0.11,,99.06616
2012-01-09,3.4124999046325684,,1607.5,28.749000549316406,101.30999755859376,81.05000305175781,1280.699951171875,21.06999969482422,1.9600000381469729,-0.13,,99.06616
2012-01-10,3.509999990463257,,1631.0,29.78300094604492,102.23999786376952,80.80000305175781,1292.0799560546875,20.690000534057617,1.972000002861023,-0.08,,99.06616
2012-01-11,3.5415000915527344,,1639.199951171875,29.857999801635746,100.87000274658205,81.3499984741211,1292.47998046875,21.049999237060547,1.9040000438690183,-0.1,,99.06616
2012-01-12,3.6440000534057617,,1647.300048828125,30.09199905395508,99.0999984741211,80.7699966430664,1295.5,20.46999931335449,1.932999968528748,-0.1,,99.06616
2012-01-13,3.631999969482422,,1630.4000244140625,29.493000030517575,98.6999969482422,81.43000030517578,1289.0899658203125,20.90999984741211,1.8530000448226929,-0.14,,99.06616
2012-01-17,3.7260000705718994,,1655.199951171875,30.106000900268555,100.70999908447266,81.18000030517578,1293.6700439453125,22.200000762939453,1.850000023841858,-0.17,,99.06616
2012-01-18,3.746999979019165,,1659.5,30.513999938964844,100.58999633789062,80.5999984741211,1308.0400390625,20.88999938964844,1.8969999551773071,-0.15,,99.06616
2012-01-19,3.797499895095825,,1654.0999755859375,30.48200035095215,100.38999938964844,80.20999908447266,1314.5,19.8700008392334,1.972000002861023,0.0,,99.06616
2012-01-20,3.740999937057495,,1663.699951171875,31.64699935913086,98.45999908447266,80.22000122070312,1315.3800048828125,18.280000686645508,2.0280001163482666,0.01,,99.06616
2012-01-23,3.794500112533569,,1678.0,32.233001708984375,99.58000183105467,79.69000244140625,1316.0,18.670000076293945,2.066999912261963,0.02,,99.06616
2012-01-24,3.803999900817871,,1664.199951171875,31.93099975585937,98.9499969482422,79.86000061035156,1314.6500244140625,18.90999984741211,2.063999891281128,-0.01,,99.06616
2012-01-25,3.825000047683716,,1699.800048828125,33.09199905395508,99.4000015258789,79.56999969482422,1326.06005859375,18.309999465942383,2.006999969482422,-0.12,,99.06616
2012-01-26,3.8970000743865967,,1726.300048828125,33.70199966430664,99.6999969482422,79.41000366210938,1318.4300537109375,18.56999969482422,1.930999994277954,-0.16,,99.06616
2012-01-27,3.883500099182129,,1731.800048828125,33.74700164794922,99.55999755859376,78.9000015258789,1316.3299560546875,18.530000686645508,1.8980000019073489,-0.18,,99.06616
2012-01-30,3.822000026702881,,1731.0,33.49700164794922,98.77999877929688,79.16000366210938,1313.010009765625,19.399999618530277,1.837000012397766,-0.24,,99.06616
2012-01-31,3.787499904632568,,1737.800048828125,33.233001708984375,98.4800033569336,79.27999877929688,1312.4100341796875,19.440000534057617,1.7990000247955322,-0.28,,99.06616
2012-02-01,3.838500022888184,,1747.0999755859375,33.77799987792969,97.61000061035156,78.91999816894531,1324.0899658203125,18.549999237060547,1.8459999561309812,-0.28,,99.78344
2012-02-02,3.776999950408936,,1756.800048828125,34.1510009765625,96.36000061035156,78.97000122070312,1325.5400390625,17.979999542236328,1.825000047683716,-0.3,,99.78344
2012-02-03,3.8970000743865967,,1737.9000244140625,33.724998474121094,97.83999633789062,78.94000244140625,1344.9000244140625,17.100000381469727,1.9490000009536743,-0.21,,99.78344
2012-02-06,3.858999967575073,,1722.800048828125,33.72200012207031,96.91000366210938,79.08999633789062,1344.3299560546875,17.760000228881836,1.901000022888184,-0.26,,99.78344
2012-02-07,3.872499942779541,,1746.4000244140625,34.165000915527344,98.41000366210938,78.56999969482422,1347.050048828125,17.649999618530273,1.965999960899353,-0.21,,99.78344
2012-02-08,3.9059998989105225,,1729.300048828125,33.67300033569336,98.70999908447266,78.63999938964844,1349.9599609375,18.15999984741211,1.975000023841858,-0.21,,99.78344
2012-02-09,3.974499940872192,,1739.0,33.88399887084961,99.83999633789062,78.55999755859375,1351.949951171875,18.6299991607666,2.046999931335449,-0.17,,99.78344
2012-02-10,3.859499931335449,,1723.300048828125,33.57600021362305,98.66999816894533,79.11000061035156,1342.6400146484375,20.790000915527344,1.968999981880188,-0.24,,99.78344
2012-02-13,3.836999893188477,,1723.0,33.69599914550781,100.91000366210938,78.94000244140625,1351.77001953125,19.040000915527344,1.9900000095367432,-0.22,,99.78344
2012-02-14,3.811500072479248,,1715.9000244140625,33.32600021362305,100.73999786376952,79.58000183105469,1350.5,19.540000915527344,1.924000024795532,-0.27,,99.78344
2012-02-15,3.79800009727478,,1726.300048828125,33.38600158691406,101.8000030517578,79.66999816894531,1343.22998046875,21.13999938964844,1.930999994277954,-0.26,,99.78344
2012-02-16,3.788000106811523,,1726.800048828125,33.354000091552734,102.30999755859376,79.33999633789062,1358.0400390625,19.21999931335449,1.993000030517578,-0.24,,99.78344
2012-02-17,3.704999923706055,,1724.5,33.20000076293945,103.23999786376952,79.33000183105469,1361.22998046875,17.780000686645508,2.009999990463257,-0.23,,99.78344
2012-02-21,3.8334999084472656,,1757.0999755859375,34.41299819946289,105.83999633789062,79.04000091552734,1362.2099609375,18.190000534057617,2.0450000762939453,-0.22,,99.78344
2012-02-22,3.829999923706055,,1770.0,34.23899841308594,106.27999877929688,79.20999908447266,1357.6600341796875,18.190000534057617,2.005000114440918,-0.27,,99.78344
2012-02-23,3.804500102996826,,1784.9000244140625,35.54399871826172,107.83000183105467,78.80999755859375,1363.4599609375,16.799999237060547,1.9839999675750728,-0.3,,99.78344
2012-02-24,3.862499952316284,,1775.0999755859375,35.332000732421875,109.7699966430664,78.3499984741211,1365.739990234375,17.309999465942383,1.9769999980926516,-0.29,,99.78344
2012-02-27,3.880000114440918,,1773.5999755859375,35.51599884033203,108.55999755859376,78.55999755859375,1367.5899658203125,18.190000534057617,1.9220000505447388,-0.32,,99.78344
2012-02-28,3.911999940872192,,1787.0,37.13999938964844,106.5500030517578,78.2699966430664,1372.1800537109375,17.959999084472656,1.9290000200271609,-0.31,,99.78344
2012-02-29,3.870500087738037,,1709.9000244140625,34.58300018310547,107.06999969482422,78.7300033569336,1365.6800537109375,18.43000030517578,1.9769999980926516,-0.28,,99.78344
2012-03-01,3.924499988555908,,1721.0999755859375,35.61100006103516,108.83999633789062,78.77999877929688,1374.0899658203125,17.260000228881836,2.0369999408721924,-0.23,,100.4592
2012-03-02,3.8954999446868896,,1708.800048828125,34.48099899291992,106.6999969482422,79.4000015258789,1369.6300048828125,17.290000915527344,1.9859999418258667,-0.24,,100.4592
2012-03-05,3.8524999618530273,,1703.0,33.6510009765625,106.72000122070312,79.31999969482422,1364.3299560546875,18.049999237060547,2.005000114440918,-0.2,,100.4592
2012-03-06,3.7309999465942383,,1671.4000244140625,32.74100112915039,104.6999969482422,79.86000061035156,1343.3599853515625,20.8700008392334,1.944000005722046,-0.21,,100.4592
2012-03-07,3.760499954223633,,1683.300048828125,33.542999267578125,106.16000366210938,79.70999908447266,1352.6300048828125,19.06999969482422,1.972000002861023,-0.22,,100.4592
2012-03-08,3.78600001335144,,1698.0999755859375,33.78900146484375,106.58000183105467,79.16000366210938,1365.9100341796875,17.950000762939453,2.013999938964844,-0.21,,100.4592
2012-03-09,3.8524999618530273,,1710.9000244140625,34.17499923706055,107.4000015258789,80.04000091552734,1370.8699951171875,17.110000610351562,2.0380001068115234,-0.24,,100.4592
2012-03-12,3.8315000534057617,,1699.199951171875,33.374000549316406,106.33999633789062,79.87000274658203,1371.0899658203125,15.640000343322754,2.0309998989105225,-0.24,,100.4592
2012-03-13,3.8965001106262207,,1693.699951171875,33.54399871826172,106.70999908447266,80.19000244140625,1395.949951171875,14.800000190734863,2.1070001125335693,-0.2,,100.4592
2012-03-14,3.8420000076293945,,1642.5,32.14699935913086,105.43000030517578,80.55999755859375,1394.280029296875,15.3100004196167,2.2739999294281006,-0.07,,100.4592
2012-03-15,3.891999959945679,,1659.0999755859375,32.69300079345703,105.11000061035156,80.1500015258789,1402.5999755859375,15.420000076293944,2.2809998989105225,-0.08,,100.4592
2012-03-16,3.874000072479248,,1655.5,32.573001861572266,107.05999755859376,79.77999877929688,1404.1700439453125,14.470000267028809,2.2980000972747803,-0.09,,100.4592
2012-03-19,3.9059998989105225,,1666.9000244140625,32.92599868774414,108.08999633789062,79.44999694824219,1409.75,15.039999961853027,2.378999948501587,-0.03,,100.4592
2012-03-20,3.828000068664551,,1646.699951171875,31.80500030517578,105.61000061035156,79.58999633789062,1405.52001953125,15.579999923706056,2.371999979019165,-0.04,,100.4592
2012-03-21,3.849499940872192,,1650.0,32.19900131225586,107.2699966430664,79.62999725341797,1402.8900146484375,15.130000114440918,2.2939999103546143,-0.08,,100.4592
2012-03-22,3.767499923706055,,1642.300048828125,31.319000244140625,105.3499984741211,79.73999786376953,1392.780029296875,15.56999969482422,2.275000095367432,-0.08,,100.4592
2012-03-23,3.809499979019165,,1662.300048828125,32.24800109863281,106.87000274658205,79.33999633789062,1397.1099853515625,14.81999969482422,2.236999988555908,-0.11,,100.4592
2012-03-26,3.885499954223633,,1685.5,32.72600173950195,107.02999877929688,78.93000030517578,1416.510009765625,14.260000228881836,2.24399995803833,-0.08,,100.4592
2012-03-27,3.878999948501587,,1684.800048828125,32.60100173950195,107.33000183105467,79.04000091552734,1412.52001953125,15.59000015258789,2.187000036239624,-0.13,,100.4592
2012-03-28,3.786999940872192,,1657.9000244140625,31.81599998474121,105.41000366210938,79.16000366210938,1405.5400390625,15.470000267028809,2.196000099182129,-0.11,,100.4592
2012-03-29,3.7939999103546143,,1652.199951171875,31.97800064086914,102.77999877929688,79.18000030517578,1403.280029296875,15.479999542236328,2.1589999198913574,-0.13,,100.4592
2012-03-30,3.8239998817443848,,1669.300048828125,32.46900177001953,103.0199966430664,78.93000030517578,1408.469970703125,15.5,2.2160000801086426,-0.09,,100.4592
2012-04-02,3.9184999465942383,,1677.5,33.08300018310547,105.2300033569336,78.81999969482422,1419.0400390625,15.640000343322754,2.193000078201294,-0.14,,100.3911
2012-04-03,3.9154999256134033,,1670.0,33.25,104.01000213623048,79.4800033569336,1413.3800048828125,15.65999984741211,2.2839999198913574,-0.06,,100.3911
2012-04-04,3.785500049591065,,1612.300048828125,31.02899932861328,101.47000122070312,79.76000213623047,1398.9599609375,16.440000534057617,2.243000030517578,-0.05,,100.3911
2012-04-05,3.7915000915527344,,1628.5,31.715999603271484,103.30999755859376,80.06999969482422,1398.0799560546875,16.700000762939453,2.174999952316284,-0.08,,100.3911
2012-04-09,3.7160000801086426,,1642.5,31.51300048828125,102.45999908447266,79.7300033569336,1382.199951171875,18.809999465942383,2.0369999408721924,-0.17,,100.3911
2012-04-10,3.6459999084472656,,1659.5,31.670000076293945,101.0199966430664,79.88999938964844,1358.5899658203125,20.38999938964844,1.9880000352859497,-0.24,,100.3911
2012-04-11,3.635999917984009,,1659.0,31.51099967956543,102.6999969482422,79.77999877929688,1368.7099609375,20.020000457763672,2.0280001163482666,-0.25,,100.3911
2012-04-12,3.7165000438690186,,1679.5,32.51499938964844,103.63999938964844,79.27999877929688,1387.5699462890625,17.200000762939453,2.049000024795532,-0.22,,100.3911
2012-04-13,3.622999906539917,,1659.0999755859375,31.3799991607666,102.83000183105467,79.87999725341797,1370.260009765625,19.549999237060547,1.9980000257492063,-0.25,,100.3911
2012-04-16,3.624000072479248,,1648.699951171875,31.36400032043457,102.93000030517578,79.55000305175781,1369.5699462890625,19.549999237060547,1.9739999771118164,-0.26,,100.3911
2012-04-17,3.6440000534057617,,1650.300048828125,31.665000915527344,104.1999969482422,79.47000122070312,1390.780029296875,18.459999084472656,2.009000062942505,-0.26,,100.3911
2012-04-18,3.628000020980835,,1638.800048828125,31.47800064086914,102.66999816894533,79.52999877929688,1385.1400146484375,18.63999938964844,1.98199999332428,-0.26,,100.3911
2012-04-19,3.626499891281128,,1640.5999755859375,31.770999908447266,102.2699966430664,79.55999755859375,1376.9200439453125,18.36000061035156,1.9520000219345093,-0.21,,100.3911
2012-04-20,3.696000099182129,,1642.0999755859375,31.643999099731445,103.0500030517578,79.18000030517578,1378.530029296875,17.440000534057617,1.9700000286102293,-0.24,,100.3911
2012-04-23,3.622999906539917,,1631.9000244140625,30.524999618530277,103.11000061035156,79.41999816894531,1366.93994140625,18.96999931335449,1.932999968528748,-0.26,,100.3911
2012-04-24,3.671499967575073,,1643.0,30.739999771118164,103.5500030517578,79.22000122070312,1371.969970703125,18.100000381469727,1.9609999656677248,-0.25,,100.3911
2012-04-25,3.700500011444092,,1641.4000244140625,30.35099983215332,104.12000274658205,79.01000213623047,1390.68994140625,16.81999969482422,1.9839999675750728,-0.24,,100.3911
2012-04-26,3.767999887466431,,1659.5999755859375,31.202999114990234,104.5500030517578,78.91000366210938,1399.97998046875,16.239999771118164,1.9589999914169312,-0.29,,100.3911
2012-04-27,3.819999933242798,,1664.0,31.347000122070312,104.93000030517578,78.69999694824219,1403.3599853515625,16.31999969482422,1.932999968528748,-0.3,,100.3911
2012-04-30,3.8334999084472656,,1663.4000244140625,30.958999633789062,104.87000274658205,78.79000091552734,1397.9100341796875,17.149999618530273,1.9149999618530276,-0.3,,100.3911
2012-05-01,3.839999914169312,,1661.699951171875,30.87700080871582,106.16000366210938,78.86000061035156,1405.8199462890625,16.600000381469727,1.955999970436096,-0.28,,99.55175
2012-05-02,3.785500049591065,,1653.4000244140625,30.59199905395508,105.22000122070312,79.12999725341797,1402.31005859375,16.8799991607666,1.9220000505447388,-0.28,,99.55175
2012-05-03,3.733500003814697,,1634.199951171875,29.958999633789062,102.54000091552734,79.22000122070312,1391.5699462890625,17.559999465942383,1.924000024795532,-0.27,,99.55175
2012-05-04,3.723999977111816,,1644.699951171875,30.3799991607666,98.48999786376952,79.47000122070312,1369.0999755859375,19.15999984741211,1.8799999952316284,-0.3,,99.55175
2012-05-07,3.777499914169312,,1638.5999755859375,30.07200050354004,97.94000244140624,79.5999984741211,1369.5799560546875,18.940000534057617,1.8769999742507932,-0.27,,99.55175
2012-05-08,3.685499906539917,,1604.0,29.41399955749512,97.01000213623048,79.7300033569336,1363.719970703125,19.049999237060547,1.837000012397766,-0.28,,99.55175
2012-05-09,3.669500112533569,,1593.699951171875,29.19700050354004,96.80999755859376,80.08000183105469,1354.5799560546875,20.07999992370605,1.8350000381469729,-0.27,,99.55175
2012-05-10,3.691499948501587,,1595.0999755859375,29.13599967956543,97.08000183105467,80.11000061035156,1357.989990234375,18.82999992370605,1.8839999437332156,-0.25,,99.55175
2012-05-11,3.6484999656677246,,1583.5999755859375,28.857999801635746,96.12999725341795,80.27999877929688,1353.3900146484375,19.88999938964844,1.840999960899353,-0.28,,99.55175
2012-05-14,3.556999921798706,,1560.5999755859375,28.319000244140625,94.77999877929688,80.5999984741211,1338.3499755859375,21.8700008392334,1.787999987602234,-0.33,,99.55175
2012-05-15,3.5220000743865967,,1556.800048828125,28.054000854492188,93.9800033569336,81.22000122070312,1330.6600341796875,21.96999931335449,1.7769999504089355,-0.36,,99.55175
2012-05-16,3.484999895095825,,1536.199951171875,27.170000076293945,92.80999755859376,81.37000274658203,1324.800048828125,22.270000457763672,1.7649999856948853,-0.33,,99.55175
2012-05-17,3.4795000553131104,,1574.5,27.996000289916992,92.55999755859376,81.37999725341797,1304.8599853515625,24.489999771118164,1.7020000219345093,-0.35,,99.55175
2012-05-18,3.469500064849853,,1591.5999755859375,28.694000244140625,91.4800033569336,81.29000091552734,1295.219970703125,25.100000381469727,1.7020000219345093,-0.39,,99.55175
2012-05-21,3.503999948501587,,1588.4000244140625,28.304000854492188,92.56999969482422,81.08000183105469,1315.989990234375,22.01000022888184,1.7350000143051147,-0.41,,99.55175
2012-05-22,3.487499952316284,,1576.300048828125,28.165000915527344,91.66000366210938,81.66999816894531,1316.6300048828125,22.479999542236328,1.7929999828338623,-0.38,,99.55175
2012-05-23,3.3980000019073486,,1548.0999755859375,27.507999420166016,89.9000015258789,82.08999633789062,1318.8599853515625,22.32999992370605,1.7209999561309814,-0.41,,99.55175
2012-05-24,3.428999900817871,,1557.300048828125,28.142000198364254,90.66000366210938,82.29000091552734,1320.6800537109375,21.540000915527344,1.758999943733215,-0.37,,99.55175
2012-05-25,3.447999954223633,,1568.800048828125,28.3700008392334,90.86000061035156,82.4000015258789,1317.8199462890625,21.76000022888184,1.7450000047683716,-0.38,,99.55175
2012-05-29,3.463500022888184,,1548.5999755859375,27.767000198364254,90.76000213623048,82.44000244140625,1332.4200439453125,21.030000686645508,1.7309999465942385,-0.37,,99.55175
2012-05-30,3.3864998817443848,,1563.4000244140625,27.96199989318848,87.81999969482422,83.01000213623047,1313.3199462890625,24.13999938964844,1.625,-0.45,,99.55175
2012-05-31,3.362499952316284,,1562.5999755859375,27.74099922180176,86.52999877929688,83.04000091552734,1310.3299560546875,24.059999465942383,1.5809999704360962,-0.5,,99.55175
2012-06-01,3.309999942779541,,1620.5,28.496999740600582,83.2300033569336,82.88999938964844,1278.0400390625,26.65999984741211,1.4670000076293943,-0.59,,98.82903
2012-06-04,3.303999900817871,,1612.199951171875,27.992000579833984,83.9800033569336,82.55000305175781,1278.1800537109375,26.1200008392334,1.5269999504089355,-0.56,,98.82903
2012-06-05,3.2885000705718994,,1615.199951171875,28.38999938964844,84.29000091552734,82.80000305175781,1285.5,24.68000030517578,1.555999994277954,-0.56,,98.82903
2012-06-06,3.378999948501587,,1632.800048828125,29.47599983215332,85.0199966430664,82.31999969482422,1315.1300048828125,22.15999984741211,1.6510000228881836,-0.5,,98.82903
2012-06-07,3.369499921798706,,1586.5999755859375,28.518999099731445,84.81999969482422,82.05000305175781,1314.989990234375,21.71999931335449,1.6540000438690186,-0.49,,98.82903
2012-06-08,3.283499956130981,,1590.0999755859375,28.461000442504883,84.0999984741211,82.51000213623047,1325.6600341796875,21.229999542236328,1.6369999647140503,-0.5,,98.82903
2012-06-11,3.345000028610229,,1595.5,28.606000900268555,82.69999694824219,82.51000213623047,1308.9300537109375,23.559999465942383,1.600000023841858,-0.53,,98.82903
2012-06-12,3.3340001106262207,,1612.699951171875,28.94300079345703,83.31999969482422,82.41000366210938,1324.1800537109375,22.09000015258789,1.6610000133514404,-0.48,,98.82903
2012-06-13,3.3399999141693115,,1618.0999755859375,28.934999465942383,82.62000274658203,82.05000305175781,1314.8800048828125,24.270000457763672,1.5989999771118164,-0.51,,98.82903
2012-06-14,3.3540000915527344,,1618.4000244140625,28.400999069213867,83.91000366210938,81.9000015258789,1329.0999755859375,21.68000030517578,1.6109999418258667,-0.47,,98.82903
2012-06-15,3.384999990463257,,1627.0,28.733999252319336,84.02999877929688,81.58999633789062,1342.8399658203125,21.11000061035156,1.587000012397766,-0.54,,98.82903
2012-06-18,3.3959999084472656,,1625.699951171875,28.665000915527344,83.2699966430664,81.94000244140625,1344.780029296875,18.31999969482422,1.5839999914169312,-0.54,,98.82903
2012-06-19,3.432499885559082,,1622.199951171875,28.36199951171875,84.02999877929688,81.37000274658203,1357.97998046875,18.3799991607666,1.6200000047683716,-0.53,,98.82903
2012-06-20,3.3864998817443848,,1614.800048828125,28.382999420166016,81.80000305175781,81.48999786376953,1355.68994140625,17.239999771118164,1.6419999599456787,-0.51,,98.82903
2012-06-21,3.2950000762939453,,1564.5,26.83300018310547,78.19999694824219,82.31999969482422,1325.510009765625,20.07999992370605,1.618000030517578,-0.47,,98.82903
2012-06-22,3.305000066757202,,1566.0,26.65699958801269,79.76000213623047,82.22000122070312,1335.02001953125,18.11000061035156,1.6720000505447388,-0.42,,98.82903
2012-06-25,3.313999891281128,,1587.5,27.51799964904785,79.20999908447266,82.45999908447266,1313.719970703125,20.3799991607666,1.6080000400543213,-0.47,,98.82903
2012-06-26,3.315500020980835,,1574.0,27.03700065612793,79.36000061035156,82.37000274658203,1319.989990234375,19.71999931335449,1.628000020980835,-0.45,,98.82903
2012-06-27,3.3464999198913574,,1577.5,26.94099998474121,80.20999908447266,82.55999755859375,1331.8499755859375,19.450000762939453,1.621000051498413,-0.45,,98.82903
2012-06-28,3.325999975204468,,1549.699951171875,26.246999740600582,77.69000244140625,82.66999816894531,1329.0400390625,19.709999084472656,1.5770000219345093,-0.48,,98.82903
2012-06-29,3.490000009536743,,1603.5,27.57999992370605,84.95999908447266,81.6500015258789,1362.1600341796875,17.079999923706055,1.659000039100647,-0.46,,98.82903
2012-07-02,3.4649999141693115,,1597.199951171875,27.468000411987305,83.75,81.87000274658203,1365.510009765625,16.799999237060547,1.5800000429153442,-0.5,,98.3716
2012-07-03,3.5344998836517334,,1621.300048828125,28.243000030517575,87.66000366210938,81.77999877929688,1374.02001953125,16.65999984741211,1.63100004196167,-0.48,,98.3716
2012-07-05,3.48799991607666,,1608.9000244140625,27.63800048828125,87.22000122070312,82.80999755859375,1367.5799560546875,17.5,1.597000002861023,-0.51,,98.3716
2012-07-06,3.4045000076293945,,1578.4000244140625,26.888999938964844,84.44999694824219,83.29000091552734,1354.6800537109375,17.100000381469727,1.5440000295639038,-0.53,,98.3716
2012-07-09,3.4260001182556152,,1588.5999755859375,27.410999298095703,85.98999786376953,83.16000366210938,1352.4599609375,17.979999542236328,1.5130000114440918,-0.57,,98.3716
2012-07-10,3.3929998874664307,,1579.300048828125,26.85099983215332,83.91000366210938,83.36000061035156,1341.469970703125,18.71999931335449,1.4980000257492063,-0.59,,98.3716
2012-07-11,3.443000078201294,,1575.199951171875,26.9950008392334,85.80999755859375,83.56999969482422,1341.449951171875,17.950000762939453,1.4980000257492063,-0.57,,98.3716
2012-07-12,3.4114999771118164,,1564.9000244140625,27.13599967956543,86.08000183105469,83.6500015258789,1334.760009765625,18.32999992370605,1.4789999723434448,-0.58,,98.3716
2012-07-13,3.500499963760376,,1591.5999755859375,27.3439998626709,87.0999984741211,83.30000305175781,1356.780029296875,16.739999771118164,1.4989999532699585,-0.59,,98.3716
2012-07-16,3.4809999465942383,,1591.199951171875,27.29700088500977,88.43000030517578,83.08999633789062,1353.6400146484375,17.110000610351562,1.4639999866485596,-0.61,,98.3716
2012-07-17,3.453000068664551,,1589.0999755859375,27.29199981689453,89.22000122070312,83.02999877929688,1363.6700439453125,16.479999542236328,1.5010000467300415,-0.59,,98.3716
2012-07-18,3.4730000495910645,,1570.4000244140625,27.07099914550781,89.87000274658203,82.94999694824219,1372.780029296875,16.15999984741211,1.4789999723434448,-0.6,,98.3716
2012-07-19,3.5339999198913574,,1580.0999755859375,27.194000244140625,92.66000366210938,82.9000015258789,1376.510009765625,15.449999809265137,1.5149999856948853,-0.62,,98.3716
2012-07-20,3.448499917984009,,1582.5,27.27899932861328,91.44000244140624,83.47000122070312,1362.6600341796875,16.270000457763672,1.4600000381469729,-0.67,,98.3716
2012-07-23,3.381500005722046,,1577.0999755859375,27.018999099731445,88.13999938964844,83.70999908447266,1350.52001953125,18.6200008392334,1.434999942779541,-0.68,,98.3716
2012-07-24,3.3529999256134038,,1576.0,26.790000915527344,88.5,84.01000213623047,1338.31005859375,20.46999931335449,1.4040000438690186,-0.68,,98.3716
2012-07-25,3.375,,1608.0,27.44499969482422,88.97000122070312,83.5199966430664,1337.8900146484375,19.34000015258789,1.406000018119812,-0.67,,98.3716
2012-07-26,3.3940000534057617,,1615.0,27.43099975585937,89.38999938964844,82.80999755859375,1360.02001953125,17.530000686645508,1.4279999732971191,-0.66,,98.3716
2012-07-27,3.4260001182556152,,1617.9000244140625,27.47800064086914,90.12999725341795,82.70999908447266,1385.969970703125,16.700000762939453,1.5549999475479126,-0.61,,98.3716
2012-07-30,3.414999961853028,,1619.699951171875,28.013999938964844,89.77999877929688,82.79000091552734,1385.300048828125,18.030000686645508,1.503999948501587,-0.64,,98.3716
2012-07-31,3.4195001125335693,,1610.5,27.895000457763672,88.05999755859375,82.63999938964844,1379.3199462890625,18.93000030517578,1.4919999837875366,-0.69,,98.3716
2012-08-01,3.376499891281128,,1603.699951171875,27.517000198364254,88.91000366210938,83.05999755859375,1375.3199462890625,18.959999084472656,1.5390000343322754,-0.67,,98.13965
2012-08-02,3.2925000190734863,,1587.4000244140625,26.981000900268555,87.12999725341797,83.33000183105469,1365.0,17.56999969482422,1.4780000448226929,-0.69,,98.13965
2012-08-03,3.371000051498413,,1606.0,27.790000915527344,91.4000015258789,82.37999725341797,1390.989990234375,15.640000343322754,1.5770000219345093,-0.66,,98.13965
2012-08-06,3.3929998874664307,,1612.9000244140625,27.851999282836918,92.1999969482422,82.2699966430664,1394.22998046875,15.949999809265137,1.5579999685287476,-0.68,,98.13965
2012-08-07,3.444999933242798,,1609.699951171875,28.075000762939453,93.66999816894533,82.20999908447266,1401.3499755859375,15.989999771118164,1.628000020980835,-0.65,,98.13965
2012-08-08,3.427500009536743,,1612.9000244140625,28.066999435424805,93.3499984741211,82.38999938964844,1402.219970703125,15.31999969482422,1.6399999856948853,-0.61,,98.13965
2012-08-09,3.437000036239624,,1617.0999755859375,28.09000015258789,93.36000061035156,82.63999938964844,1402.800048828125,15.279999732971191,1.687999963760376,-0.58,,98.13965
2012-08-10,3.4089999198913574,,1619.699951171875,28.05500030517578,92.87000274658205,82.55000305175781,1405.8699951171875,14.739999771118164,1.64900004863739,-0.6,,98.13965
2012-08-13,3.3585000038146973,,1609.5999755859375,27.76000022888184,92.7300033569336,82.44000244140625,1404.1099853515625,13.699999809265137,1.6540000438690186,-0.58,,98.13965
2012-08-14,3.359499931335449,,1599.4000244140625,27.756000518798828,93.43000030517578,82.4800033569336,1403.9300537109375,14.850000381469728,1.72599995136261,-0.53,,98.13965
2012-08-15,3.3515000343322754,,1603.699951171875,27.80500030517578,94.33000183105467,82.6500015258789,1405.530029296875,14.630000114440918,1.8049999475479128,-0.45,,98.13965
2012-08-16,3.385999917984009,,1616.0999755859375,28.20499992370605,95.5999984741211,82.36000061035156,1415.510009765625,14.289999961853027,1.8359999656677248,-0.42,,98.13965
2012-08-17,3.421999931335449,,1616.300048828125,27.9950008392334,96.01000213623048,82.5999984741211,1418.1600341796875,13.449999809265137,1.815999984741211,-0.43,,98.13965
2012-08-20,3.373500108718872,,1620.0999755859375,28.586000442504883,95.97000122070312,82.45999908447266,1418.1300048828125,14.020000457763672,1.8140000104904173,-0.43,,98.13965
2012-08-21,3.4565000534057617,,1639.9000244140625,29.42099952697754,96.68000030517578,81.91000366210938,1413.1700439453125,15.020000457763672,1.8049999475479128,-0.45,,98.13965
2012-08-22,3.4600000381469727,,1637.4000244140625,29.548999786376957,97.26000213623048,81.48999786376953,1413.489990234375,15.109999656677246,1.718999981880188,-0.55,,98.13965
2012-08-23,3.496000051498413,,1669.5999755859375,30.44700050354004,96.2699966430664,81.36000061035156,1402.0799560546875,15.960000038146973,1.6660000085830688,-0.62,,98.13965
2012-08-24,3.48799991607666,,1669.800048828125,30.606000900268555,96.1500015258789,81.58999633789062,1411.1300048828125,15.18000030517578,1.6779999732971191,-0.6,,98.13965
2012-08-27,3.484499931335449,,1672.4000244140625,31.03899955749512,95.47000122070312,81.66000366210938,1410.43994140625,16.350000381469727,1.64900004863739,-0.64,,98.13965
2012-08-28,3.470000028610229,,1666.5,30.86899948120117,96.33000183105467,81.37000274658203,1409.300048828125,16.489999771118164,1.6299999952316284,-0.68,,98.13965
2012-08-29,3.462500095367432,,1659.800048828125,30.83099937438965,95.48999786376952,81.55000305175781,1410.489990234375,17.059999465942383,1.6540000438690186,-0.64,,98.13965
2012-08-30,3.440500020980835,,1653.5,30.367000579833984,94.62000274658205,81.68000030517578,1399.47998046875,17.829999923706055,1.6200000047683716,-0.63,,98.13965
2012-08-31,3.4539999961853027,,1684.5999755859375,31.3700008392334,96.47000122070312,81.25,1406.5799560546875,17.469999313354492,1.562000036239624,-0.68,,98.13965
2012-09-04,3.4684998989105225,,1692.9000244140625,32.347999572753906,95.3000030517578,81.31999969482422,1404.93994140625,17.979999542236328,1.5809999704360962,-0.68,,98.2763
2012-09-05,3.532000064849853,,1690.800048828125,32.27199935913086,95.36000061035156,81.23999786376953,1403.43994140625,17.739999771118164,1.593999981880188,-0.69,,98.2763
2012-09-06,3.5234999656677246,,1702.5999755859375,32.61899948120117,95.52999877929688,81.08000183105469,1432.1199951171875,15.600000381469728,1.6729999780654907,-0.63,,98.2763
2012-09-07,3.6559998989105225,,1737.5,33.632999420166016,96.41999816894533,80.25,1437.9200439453125,14.380000114440918,1.6610000133514404,-0.68,,98.2763
2012-09-10,3.700000047683716,,1728.699951171875,33.57400131225586,96.54000091552734,80.36000061035156,1429.0799560546875,16.280000686645508,1.6829999685287476,-0.68,,98.2763
2012-09-11,3.714499950408936,,1731.800048828125,33.50899887084961,97.16999816894533,79.86000061035156,1433.56005859375,16.40999984741211,1.6950000524520874,-0.68,,98.2763
2012-09-12,3.7100000381469727,,1730.5999755859375,33.233001708984375,97.01000213623048,79.73999786376953,1436.56005859375,15.800000190734863,1.7649999856948853,-0.61,,98.2763
2012-09-13,3.7269999980926514,,1769.0999755859375,34.715999603271484,98.30999755859376,79.26000213623047,1459.989990234375,14.050000190734863,1.75600004196167,-0.72,,98.2763
2012-09-14,3.8515000343322754,,1769.800048828125,34.60300064086914,99.0,78.8499984741211,1465.77001953125,14.510000228881836,1.870000004768372,-0.76,,98.2763
2012-09-17,3.809999942779541,,1767.699951171875,34.29800033569336,96.62000274658205,79.01000213623047,1461.18994140625,14.59000015258789,1.838000059127808,-0.74,,98.2763
2012-09-18,3.802500009536743,,1768.4000244140625,34.64400100708008,95.29000091552734,79.25,1459.3199462890625,14.18000030517578,1.812000036239624,-0.73,,98.2763
2012-09-19,3.828999996185303,,1769.0,34.51900100708008,91.9800033569336,79.05999755859375,1461.050048828125,13.880000114440918,1.781999945640564,-0.75,,98.2763
2012-09-20,3.7725000381469727,,1767.699951171875,34.61800003051758,91.87000274658205,79.41000366210938,1460.260009765625,14.06999969482422,1.7769999504089355,-0.7,,98.2763
2012-09-21,3.803499937057495,,1775.5,34.56700134277344,92.88999938964844,79.33000183105469,1460.1500244140625,13.979999542236328,1.7599999904632568,-0.71,,98.2763
2012-09-24,3.745500087738037,,1762.0999755859375,33.92100143432617,91.93000030517578,79.5199966430664,1456.8900146484375,14.149999618530272,1.718000054359436,-0.73,,98.2763
2012-09-25,3.7734999656677246,,1763.800048828125,33.88600158691406,91.37000274658205,79.55000305175781,1441.5899658203125,15.43000030517578,1.6820000410079956,-0.74,,98.2763
2012-09-26,3.71399998664856,,1750.5999755859375,33.882999420166016,89.9800033569336,79.88999938964844,1433.3199462890625,16.809999465942383,1.618000030517578,-0.77,,98.2763
2012-09-27,3.747999906539917,,1777.5999755859375,34.595001220703125,91.8499984741211,79.55000305175781,1447.1500244140625,14.84000015258789,1.6399999856948853,-0.78,,98.2763
2012-09-28,3.7730000019073486,,1771.0999755859375,34.516998291015625,92.19000244140624,79.94000244140625,1440.6700439453125,15.729999542236328,1.6369999647140503,-0.77,,98.2763
2012-10-01,3.7929999828338623,,1780.5,34.88100051879883,92.4800033569336,79.81999969482422,1444.489990234375,16.31999969482422,1.625,-0.78,,98.56565
2012-10-02,3.806999921798706,,1772.699951171875,34.604000091552734,91.88999938964844,79.73999786376953,1445.75,15.710000038146973,1.6150000095367432,-0.83,,98.56565
2012-10-03,3.7939999103546143,,1777.300048828125,34.63100051879883,88.13999938964844,79.97000122070312,1450.989990234375,15.43000030517578,1.6230000257492063,-0.83,,98.56565
2012-10-04,3.7939999103546143,,1794.0999755859375,35.04100036621094,91.70999908447266,79.3499984741211,1461.4000244140625,14.550000190734863,1.6649999618530271,-0.86,,98.56565
2012-10-05,3.78600001335144,,1778.5999755859375,34.51599884033203,89.87999725341797,79.33999633789062,1460.9300537109375,14.329999923706056,1.7319999933242798,-0.82,,98.56565
2012-10-08,3.7269999980926514,,1773.5,33.98199844360352,89.33000183105469,79.54000091552734,1455.8800048828125,15.109999656677246,1.746000051498413,-0.82,,98.56565
2012-10-09,3.7290000915527344,,1763.0,33.95100021362305,92.38999938964844,79.94999694824219,1441.47998046875,16.3700008392334,1.7200000286102295,-0.81,,98.56565
2012-10-10,3.7290000915527344,,1763.199951171875,34.073001861572266,91.25,79.91999816894531,1432.56005859375,16.290000915527344,1.690999984741211,-0.8,,98.56565
2012-10-11,3.759000062942505,,1768.800048828125,34.04600143432617,92.06999969482422,79.77999877929688,1432.8399658203125,15.59000015258789,1.6749999523162842,-0.77,,98.56565
2012-10-12,3.714499950408936,,1758.0,33.632999420166016,91.86000061035156,79.69000244140625,1428.5899658203125,16.139999389648438,1.662999987602234,-0.78,,98.56565
2012-10-15,3.7114999294281006,,1736.0,32.707000732421875,91.8499984741211,79.73999786376953,1440.1300048828125,15.270000457763672,1.662999987602234,-0.78,,98.56565
2012-10-16,3.7079999446868896,,1744.699951171875,32.922000885009766,92.08999633789062,79.37000274658203,1454.9200439453125,15.220000267028809,1.7200000286102295,-0.71,,98.56565
2012-10-17,3.752500057220459,,1751.5,33.196998596191406,92.12000274658205,79.0199966430664,1460.9100341796875,15.06999969482422,1.8109999895095823,-0.65,,98.56565
2012-10-18,3.746999979019165,,1743.300048828125,32.8380012512207,92.0999984741211,79.37000274658203,1457.3399658203125,15.029999732971191,1.825999975204468,-0.66,,98.56565
2012-10-19,3.6484999656677246,,1722.800048828125,32.073001861572266,90.05000305175781,79.63999938964844,1433.18994140625,17.059999465942383,1.7680000066757202,-0.71,,98.56565
2012-10-22,3.625499963760376,,1725.0999755859375,32.22700119018555,88.7300033569336,79.6500015258789,1433.8199462890625,16.6200008392334,1.7979999780654907,-0.7,,98.56565
2012-10-23,3.575999975204468,,1708.300048828125,31.76799964904785,86.66999816894531,79.9800033569336,1413.1099853515625,18.82999992370605,1.7640000581741333,-0.71,,98.56565
2012-10-24,3.575999975204468,,1700.5,31.59499931335449,85.7300033569336,79.97000122070312,1408.75,18.32999992370605,1.774999976158142,-0.69,,98.56565
2012-10-25,3.564500093460083,,1712.0,32.04899978637695,86.05000305175781,80.04000091552734,1412.969970703125,18.1200008392334,1.8279999494552608,-0.63,,98.56565
2012-10-26,3.563499927520752,,1710.9000244140625,32.01100158691406,86.27999877929688,80.06999969482422,1411.93994140625,17.809999465942383,1.75,-0.69,,98.56565
2012-10-31,3.5269999504089355,,1717.5,32.28799819946289,86.23999786376953,79.91999816894531,1412.1600341796875,18.600000381469727,1.6859999895095823,-0.78,,98.56565
2012-11-01,3.555000066757202,,1714.0999755859375,32.22600173950195,87.08999633789062,80.05000305175781,1427.5899658203125,16.690000534057617,1.715000033378601,-0.77,,98.81212
2012-11-02,3.4830000400543213,,1674.0999755859375,30.834999084472656,84.86000061035156,80.58999633789062,1414.199951171875,17.59000015258789,1.72599995136261,-0.73,,98.81212
2012-11-05,3.470499992370605,,1682.199951171875,31.113000869750977,85.6500015258789,80.75,1417.260009765625,18.420000076293945,1.684000015258789,-0.75,,98.81212
2012-11-06,3.50600004196167,,1714.0999755859375,32.01900100708008,88.70999908447266,80.61000061035156,1428.3900146484375,17.579999923706055,1.7419999837875366,-0.72,,98.81212
2012-11-07,3.443000078201294,,1713.199951171875,31.650999069213867,84.44000244140625,80.76000213623047,1394.530029296875,19.07999992370605,1.631999969482422,-0.8,,98.81212
2012-11-08,3.470499992370605,,1725.4000244140625,32.23099899291992,85.08999633789062,80.79000091552734,1377.510009765625,18.489999771118164,1.631999969482422,-0.85,,98.81212
2012-11-09,3.44950008392334,,1730.300048828125,32.59000015258789,86.06999969482422,81.02999877929688,1379.8499755859375,18.61000061035156,1.6130000352859497,-0.83,,98.81212
2012-11-12,3.4730000495910645,,1730.300048828125,32.51300048828125,85.56999969482422,81.04000091552734,1380.030029296875,16.68000030517578,1.6109999418258667,-0.83,,98.81212
2012-11-13,3.4730000495910645,,1724.199951171875,32.47800064086914,85.37999725341797,81.08000183105469,1374.530029296875,16.649999618530273,1.5889999866485596,-0.84,,98.81212
2012-11-14,3.4554998874664307,,1729.5,32.87099838256836,86.31999969482422,81.05999755859375,1355.489990234375,17.920000076293945,1.5889999866485596,-0.81,,98.81212
2012-11-15,3.4644999504089355,,1713.300048828125,32.665000915527344,85.44999694824219,81.08000183105469,1353.3299560546875,17.989999771118164,1.5889999866485596,-0.8,,98.81212
2012-11-16,3.4535000324249268,,1714.300048828125,32.36100006103516,86.66999816894531,81.26000213623047,1359.8800048828125,16.40999984741211,1.5740000009536743,-0.81,,98.81212
2012-11-19,3.5274999141693115,,1734.0,33.180999755859375,89.27999877929688,80.87000274658203,1386.8900146484375,15.239999771118164,1.6109999418258667,-0.78,,98.81212
2012-11-20,3.515000104904175,,1723.199951171875,32.92300033569336,86.75,80.95999908447266,1387.81005859375,15.079999923706056,1.656000018119812,-0.74,,98.81212
2012-11-21,3.496000051498413,,1727.9000244140625,33.34400177001953,87.37999725341797,80.93000030517578,1391.030029296875,15.3100004196167,1.687000036239624,-0.71,,98.81212
2012-11-23,3.5274999141693115,,1751.300048828125,34.11100006103516,88.27999877929688,80.19000244140625,1409.1500244140625,15.140000343322754,1.6929999589920044,-0.72,,98.81212
2012-11-26,3.5360000133514404,,1749.5,34.13800048828125,87.73999786376953,80.25,1406.2900390625,15.5,1.6640000343322754,-0.73,,98.81212
2012-11-27,3.5364999771118164,,1742.199951171875,33.98199844360352,87.18000030517578,80.4000015258789,1398.93994140625,15.920000076293944,1.6449999809265137,-0.74,,98.81212
2012-11-28,3.5220000743865967,,1716.5,33.680999755859375,86.48999786376953,80.33999633789062,1409.9300537109375,15.510000228881836,1.6169999837875366,-0.75,,98.81212
2012-11-29,3.588500022888184,,1727.199951171875,34.347999572753906,88.06999969482422,80.19999694824219,1415.949951171875,15.0600004196167,1.6200000047683716,-0.78,,98.81212
2012-11-30,3.629499912261963,,1710.9000244140625,33.20399856567383,88.91000366210938,80.1500015258789,1416.1800537109375,15.869999885559082,1.6059999465942385,-0.79,,98.81212
2012-12-03,3.640000104904175,,1719.5999755859375,33.680999755859375,89.08999633789062,79.87999725341797,1409.4599609375,16.639999389648438,1.628000020980835,-0.81,,98.895
2012-12-04,3.633500099182129,,1694.4000244140625,32.73400115966797,88.5,79.63999938964844,1407.050048828125,17.1200008392334,1.6080000400543213,-0.83,,98.895
2012-12-05,3.6670000553131104,,1692.4000244140625,32.882999420166016,87.87999725341797,79.7699966430664,1409.280029296875,16.459999084472656,1.590999960899353,-0.85,,98.895
2012-12-06,3.627000093460083,,1700.300048828125,33.03900146484375,86.26000213623047,80.26000213623047,1413.93994140625,16.579999923706055,1.5809999704360962,-0.87,,98.895
2012-12-07,3.6475000381469727,,1704.0,33.053001403808594,85.93000030517578,80.41999816894531,1418.0699462890625,15.899999618530272,1.6269999742507937,-0.86,,98.895
2012-12-10,3.690500020980835,,1713.0,33.29999923706055,85.55999755859375,80.33000183105469,1418.550048828125,16.049999237060547,1.616000056266785,-0.87,,98.895
2012-12-11,3.671000003814697,,1708.199951171875,32.941001892089844,85.79000091552734,80.05999755859375,1427.8399658203125,15.56999969482422,1.64900004863739,-0.84,,98.895
2012-12-12,3.700000047683716,,1716.5999755859375,33.707000732421875,86.7699966430664,79.88999938964844,1428.47998046875,15.949999809265137,1.6970000267028809,-0.79,,98.895
2012-12-13,3.6445000171661377,,1695.5999755859375,32.279998779296875,85.88999938964844,79.93000030517578,1419.449951171875,16.559999465942383,1.7280000448226929,-0.73,,98.895
2012-12-14,3.6649999618530273,,1695.800048828125,32.222999572753906,86.7300033569336,79.5999984741211,1413.5799560546875,17.0,1.7079999446868896,-0.74,,98.895
2012-12-17,3.6489999294281006,,1697.0,32.20600128173828,87.19999694824219,79.56999969482422,1430.3599853515625,16.34000015258789,1.7630000114440918,-0.7,,98.895
2012-12-18,3.6364998817443848,,1669.5,31.59499931335449,87.93000030517578,79.36000061035156,1446.7900390625,15.56999969482422,1.8270000219345093,-0.67,,98.895
2012-12-19,3.595000028610229,,1666.5,31.045000076293945,89.51000213623047,79.25,1435.81005859375,17.360000610351562,1.7999999523162842,-0.66,,98.895
2012-12-20,3.525000095367432,,1644.9000244140625,29.61199951171875,90.12999725341795,79.26000213623047,1443.68994140625,17.670000076293945,1.7999999523162842,-0.69,,98.895
2012-12-21,3.555500030517578,,1659.0999755859375,30.142000198364254,88.66000366210938,79.62000274658203,1430.1500244140625,17.84000015258789,1.753999948501587,-0.71,,98.895
2012-12-24,3.5339999198913574,,1658.5999755859375,29.839000701904297,88.61000061035156,79.63999938964844,1426.6600341796875,17.84000015258789,1.77400004863739,-0.69,,98.895
2012-12-26,3.5829999446868896,,1659.800048828125,29.982999801635746,90.9800033569336,79.62000274658203,1419.8299560546875,19.479999542236328,1.7580000162124634,-0.71,,98.895
2012-12-27,3.5899999141693115,,1662.5999755859375,30.18400001525879,90.87000274658205,79.62000274658203,1418.0999755859375,19.46999931335449,1.715000033378601,-0.73,,98.895
2012-12-28,3.577500104904175,,1654.9000244140625,29.920000076293945,90.8000030517578,79.68000030517578,1402.4300537109375,22.71999931335449,1.7109999656677246,-0.73,,98.895
2012-12-31,3.641000032424927,,1674.800048828125,30.17300033569336,91.81999969482422,79.7699966430664,1426.18994140625,18.020000457763672,1.75600004196167,-0.67,,98.895
2013-01-02,3.724499940872192,,1687.9000244140625,30.95199966430664,93.12000274658205,79.8499984741211,1462.4200439453125,14.68000030517578,1.83899998664856,-0.62,,98.866
2013-01-03,3.701499938964844,,1673.699951171875,30.67099952697754,92.91999816894533,80.43000030517578,1459.3699951171875,14.5600004196167,1.89900004863739,-0.54,,98.866
2013-01-04,3.678499937057495,,1648.0999755859375,29.895999908447266,93.08999633789062,80.5,1466.469970703125,13.829999923706056,1.9149999618530276,-0.55,,98.866
2013-01-07,3.663000106811523,,1645.5,30.03199958801269,93.19000244140624,80.26000213623047,1461.8900146484375,13.789999961853027,1.902999997138977,-0.6,,98.866
2013-01-08,3.6570000648498535,,1661.5,30.415000915527344,93.1500015258789,80.3499984741211,1457.1500244140625,13.619999885559082,1.871000051498413,-0.6,,98.866
2013-01-09,3.6565001010894775,,1654.800048828125,30.201000213623047,93.0999984741211,80.55999755859375,1461.02001953125,13.8100004196167,1.8519999980926516,-0.64,,98.866
2013-01-10,3.694499969482422,,1677.300048828125,30.875,93.81999969482422,79.73999786376953,1472.1199951171875,13.489999771118164,1.8940000534057615,-0.62,,98.866
2013-01-11,3.63949990272522,,1660.0,30.367000579833984,93.55999755859376,79.55999755859375,1472.050048828125,13.359999656677246,1.875,-0.63,,98.866
2013-01-14,3.619499921798706,,1668.9000244140625,31.07999992370605,94.13999938964844,79.48999786376953,1470.6800537109375,13.520000457763672,1.85699999332428,-0.66,,98.866
2013-01-15,3.622999906539917,,1683.4000244140625,31.49799919128418,93.27999877929688,79.77999877929688,1472.3399658203125,13.550000190734863,1.830999970436096,-0.66,,98.866
2013-01-16,3.5910000801086426,,1682.699951171875,31.513999938964844,94.23999786376952,79.80000305175781,1472.6300048828125,13.420000076293944,1.8240000009536743,-0.65,,98.866
2013-01-17,3.6470000743865967,,1690.4000244140625,31.785999298095703,95.48999786376952,79.6500015258789,1480.93994140625,13.56999969482422,1.875,-0.64,,98.866
2013-01-18,3.6635000705718994,,1686.5999755859375,31.902000427246094,95.55999755859376,80.05000305175781,1485.97998046875,12.460000038146973,1.843000054359436,-0.66,,98.866
2013-01-22,3.690999984741211,,1692.800048828125,32.14699935913086,96.23999786376952,79.87000274658203,1492.56005859375,12.43000030517578,1.8350000381469729,-0.68,,98.866
2013-01-23,3.671000003814697,,1686.300048828125,32.40900039672852,95.2300033569336,79.91999816894531,1494.81005859375,12.460000038146973,1.8329999446868896,-0.66,,98.866
2013-01-24,3.6644999980926514,,1669.5,31.69499969482422,95.9499969482422,79.94999694824219,1494.8199462890625,12.6899995803833,1.843999981880188,-0.62,,98.866
2013-01-25,3.63949990272522,,1656.4000244140625,31.18000030517578,95.87999725341795,79.75,1502.9599609375,12.890000343322754,1.9470000267028809,-0.56,,98.866
2013-01-28,3.6489999294281006,,1652.4000244140625,30.756000518798828,96.44000244140624,79.77999877929688,1500.1800537109375,13.56999969482422,1.9739999771118164,-0.55,,98.866
2013-01-29,3.677500009536743,,1660.699951171875,31.15900039672852,97.56999969482422,79.55999755859375,1507.8399658203125,13.3100004196167,1.9880000352859497,-0.53,,98.866
2013-01-30,3.740000009536743,,1679.9000244140625,32.152000427246094,97.94000244140624,79.27999877929688,1501.9599609375,14.31999969482422,2.00600004196167,-0.54,,98.866
2013-01-31,3.72350001335144,,1660.5999755859375,31.334999084472656,97.48999786376952,79.20999908447266,1498.1099853515625,14.279999732971191,1.9850000143051147,-0.57,,98.866
2013-02-01,3.775500059127808,,1669.4000244140625,31.941999435424805,97.7699966430664,79.12999725341797,1513.1700439453125,12.899999618530272,2.009999990463257,-0.55,,98.86634
2013-02-04,3.758500099182129,,1675.300048828125,31.700000762939453,96.16999816894533,79.55000305175781,1495.7099609375,14.670000076293944,1.9730000495910645,-0.59,,98.86634
2013-02-05,3.7614998817443848,,1672.4000244140625,31.858999252319336,96.63999938964844,79.48999786376953,1511.2900390625,13.720000267028809,2.0160000324249268,-0.55,,98.86634
2013-02-06,3.733500003814697,,1677.699951171875,31.86100006103516,96.62000274658205,79.72000122070312,1512.1199951171875,13.40999984741211,1.968000054359436,-0.58,,98.86634
2013-02-07,3.7200000286102295,,1670.4000244140625,31.386999130249023,95.83000183105467,80.19000244140625,1509.3900146484375,13.5,1.950999975204468,-0.58,,98.86634
2013-02-08,3.753499984741211,,1666.0,31.424999237060547,95.72000122070312,80.25,1517.9300537109375,13.020000457763672,1.9539999961853027,-0.57,,98.86634
2013-02-11,3.7179999351501465,,1648.199951171875,30.895000457763672,97.02999877929688,80.30999755859375,1517.010009765625,12.9399995803833,1.9459999799728396,-0.58,,98.86634
2013-02-12,3.736500024795532,,1648.699951171875,31.003999710083008,97.51000213623048,80.11000061035156,1519.4300537109375,12.640000343322754,1.98199999332428,-0.57,,98.86634
2013-02-13,3.733999967575073,,1644.199951171875,30.85400009155273,97.01000213623048,80.08999633789062,1520.3299560546875,12.979999542236328,2.0190000534057617,-0.54,,98.86634
2013-02-14,3.7300000190734863,,1634.699951171875,30.343000411987305,97.30999755859376,80.45999908447266,1521.3800048828125,12.65999984741211,2.0,-0.56,,98.86634
2013-02-15,3.7309999465942383,,1608.800048828125,29.839000701904297,95.86000061035156,80.58000183105469,1519.7900390625,12.460000038146973,2.006999969482422,-0.53,,98.86634
2013-02-19,3.6445000171661377,,1603.5999755859375,29.413000106811523,96.66000366210938,80.47000122070312,1530.93994140625,12.3100004196167,2.026000022888184,-0.52,,98.86634
2013-02-20,3.6054999828338623,,1577.5999755859375,28.614999771118164,94.45999908447266,81.08999633789062,1511.949951171875,14.68000030517578,2.0209999084472656,-0.52,,98.86634
2013-02-21,3.55049991607666,,1578.199951171875,28.69499969482422,92.83999633789062,81.45999908447266,1502.4200439453125,15.220000267028809,1.9759999513626096,-0.54,,98.86634
2013-02-22,3.5299999713897705,,1572.4000244140625,28.45599937438965,93.12999725341795,81.4800033569336,1515.5999755859375,14.170000076293944,1.9670000076293943,-0.57,,98.86634
2013-02-25,3.5409998893737797,,1586.199951171875,28.982999801635746,93.11000061035156,81.66999816894531,1487.8499755859375,18.989999771118164,1.8949999809265137,-0.62,,98.86634
2013-02-26,3.566499948501587,,1615.199951171875,29.256000518798828,92.62999725341795,81.87000274658203,1496.93994140625,16.8700008392334,1.878999948501587,-0.62,,98.86634
2013-02-27,3.5450000762939453,,1595.199951171875,28.94300079345703,92.76000213623048,81.5999984741211,1515.989990234375,14.729999542236328,1.902999997138977,-0.61,,98.86634
2013-02-28,3.5274999141693115,,1577.699951171875,28.395000457763672,92.0500030517578,81.9800033569336,1514.6800537109375,15.510000228881836,1.888000011444092,-0.64,,98.86634
2013-03-01,3.4814999103546143,,1571.9000244140625,28.451000213623047,90.68000030517578,82.30999755859375,1518.199951171875,15.359999656677246,1.8530000448226929,-0.67,,98.98376
2013-03-04,3.4830000400543213,,1572.0999755859375,28.457000732421875,90.12000274658205,82.22000122070312,1525.199951171875,14.010000228881836,1.8769999742507932,-0.65,,98.98376
2013-03-05,3.496500015258789,,1574.5999755859375,28.5629997253418,90.81999969482422,82.08999633789062,1539.7900390625,13.479999542236328,1.8940000534057615,-0.65,,98.98376
2013-03-06,3.4739999771118164,,1574.5999755859375,28.76000022888184,90.43000030517578,82.45999908447266,1541.4599609375,13.529999732971191,1.937999963760376,-0.61,,98.98376
2013-03-07,3.501499891281128,,1574.800048828125,28.767000198364254,91.55999755859376,82.08000183105469,1544.260009765625,13.0600004196167,1.991000056266785,-0.56,,98.98376
2013-03-08,3.491499900817871,,1576.5999755859375,28.90900039672852,91.9499969482422,82.69999694824219,1551.1800537109375,12.59000015258789,2.055999994277954,-0.5,,98.98376
2013-03-11,3.5,,1577.800048828125,28.812000274658203,92.05999755859376,82.56999969482422,1556.219970703125,11.5600004196167,2.055999994277954,-0.5,,98.98376
2013-03-12,3.5380001068115234,,1591.5,29.131000518798828,92.54000091552734,82.58000183105469,1552.47998046875,12.270000457763672,2.0230000019073486,-0.52,,98.98376
2013-03-13,3.509500026702881,,1588.300048828125,28.92200088500977,92.5199966430664,82.88999938964844,1554.52001953125,11.829999923706056,2.0209999084472656,-0.52,,98.98376
2013-03-14,3.5234999656677246,,1590.5999755859375,28.77199935913086,93.02999877929688,82.61000061035156,1563.22998046875,11.300000190734863,2.032999992370605,-0.53,,98.98376
2013-03-15,3.507999897003174,,1592.5,28.816999435424805,93.4499969482422,82.26000213623047,1560.699951171875,11.300000190734863,1.996000051498413,-0.55,,98.98376
2013-03-18,3.4170000553131104,,1604.5999755859375,28.840999603271484,93.73999786376952,82.69000244140625,1552.0999755859375,13.359999656677246,1.955999970436096,-0.6,,98.98376
2013-03-19,3.3954999446868896,,1611.300048828125,28.809999465942383,92.16000366210938,82.98999786376953,1548.3399658203125,14.390000343322754,1.9079999923706052,-0.61,,98.98376
2013-03-20,3.435499906539917,,1607.5,28.78300094604492,92.95999908447266,82.77999877929688,1558.7099609375,12.670000076293944,1.937000036239624,-0.57,,98.98376
2013-03-21,3.4230000972747803,,1613.800048828125,29.179000854492188,92.4499969482422,82.80000305175781,1545.800048828125,13.989999771118164,1.932000041007996,-0.57,,98.98376
2013-03-22,3.4539999961853027,,1606.199951171875,28.666000366210938,93.70999908447266,82.52999877929688,1556.8900146484375,13.56999969482422,1.9149999618530276,-0.6,,98.98376
2013-03-25,3.434999942779541,,1604.5999755859375,28.78499984741211,94.80999755859376,82.87000274658203,1551.68994140625,13.739999771118164,1.9149999618530276,-0.6,,98.98376
2013-03-26,3.432499885559082,,1595.800048828125,28.643999099731445,96.33999633789062,82.87999725341797,1563.77001953125,12.770000457763672,1.906000018119812,-0.61,,98.98376
2013-03-27,3.434999942779541,,1606.199951171875,28.57699966430664,96.58000183105467,83.20999908447266,1562.8499755859375,13.149999618530272,1.8509999513626096,-0.64,,98.98376
2013-03-28,3.3949999809265137,,1594.800048828125,28.29199981689453,97.2300033569336,82.98999786376953,1569.18994140625,12.699999809265137,1.8519999980926516,-0.64,,98.98376
2013-04-01,3.367500066757202,,1600.0,27.913000106811523,97.06999969482422,82.7300033569336,1562.1700439453125,13.579999923706056,1.840000033378601,-0.65,,98.99426
2013-04-02,3.371999979019165,,1575.0999755859375,27.21699905395508,97.19000244140624,82.94000244140625,1570.25,12.779999732971191,1.8609999418258667,-0.63,,98.99426
2013-04-03,3.325500011444092,,1552.800048828125,26.77300071716309,94.4499969482422,82.72000122070312,1553.68994140625,14.210000038146973,1.812000036239624,-0.65,,98.99426
2013-04-04,3.345499992370605,,1551.800048828125,26.74799919128418,93.26000213623048,82.68000030517578,1559.97998046875,13.890000343322754,1.758999943733215,-0.7,,98.99426
2013-04-05,3.3399999141693115,,1575.4000244140625,27.201000213623047,92.6999969482422,82.5,1553.280029296875,13.920000076293944,1.694000005722046,-0.74,,98.99426
2013-04-08,3.368000030517578,,1572.0,27.1200008392334,93.36000061035156,82.75,1563.0699462890625,13.1899995803833,1.7319999933242798,-0.69,,98.99426
2013-04-09,3.437999963760376,,1586.199951171875,27.86599922180176,94.1999969482422,82.30999755859375,1568.6099853515625,12.84000015258789,1.746999979019165,-0.67,,98.99426
2013-04-10,3.4140000343322754,,1558.300048828125,27.638999938964844,94.63999938964844,82.52999877929688,1587.72998046875,12.359999656677246,1.8049999475479128,-0.6,,98.99426
2013-04-11,3.427999973297119,,1564.300048828125,27.684999465942383,93.51000213623048,82.25,1593.3699951171875,12.239999771118164,1.7910000085830688,-0.65,,98.99426
2013-04-12,3.3489999771118164,,1501.0,26.32200050354004,91.29000091552734,82.30999755859375,1588.8499755859375,12.0600004196167,1.7209999561309814,-0.68,,98.99426
2013-04-15,3.2799999713897705,,1360.5999755859375,23.354999542236328,88.70999908447266,82.41999816894531,1552.3599853515625,17.270000457763672,1.7020000219345093,-0.69,,98.99426
2013-04-16,3.30649995803833,,1386.800048828125,23.621999740600582,88.72000122070312,81.75,1574.5699462890625,13.960000038146973,1.718999981880188,-0.65,,98.99426
2013-04-17,3.187999963760376,,1382.199951171875,23.301000595092773,86.68000030517578,82.66000366210938,1552.010009765625,16.510000228881836,1.7039999961853027,-0.64,,98.99426
2013-04-18,3.2044999599456787,,1392.0,23.23900032043457,87.7300033569336,82.55000305175781,1541.6099853515625,17.559999465942383,1.684999942779541,-0.55,,98.99426
2013-04-19,3.15149998664856,,1395.300048828125,22.95499992370605,88.01000213623047,82.70999908447266,1555.25,14.970000267028809,1.7029999494552612,-0.59,,98.99426
2013-04-22,3.131999969482422,,1421.0,23.31999969482422,88.76000213623047,82.68000030517578,1562.5,14.390000343322754,1.6979999542236328,-0.63,,98.99426
2013-04-23,3.094000101089477,,1408.5999755859375,22.8129997253418,89.18000030517578,83.02999877929688,1578.780029296875,13.479999542236328,1.6979999542236328,-0.64,,98.99426
2013-04-24,3.157999992370605,,1423.4000244140625,22.82900047302246,91.43000030517578,82.93000030517578,1578.7900390625,13.609999656677246,1.6979999542236328,-0.65,,98.99426
2013-04-25,3.23799991607666,,1461.800048828125,24.13999938964844,93.63999938964844,82.73999786376953,1585.1600341796875,13.619999885559082,1.7109999656677246,-0.66,,98.99426
2013-04-26,3.184999942779541,,1453.5999755859375,23.757999420166016,93.0,82.4800033569336,1582.239990234375,13.609999656677246,1.662999987602234,-0.68,,98.99426
2013-04-29,3.2255001068115234,,1467.4000244140625,24.121999740600582,94.5,82.1500015258789,1593.6099853515625,13.710000038146973,1.6679999828338623,-0.67,,98.99426
2013-04-30,3.1875,,1472.199951171875,24.143999099731445,93.45999908447266,81.7300033569336,1597.5699462890625,13.520000457763672,1.6749999523162842,-0.64,,98.99426
2013-05-01,3.0824999809265137,,1446.300048828125,23.30500030517578,91.02999877929688,81.63999938964844,1582.699951171875,14.489999771118164,1.6390000581741333,-0.64,,98.93252
2013-05-02,3.1045000553131104,,1467.699951171875,23.790000915527344,93.98999786376952,82.20999908447266,1597.5899658203125,13.59000015258789,1.63100004196167,-0.62,,98.93252
2013-05-03,3.313499927520752,,1464.300048828125,23.975000381469727,95.61000061035156,82.0999984741211,1614.4200439453125,12.850000381469728,1.7519999742507937,-0.53,,98.93252
2013-05-06,3.309999942779541,,1468.0999755859375,23.917999267578125,96.16000366210938,82.31999969482422,1617.5,12.65999984741211,1.7710000276565552,-0.51,,98.93252
2013-05-07,3.30049991607666,,1449.0,23.770999908447266,95.62000274658205,82.30000305175781,1625.9599609375,12.829999923706056,1.7829999923706057,-0.5,,98.93252
2013-05-08,3.371000051498413,,1473.9000244140625,23.892000198364254,96.62000274658205,81.9000015258789,1632.68994140625,12.65999984741211,1.7599999904632568,-0.48,,98.93252
2013-05-09,3.3415000438690186,,1468.800048828125,23.878999710083008,96.38999938964844,82.79000091552734,1626.6700439453125,13.130000114440918,1.812999963760376,-0.5,,98.93252
2013-05-10,3.3559999465942383,,1436.800048828125,23.631999969482425,96.04000091552734,83.13999938964844,1633.699951171875,12.59000015258789,1.899999976158142,-0.45,,98.93252
2013-05-13,3.361999988555908,,1434.5,23.670000076293945,95.16999816894533,83.26000213623047,1633.77001953125,12.550000190734863,1.9229999780654907,-0.41,,98.93252
2013-05-14,3.2904999256134038,,1424.699951171875,23.354999542236328,94.20999908447266,83.56999969482422,1650.3399658203125,12.770000457763672,1.9520000219345093,-0.37,,98.93252
2013-05-15,3.2669999599456787,,1396.5,22.64299964904785,94.3000030517578,83.83000183105469,1658.780029296875,12.8100004196167,1.9429999589920044,-0.36,,98.93252
2013-05-16,3.2920000553131104,,1387.0999755859375,22.64299964904785,95.16000366210938,83.7699966430664,1650.469970703125,13.06999969482422,1.8650000095367432,-0.4,,98.93252
2013-05-17,3.321000099182129,,1364.9000244140625,22.339000701904297,96.0199966430664,84.27999877929688,1667.469970703125,12.449999809265137,1.9490000009536743,-0.31,,98.93252
2013-05-20,3.3570001125335693,,1384.300048828125,22.56800079345703,96.70999908447266,83.80999755859375,1666.2900390625,13.020000457763672,1.965000033378601,-0.31,,98.93252
2013-05-21,3.33899998664856,,1377.800048828125,22.441999435424805,96.16000366210938,83.86000061035156,1669.1600341796875,13.369999885559082,1.944000005722046,-0.34,,98.93252
2013-05-22,3.377500057220459,,1367.5999755859375,22.45800018310547,94.27999877929688,84.25,1655.3499755859375,13.81999969482422,2.026000022888184,-0.24,,98.93252
2013-05-23,3.299499988555908,,1392.0,22.49399948120117,94.25,83.80000305175781,1650.510009765625,14.06999969482422,2.0230000019073486,-0.24,,98.93252
2013-05-24,3.2915000915527344,,1386.800048828125,22.48200035095215,94.1500015258789,83.69999694824219,1649.5999755859375,13.989999771118164,2.010999917984009,-0.26,,98.93252
2013-05-28,3.311500072479248,,1379.0999755859375,22.18000030517578,95.01000213623048,84.13999938964844,1660.06005859375,14.479999542236328,2.134999990463257,-0.14,,98.93252
2013-05-29,3.2909998893737797,,1391.300048828125,22.44499969482422,93.12999725341795,83.63999938964844,1648.3599853515625,14.829999923706056,2.124000072479248,-0.1,,98.93252
2013-05-30,3.310499906539917,,1411.5,22.673999786376957,93.61000061035156,83.01000213623047,1654.4100341796875,14.529999732971191,2.124000072479248,-0.05,,98.93252
2013-05-31,3.2890000343322754,,1392.5999755859375,22.22800064086914,91.97000122070312,83.37999725341797,1630.739990234375,16.299999237060547,2.1640000343322754,-0.05,,98.93252
2013-06-03,3.32699990272522,,1411.699951171875,22.71500015258789,93.4499969482422,82.68000030517578,1640.4200439453125,16.280000686645508,2.134000062942505,-0.07,,98.82351
2013-06-04,3.365000009536743,,1397.0999755859375,22.399999618530277,93.30999755859376,82.7699966430664,1631.3800048828125,16.270000457763672,2.13700008392334,-0.05,,98.82351
2013-06-05,3.367000102996826,,1398.4000244140625,22.46500015258789,93.73999786376952,82.56999969482422,1608.9000244140625,17.5,2.0999999046325684,-0.06,,98.82351
2013-06-06,3.315999984741211,,1415.699951171875,22.701000213623047,94.76000213623048,81.5199966430664,1622.56005859375,16.6299991607666,2.075000047683716,-0.05,,98.82351
2013-06-07,3.2660000324249268,,1383.0,21.73699951171875,96.02999877929688,81.69000244140625,1643.3800048828125,15.140000343322754,2.1610000133514404,0.03,,98.82351
2013-06-10,3.239000082015991,,1386.199951171875,21.92099952697754,95.7699966430664,81.6500015258789,1642.81005859375,15.4399995803833,2.2149999141693115,0.11,,98.82351
2013-06-11,3.193000078201294,,1377.0,21.645000457763672,95.37999725341795,81.05999755859375,1626.1300048828125,17.06999969482422,2.194999933242798,0.13,,98.82351
2013-06-12,3.2249999046325684,,1391.800048828125,21.79599952697754,95.87999725341795,80.95999908447266,1612.52001953125,18.59000015258789,2.2300000190734863,0.21,,98.82351
2013-06-13,3.184999942779541,,1377.5999755859375,21.582000732421875,96.69000244140624,80.62000274658203,1636.3599853515625,16.40999984741211,2.174000024795532,0.15,,98.82351
2013-06-14,3.2044999599456787,,1387.300048828125,21.952999114990234,97.8499984741211,80.66999816894531,1626.72998046875,17.149999618530273,2.125999927520752,0.09,,98.82351
2013-06-17,3.20199990272522,,1382.800048828125,21.756999969482425,97.7699966430664,80.56999969482422,1639.0400390625,16.799999237060547,2.1710000038146973,0.15,,98.82351
2013-06-18,3.157000064849853,,1366.5999755859375,21.676000595092773,98.44000244140624,80.62000274658203,1651.81005859375,16.610000610351562,2.181999921798706,0.14,,98.82351
2013-06-19,3.1435000896453857,,1373.5999755859375,21.621999740600582,98.23999786376952,81.43000030517578,1628.9300537109375,16.639999389648438,2.311000108718872,0.29,,98.82351
2013-06-20,3.061500072479248,,1285.9000244140625,19.82200050354004,95.4000015258789,81.83999633789062,1588.18994140625,20.489999771118164,2.4189999103546143,0.46,,98.82351
2013-06-21,3.0964999198913574,,1291.5999755859375,19.95800018310547,93.69000244140624,82.31999969482422,1592.4300537109375,18.899999618530277,2.513999938964844,0.59,,98.82351
2013-06-24,3.026000022888184,,1276.800048828125,19.493000030517575,95.18000030517578,82.43000030517578,1573.0899658203125,20.11000061035156,2.5480000972747803,0.64,,98.82351
2013-06-25,3.071000099182129,,1274.800048828125,19.525999069213867,95.31999969482422,82.58000183105469,1588.030029296875,18.46999931335449,2.58899998664856,0.64,,98.82351
2013-06-26,3.0409998893737797,,1229.5999755859375,18.58699989318848,95.5,82.94999694824219,1603.260009765625,17.209999084472656,2.5390000343322754,0.6,,98.82351
2013-06-27,3.052500009536743,,1211.4000244140625,18.53300094604492,97.0500030517578,82.91000366210938,1613.199951171875,16.860000610351562,2.4830000400543213,0.5,,98.82351
2013-06-28,3.05049991607666,,1223.800048828125,19.451000213623047,96.55999755859376,83.16999816894531,1606.280029296875,16.860000610351562,2.4779999256134038,0.53,,98.82351
2013-07-01,3.1549999713897705,,1255.9000244140625,19.559999465942383,97.98999786376952,82.9800033569336,1614.9599609375,16.3700008392334,2.490000009536743,0.48,,98.91618
2013-07-02,3.1419999599456787,,1243.5999755859375,19.29800033569336,99.5999984741211,83.54000091552734,1614.0799560546875,16.440000534057617,2.469000101089477,0.44,,98.91618
2013-07-03,3.174000024795532,,1252.0999755859375,19.68899917602539,101.23999786376952,83.2300033569336,1615.4100341796875,16.200000762939453,2.500999927520752,0.48,,98.91618
2013-07-05,3.0799999237060547,,1212.9000244140625,18.72599983215332,103.22000122070312,84.41999816894531,1631.8900146484375,14.890000343322754,2.7149999141693115,0.66,,98.91618
2013-07-08,3.111500024795532,,1234.9000244140625,19.024999618530277,103.13999938964844,84.19999694824219,1640.4599609375,14.779999732971191,2.6449999809265137,0.58,,98.91618
2013-07-09,3.075999975204468,,1245.9000244140625,19.125,103.52999877929688,84.58000183105469,1652.3199462890625,14.350000381469728,2.630000114440918,0.59,,98.91618
2013-07-10,3.1010000705718994,,1247.4000244140625,19.150999069213867,106.5199966430664,84.04000091552734,1652.6199951171875,14.210000038146973,2.680000066757202,0.64,,98.91618
2013-07-11,3.183500051498413,,1280.0999755859375,19.94300079345703,104.91000366210938,82.75,1675.02001953125,14.010000228881836,2.5739998817443848,0.56,,98.91618
2013-07-12,3.1705000400543213,,1277.800048828125,19.77899932861328,105.9499969482422,82.98999786376953,1680.18994140625,13.84000015258789,2.6010000705718994,0.55,,98.91618
2013-07-15,3.1610000133514404,,1283.800048828125,19.826000213623047,106.31999969482422,83.04000091552734,1682.5,13.789999961853027,2.555999994277954,0.47,,98.91618
2013-07-16,3.19950008392334,,1290.800048828125,19.92300033569336,106.0,82.43000030517578,1676.260009765625,14.420000076293944,2.532000064849853,0.41,,98.91618
2013-07-17,3.140500068664551,,1277.9000244140625,19.40900039672852,106.4800033569336,82.70999908447266,1680.9100341796875,13.779999732971191,2.490999937057495,0.38,,98.91618
2013-07-18,3.1424999237060547,,1284.5999755859375,19.375999450683597,108.04000091552734,82.81999969482422,1689.3699951171875,13.770000457763672,2.5339999198913574,0.38,,98.91618
2013-07-19,3.150000095367432,,1293.300048828125,19.447999954223636,108.0500030517578,82.58000183105469,1692.0899658203125,12.539999961853027,2.490999937057495,0.29,,98.91618
2013-07-22,3.189500093460083,,1336.4000244140625,20.49799919128418,106.91000366210938,82.22000122070312,1695.530029296875,12.289999961853027,2.48799991607666,0.28,,98.91618
2013-07-23,3.197999954223633,,1335.0999755859375,20.246000289916992,107.2300033569336,82.01000213623047,1692.3900146484375,12.65999984741211,2.5160000324249268,0.33,,98.91618
2013-07-24,3.18149995803833,,1319.699951171875,20.013999938964844,105.38999938964844,82.30000305175781,1685.93994140625,13.18000030517578,2.588000059127808,0.44,,98.91618
2013-07-25,3.188499927520752,,1329.0,20.14699935913086,105.48999786376952,81.97000122070312,1690.25,12.970000267028809,2.6070001125335693,0.44,,98.91618
2013-07-26,3.108999967575073,,1321.699951171875,19.76499938964844,104.6999969482422,81.62000274658203,1691.6500244140625,12.720000267028809,2.561000108718872,0.43,,98.91618
2013-07-29,3.116499900817871,,1328.4000244140625,19.85400009155273,104.5500030517578,81.66000366210938,1685.3299560546875,13.390000343322754,2.5850000381469727,0.45,,98.91618
2013-07-30,3.0409998893737797,,1324.0,19.666000366210938,103.08000183105467,81.83000183105469,1685.9599609375,13.390000343322754,2.6029999256134038,0.46,,98.91618
2013-07-31,3.118499994277954,,1312.4000244140625,19.617000579833984,105.02999877929688,81.44999694824219,1685.72998046875,13.449999809265137,2.5929999351501465,0.38,,98.91618
2013-08-01,3.1640000343322754,,1311.0,19.614999771118164,107.88999938964844,82.33999633789062,1706.8699951171875,12.9399995803833,2.7230000495910645,0.48,,99.19054
2013-08-02,3.1695001125335693,,1310.5999755859375,19.902999877929688,106.94000244140624,81.91000366210938,1709.6700439453125,11.979999542236328,2.601999998092652,0.42,,99.19054
2013-08-05,3.1670000553131104,,1302.5999755859375,19.711000442504883,106.55999755859376,81.87999725341797,1707.1400146484375,11.84000015258789,2.640000104904175,0.42,,99.19054
2013-08-06,3.171999931335449,,1283.199951171875,19.51499938964844,105.3000030517578,81.5999984741211,1697.3699951171875,12.720000267028809,2.6419999599456787,0.39,,99.19054
2013-08-07,3.177500009536743,,1286.0999755859375,19.49799919128418,104.37000274658205,81.29000091552734,1690.9100341796875,12.979999542236328,2.5999999046325684,0.35,,99.19054
2013-08-08,3.2704999446868896,,1310.699951171875,20.18400001525879,103.4000015258789,81.01000213623047,1697.47998046875,12.729999542236328,2.586999893188477,0.34,,99.19054
2013-08-09,3.308500051498413,,1312.9000244140625,20.39900016784668,105.97000122070312,81.12999725341797,1691.4200439453125,13.40999984741211,2.5799999237060547,0.33,,99.19054
2013-08-12,3.30649995803833,,1334.699951171875,21.332000732421875,106.11000061035156,81.33000183105469,1689.469970703125,12.8100004196167,2.6050000190734863,0.37,,99.19054
2013-08-13,3.31850004196167,,1321.199951171875,21.336000442504883,106.83000183105467,81.7300033569336,1694.1600341796875,12.3100004196167,2.7149999141693115,0.48,,99.19054
2013-08-14,3.3405001163482666,,1334.0,21.7810001373291,106.8499984741211,81.69999694824219,1685.3900146484375,13.039999961853027,2.711999893188477,0.5,,99.19054
2013-08-15,3.338000059127808,,1361.5999755859375,22.929000854492188,107.33000183105467,81.12999725341797,1661.3199462890625,14.729999542236328,2.755000114440918,0.6,,99.19054
2013-08-16,3.364500045776367,,1371.699951171875,23.316999435424805,107.45999908447266,81.26000213623047,1655.8299560546875,14.369999885559082,2.8289999961853027,0.68,,99.19054
2013-08-19,3.3364999294281006,,1366.199951171875,23.160999298095703,107.0999984741211,81.2300033569336,1646.06005859375,15.100000381469728,2.884000062942505,0.75,,99.19054
2013-08-20,3.3394999504089355,,1373.0999755859375,23.06599998474121,104.97000122070312,80.91000366210938,1652.3499755859375,14.90999984741211,2.813999891281128,0.67,,99.19054
2013-08-21,3.311500072479248,,1370.5999755859375,22.95800018310547,103.8499984741211,81.31999969482422,1642.800048828125,15.9399995803833,2.8550000190734863,0.73,,99.19054
2013-08-22,3.3329999446868896,,1371.199951171875,23.030000686645508,105.02999877929688,81.48999786376953,1656.9599609375,14.760000228881836,2.901000022888184,0.79,,99.19054
2013-08-23,3.351999998092652,,1395.699951171875,23.732999801635746,106.41999816894533,81.33999633789062,1663.5,13.979999542236328,2.818000078201294,0.69,,99.19054
2013-08-26,3.322000026702881,,1393.0,24.007999420166016,105.91999816894533,81.37000274658203,1656.780029296875,14.989999771118164,2.805000066757202,0.64,,99.19054
2013-08-27,3.3324999809265137,,1420.5999755859375,24.64900016784668,109.01000213623048,81.16999816894531,1630.47998046875,16.770000457763672,2.720999956130981,0.57,,99.19054
2013-08-28,3.306999921798706,,1419.0,24.388999938964844,110.0999984741211,81.41999816894531,1634.9599609375,16.489999771118164,2.782000064849853,0.63,,99.19054
2013-08-29,3.24399995803833,,1412.9000244140625,24.09000015258789,108.8000030517578,81.94999694824219,1638.1700439453125,16.809999465942383,2.750999927520752,0.65,,99.19054
2013-08-30,3.2249999046325684,,1396.0999755859375,23.46299934387207,107.6500015258789,82.08999633789062,1632.969970703125,17.010000228881836,2.749000072479248,0.68,,99.19054
2013-09-03,3.296499967575073,,1412.0,24.381999969482425,108.54000091552734,82.36000061035156,1639.77001953125,16.610000610351562,2.8480000495910645,0.76,,99.43691
2013-09-04,3.236500024795532,,1389.9000244140625,23.36899948120117,107.2300033569336,82.16999816894531,1653.0799560546875,15.880000114440918,2.8970000743865967,0.83,,99.43691
2013-09-05,3.240999937057495,,1373.0999755859375,23.20599937438965,108.37000274658205,82.62999725341797,1655.0799560546875,15.770000457763672,2.9790000915527344,0.92,,99.43691
2013-09-06,3.257999897003174,,1386.699951171875,23.84199905395508,110.52999877929688,82.1500015258789,1655.1700439453125,15.850000381469728,2.937999963760376,0.87,,99.43691
2013-09-09,3.275500059127808,,1386.800048828125,23.667999267578125,109.5199966430664,81.79000091552734,1671.7099609375,15.630000114440918,2.8970000743865967,0.84,,99.43691
2013-09-10,3.2614998817443848,,1364.0999755859375,22.965999603271484,107.38999938964844,81.81999969482422,1683.989990234375,14.529999732971191,2.9590001106262207,0.86,,99.43691
2013-09-11,3.256500005722046,,1363.9000244140625,23.121000289916992,107.55999755859376,81.5199966430664,1689.1300048828125,13.81999969482422,2.9200000762939453,0.8,,99.43691
2013-09-12,3.212500095367432,,1330.4000244140625,22.099000930786133,108.5999984741211,81.48999786376953,1683.4200439453125,14.289999961853027,2.907000064849853,0.81,,99.43691
2013-09-13,3.2070000171661377,,1308.4000244140625,21.670000076293945,108.20999908447266,81.44999694824219,1687.989990234375,14.15999984741211,2.8980000019073486,0.8,,99.43691
2013-09-16,3.226999998092652,,1317.9000244140625,21.96299934387207,106.58999633789062,81.25,1697.5999755859375,14.380000114440918,2.874000072479248,0.76,,99.43691
2013-09-17,3.2279999256134038,,1309.5,21.73500061035156,105.41999816894533,81.16999816894531,1704.760009765625,14.529999732971191,2.8529999256134038,0.7,,99.43691
2013-09-18,3.283499956130981,,1307.800048828125,21.513999938964844,108.06999969482422,80.23999786376953,1725.52001953125,13.59000015258789,2.7079999446868896,0.49,,99.43691
2013-09-19,3.3499999046325684,,1369.4000244140625,23.242000579833984,106.38999938964844,80.36000061035156,1722.3399658203125,13.15999984741211,2.747999906539917,0.55,,99.43691
2013-09-20,3.327500104904175,,1332.5,21.875999450683597,104.68000030517578,80.44000244140625,1709.9100341796875,13.119999885559082,2.7320001125335693,0.52,,99.43691
2013-09-23,3.308000087738037,,1326.9000244140625,21.80500030517578,103.58999633789062,80.44999694824219,1701.8399658203125,14.3100004196167,2.71399998664856,0.46,,99.43691
2013-09-24,3.265500068664551,,1316.0,21.53899955749512,103.12999725341795,80.55999755859375,1697.4200439453125,14.079999923706056,2.6530001163482666,0.48,,99.43691
2013-09-25,3.2804999351501465,,1335.9000244140625,21.83799934387207,102.66000366210938,80.33000183105469,1692.77001953125,14.010000228881836,2.614000082015991,0.45,,99.43691
2013-09-26,3.303999900817871,,1323.5999755859375,21.71999931335449,103.02999877929688,80.5199966430664,1698.6700439453125,14.0600004196167,2.6429998874664307,0.47,,99.43691
2013-09-27,3.325500011444092,,1338.4000244140625,21.78300094604492,102.87000274658205,80.2699966430664,1691.75,15.460000038146973,2.61899995803833,0.46,,99.43691
2013-09-30,3.321000099182129,,1326.5,21.6560001373291,102.33000183105467,80.22000122070312,1681.550048828125,16.600000381469727,2.615000009536743,0.45,,99.43691
2013-10-01,3.2720000743865967,,1286.0,21.124000549316406,102.04000091552734,80.0999984741211,1695.0,15.539999961853027,2.6459999084472656,0.46,,99.58362
2013-10-02,3.311500072479248,,1320.5999755859375,21.84600067138672,104.0999984741211,79.87999725341797,1693.8699951171875,16.600000381469727,2.625999927520752,0.43,,99.58362
2013-10-03,3.26200008392334,,1317.4000244140625,21.73900032043457,103.30999755859376,79.7699966430664,1678.6600341796875,17.670000076293945,2.6059999465942383,0.43,,99.58362
2013-10-04,3.2934999465942383,,1309.699951171875,21.70499992370605,103.83999633789062,80.12000274658203,1690.5,16.739999771118164,2.6519999504089355,0.46,,99.58362
2013-10-07,3.289499998092652,,1324.800048828125,22.339000701904297,103.02999877929688,79.94000244140625,1676.1199951171875,19.40999984741211,2.634000062942505,0.45,,99.58362
2013-10-08,3.282000064849853,,1324.199951171875,22.39699935913086,103.48999786376952,80.05999755859375,1655.449951171875,20.34000015258789,2.635999917984009,0.48,,99.58362
2013-10-09,3.2214999198913574,,1306.9000244140625,21.84600067138672,101.61000061035156,80.37000274658203,1656.4000244140625,19.600000381469727,2.650000095367432,0.47,,99.58362
2013-10-10,3.240999937057495,,1296.5999755859375,21.850000381469727,103.01000213623048,80.41999816894531,1692.56005859375,16.479999542236328,2.684999942779541,0.5,,99.58362
2013-10-11,3.265000104904175,,1268.0,21.21500015258789,102.0199966430664,80.36000061035156,1703.199951171875,15.720000267028809,2.681999921798706,0.5,,99.58362
2013-10-14,3.299999952316284,,1276.4000244140625,21.309999465942383,102.41000366210938,80.26000213623047,1710.1400146484375,16.06999969482422,2.690999984741211,0.5,,99.58362
2013-10-15,3.303999900817871,,1273.0,21.145999908447266,101.20999908447266,80.4800033569336,1698.06005859375,18.65999984741211,2.720000028610229,0.54,,99.58362
2013-10-16,3.30049991607666,,1282.0,21.31999969482422,102.29000091552734,80.5,1721.5400390625,14.710000038146973,2.6710000038146973,0.5,,99.58362
2013-10-17,3.2890000343322754,,1322.699951171875,21.902999877929688,100.66999816894533,79.6500015258789,1733.1500244140625,13.479999542236328,2.586999893188477,0.45,,99.58362
2013-10-18,3.2929999828338623,,1314.4000244140625,21.86899948120117,100.80999755859376,79.63999938964844,1744.5,13.039999961853027,2.58899998664856,0.42,,99.58362
2013-10-21,3.2960000038146973,,1315.699951171875,22.232999801635746,99.22000122070312,79.68000030517578,1744.6600341796875,13.15999984741211,2.608999967575073,0.44,,99.58362
2013-10-22,3.3285000324249268,,1342.5,22.753999710083008,97.8000030517578,79.23999786376953,1754.6700439453125,13.329999923706056,2.51200008392334,0.37,,99.58362
2013-10-23,3.2664999961853027,,1333.9000244140625,22.582000732421875,96.86000061035156,79.26000213623047,1746.3800048828125,13.420000076293944,2.484999895095825,0.36,,99.58362
2013-10-24,3.260999917984009,,1350.199951171875,22.785999298095703,97.11000061035156,79.19000244140625,1752.0699462890625,13.199999809265137,2.5220000743865967,0.36,,99.58362
2013-10-25,3.265500068664551,,1352.4000244140625,22.60300064086914,97.8499984741211,79.18000030517578,1759.77001953125,13.09000015258789,2.503000020980835,0.34,,99.58362
2013-10-28,3.260999917984009,,1352.0,22.49799919128418,98.68000030517578,79.25,1762.1099853515625,13.3100004196167,2.51200008392334,0.35,,99.58362
2013-10-29,3.275500059127808,,1345.199951171875,22.45199966430664,98.1999969482422,79.62999725341797,1771.949951171875,13.40999984741211,2.506999969482422,0.35,,99.58362
2013-10-30,3.320499897003174,,1349.0,22.94599914550781,96.7699966430664,79.75,1763.31005859375,13.649999618530272,2.5269999504089355,0.37,,99.58362
2013-10-31,3.2945001125335693,,1323.5999755859375,21.832000732421875,96.37999725341795,80.19999694824219,1756.5400390625,13.75,2.5420000553131104,0.4,,99.58362
2013-11-01,3.2934999465942383,,1313.0999755859375,21.804000854492188,94.61000061035156,80.7300033569336,1761.6400146484375,13.279999732971191,2.619999885559082,0.5,,99.53653
2013-11-04,3.247499942779541,,1314.5999755859375,21.67799949645996,94.62000274658205,80.55000305175781,1767.9300537109375,12.93000030517578,2.601999998092652,0.5,,99.53653
2013-11-05,3.252500057220459,,1308.0,21.61400032043457,93.37000274658205,80.70999908447266,1762.969970703125,13.270000457763672,2.6619999408721924,0.55,,99.53653
2013-11-06,3.234999895095825,,1317.699951171875,21.746000289916992,94.8000030517578,80.4800033569336,1770.489990234375,12.670000076293944,2.640000104904175,0.48,,99.53653
2013-11-07,3.249000072479248,,1308.4000244140625,21.638999938964844,94.1999969482422,80.81999969482422,1747.1500244140625,13.90999984741211,2.61299991607666,0.46,,99.53653
2013-11-08,3.253000020980835,,1284.5,21.30699920654297,94.5999984741211,81.20999908447266,1770.6099853515625,12.899999618530272,2.746000051498413,0.59,,99.53653
2013-11-11,3.26200008392334,,1281.0,21.27199935913086,95.13999938964844,81.08999633789062,1771.8900146484375,12.529999732971191,2.750999927520752,0.59,,99.53653
2013-11-12,3.236500024795532,,1271.0999755859375,20.76799964904785,93.04000091552734,81.19000244140625,1767.68994140625,12.81999969482422,2.7679998874664307,0.62,,99.53653
2013-11-13,3.1640000343322754,,1268.300048828125,20.43199920654297,93.87999725341795,80.93000030517578,1782.0,12.520000457763672,2.7249999046325684,0.58,,99.53653
2013-11-14,3.1610000133514404,,1286.199951171875,20.71199989318848,93.76000213623048,80.9800033569336,1790.6199951171875,12.369999885559082,2.70199990272522,0.51,,99.53653
2013-11-15,3.1730000972747803,,1287.300048828125,20.71699905395508,93.83999633789062,80.83999633789062,1798.1800537109375,12.1899995803833,2.7090001106262207,0.53,,99.53653
2013-11-18,3.1535000801086426,,1272.199951171875,20.349000930786133,93.02999877929688,80.83000183105469,1791.530029296875,13.100000381469728,2.677999973297119,0.48,,99.53653
2013-11-19,3.1619999408721924,,1273.4000244140625,20.326000213623047,93.33999633789062,80.69999694824219,1787.8699951171875,13.390000343322754,2.711999893188477,0.53,,99.53653
2013-11-20,3.1614999771118164,,1257.9000244140625,20.049999237060547,93.33000183105467,81.11000061035156,1781.3699951171875,13.399999618530272,2.7920000553131104,0.64,,99.53653
2013-11-21,3.197499990463257,,1243.5,19.92799949645996,95.44000244140624,81.05000305175781,1795.8499755859375,12.65999984741211,2.7839999198913574,0.6,,99.53653
2013-11-22,3.2265000343322754,,1244.0,19.856000900268555,94.83999633789062,80.70999908447266,1804.760009765625,12.260000228881836,2.752000093460083,0.56,,99.53653
2013-11-25,3.239000082015991,,1241.0999755859375,19.8799991607666,94.08999633789062,80.91999816894531,1802.47998046875,12.789999961853027,2.740999937057495,0.56,,99.53653
2013-11-26,3.2290000915527344,,1241.4000244140625,19.84600067138672,93.68000030517578,80.61000061035156,1802.75,12.8100004196167,2.696000099182129,0.54,,99.53653
2013-11-27,3.200500011444092,,1237.800048828125,19.632999420166016,92.3000030517578,80.73999786376953,1807.22998046875,12.979999542236328,2.736000061035156,0.58,,99.53653
2013-11-29,3.2304999828338623,,1250.5999755859375,19.981000900268555,92.72000122070312,80.68000030517578,1805.81005859375,13.699999809265137,2.740999937057495,0.6,,99.53653
2013-12-02,3.2174999713897705,,1222.300048828125,19.232999801635746,93.81999969482422,80.91000366210938,1800.9000244140625,14.229999542236328,2.8010001182556152,0.66,,99.29036
2013-12-03,3.200999975204468,,1221.699951171875,19.01099967956543,96.04000091552734,80.62000274658203,1795.1500244140625,14.550000190734863,2.775000095367432,0.64,,99.29036
2013-12-04,3.2715001106262207,,1248.199951171875,19.77400016784668,97.1999969482422,80.62999725341797,1792.81005859375,14.699999809265137,2.8410000801086426,0.73,,99.29036
2013-12-05,3.2614998817443848,,1233.199951171875,19.513999938964844,97.37999725341795,80.2699966430664,1785.030029296875,15.079999923706056,2.861999988555908,0.76,,99.29036
2013-12-06,3.2695000171661377,,1230.300048828125,19.46500015258789,97.6500015258789,80.2699966430664,1805.0899658203125,13.789999961853027,2.882999897003174,0.77,,99.29036
2013-12-09,3.2955000400543213,,1235.300048828125,19.643999099731445,97.33999633789062,80.12999725341797,1808.3699951171875,13.489999771118164,2.8570001125335693,0.74,,99.29036
2013-12-10,3.301500082015991,,1262.4000244140625,20.256000518798828,98.51000213623048,79.97000122070312,1802.6199951171875,13.90999984741211,2.796999931335449,0.69,,99.29036
2013-12-11,3.3315000534057617,,1258.5,20.29800033569336,97.44000244140624,79.88999938964844,1782.219970703125,15.420000076293944,2.844000101089477,0.71,,99.29036
2013-12-12,3.3320000171661377,,1226.0,19.402000427246094,97.5,80.19999694824219,1775.5,15.539999961853027,2.877000093460083,0.75,,99.29036
2013-12-13,3.351999998092652,,1235.699951171875,19.55900001525879,96.5999984741211,80.20999908447266,1775.3199462890625,15.760000228881836,2.868000030517578,0.72,,99.29036
2013-12-16,3.375999927520752,,1245.5,20.048999786376957,97.4800033569336,80.06999969482422,1786.5400390625,16.030000686645508,2.877000093460083,0.71,,99.29036
2013-12-17,3.367000102996826,,1231.199951171875,19.79199981689453,97.22000122070312,80.05999755859375,1781.0,16.209999084472656,2.8429999351501465,0.67,,99.29036
2013-12-18,3.361000061035156,,1236.0999755859375,20.013999938964844,97.8000030517578,80.11000061035156,1810.6500244140625,13.800000190734863,2.884999990463257,0.72,,99.29036
2013-12-19,3.3405001163482666,,1195.0,19.14299964904785,98.7699966430664,80.62999725341797,1809.5999755859373,14.149999618530272,2.924999952316284,0.79,,99.29036
2013-12-20,3.3480000495910645,,1205.0999755859375,19.417999267578125,99.31999969482422,80.58000183105469,1818.3199462890625,13.789999961853027,2.88700008392334,0.73,,99.29036
2013-12-23,3.3505001068115234,,1198.4000244140625,19.37800025939941,98.91000366210938,80.44999694824219,1827.989990234375,13.039999961853027,2.928999900817871,0.76,,99.29036
2013-12-24,3.4175000190734863,,1205.0999755859375,19.452999114990234,99.22000122070312,80.52999877929688,1833.3199462890625,12.479999542236328,2.9830000400543213,0.8,,99.29036
2013-12-26,3.44950008392334,,1214.0999755859375,19.88500022888184,99.5500030517578,80.4800033569336,1842.02001953125,12.329999923706056,2.990000009536743,0.8,,99.29036
2013-12-27,3.470000028610229,,1216.0999755859375,20.01300048828125,100.31999969482422,80.38999938964844,1841.4000244140625,12.460000038146973,3.00600004196167,0.8,,99.29036
2013-12-30,3.4205000400543213,,1203.0999755859375,19.58099937438965,99.29000091552734,80.0,1841.0699462890625,13.5600004196167,2.9760000705718994,0.76,,99.29036
2013-12-31,3.441499948501587,,1201.9000244140625,19.339000701904297,98.41999816894533,80.04000091552734,1848.3599853515625,13.720000267028809,3.026000022888184,0.8,,99.29036
2014-01-02,3.43149995803833,,1225.0,20.097999572753903,95.44000244140624,80.62999725341797,1831.97998046875,14.229999542236328,2.984999895095825,0.74,,98.97573
2014-01-03,3.4059998989105225,,1238.4000244140625,20.18199920654297,93.95999908447266,80.79000091552734,1831.3699951171875,13.760000228881836,2.994999885559082,0.75,,98.97573
2014-01-06,3.4119999408721924,,1237.800048828125,20.07699966430664,93.43000030517578,80.6500015258789,1826.77001953125,13.550000190734863,2.9609999656677246,0.72,,98.97573
2014-01-07,3.4110000133514404,,1229.4000244140625,19.76499938964844,93.66999816894533,80.83000183105469,1837.8800048828125,12.920000076293944,2.937000036239624,0.7,,98.97573
2014-01-08,3.3935000896453857,,1225.300048828125,19.51799964904785,92.33000183105467,81.04000091552734,1837.489990234375,12.869999885559082,2.993000030517578,0.72,,98.97573
2014-01-09,3.3540000915527344,,1229.300048828125,19.663000106811523,91.66000366210938,81.01000213623047,1838.1300048828125,12.890000343322754,2.963000059127808,0.66,,98.97573
2014-01-10,3.38700008392334,,1246.699951171875,20.201000213623047,92.72000122070312,80.66000366210938,1842.3699951171875,12.140000343322754,2.859999895095825,0.59,,98.97573
2014-01-13,3.400000095367432,,1250.9000244140625,20.36100006103516,91.8000030517578,80.51000213623047,1819.199951171875,13.279999732971191,2.82699990272522,0.57,,98.97573
2014-01-14,3.388000011444092,,1245.199951171875,20.250999450683597,92.58999633789062,80.61000061035156,1838.8800048828125,12.279999732971191,2.86899995803833,0.62,,98.97573
2014-01-15,3.406500101089477,,1238.0999755859375,20.10300064086914,94.16999816894533,81.0,1848.3800048828125,12.279999732971191,2.884000062942505,0.62,,98.97573
2014-01-16,3.3910000324249268,,1240.0,20.024999618530277,93.95999908447266,80.9000015258789,1845.8900146484373,12.529999732971191,2.8429999351501465,0.61,,98.97573
2014-01-17,3.378499984741211,,1251.699951171875,20.267000198364254,94.37000274658205,81.26000213623047,1838.699951171875,12.4399995803833,2.82699990272522,0.58,,98.97573
2014-01-21,3.3914999961853027,,1242.300048828125,19.83799934387207,94.98999786376952,81.0999984741211,1843.800048828125,12.869999885559082,2.825000047683716,0.59,,98.97573
2014-01-22,3.375,,1239.0,19.80900001525879,96.7300033569336,81.16999816894531,1844.8599853515625,12.84000015258789,2.859999895095825,0.62,,98.97573
2014-01-23,3.322499990463257,,1262.5999755859375,19.98600006103516,97.31999969482422,80.44000244140625,1828.4599609375,13.770000457763672,2.7730000019073486,0.66,,98.97573
2014-01-24,3.303999900817871,,1264.5,19.743000030517575,96.63999938964844,80.45999908447266,1790.2900390625,18.13999938964844,2.734999895095825,0.61,,98.97573
2014-01-27,3.2939999103546143,,1263.5999755859375,19.770999908447266,95.72000122070312,80.5,1781.56005859375,17.420000076293945,2.7660000324249268,0.64,,98.97573
2014-01-28,3.2855000495910645,,1251.0,19.482999801635746,97.41000366210938,80.56999969482422,1792.5,15.800000190734863,2.746000051498413,0.62,,98.97573
2014-01-29,3.2679998874664307,,1262.199951171875,19.53300094604492,97.36000061035156,80.51000213623047,1774.199951171875,17.350000381469727,2.674999952316284,0.55,,98.97573
2014-01-30,3.23799991607666,,1242.199951171875,19.11100006103516,98.2300033569336,81.08999633789062,1794.18994140625,17.290000915527344,2.693000078201294,0.57,,98.97573
2014-01-31,3.220499992370605,,1240.0999755859375,19.104999542236328,97.48999786376952,81.2699966430664,1782.5899658203125,18.40999984741211,2.6679999828338623,0.53,,98.97573
2014-02-03,3.19950008392334,,1260.4000244140625,19.388999938964844,96.43000030517578,81.01000213623047,1741.8900146484375,21.440000534057617,2.5810000896453857,0.47,,98.76141
2014-02-04,3.2170000076293945,,1251.699951171875,19.402000427246094,97.19000244140624,81.12000274658203,1755.199951171875,19.11000061035156,2.624000072479248,0.51,,98.76141
2014-02-05,3.2144999504089355,,1257.300048828125,19.78499984741211,97.37999725341795,81.02999877929688,1751.6400146484375,19.950000762939453,2.6670000553131104,0.56,,98.76141
2014-02-06,3.259000062942505,,1257.5999755859375,19.90800094604492,97.83999633789062,80.88999938964844,1773.4300537109375,17.229999542236328,2.70199990272522,0.57,,98.76141
2014-02-07,3.2709999084472656,,1263.300048828125,19.920000076293945,99.87999725341795,80.69000244140625,1797.02001953125,15.289999961853027,2.674999952316284,0.53,,98.76141
2014-02-10,3.2720000743865967,,1274.800048828125,20.099000930786133,100.05999755859376,80.66999816894531,1799.8399658203125,15.260000228881836,2.677999973297119,0.51,,98.76141
2014-02-11,3.2699999809265137,,1290.0999755859375,20.14299964904785,99.94000244140624,80.62999725341797,1819.75,14.510000228881836,2.719000101089477,0.56,,98.76141
2014-02-12,3.315500020980835,,1295.300048828125,20.33099937438965,100.37000274658205,80.68000030517578,1819.260009765625,14.300000190734863,2.763000011444092,0.59,,98.76141
2014-02-13,3.306999921798706,,1300.4000244140625,20.38500022888184,100.3499984741211,80.29000091552734,1829.8299560546875,14.140000343322754,2.736000061035156,0.56,,98.76141
2014-02-14,3.320499897003174,,1319.0,21.410999298095703,100.3000030517578,80.12999725341797,1838.6300048828125,13.56999969482422,2.746000051498413,0.59,,98.76141
2014-02-18,3.3405001163482666,,1324.699951171875,21.891000747680664,102.43000030517578,80.01000213623047,1840.760009765625,13.869999885559082,2.7109999656677246,0.57,,98.76141
2014-02-19,3.3355000019073486,,1320.5999755859375,21.8439998626709,103.30999755859376,80.16999816894531,1828.75,15.5,2.733999967575073,0.6,,98.76141
2014-02-20,3.3239998817443848,,1317.0999755859375,21.67799949645996,102.91999816894533,80.29000091552734,1839.780029296875,14.789999961853027,2.753999948501587,0.63,,98.76141
2014-02-21,3.3359999656677246,,1323.9000244140625,21.777000427246094,102.1999969482422,80.23999786376953,1836.25,14.68000030517578,2.733999967575073,0.61,,98.76141
2014-02-24,3.358999967575073,,1338.300048828125,22.04700088500977,102.81999969482422,80.20999908447266,1847.6099853515625,14.229999542236328,2.75,0.59,,98.76141
2014-02-25,3.338000059127808,,1343.0,21.959999084472656,101.83000183105467,80.1500015258789,1845.1199951171875,13.670000076293944,2.700999975204468,0.55,,98.76141
2014-02-26,3.2695000171661377,,1328.199951171875,21.253999710083008,102.58999633789062,80.41000366210938,1845.1600341796875,14.350000381469728,2.6730000972747803,0.51,,98.76141
2014-02-27,3.236500024795532,,1331.5999755859375,21.31399917602539,102.4000015258789,80.29000091552734,1854.2900390625,14.039999961853027,2.6419999599456787,0.49,,98.76141
2014-02-28,3.2385001182556152,,1321.4000244140625,21.20400047302246,102.58999633789062,79.77999877929688,1859.449951171875,14.0,2.657999992370605,0.49,,98.76141
2014-03-03,3.220499992370605,,1350.0999755859375,21.447999954223636,104.91999816894533,80.06999969482422,1845.72998046875,16.0,2.6070001125335693,0.44,,98.73896
2014-03-04,3.2614998817443848,,1337.800048828125,21.1879997253418,103.33000183105467,80.16000366210938,1873.9100341796875,14.100000381469728,2.690999984741211,0.52,,98.73896
2014-03-05,3.253000020980835,,1340.199951171875,21.23900032043457,101.4499969482422,80.11000061035156,1873.81005859375,13.890000343322754,2.697999954223633,0.52,,98.73896
2014-03-06,3.275500059127808,,1351.699951171875,21.54199981689453,101.55999755859376,79.68000030517578,1877.030029296875,14.210000038146973,2.736999988555908,0.53,,98.73896
2014-03-07,3.156500101089477,,1338.0999755859375,20.89699935913086,102.58000183105467,79.72000122070312,1878.0400390625,14.109999656677246,2.789999961853028,0.57,,98.73896
2014-03-10,3.1105000972747803,,1341.4000244140625,20.878999710083008,101.12000274658205,79.75,1877.1700439453125,14.199999809265137,2.7839999198913574,0.57,,98.73896
2014-03-11,3.0309998989105225,,1346.5,20.78400039672852,100.02999877929688,79.7699966430664,1867.6300048828125,14.800000190734863,2.7660000324249268,0.57,,98.73896
2014-03-12,3.026000022888184,,1370.300048828125,21.327999114990234,97.98999786376952,79.61000061035156,1868.199951171875,14.470000267028809,2.7260000705718994,0.54,,98.73896
2014-03-13,2.990499973297119,,1372.199951171875,21.16900062561035,98.1999969482422,79.62000274658203,1846.3399658203125,16.219999313354492,2.6530001163482666,0.49,,98.73896
2014-03-14,3.013000011444092,,1379.0,21.38400077819824,98.88999938964844,79.44000244140625,1841.1300048828125,17.81999969482422,2.6449999809265137,0.48,,98.73896
2014-03-17,3.002000093460083,,1372.9000244140625,21.249000549316406,98.08000183105467,79.38999938964844,1858.8299560546875,15.640000343322754,2.6989998817443848,0.52,,98.73896
2014-03-18,2.994499921798706,,1359.0,20.836000442504883,99.6999969482422,79.41000366210938,1872.25,14.520000457763672,2.680999994277954,0.5,,98.73896
2014-03-19,3.0280001163482666,,1341.4000244140625,20.799999237060547,100.37000274658205,79.98999786376953,1860.77001953125,15.119999885559082,2.7720000743865967,0.62,,98.73896
2014-03-20,2.9760000705718994,,1330.5,20.40399932861328,99.43000030517578,80.20999908447266,1872.010009765625,14.520000457763672,2.775000095367432,0.66,,98.73896
2014-03-21,2.99399995803833,,1336.0,20.285999298095703,99.45999908447266,80.11000061035156,1866.52001953125,15.0,2.75,0.61,,98.73896
2014-03-24,2.989500045776367,,1311.199951171875,20.042999267578125,99.5999984741211,79.93000030517578,1857.43994140625,15.09000015258789,2.7330000400543213,0.59,,98.73896
2014-03-25,3.0455000400543213,,1311.4000244140625,19.95499992370605,99.19000244140624,79.94000244140625,1865.6199951171875,14.020000457763672,2.734999895095825,0.61,,98.73896
2014-03-26,3.010499954223633,,1303.4000244140625,19.75900077819824,100.26000213623048,79.9800033569336,1852.56005859375,14.93000030517578,2.700999975204468,0.57,,98.73896
2014-03-27,3.0364999771118164,,1294.699951171875,19.690000534057617,101.27999877929688,80.11000061035156,1849.0400390625,14.619999885559082,2.671999931335449,0.56,,98.73896
2014-03-28,3.059000015258789,,1293.800048828125,19.77199935913086,101.66999816894533,80.18000030517578,1857.6199951171875,14.40999984741211,2.711999893188477,0.6,,98.73896
2014-03-31,3.046499967575073,,1283.4000244140625,19.733999252319336,101.58000183105467,80.0999984741211,1872.3399658203125,13.880000114440918,2.7230000495910645,0.6,,98.73896
2014-04-01,3.055000066757202,,1279.5999755859375,19.66900062561035,99.73999786376952,80.08000183105469,1885.52001953125,13.100000381469728,2.759000062942505,0.63,,98.87908
2014-04-02,3.065000057220459,,1290.5,20.0310001373291,99.62000274658205,80.22000122070312,1890.9000244140625,13.09000015258789,2.802999973297119,0.68,,98.87908
2014-04-03,3.046999931335449,,1284.4000244140625,19.785999298095703,100.29000091552734,80.47000122070312,1888.77001953125,13.369999885559082,2.789999961853028,0.66,,98.87908
2014-04-04,3.0429999828338623,,1303.199951171875,19.927000045776367,101.13999938964844,80.41999816894531,1865.0899658203125,13.960000038146973,2.7260000705718994,0.61,,98.87908
2014-04-07,3.063499927520752,,1298.0,19.891000747680664,100.44000244140624,80.22000122070312,1845.0400390625,15.56999969482422,2.694999933242798,0.59,,98.87908
2014-04-08,3.076499938964844,,1308.699951171875,20.04199981689453,102.55999755859376,79.75,1851.9599609375,14.890000343322754,2.680999994277954,0.58,,98.87908
2014-04-09,3.065999984741211,,1305.5,19.7549991607666,103.5999984741211,79.4800033569336,1872.1800537109373,13.81999969482422,2.684000015258789,0.57,,98.87908
2014-04-10,3.068000078201294,,1320.0999755859375,20.077999114990234,103.4000015258789,79.37999725341797,1833.0799560546875,15.890000343322754,2.628000020980835,0.51,,98.87908
2014-04-11,3.065999984741211,,1318.699951171875,19.933000564575195,103.73999786376952,79.44999694824219,1815.68994140625,17.030000686645508,2.61899995803833,0.5,,98.87908
2014-04-14,3.066999912261963,,1327.199951171875,19.999000549316406,104.0500030517578,79.7300033569336,1830.6099853515625,16.110000610351562,2.638999938964844,0.52,,98.87908
2014-04-15,3.0164999961853027,,1300.0,19.47800064086914,103.75,79.80000305175781,1842.97998046875,15.609999656677246,2.628000020980835,0.5,,98.87908
2014-04-16,3.05049991607666,,1303.0999755859375,19.62299919128418,103.76000213623048,79.81999969482422,1862.31005859375,14.18000030517578,2.63700008392334,0.48,,98.87908
2014-04-17,3.069499969482422,,1293.4000244140625,19.586000442504883,104.3000030517578,79.83000183105469,1864.8499755859373,13.359999656677246,2.720999956130981,0.52,,98.87908
2014-04-21,3.068000078201294,,1288.0,19.340999603271484,104.37000274658205,79.94999694824219,1871.8900146484373,13.25,2.720999956130981,0.53,,98.87908
2014-04-22,3.0785000324249268,,1280.5999755859375,19.35099983215332,102.12999725341795,79.91000366210938,1879.550048828125,13.1899995803833,2.7260000705718994,0.52,,98.87908
2014-04-23,3.0820000171661377,,1284.199951171875,19.43000030517578,101.44000244140624,79.86000061035156,1875.3900146484373,13.270000457763672,2.686000108718872,0.49,,98.87908
2014-04-24,3.1364998817443848,,1290.5,19.68199920654297,101.94000244140624,79.80000305175781,1878.6099853515625,13.31999969482422,2.687999963760376,0.49,,98.87908
2014-04-25,3.127000093460083,,1300.699951171875,19.684999465942383,100.5999984741211,79.7699966430664,1863.4000244140625,14.0600004196167,2.6659998893737797,0.48,,98.87908
2014-04-28,3.1085000038146973,,1298.9000244140625,19.584999084472656,100.83999633789062,79.68000030517578,1869.4300537109373,13.970000267028809,2.677000045776367,0.52,,98.87908
2014-04-29,3.072499990463257,,1296.0,19.488000869750977,101.27999877929688,79.80999755859375,1878.3299560546875,13.710000038146973,2.694999933242798,0.53,,98.87908
2014-04-30,3.0295000076293945,,1295.5999755859375,19.11899948120117,99.73999786376952,79.48999786376953,1883.949951171875,13.40999984741211,2.6480000019073486,0.49,,98.87908
2014-05-01,3.0290000438690186,,1283.0999755859375,18.98900032043457,99.41999816894533,79.52999877929688,1883.6800537109373,13.25,2.6059999465942383,0.43,,99.14004
2014-05-02,3.0815000534057617,,1302.5999755859375,19.492000579833984,99.76000213623048,79.5199966430664,1881.1400146484373,12.90999984741211,2.5910000801086426,0.41,,99.14004
2014-05-05,3.071000099182129,,1309.0,19.520000457763672,99.4800033569336,79.48999786376953,1884.6600341796875,13.289999961853027,2.611000061035156,0.45,,99.14004
2014-05-06,3.075000047683716,2172.75,1308.300048828125,19.597999572753903,99.5,79.13999938964844,1867.719970703125,13.800000190734863,2.595000028610229,0.45,,99.14004
2014-05-07,3.05049991607666,2149.0,1288.5999755859375,19.29800033569336,100.7699966430664,79.22000122070312,1878.2099609375,13.399999618530272,2.5899999141693115,0.42,,99.14004
2014-05-08,3.0824999809265137,2141.75,1287.4000244140625,19.0939998626709,100.26000213623048,79.43000030517578,1875.6300048828125,13.43000030517578,2.601999998092652,0.42,,99.14004
2014-05-09,3.1005001068115234,2107.25,1287.300048828125,19.07699966430664,99.98999786376952,79.9000015258789,1878.47998046875,12.920000076293944,2.622999906539917,0.44,,99.14004
2014-05-12,3.1665000915527344,2088.25,1295.5999755859375,19.5,100.58999633789062,79.9000015258789,1896.6500244140625,12.229999542236328,2.6559998989105225,0.48,,99.14004
2014-05-13,3.149499893188477,2085.25,1294.5999755859375,19.503999710083008,101.6999969482422,80.13999938964844,1897.449951171875,12.130000114440918,2.618000030517578,0.45,,99.14004
2014-05-14,3.174000024795532,2110.0,1305.699951171875,19.73500061035156,102.37000274658205,80.06999969482422,1888.530029296875,12.170000076293944,2.5429999828338623,0.37,,99.14004
2014-05-15,3.1619999408721924,2115.5,1293.5,19.44700050354004,101.5,80.0,1870.8499755859373,13.170000076293944,2.502000093460083,0.31,,99.14004
2014-05-16,3.1610000133514404,2106.25,1293.300048828125,19.29199981689453,102.0199966430664,80.04000091552734,1877.8599853515625,12.4399995803833,2.5179998874664307,0.34,,99.14004
2014-05-19,3.179500102996826,2113.75,1293.699951171875,19.32200050354004,102.61000061035156,79.98999786376953,1885.0799560546875,12.420000076293944,2.5360000133514404,0.37,,99.14004
2014-05-20,3.1559998989105225,2106.75,1294.5,19.367000579833984,102.44000244140624,80.04000091552734,1872.8299560546875,12.960000038146973,2.509000062942505,0.35,,99.14004
2014-05-21,3.130500078201294,2106.75,1288.0,19.30699920654297,104.06999969482422,80.0999984741211,1888.030029296875,11.90999984741211,2.5369999408721924,0.36,,99.14004
2014-05-22,3.1519999504089355,2136.0,1294.9000244140625,19.489999771118164,103.73999786376952,80.25,1892.489990234375,12.029999732971191,2.555000066757202,0.35,,99.14004
2014-05-23,3.180000066757202,2150.0,1291.5999755859375,19.38800048828125,104.3499984741211,80.38999938964844,1900.530029296875,11.359999656677246,2.5360000133514404,0.32,,99.14004
2014-05-27,3.19350004196167,2159.25,1265.4000244140625,19.03899955749512,104.11000061035156,80.3499984741211,1911.9100341796875,11.510000228881836,2.5179998874664307,0.31,,99.14004
2014-05-28,3.188499927520752,2174.25,1259.300048828125,19.03499984741211,102.72000122070312,80.56999969482422,1909.780029296875,11.68000030517578,2.437999963760376,0.22,,99.14004
2014-05-29,3.1535000801086426,2179.25,1256.300048828125,18.982999801635746,103.58000183105467,80.48999786376953,1920.030029296875,11.56999969482422,2.447000026702881,0.22,,99.14004
2014-05-30,3.135999917984009,2177.25,1245.5999755859375,18.652999877929688,102.70999908447266,80.37000274658203,1923.5699462890625,11.399999618530272,2.4570000171661377,0.26,,99.14004
2014-06-02,3.178999900817871,2186.0,1243.699951171875,18.708999633789062,102.47000122070312,80.63999938964844,1924.969970703125,11.579999923706056,2.5339999198913574,0.32,,99.41357
2014-06-03,3.1454999446868896,2198.0,1244.300048828125,18.73200035095215,102.66000366210938,80.55000305175781,1924.239990234375,11.869999885559082,2.5929999351501465,0.41,,99.41357
2014-06-04,3.0934998989105225,2189.75,1244.0,18.766000747680664,102.63999938964844,80.66999816894531,1927.8800048828125,12.079999923706056,2.6059999465942383,0.44,,99.41357
2014-06-05,3.0910000801086426,2201.0,1253.0,19.05500030517578,102.4800033569336,80.37000274658203,1940.4599609375,11.68000030517578,2.5840001106262207,0.41,,99.41357
2014-06-06,3.052999973297119,2222.25,1252.0999755859375,18.96299934387207,102.66000366210938,80.41000366210938,1949.43994140625,10.729999542236328,2.5969998836517334,0.4,,99.41357
2014-06-09,3.0455000400543213,2257.0,1253.5,19.045000076293945,104.41000366210938,80.6500015258789,1951.27001953125,11.149999618530272,2.61299991607666,0.41,,99.41357
2014-06-10,3.055000066757202,2250.75,1259.800048828125,19.14699935913086,104.3499984741211,80.81999969482422,1950.7900390625,10.989999771118164,2.634999990463257,0.43,,99.41357
2014-06-11,3.0420000553131104,2222.25,1260.800048828125,19.15399932861328,104.4000015258789,80.79000091552734,1943.8900146484373,11.600000381469728,2.640000104904175,0.43,,99.41357
2014-06-12,3.0169999599456787,2183.0,1273.5999755859375,19.51499938964844,106.52999877929688,80.58000183105469,1930.1099853515625,12.5600004196167,2.5859999656677246,0.39,,99.41357
2014-06-13,3.0304999351501465,2190.25,1273.699951171875,19.636999130249023,106.91000366210938,80.58000183105469,1936.1600341796875,12.18000030517578,2.6040000915527344,0.41,,99.41357
2014-06-16,3.046999931335449,2206.75,1274.9000244140625,19.70199966430664,106.9000015258789,80.47000122070312,1937.780029296875,12.649999618530272,2.5969998836517334,0.41,,99.41357
2014-06-17,3.057499885559082,2195.75,1271.699951171875,19.72100067138672,106.36000061035156,80.62999725341797,1941.989990234375,12.0600004196167,2.6549999713897705,0.43,,99.41357
2014-06-18,3.055500030517578,2211.0,1272.4000244140625,19.767000198364254,105.97000122070312,80.58000183105469,1956.97998046875,10.609999656677246,2.61299991607666,0.38,,99.41357
2014-06-19,3.075000047683716,2225.75,1313.699951171875,20.636999130249023,106.43000030517578,80.31999969482422,1959.47998046875,10.619999885559082,2.621999979019165,0.39,,99.41357
2014-06-20,3.117500066757202,2221.5,1316.199951171875,20.941999435424805,107.26000213623048,80.37000274658203,1962.8699951171875,10.850000381469728,2.624000072479248,0.35,,99.41357
2014-06-23,3.1454999446868896,2231.25,1318.0,20.90900039672852,106.16999816894533,80.26000213623047,1962.6099853515625,10.979999542236328,2.622999906539917,0.35,,99.41357
2014-06-24,3.1465001106262207,2247.5,1320.9000244140625,21.038000106811523,106.02999877929688,80.33000183105469,1949.97998046875,12.130000114440918,2.5859999656677246,0.31,,99.41357
2014-06-25,3.1605000495910645,2245.75,1322.199951171875,21.11100006103516,106.5,80.22000122070312,1959.530029296875,11.59000015258789,2.559000015258789,0.29,,99.41357
2014-06-26,3.1610000133514404,2241.75,1316.0999755859375,21.10300064086914,105.83999633789062,80.2300033569336,1957.219970703125,11.630000114440918,2.525000095367432,0.26,,99.41357
2014-06-27,3.1489999294281006,2233.25,1319.0,21.07699966430664,105.73999786376952,80.04000091552734,1960.9599609375,11.260000228881836,2.532000064849853,0.27,,99.41357
2014-06-30,3.187999963760376,2242.25,1321.800048828125,21.006999969482425,105.37000274658205,79.77999877929688,1960.22998046875,11.56999969482422,2.5160000324249268,0.27,,99.41357
2014-07-01,3.190999984741211,2234.25,1326.4000244140625,21.066999435424805,105.33999633789062,79.81999969482422,1973.3199462890625,11.149999618530272,2.562999963760376,0.32,,99.60789
2014-07-02,3.252500057220459,2268.5,1330.699951171875,21.253999710083008,104.4800033569336,79.95999908447266,1974.6199951171875,10.81999969482422,2.628000020980835,0.38,,99.60789
2014-07-03,3.265000104904175,2281.25,1320.4000244140625,21.089000701904297,104.05999755859376,80.20999908447266,1985.43994140625,10.31999969482422,2.6480000019073486,0.37,,99.60789
2014-07-07,3.248500108718872,2267.5,1316.5,20.965999603271484,103.52999877929688,80.22000122070312,1977.6500244140625,11.329999923706056,2.617000102996826,0.36,,99.60789
2014-07-08,3.243000030517578,2280.75,1316.0,20.96699905395508,103.4000015258789,80.18000030517578,1963.7099609375,11.979999542236328,2.565000057220459,0.31,,99.60789
2014-07-09,3.236500024795532,2278.5,1323.800048828125,21.02199935913086,102.29000091552734,79.98999786376953,1972.8299560546875,11.649999618530272,2.546999931335449,0.28,,99.60789
2014-07-10,3.25600004196167,2272.75,1338.699951171875,21.458999633789062,102.93000030517578,80.12999725341797,1964.6800537109373,12.59000015258789,2.532000064849853,0.27,,99.60789
2014-07-11,3.258500099182129,2290.25,1337.0,21.410999298095703,100.83000183105467,80.19000244140625,1967.5699462890625,12.079999923706056,2.5199999809265137,0.25,,99.60789
2014-07-14,3.2385001182556152,2291.5,1306.300048828125,20.86400032043457,100.91000366210938,80.19000244140625,1977.0999755859373,11.81999969482422,2.549000024795532,0.28,,99.60789
2014-07-15,3.2385001182556152,2293.75,1296.9000244140625,20.84199905395508,99.95999908447266,80.38999938964844,1973.280029296875,11.960000038146973,2.549000024795532,0.31,,99.60789
2014-07-16,3.2049999237060547,2311.5,1299.5999755859375,20.726999282836918,101.1999969482422,80.55999755859375,1981.5699462890625,11.0,2.5380001068115234,0.32,,99.60789
2014-07-17,3.2090001106262207,2325.5,1316.699951171875,21.086000442504883,103.19000244140624,80.5199966430664,1958.1199951171875,14.539999961853027,2.4749999046325684,0.24,,99.60789
2014-07-18,3.174000024795532,2326.25,1309.199951171875,20.83799934387207,103.12999725341795,80.5199966430664,1978.219970703125,12.0600004196167,2.483999967575073,0.26,,99.60789
2014-07-21,3.186500072479248,2364.0,1313.699951171875,20.965999603271484,104.58999633789062,80.55999755859375,1973.6300048828125,12.8100004196167,2.4739999771118164,0.25,,99.60789
2014-07-22,3.195499897003174,2384.5,1306.0999755859375,20.96500015258789,104.41999816894533,80.77999877929688,1983.530029296875,12.239999771118164,2.4660000801086426,0.25,,99.60789
2014-07-23,3.194999933242798,2360.0,1304.5,20.95199966430664,103.12000274658205,80.80999755859375,1987.010009765625,11.520000457763672,2.46399998664856,0.25,,99.60789
2014-07-24,3.253999948501587,2392.5,1290.5999755859375,20.375999450683597,102.06999969482422,80.87000274658203,1987.97998046875,11.84000015258789,2.509000062942505,0.25,,99.60789
2014-07-25,3.226999998092652,2371.25,1303.0999755859375,20.58799934387207,102.08999633789062,81.02999877929688,1978.3399658203125,12.6899995803833,2.469000101089477,0.2,,99.60789
2014-07-28,3.2309999465942383,2378.0,1303.300048828125,20.525999069213867,101.66999816894533,81.02999877929688,1978.9100341796875,12.5600004196167,2.490999937057495,0.22,,99.60789
2014-07-29,3.2095000743865967,2339.0,1298.300048828125,20.54599952697754,100.97000122070312,81.20999908447266,1969.949951171875,13.279999732971191,2.461999893188477,0.2,,99.60789
2014-07-30,3.2325000762939453,2373.0,1294.9000244140625,20.558000564575195,100.2699966430664,81.41999816894531,1970.0699462890625,13.329999923706056,2.553999900817871,0.29,,99.60789
2014-07-31,3.2230000495910645,2351.0,1281.300048828125,20.37299919128418,98.16999816894533,81.45999908447266,1930.6700439453125,16.950000762939453,2.555999994277954,0.29,,99.60789
2014-08-01,3.2065000534057617,2335.0,1293.5999755859375,20.332000732421875,97.87999725341795,81.30000305175781,1925.1500244140625,17.030000686645508,2.505000114440918,0.25,,99.54608
2014-08-04,3.236500024795532,2375.0,1287.699951171875,20.194000244140625,98.29000091552734,81.33000183105469,1938.989990234375,15.119999885559082,2.490999937057495,0.26,,99.54608
2014-08-05,3.1989998817443848,2359.0,1284.0,19.79400062561035,97.37999725341795,81.5199966430664,1920.2099609375,16.8700008392334,2.4830000400543213,0.25,,99.54608
2014-08-06,3.1624999046325684,2374.5,1306.699951171875,19.98500061035156,96.91999816894533,81.44000244140625,1920.239990234375,16.3700008392334,2.4739999771118164,0.24,,99.54608
2014-08-07,3.1705000400543213,2372.5,1310.800048828125,19.951000213623047,97.33999633789062,81.5199966430664,1909.5699462890625,16.65999984741211,2.424000024795532,0.19,,99.54608
2014-08-08,3.1659998893737797,2372.5,1308.9000244140625,19.902000427246094,97.6500015258789,81.38999938964844,1931.5899658203125,15.770000457763672,2.414999961853028,0.19,,99.54608
2014-08-11,3.1670000553131104,2385.0,1308.5,20.059999465942383,98.08000183105467,81.47000122070312,1936.9200439453125,14.229999542236328,2.4200000762939453,0.19,,99.54608
2014-08-12,3.1489999294281006,2385.5,1308.800048828125,19.8700008392334,97.37000274658205,81.5,1933.75,14.130000114440918,2.441999912261963,0.22,,99.54608
2014-08-13,3.1059999465942383,2361.0,1312.800048828125,19.809999465942383,97.58999633789062,81.5999984741211,1946.719970703125,12.899999618530272,2.4130001068115234,0.2,,99.54608
2014-08-14,3.0855000019073486,2325.25,1313.9000244140625,19.871000289916992,95.58000183105467,81.58999633789062,1955.1800537109373,12.420000076293944,2.400000095367432,0.19,,99.54608
2014-08-15,3.0969998836517334,2321.5,1304.5,19.489999771118164,97.3499984741211,81.41999816894531,1955.06005859375,13.149999618530272,2.345000028610229,0.16,,99.54608
2014-08-18,3.1029999256134038,2340.0,1297.699951171875,19.600000381469727,96.41000366210938,81.58000183105469,1971.739990234375,12.31999969482422,2.38700008392334,0.21,,99.54608
2014-08-19,3.0855000019073486,2362.75,1295.0999755859375,19.386999130249023,94.4800033569336,81.87999725341797,1981.5999755859373,12.210000038146973,2.4049999713897705,0.23,,99.54608
2014-08-20,3.174000024795532,2400.25,1293.4000244140625,19.472000122070312,96.06999969482422,82.25,1986.510009765625,11.779999732971191,2.4260001182556152,0.26,,99.54608
2014-08-21,3.171999931335449,2386.25,1273.699951171875,19.38999938964844,93.95999908447266,82.1500015258789,1992.3699951171875,11.760000228881836,2.407000064849853,0.24,,99.54608
2014-08-22,3.1989998817443848,2401.25,1278.5999755859375,19.36100006103516,93.6500015258789,82.33999633789062,1988.4000244140625,11.470000267028809,2.4030001163482666,0.26,,99.54608
2014-08-25,3.213500022888184,2401.25,1277.300048828125,19.33799934387207,93.3499984741211,82.55000305175781,1997.9200439453125,11.699999809265137,2.38700008392334,0.24,,99.54608
2014-08-26,3.181999921798706,2443.5,1283.800048828125,19.3700008392334,93.86000061035156,82.6500015258789,2000.02001953125,11.630000114440918,2.3910000324249268,0.25,,99.54608
2014-08-27,3.174499988555908,2441.25,1281.9000244140625,19.395000457763672,93.87999725341795,82.43000030517578,2000.1199951171875,11.779999732971191,2.361000061035156,0.23,,99.54608
2014-08-28,3.126499891281128,2441.75,1288.699951171875,19.53400039672852,94.5500030517578,82.4800033569336,1996.739990234375,12.050000190734863,2.3340001106262207,0.21,,99.54608
2014-08-29,3.134999990463257,2462.25,1285.800048828125,19.39800071716309,95.95999908447266,82.75,2003.3699951171875,12.09000015258789,2.3429999351501465,0.23,,99.54608
2014-09-02,3.134500026702881,2472.0,1263.699951171875,19.07099914550781,92.87999725341795,82.98999786376953,2002.280029296875,12.25,2.4189999103546143,0.27,,99.3738
2014-09-03,3.111500024795532,2452.75,1268.9000244140625,19.107999801635746,95.54000091552734,82.87000274658203,2000.719970703125,12.359999656677246,2.4100000858306885,0.24,,99.3738
2014-09-04,3.138499975204468,2478.25,1265.0999755859375,19.06399917602539,94.4499969482422,83.81999969482422,1997.6500244140625,12.640000343322754,2.447999954223633,0.28,,99.3738
2014-09-05,3.157999992370605,2463.75,1265.800048828125,19.082000732421875,93.29000091552734,83.76000213623047,2007.7099609375,12.09000015258789,2.4609999656677246,0.31,,99.3738
2014-09-08,3.157500028610229,2466.75,1252.699951171875,18.886999130249023,92.66000366210938,84.2300033569336,2001.5400390625,12.65999984741211,2.469000101089477,0.35,,99.3738
2014-09-09,3.094500064849853,2438.0,1246.800048828125,18.8439998626709,92.75,84.27999877929688,1988.43994140625,13.5,2.5,0.39,,99.3738
2014-09-10,3.1045000553131104,2423.5,1243.5,18.856000900268555,91.66999816894533,84.25,1995.68994140625,12.880000114440918,2.5339999198913574,0.44,,99.3738
2014-09-11,3.086999893188477,2411.5,1237.4000244140625,18.53300094604492,92.83000183105467,84.30000305175781,1997.449951171875,12.800000190734863,2.5309998989105225,0.42,,99.3738
2014-09-12,3.101999998092652,2399.0,1229.9000244140625,18.54599952697754,92.2699966430664,84.23999786376953,1985.5400390625,13.3100004196167,2.614000082015991,0.49,,99.3738
2014-09-15,3.0810000896453857,2358.0,1233.5999755859375,18.55599975585937,92.91999816894533,84.26000213623047,1984.1300048828125,14.119999885559082,2.5910000801086426,0.47,,99.3738
2014-09-16,3.1600000858306885,2386.25,1235.199951171875,18.6560001373291,94.87999725341795,84.06999969482422,1998.97998046875,12.729999542236328,2.58899998664856,0.48,,99.3738
2014-09-17,3.1414999961853027,2355.5,1234.4000244140625,18.663000106811523,94.41999816894533,84.69999694824219,2001.5699462890625,12.649999618530272,2.5999999046325684,0.56,,99.3738
2014-09-18,3.0924999713897705,2340.5,1225.699951171875,18.45199966430664,93.06999969482422,84.31999969482422,2011.3599853515625,12.029999732971191,2.628999948501587,0.61,,99.3738
2014-09-19,3.088500022888184,2335.75,1215.300048828125,17.7810001373291,92.41000366210938,84.80000305175781,2010.4000244140625,12.109999656677246,2.586999893188477,0.56,,99.3738
2014-09-22,3.0380001068115234,2334.0,1216.800048828125,17.698999404907227,91.5199966430664,84.66999816894531,1994.2900390625,13.6899995803833,2.565999984741211,0.58,,99.3738
2014-09-23,3.0344998836517334,2327.0,1221.0,17.71299934387207,91.55999755859376,84.66000366210938,1982.77001953125,14.93000030517578,2.5350000858306885,0.52,,99.3738
2014-09-24,3.059499979019165,2341.75,1218.5999755859375,17.64299964904785,92.8000030517578,85.05000305175781,1998.300048828125,13.270000457763672,2.569000005722046,0.54,,99.3738
2014-09-25,3.059999942779541,2316.5,1221.199951171875,17.378999710083008,92.52999877929688,85.19999694824219,1965.989990234375,15.640000343322754,2.510999917984009,0.5,,99.3738
2014-09-26,3.0290000438690186,2314.5,1214.0999755859375,17.476999282836914,93.54000091552734,85.63999938964844,1982.8499755859373,14.850000381469728,2.5350000858306885,0.57,,99.3738
2014-09-29,3.052999973297119,2328.25,1217.5,17.516000747680664,94.56999969482422,85.58999633789062,1977.800048828125,15.979999542236328,2.490999937057495,0.55,,99.3738
2014-09-30,3.005500078201294,2320.5,1210.5,17.006000518798828,91.16000366210938,85.94000244140625,1972.2900390625,16.309999465942383,2.507999897003174,0.55,,99.3738
2014-10-01,3.033499956130981,2291.75,1214.5999755859375,17.209999084472656,90.7300033569336,85.97000122070312,1946.1600341796875,16.709999084472656,2.4030001163482666,0.46,,99.10511
2014-10-02,2.996500015258789,2255.75,1214.199951171875,17.000999450683594,91.01000213623048,85.5999984741211,1946.1700439453125,16.15999984741211,2.437999963760376,0.49,,99.10511
2014-10-03,2.994499921798706,2279.25,1192.199951171875,16.780000686645508,89.73999786376953,86.69000244140625,1967.9000244140625,14.550000190734863,2.447000026702881,0.52,,99.10511
2014-10-06,3.0304999351501465,2300.5,1206.699951171875,17.18000030517578,90.33999633789062,85.70999908447266,1964.8199462890625,15.460000038146973,2.424999952316284,0.5,,99.10511
2014-10-07,3.0344998836517334,2319.75,1211.699951171875,17.19099998474121,88.8499984741211,85.66999816894531,1935.0999755859373,17.200000762939453,2.3499999046325684,0.44,,99.10511
2014-10-08,3.0,2307.0,1205.300048828125,17.014999389648438,87.30999755859375,85.30000305175781,1968.8900146484373,15.109999656677246,2.3299999237060547,0.39,,99.10511
2014-10-09,3.0280001163482666,2319.0,1224.5999755859375,17.367000579833984,85.7699966430664,85.5199966430664,1928.2099609375,18.76000022888184,2.32699990272522,0.37,,99.10511
2014-10-10,3.032000064849853,2304.25,1221.0,17.25200080871582,85.81999969482422,85.91000366210938,1906.1300048828125,21.239999771118164,2.306999921798706,0.35,,99.10511
2014-10-13,3.0364999771118164,2316.25,1229.300048828125,17.29400062561035,85.73999786376953,85.43000030517578,1874.739990234375,24.63999938964844,2.2860000133514404,0.35,,99.10511
2014-10-14,3.0850000381469727,2320.75,1233.5999755859375,17.35300064086914,81.83999633789062,85.81999969482422,1877.699951171875,22.790000915527344,2.2060000896453857,0.29,,99.10511
2014-10-15,3.004499912261963,2296.0,1244.0999755859375,17.415000915527344,81.77999877929688,85.1500015258789,1862.489990234375,25.270000457763672,2.0899999141693115,0.29,,99.10511
2014-10-16,2.9784998893737797,2285.25,1240.5,17.38800048828125,82.69999694824219,85.0,1862.760009765625,25.200000762939453,2.1530001163482666,0.28,,99.10511
2014-10-17,3.000999927520752,2349.75,1238.300048828125,17.281999588012695,82.75,85.19000244140625,1886.760009765625,21.989999771118164,2.1989998817443848,0.3,,99.10511
2014-10-20,2.990499973297119,2358.0,1244.0,17.304000854492188,82.70999908447266,84.94999694824219,1904.010009765625,18.56999969482422,2.180999994277954,0.29,,99.10511
2014-10-21,3.0309998989105225,2378.25,1251.0,17.503999710083008,82.80999755859375,85.30999755859375,1941.280029296875,16.079999923706055,2.2079999446868896,0.33,,99.10511
2014-10-22,3.0225000381469727,2398.5,1244.800048828125,17.18600082397461,80.5199966430664,85.73999786376953,1927.1099853515625,17.8700008392334,2.2290000915527344,0.34,,99.10511
2014-10-23,3.049999952316284,2398.5,1228.5,17.11400032043457,82.08999633789062,85.83999633789062,1950.8199462890625,16.530000686645508,2.275000095367432,0.38,,99.10511
2014-10-24,3.0510001182556152,2361.5,1231.199951171875,17.13599967956543,81.01000213623047,85.7300033569336,1964.5799560546875,16.110000610351562,2.2730000019073486,0.39,,99.10511
2014-10-27,3.078000068664551,2373.5,1229.0999755859375,17.114999771118164,81.0,85.5,1961.6300048828125,16.040000915527344,2.256999969482422,0.38,,99.10511
2014-10-28,3.1085000038146973,2395.25,1229.199951171875,17.184999465942383,81.41999816894531,85.41000366210938,1985.050048828125,14.390000343322754,2.2839999198913574,0.39,,99.10511
2014-10-29,3.111999988555908,2431.25,1224.300048828125,17.2189998626709,82.19999694824219,85.94999694824219,1982.300048828125,15.149999618530272,2.322999954223633,0.42,,99.10511
2014-10-30,3.072000026702881,2420.75,1198.0999755859375,16.391000747680664,81.12000274658203,86.1500015258789,1994.6500244140625,14.520000457763672,2.305000066757202,0.42,,99.10511
2014-10-31,3.061000108718872,2445.5,1171.0999755859375,16.07699966430664,80.54000091552734,86.87999725341797,2018.050048828125,14.029999732971191,2.3350000381469727,0.43,,99.10511
2014-11-03,3.0794999599456787,2461.5,1169.4000244140625,16.174999237060547,78.77999877929688,87.30999755859375,2017.81005859375,14.729999542236328,2.3480000495910645,0.43,,98.79473
2014-11-04,3.033499956130981,2442.5,1167.4000244140625,15.927000045776367,77.19000244140625,86.9800033569336,2012.0999755859373,14.890000343322754,2.3420000076293945,0.43,,98.79473
2014-11-05,3.0225000381469727,2445.25,1145.4000244140625,15.41800022125244,78.68000030517578,87.44000244140625,2023.5699462890625,14.170000076293944,2.3499999046325684,0.43,,98.79473
2014-11-06,3.0304999351501465,2471.0,1142.300048828125,15.392000198364258,77.91000366210938,88.01000213623047,2031.2099609375,13.670000076293944,2.375,0.45,,98.79473
2014-11-07,3.052500009536743,2455.5,1169.5999755859375,15.699000358581545,78.6500015258789,87.63999938964844,2031.9200439453125,13.119999885559082,2.312000036239624,0.38,,98.79473
2014-11-10,3.0274999141693115,2424.25,1159.5999755859375,15.656999588012695,77.4000015258789,87.80999755859375,2038.260009765625,12.670000076293944,2.358999967575073,0.44,,98.79473
2014-11-11,3.0415000915527344,2434.0,1162.800048828125,15.663999557495115,77.94000244140625,87.52999877929688,2039.6800537109373,12.920000076293944,2.359999895095825,0.44,,98.79473
2014-11-12,3.0344998836517334,2454.5,1158.9000244140625,15.619000434875488,77.18000030517578,87.81999969482422,2038.25,13.020000457763672,2.358999967575073,0.46,,98.79473
2014-11-13,2.999500036239624,2434.75,1161.0999755859375,15.616999626159668,74.20999908447266,87.66999816894531,2039.3299560546875,13.789999961853027,2.3469998836517334,0.47,,98.79473
2014-11-14,3.058000087738037,2409.5,1185.0,16.309999465942383,75.81999969482422,87.52999877929688,2039.8199462890625,13.3100004196167,2.319999933242798,0.43,,98.79473
2014-11-17,3.049499988555908,2421.0,1183.0,16.05299949645996,75.63999938964844,87.93000030517578,2041.3199462890625,13.989999771118164,2.3399999141693115,0.48,,98.79473
2014-11-18,3.010999917984009,2402.5,1196.699951171875,16.170000076293945,74.61000061035156,87.58000183105469,2051.800048828125,13.859999656677246,2.322000026702881,0.48,,98.79473
2014-11-19,3.046999931335449,2409.25,1193.5999755859375,16.290000915527344,74.58000183105469,87.6500015258789,2048.719970703125,13.960000038146973,2.3510000705718994,0.53,,98.79473
2014-11-20,3.0274999141693115,2422.25,1190.699951171875,16.132999420166016,75.58000183105469,87.58999633789062,2052.75,13.579999923706056,2.3350000381469727,0.49,,98.79473
2014-11-21,3.0350000858306885,2434.25,1197.5,16.391000747680664,76.51000213623047,88.30999755859375,2063.5,12.899999618530272,2.315000057220459,0.45,,98.79473
2014-11-24,3.003999948501587,2424.5,1195.5,16.37700080871582,75.77999877929688,88.1500015258789,2069.409912109375,12.619999885559082,2.309999942779541,0.44,,98.79473
2014-11-25,2.9609999656677246,2427.5,1197.0999755859375,16.554000854492188,74.08999633789062,87.91999816894531,2067.030029296875,12.25,2.259999990463257,0.42,,98.79473
2014-11-26,2.9600000381469727,2428.0,1196.5999755859375,16.54800033569336,73.69000244140625,87.61000061035156,2072.830078125,12.06999969482422,2.233999967575073,0.42,,98.79473
2014-11-28,2.859999895095825,2368.25,1175.199951171875,15.48900032043457,66.1500015258789,88.36000061035156,2067.56005859375,13.329999923706056,2.194000005722046,0.39,,98.79473
2014-12-01,2.930500030517578,2367.75,1218.0,16.648000717163086,69.0,87.94999694824219,2053.43994140625,14.15999984741211,2.2179999351501465,0.43,,98.54878
2014-12-02,2.9135000705718994,2326.5,1199.199951171875,16.408000946044922,66.87999725341797,88.6500015258789,2066.550048828125,12.850000381469728,2.2850000858306885,0.51,,98.54878
2014-12-03,2.8929998874664307,2308.25,1208.5,16.358999252319336,67.37999725341797,88.95999908447266,2074.330078125,12.5,2.2869999408721924,0.5,,98.54878
2014-12-04,2.932499885559082,2333.75,1207.5,16.520000457763672,66.80999755859375,88.69999694824219,2071.919921875,12.380000114440918,2.256999969482422,0.48,,98.54878
2014-12-05,2.92549991607666,2323.5,1190.0999755859375,16.195999145507812,65.83999633789062,89.33000183105469,2075.3701171875,11.890000343322754,2.306999921798706,0.56,,98.54878
2014-12-08,2.9105000495910645,2312.75,1194.699951171875,16.215999603271484,63.04999923706055,89.04000091552734,2060.31005859375,14.210000038146973,2.256999969482422,0.55,,98.54878
2014-12-09,2.946500062942505,2322.75,1231.5,17.08099937438965,63.81999969482422,88.69000244140625,2059.820068359375,15.350000381469728,2.220000028610229,0.49,,98.54878
2014-12-10,2.9140000343322754,2309.25,1228.9000244140625,17.132999420166016,60.93999862670898,88.2699966430664,2026.1400146484373,18.530000686645508,2.1689999103546143,0.47,,98.54878
2014-12-11,2.940999984741211,2297.75,1225.0999755859375,17.05900001525879,59.95000076293945,88.66000366210938,2035.3299560546875,20.07999992370605,2.177999973297119,0.49,,98.54878
2014-12-12,2.946500062942505,2288.25,1222.0,17.018999099731445,57.810001373291016,88.36000061035156,2002.3299560546875,21.07999992370605,2.1029999256134038,0.46,,98.54878
2014-12-15,2.8980000019073486,2271.25,1207.199951171875,16.527000427246094,55.90999984741211,88.45999908447266,1989.6300048828125,20.420000076293945,2.115999937057495,0.5,,98.54878
2014-12-16,2.877500057220459,2252.5,1193.9000244140625,15.71500015258789,55.93000030517578,88.12999725341797,1972.739990234375,23.56999969482422,2.071000099182129,0.42,,98.54878
2014-12-17,2.887500047683716,2268.25,1194.300048828125,15.890999794006348,56.470001220703125,89.12999725341797,2012.8900146484373,19.440000534057617,2.1480000019073486,0.49,,98.54878
2014-12-18,2.872499942779541,2255.5,1194.699951171875,15.894000053405762,54.11000061035156,89.23999786376953,2061.22998046875,16.809999465942383,2.2039999961853027,0.57,,98.54878
2014-12-19,2.907999992370605,2255.0,1195.9000244140625,15.991000175476074,56.52000045776367,89.5999984741211,2070.64990234375,16.489999771118164,2.1760001182556152,0.49,,98.54878
2014-12-22,2.9035000801086426,2233.5,1179.699951171875,15.64900016784668,55.2599983215332,89.7699966430664,2078.5400390625,15.25,2.1619999408721924,0.47,,98.54878
2014-12-23,2.9019999504089355,2217.0,1177.9000244140625,15.729999542236328,57.119998931884766,90.05999755859375,2082.169921875,14.800000190734863,2.256999969482422,0.56,,98.54878
2014-12-24,2.874500036239624,2208.0,1173.5,15.67300033569336,55.84000015258789,89.97000122070312,2081.8798828125,14.369999885559082,2.263999938964844,0.59,,98.54878
2014-12-26,2.8355000019073486,2208.0,1195.300048828125,16.11199951171875,54.72999954223633,90.02999877929688,2088.77001953125,14.5,2.25,0.58,,98.54878
2014-12-29,2.838000059127808,2201.75,1181.699951171875,15.744000434875488,53.61000061035156,90.19000244140624,2090.570068359375,15.0600004196167,2.2070000171661377,0.57,,98.54878
2014-12-30,2.86899995803833,2194.0,1200.199951171875,16.239999771118164,54.119998931884766,89.98999786376953,2080.35009765625,15.920000076293944,2.190000057220459,0.56,,98.54878
2014-12-31,2.838500022888184,2194.0,1183.9000244140625,15.5649995803833,53.27000045776367,90.2699966430664,2058.89990234375,19.200000762939453,2.1700000762939453,0.49,,98.54878
2015-01-02,2.838500022888184,2168.5,1186.0,15.734000205993652,52.68999862670898,91.08000183105467,2058.199951171875,17.790000915527344,2.122999906539917,0.41,,98.40517
2015-01-05,2.7929999828338623,2148.25,1203.9000244140625,16.179000854492188,50.040000915527344,91.37999725341795,2020.5799560546875,19.920000076293945,2.0390000343322754,0.4,,98.40517
2015-01-06,2.803999900817871,2144.5,1219.300048828125,16.60300064086914,47.93000030517578,91.5,2002.6099853515625,21.1200008392334,1.963000059127808,0.41,,98.40517
2015-01-07,2.7960000038146973,2165.0,1210.5999755859375,16.510000228881836,48.650001525878906,91.88999938964844,2025.9000244140625,19.309999465942383,1.9539999961853027,0.39,,98.40517
2015-01-08,2.806999921798706,2202.75,1208.4000244140625,16.35099983215332,48.790000915527344,92.37000274658205,2062.139892578125,17.010000228881836,2.0160000324249268,0.41,,98.40517
2015-01-09,2.7904999256134038,2189.0,1216.0,16.38599967956543,48.36000061035156,91.94000244140624,2044.81005859375,17.549999237060547,1.9709999561309812,0.36,,98.40517
2015-01-12,2.763000011444092,2197.75,1232.699951171875,16.53499984741211,46.06999969482422,91.9800033569336,2028.260009765625,19.600000381469727,1.9119999408721924,0.35,,98.40517
2015-01-13,2.678999900817871,2189.5,1234.300048828125,17.125,45.88999938964844,92.30999755859376,2023.030029296875,20.559999465942383,1.8899999856948853,0.37,,98.40517
2015-01-14,2.552999973297119,2171.5,1234.4000244140625,16.95599937438965,48.47999954223633,92.16000366210938,2011.27001953125,21.479999542236328,1.837000012397766,0.29,,98.40517
2015-01-15,2.611000061035156,2203.25,1264.699951171875,17.072999954223633,46.25,92.3499984741211,1992.6700439453125,22.38999938964844,1.774999976158142,0.19,,98.40517
2015-01-16,2.6540000438690186,2242.75,1276.9000244140625,17.73900032043457,48.68999862670898,92.5199966430664,2019.4200439453125,20.950000762939453,1.815000057220459,0.23,,98.40517
2015-01-20,2.615499973297119,2242.0,1294.199951171875,17.94700050354004,46.38999938964844,93.0500030517578,2022.550048828125,19.88999938964844,1.807000041007996,0.23,,98.40517
2015-01-21,2.615000009536743,2267.25,1293.699951171875,18.179000854492188,47.77999877929688,92.9000015258789,2032.1199951171875,18.850000381469727,1.8530000448226929,0.26,,98.40517
2015-01-22,2.6005001068115234,2272.25,1300.699951171875,18.34600067138672,46.310001373291016,94.23999786376952,2063.14990234375,16.399999618530273,1.8960000276565552,0.29,,98.40517
2015-01-23,2.5374999046325684,2229.0,1292.5999755859375,18.28400039672852,45.59000015258789,95.0,2051.820068359375,16.65999984741211,1.8170000314712524,0.21,,98.40517
2015-01-26,2.573499917984009,2281.75,1279.4000244140625,17.966999053955078,45.150001525878906,94.8000030517578,2057.090087890625,15.520000457763672,1.8279999494552608,0.22,,98.40517
2015-01-27,2.513499975204468,2275.0,1291.699951171875,18.06800079345703,46.22999954223633,94.0199966430664,2029.550048828125,17.219999313354492,1.825000047683716,0.17,,98.40517
2015-01-28,2.5215001106262207,2281.0,1285.9000244140625,18.06800079345703,44.45000076293945,94.47000122070312,2002.1600341796875,20.440000534057617,1.7239999771118164,0.12,,98.40517
2015-01-29,2.470499992370605,2249.5,1254.5999755859375,16.757999420166016,44.52999877929688,94.77999877929688,2021.25,18.76000022888184,1.7510000467300415,0.15,,98.40517
2015-01-30,2.5280001163482666,2295.5,1278.5,17.191999435424805,48.2400016784668,94.8000030517578,1994.989990234375,20.96999931335449,1.6749999523162842,0.03,,98.40517
2015-02-02,2.510999917984009,2297.5,1276.199951171875,17.235000610351562,49.56999969482422,94.5,2020.8499755859373,19.43000030517578,1.6729999780654907,0.03,,98.40763
2015-02-03,2.5999999046325684,2311.75,1259.699951171875,17.30500030517578,53.04999923706055,93.5999984741211,2050.030029296875,17.329999923706055,1.7799999713897705,0.09,,98.40763
2015-02-04,2.611999988555908,2296.5,1263.800048828125,17.378999710083008,48.45000076293945,93.98999786376952,2041.510009765625,18.32999992370605,1.7970000505447388,0.1,,98.40763
2015-02-05,2.611999988555908,2309.5,1262.0,17.18000030517578,50.47999954223633,94.6999969482422,2062.52001953125,16.850000381469727,1.815000057220459,0.13,,98.40763
2015-02-06,2.6029999256134038,2260.25,1233.9000244140625,16.67799949645996,51.68999862670898,94.6999969482422,2055.469970703125,17.290000915527344,1.937999963760376,0.24,,98.40763
2015-02-09,2.5989999771118164,2249.5,1240.800048828125,17.054000854492188,52.86000061035156,94.4499969482422,2046.739990234375,18.549999237060547,1.9479999542236328,0.25,,98.40763
2015-02-10,2.5625,2204.75,1231.5999755859375,16.85700035095215,50.02000045776367,94.76000213623048,2068.590087890625,17.229999542236328,1.991000056266785,0.31,,98.40763
2015-02-11,2.552500009536743,2182.0,1219.0,16.7450008392334,48.84000015258789,94.98999786376952,2068.530029296875,16.959999084472656,1.9880000352859497,0.32,,98.40763
2015-02-12,2.608999967575073,2212.75,1220.0999755859375,16.777999877929688,51.209999084472656,94.08999633789062,2088.47998046875,15.34000015258789,1.9859999418258667,0.33,,98.40763
2015-02-13,2.6135001182556152,2210.5,1226.5,17.277999877929688,52.77999877929688,94.1999969482422,2096.989990234375,14.6899995803833,2.0209999084472656,0.34,,98.40763
2015-02-17,2.594500064849853,2133.5,1208.0999755859375,16.36199951171875,53.52999877929688,94.05999755859376,2100.340087890625,15.800000190734863,2.1449999809265137,0.43,,98.40763
2015-02-18,2.63949990272522,2072.75,1199.699951171875,16.25,52.13999938964844,94.1999969482422,2099.679931640625,15.449999809265137,2.065999984741211,0.36,,98.40763
2015-02-19,2.6414999961853027,2072.75,1207.0999755859375,16.371000289916992,51.15999984741211,94.4000015258789,2097.449951171875,15.289999961853027,2.11299991607666,0.37,,98.40763
2015-02-20,2.6105000972747803,2111.0,1204.4000244140625,16.26300048828125,50.34000015258789,94.25,2110.300048828125,14.300000190734863,2.132999897003174,0.38,,98.40763
2015-02-23,2.63949990272522,2074.5,1200.300048828125,16.246999740600586,49.45000076293945,94.56999969482422,2109.659912109375,14.5600004196167,2.059000015258789,0.34,,98.40763
2015-02-24,2.7114999294281006,2067.25,1196.9000244140625,16.18199920654297,49.27999877929688,94.48999786376952,2115.47998046875,13.6899995803833,1.9880000352859497,0.27,,98.40763
2015-02-25,2.7074999809265137,2076.0,1201.0,16.423999786376953,50.9900016784668,94.20999908447266,2113.860107421875,13.84000015258789,1.968999981880188,0.24,,98.40763
2015-02-26,2.71399998664856,2105.25,1209.5999755859375,16.58300018310547,48.16999816894531,95.29000091552734,2110.739990234375,13.90999984741211,2.0160000324249268,0.24,,98.40763
2015-02-27,2.7160000801086426,2071.5,1212.5999755859375,16.51300048828125,49.7599983215332,95.25,2104.5,13.34000015258789,2.002000093460083,0.17,,98.40763
2015-03-02,2.7109999656677246,2070.5,1207.699951171875,16.406999588012695,49.59000015258789,95.45999908447266,2117.389892578125,13.039999961853027,2.0840001106262207,0.25,,98.49126
2015-03-03,2.673500061035156,2106.25,1204.0,16.257999420166016,50.52000045776367,95.37999725341795,2107.780029296875,13.859999656677246,2.121999979019165,0.26,,98.49126
2015-03-04,2.677000045776367,2071.0,1200.5999755859375,16.131999969482422,51.52999877929688,95.97000122070312,2098.530029296875,14.229999542236328,2.122999906539917,0.25,,98.49126
2015-03-05,2.671999931335449,2066.25,1195.9000244140625,16.131999969482422,50.7599983215332,96.37999725341795,2101.0400390625,14.039999961853027,2.111999988555908,0.27,,98.49126
2015-03-06,2.628999948501587,2058.5,1164.0999755859375,15.784000396728516,49.61000061035156,97.62000274658205,2071.260009765625,15.199999809265137,2.240000009536743,0.41,,98.49126
2015-03-09,2.687000036239624,2080.5,1166.4000244140625,15.755000114440918,50.0,97.58999633789062,2079.429931640625,15.0600004196167,2.194999933242798,0.44,,98.49126
2015-03-10,2.634999990463257,2030.0,1160.0999755859375,15.61299991607666,48.290000915527344,98.62000274658205,2044.1600341796875,16.690000534057617,2.125999927520752,0.41,,98.49126
2015-03-11,2.622499942779541,2026.75,1150.699951171875,15.345000267028809,48.16999816894531,99.8000030517578,2040.239990234375,16.8700008392334,2.108999967575073,0.39,,98.49126
2015-03-12,2.674499988555908,2009.75,1152.0999755859375,15.493000030517578,47.04999923706055,99.1500015258789,2065.949951171875,15.420000076293944,2.095999956130981,0.39,,98.49126
2015-03-13,2.678499937057495,2026.5,1152.5999755859375,15.47700023651123,44.84000015258789,100.33000183105467,2053.39990234375,16.0,2.111999988555908,0.44,,98.49126
2015-03-16,2.677500009536743,2033.0,1153.300048828125,15.60099983215332,43.880001068115234,99.5999984741211,2081.18994140625,15.609999656677246,2.0980000495910645,0.45,,98.49126
2015-03-17,2.6414999961853027,2042.0,1148.300048828125,15.562000274658203,43.459999084472656,99.58999633789062,2074.280029296875,15.65999984741211,2.058000087738037,0.42,,98.49126
2015-03-18,2.586999893188477,2041.75,1151.4000244140625,15.524999618530272,44.65999984741211,98.5500030517578,2099.5,13.970000267028809,1.950999975204468,0.23,,98.49126
2015-03-19,2.674499988555908,2062.0,1169.0999755859375,16.097999572753906,43.959999084472656,99.0999984741211,2089.27001953125,14.06999969482422,1.9769999980926516,0.19,,98.49126
2015-03-20,2.775000095367432,2088.0,1184.800048828125,16.867000579833984,45.720001220703125,97.91000366210938,2108.10009765625,13.020000457763672,1.9299999475479128,0.17,,98.49126
2015-03-23,2.808000087738037,2084.75,1188.0,16.871999740600586,47.45000076293945,97.02999877929688,2104.419921875,13.40999984741211,1.9149999618530276,0.17,,98.49126
2015-03-24,2.815000057220459,2084.5,1191.699951171875,16.96299934387207,47.5099983215332,97.19000244140624,2091.5,13.619999885559082,1.878000020980835,0.11,,98.49126
2015-03-25,2.805000066757202,2037.0,1197.300048828125,16.979999542236328,49.209999084472656,96.9800033569336,2061.050048828125,15.4399995803833,1.919999957084656,0.12,,98.49126
2015-03-26,2.821500062942505,2061.25,1205.0999755859375,17.121999740600586,51.43000030517578,97.44000244140624,2056.14990234375,15.800000190734863,2.006999969482422,0.21,,98.49126
2015-03-27,2.775000095367432,2041.75,1199.800048828125,17.052000045776367,48.869998931884766,97.29000091552734,2061.02001953125,15.06999969482422,1.9479999542236328,0.19,,98.49126
2015-03-30,2.7874999046325684,2050.75,1184.800048828125,16.656999588012695,48.68000030517578,97.9800033569336,2086.239990234375,14.510000228881836,1.963000059127808,0.23,,98.49126
2015-03-31,2.746999979019165,2062.5,1183.0999755859375,16.58099937438965,47.59999847412109,98.36000061035156,2067.889892578125,15.289999961853027,1.934000015258789,0.18,,98.49126
2015-04-01,2.756500005722046,2036.0,1208.0999755859375,17.04400062561035,50.09000015258789,98.19000244140624,2059.68994140625,15.109999656677246,1.868000030517578,0.07,,98.5661
2015-04-02,2.747999906539917,2035.25,1200.9000244140625,16.68600082397461,49.13999938964844,97.44000244140624,2066.9599609375,14.670000076293944,1.9040000438690183,0.11,,98.5661
2015-04-06,2.7320001125335693,2031.75,1218.5999755859375,17.094999313354492,52.13999938964844,97.11000061035156,2080.6201171875,14.739999771118164,1.9040000438690183,0.07,,98.5661
2015-04-07,2.7769999504089355,2042.0,1210.5999755859375,16.825000762939453,53.97999954223633,97.83000183105467,2076.330078125,14.779999732971191,1.89300000667572,0.04,,98.5661
2015-04-08,2.748500108718872,2017.75,1203.0999755859375,16.440000534057617,50.41999816894531,98.06999969482422,2081.89990234375,13.979999542236328,1.8949999809265137,0.08,,98.5661
2015-04-09,2.744999885559082,2014.75,1193.5999755859375,16.163999557495117,50.790000915527344,99.16000366210938,2091.179931640625,13.09000015258789,1.9579999446868896,0.13,,98.5661
2015-04-10,2.750499963760376,1990.5,1204.5999755859375,16.3700008392334,51.63999938964844,99.38999938964844,2102.06005859375,12.579999923706056,1.950999975204468,0.14,,98.5661
2015-04-13,2.736999988555908,1984.25,1199.300048828125,16.280000686645508,51.90999984741211,99.48999786376952,2092.429931640625,13.9399995803833,1.9390000104904173,0.14,,98.5661
2015-04-14,2.719500064849853,1994.5,1192.800048828125,16.150999069213867,53.290000915527344,98.76000213623048,2095.840087890625,13.670000076293944,1.9040000438690183,0.1,,98.5661
2015-04-15,2.7295000553131104,2018.75,1201.5,16.268999099731445,56.38999938964844,98.33000183105467,2106.6298828125,12.84000015258789,1.899999976158142,0.07,,98.5661
2015-04-16,2.7855000495910645,1997.5,1198.0,16.275999069213867,56.709999084472656,97.41999816894533,2104.989990234375,12.600000381469728,1.878000020980835,0.05,,98.5661
2015-04-17,2.783499956130981,1990.75,1202.9000244140625,16.22100067138672,55.7400016784668,97.5199966430664,2081.179931640625,13.890000343322754,1.850000023841858,-0.02,,98.5661
2015-04-20,2.7355000972747803,1986.75,1193.5,15.883000373840332,56.380001068115234,97.94000244140624,2100.39990234375,13.300000190734863,1.8949999809265137,0.01,,98.5661
2015-04-21,2.7049999237060547,1984.25,1202.9000244140625,16.00200080871582,55.2599983215332,97.9800033569336,2097.2900390625,13.25,1.9160000085830688,0.06,,98.5661
2015-04-22,2.6695001125335693,1977.5,1186.9000244140625,15.791000366210938,56.15999984741211,98.0199966430664,2107.9599609375,12.710000038146973,1.972000002861023,0.12,,98.5661
2015-04-23,2.697999954223633,1960.5,1194.4000244140625,15.824000358581545,57.7400016784668,97.27999877929688,2112.929931640625,12.479999542236328,1.9470000267028809,0.07,,98.5661
2015-04-24,2.752000093460083,1993.0,1175.199951171875,15.630999565124512,57.150001525878906,96.91999816894533,2117.68994140625,12.289999961853027,1.9170000553131104,0.04,,98.5661
2015-04-27,2.7739999294281006,1993.0,1203.300048828125,16.389999389648438,56.9900016784668,96.7699966430664,2108.919921875,13.119999885559082,1.924000024795532,0.03,,98.5661
2015-04-28,2.7799999713897705,2039.75,1214.0,16.586999893188477,57.060001373291016,96.08999633789062,2114.760009765625,12.40999984741211,1.9730000495910645,0.11,,98.5661
2015-04-29,2.7950000762939453,2008.25,1209.800048828125,16.670000076293945,58.58000183105469,95.12000274658205,2106.85009765625,13.390000343322754,2.0350000858306885,0.14,,98.5661
2015-04-30,2.8864998817443848,2025.0,1182.4000244140625,16.124000549316406,59.630001068115234,94.5999984741211,2085.510009765625,14.550000190734863,2.0460000038146973,0.11,,98.5661
2015-05-01,2.93149995803833,2023.5,1174.5,16.111000061035156,59.150001525878906,95.3000030517578,2108.2900390625,12.699999809265137,2.117000102996826,0.18,,98.60554
2015-05-04,2.924000024795532,2023.5,1186.800048828125,16.417999267578125,58.93000030517578,95.4800033569336,2114.489990234375,12.850000381469728,2.134999990463257,0.24,,98.60554
2015-05-05,2.940000057220459,2069.0,1193.199951171875,16.55699920654297,60.400001525878906,95.12999725341795,2089.4599609375,14.3100004196167,2.1760001182556152,0.25,,98.60554
2015-05-06,2.932499885559082,2049.25,1190.300048828125,16.483999252319336,60.93000030517578,94.12999725341795,2080.14990234375,15.149999618530272,2.240000009536743,0.34,,98.60554
2015-05-07,2.9260001182556152,2012.0,1182.4000244140625,16.27199935913086,58.93999862670898,94.62000274658205,2088.0,15.130000114440918,2.184000015258789,0.3,,98.60554
2015-05-08,2.930999994277954,2013.25,1189.0999755859375,16.441999435424805,59.38999938964844,94.79000091552734,2116.10009765625,12.859999656677246,2.150000095367432,0.28,,98.60554
2015-05-11,2.9175000190734863,2001.75,1183.199951171875,16.29800033569336,59.25,95.01000213623048,2105.330078125,13.850000381469728,2.2739999294281006,0.4,,98.60554
2015-05-12,2.950500011444092,2018.25,1192.5999755859375,16.510000228881836,60.75,94.52999877929688,2099.1201171875,13.859999656677246,2.259999990463257,0.4,,98.60554
2015-05-13,2.950000047683716,2006.5,1218.4000244140625,17.207000732421875,60.5,93.62000274658205,2098.47998046875,13.760000228881836,2.282000064849853,0.41,,98.60554
2015-05-14,2.946000099182129,1990.0,1225.4000244140625,17.448999404907227,59.880001068115234,93.36000061035156,2121.10009765625,12.739999771118164,2.239000082015991,0.36,,98.60554
2015-05-15,2.9489998817443848,1973.25,1225.5,17.545000076293945,59.68999862670898,93.13999938964844,2122.72998046875,12.380000114440918,2.1410000324249268,0.31,,98.60554
2015-05-18,2.930000066757202,1938.25,1227.800048828125,17.711999893188477,59.43000030517578,94.19000244140624,2129.199951171875,12.729999542236328,2.2279999256134038,0.37,,98.60554
2015-05-19,2.861500024795532,1938.25,1206.9000244140625,17.049999237060547,57.2599983215332,95.2699966430664,2127.830078125,12.850000381469728,2.26200008392334,0.42,,98.60554
2015-05-20,2.8515000343322754,1876.75,1208.9000244140625,17.091999053955078,58.97999954223633,95.4499969482422,2125.85009765625,12.880000114440918,2.250999927520752,0.38,,98.60554
2015-05-21,2.871000051498413,1875.0,1204.4000244140625,17.111000061035156,60.720001220703125,95.26000213623048,2130.820068359375,12.109999656677246,2.184999942779541,0.35,,98.60554
2015-05-22,2.8334999084472656,1867.25,1204.300048828125,17.030000686645508,59.720001220703125,96.01000213623048,2126.06005859375,12.130000114440918,2.2149999141693115,0.34,,98.60554
2015-05-26,2.8534998893737797,1850.25,1187.199951171875,16.733999252319336,58.02999877929688,97.3000030517578,2104.199951171875,14.0600004196167,2.13700008392334,0.32,,98.60554
2015-05-27,2.815999984741211,1835.75,1185.9000244140625,16.63800048828125,57.5099983215332,97.37000274658205,2123.47998046875,13.270000457763672,2.134999990463257,0.34,,98.60554
2015-05-28,2.7929999828338623,1874.25,1188.0999755859375,16.652999877929688,57.68000030517578,96.97000122070312,2120.7900390625,13.3100004196167,2.130000114440918,0.33,,98.60554
2015-05-29,2.759500026702881,1835.0,1189.4000244140625,16.68400001525879,60.29999923706055,96.91000366210938,2107.389892578125,13.84000015258789,2.095000028610229,0.32,,98.60554
2015-06-01,2.740999937057495,1867.75,1188.300048828125,16.663999557495117,60.20000076293945,97.38999938964844,2111.72998046875,13.970000267028809,2.191999912261963,0.39,,98.57138
2015-06-02,2.757999897003174,1845.0,1194.0999755859375,16.783000946044922,61.2599983215332,95.83999633789062,2109.60009765625,14.239999771118164,2.2660000324249268,0.44,,98.57138
2015-06-03,2.750499963760376,1852.0,1184.699951171875,16.464000701904297,59.63999938964844,95.47000122070312,2114.070068359375,13.65999984741211,2.365999937057495,0.55,,98.57138
2015-06-04,2.7155001163482666,1839.25,1174.9000244140625,16.089000701904297,58.0,95.45999908447266,2095.840087890625,14.710000038146973,2.306999921798706,0.5,,98.57138
2015-06-05,2.7219998836517334,1847.25,1167.800048828125,15.970999717712402,59.130001068115234,96.30999755859376,2092.830078125,14.210000038146973,2.4019999504089355,0.55,,98.57138
2015-06-08,2.7160000801086426,1804.25,1173.199951171875,15.951000213623049,58.13999938964844,95.3000030517578,2079.280029296875,15.289999961853027,2.38100004196167,0.54,,98.57138
2015-06-09,2.740499973297119,1841.0,1177.300048828125,15.949000358581545,60.13999938964844,95.16999816894533,2080.14990234375,14.470000267028809,2.4170000553131104,0.56,,98.57138
2015-06-10,2.7715001106262207,1858.75,1186.0999755859375,15.95199966430664,61.43000030517578,94.6500015258789,2105.199951171875,13.220000267028809,2.4779999256134038,0.63,,98.57138
2015-06-11,2.693000078201294,1838.5,1179.9000244140625,15.95300006866455,60.77000045776367,94.9800033569336,2108.860107421875,12.850000381469728,2.382999897003174,0.56,,98.57138
2015-06-12,2.69950008392334,1844.75,1178.800048828125,15.817999839782717,59.959999084472656,94.97000122070312,2094.110107421875,13.779999732971191,2.384999990463257,0.55,,98.57138
2015-06-15,2.6589999198913574,1820.0,1185.300048828125,16.076000213623047,59.52000045776367,94.80999755859376,2084.429931640625,15.390000343322754,2.3580000400543213,0.51,,98.57138
2015-06-16,2.626499891281128,1822.0,1180.5,15.958000183105469,59.970001220703125,95.0,2096.2900390625,14.8100004196167,2.318000078201294,0.44,,98.57138
2015-06-17,2.622999906539917,1812.5,1176.4000244140625,15.9399995803833,59.91999816894531,94.3000030517578,2100.43994140625,14.5,2.305999994277954,0.42,,98.57138
2015-06-18,2.628499984741211,1815.0,1201.5,16.148000717163086,60.45000076293945,94.04000091552734,2121.239990234375,13.1899995803833,2.3510000705718994,0.46,,98.57138
2015-06-19,2.5920000076293945,1792.5,1201.5,16.104000091552734,59.61000061035156,94.08999633789062,2109.989990234375,13.960000038146973,2.2669999599456787,0.4,,98.57138
2015-06-22,2.588000059127808,1809.75,1183.699951171875,16.136999130249023,59.68000030517578,94.33000183105467,2122.85009765625,12.739999771118164,2.359999895095825,0.47,,98.57138
2015-06-23,2.634000062942505,1837.5,1176.199951171875,15.732000350952148,61.0099983215332,95.43000030517578,2124.199951171875,12.109999656677246,2.4089999198913574,0.5,,98.57138
2015-06-24,2.6465001106262207,1823.25,1172.5999755859375,15.847999572753906,60.27000045776367,95.26000213623048,2108.580078125,13.260000228881836,2.371000051498413,0.48,,98.57138
2015-06-25,2.6454999446868896,1822.25,1171.5,15.80500030517578,59.70000076293945,95.19000244140624,2102.31005859375,14.010000228881836,2.3929998874664307,0.49,,98.57138
2015-06-26,2.6449999809265137,1827.75,1172.9000244140625,15.734999656677246,59.630001068115234,95.47000122070312,2101.489990234375,14.020000457763672,2.4760000705718994,0.57,,98.57138
2015-06-29,2.638499975204468,1813.0,1178.5,15.663999557495115,58.33000183105469,94.79000091552734,2057.639892578125,18.850000381469727,2.3310000896453857,0.46,,98.57138
2015-06-30,2.623500108718872,1804.75,1171.5,15.550999641418455,59.470001220703125,95.48999786376952,2063.110107421875,18.229999542236328,2.3350000381469727,0.48,,98.57138
2015-07-01,2.635499954223633,1836.25,1169.0,15.552000045776367,56.959999084472656,96.30999755859376,2077.419921875,16.09000015258789,2.4179999828338623,0.54,,98.46046
2015-07-02,2.634500026702881,1831.5,1163.0,15.536999702453612,56.93000030517578,96.11000061035156,2076.780029296875,16.790000915527344,2.3929998874664307,0.49,,98.46046
2015-07-06,2.5429999828338623,1799.5,1172.9000244140625,15.72599983215332,52.52999877929688,96.3000030517578,2068.760009765625,17.010000228881836,2.2780001163482666,0.43,,98.46046
2015-07-07,2.450999975204468,1764.5,1152.4000244140625,14.949999809265137,52.33000183105469,96.87000274658205,2081.340087890625,16.09000015258789,2.2309999465942383,0.4,,98.46046
2015-07-08,2.503999948501587,1765.5,1163.300048828125,15.147000312805176,51.650001525878906,96.29000091552734,2046.6800537109373,19.65999984741211,2.2060000896453857,0.39,,98.46046
2015-07-09,2.558000087738037,1788.5,1159.0,15.345000267028809,52.77999877929688,96.61000061035156,2051.31005859375,19.96999931335449,2.3010001182556152,0.47,,98.46046
2015-07-10,2.5455000400543213,1789.0,1157.699951171875,15.468000411987305,52.7400016784668,96.02999877929688,2076.6201171875,16.829999923706055,2.4170000553131104,0.55,,98.46046
2015-07-13,2.555500030517578,1797.5,1155.199951171875,15.435999870300291,52.20000076293945,96.86000061035156,2099.60009765625,13.899999618530272,2.430000066757202,0.58,,98.46046
2015-07-14,2.5445001125335693,1791.5,1153.300048828125,15.295000076293944,53.040000915527344,96.63999938964844,2108.949951171875,13.369999885559082,2.3989999294281006,0.56,,98.46046
2015-07-15,2.5304999351501465,1778.75,1147.199951171875,15.027999877929688,51.40999984741211,97.12999725341795,2107.39990234375,13.229999542236328,2.3499999046325684,0.52,,98.46046
2015-07-16,2.531500101089477,1775.5,1143.800048828125,14.96399974822998,50.90999984741211,97.66000366210938,2124.2900390625,12.109999656677246,2.351999998092652,0.52,,98.46046
2015-07-17,2.504499912261963,1775.0,1131.800048828125,14.81999969482422,50.88999938964844,97.86000061035156,2126.639892578125,11.949999809265137,2.3489999771118164,0.51,,98.46046
2015-07-20,2.483999967575073,1763.0,1106.699951171875,14.744999885559082,50.150001525878906,98.02999877929688,2128.280029296875,12.25,2.371999979019165,0.56,,98.46046
2015-07-21,2.477499961853028,1717.5,1103.4000244140625,14.769000053405762,50.36000061035156,97.33000183105467,2119.2099609375,12.220000267028809,2.3399999141693115,0.53,,98.46046
2015-07-22,2.43149995803833,1712.0,1091.4000244140625,14.71399974822998,49.18999862670898,97.5999984741211,2114.14990234375,12.119999885559082,2.322000026702881,0.53,,98.46046
2015-07-23,2.385499954223633,1693.0,1094.0,14.68299961090088,48.45000076293945,97.12000274658205,2102.14990234375,12.640000343322754,2.2769999504089355,0.49,,98.46046
2015-07-24,2.381500005722046,1697.5,1085.5999755859375,14.47700023651123,48.13999938964844,97.23999786376952,2079.64990234375,13.739999771118164,2.2709999084472656,0.51,,98.46046
2015-07-27,2.3505001068115234,1721.75,1096.5,14.593999862670898,47.38999938964844,96.5,2067.639892578125,15.600000381469728,2.2279999256134038,0.5,,98.46046
2015-07-28,2.4030001163482666,1733.25,1096.300048828125,14.630999565124512,47.97999954223633,96.7699966430664,2093.25,13.4399995803833,2.25,0.51,,98.46046
2015-07-29,2.407999992370605,1733.0,1092.699951171875,14.734000205993652,48.790000915527344,96.9800033569336,2108.570068359375,12.5,2.2790000438690186,0.52,,98.46046
2015-07-30,2.381500005722046,1732.0,1088.4000244140625,14.690999984741213,48.52000045776367,97.55999755859376,2108.6298828125,12.130000114440918,2.2679998874664307,0.51,,98.46046
2015-07-31,2.367500066757202,1705.5,1094.9000244140625,14.746000289916992,47.119998931884766,97.37000274658205,2103.840087890625,12.119999885559082,2.2049999237060547,0.46,,98.46046
2015-08-03,2.3475000858306885,1690.0,1089.4000244140625,14.515999794006348,45.16999816894531,97.48999786376952,2098.0400390625,12.5600004196167,2.150000095367432,0.46,,98.33877
2015-08-04,2.365000009536743,1695.75,1090.699951171875,14.550000190734863,45.7400016784668,97.93000030517578,2093.320068359375,13.0,2.2109999656677246,0.52,,98.33877
2015-08-05,2.3529999256134038,1672.25,1085.699951171875,14.54599952697754,45.150001525878906,97.95999908447266,2099.840087890625,12.510000228881836,2.2679998874664307,0.58,,98.33877
2015-08-06,2.3480000495910645,1695.75,1090.199951171875,14.670000076293944,44.65999984741211,97.83000183105467,2083.56005859375,13.770000457763672,2.233999967575073,0.56,,98.33877
2015-08-07,2.3415000438690186,1670.5,1094.0999755859375,14.815999984741213,43.869998931884766,97.55999755859376,2077.570068359375,13.390000343322754,2.174999952316284,0.52,,98.33877
2015-08-10,2.407500028610229,1722.0,1104.199951171875,15.288999557495115,44.959999084472656,97.16000366210938,2104.179931640625,12.229999542236328,2.23799991607666,0.55,,98.33877
2015-08-11,2.3410000801086426,1691.5,1107.5999755859375,15.281000137329102,43.08000183105469,97.29000091552734,2084.070068359375,13.710000038146973,2.13700008392334,0.49,,98.33877
2015-08-12,2.3605000972747803,1693.75,1123.199951171875,15.472999572753906,43.29999923706055,96.26000213623048,2086.050048828125,13.609999656677246,2.130000114440918,0.52,,98.33877
2015-08-13,2.365499973297119,1667.0,1115.699951171875,15.395999908447266,42.22999954223633,96.4499969482422,2083.389892578125,13.489999771118164,2.188999891281128,0.57,,98.33877
2015-08-14,2.364000082015991,1672.75,1112.9000244140625,15.210000038146973,42.5,96.56999969482422,2091.5400390625,12.829999923706056,2.196000099182129,0.58,,98.33877
2015-08-17,2.3324999809265137,1662.0,1118.5999755859375,15.295000076293944,41.869998931884766,96.81999969482422,2102.43994140625,13.020000457763672,2.150000095367432,0.58,,98.33877
2015-08-18,2.296999931335449,1649.25,1117.0999755859375,14.786999702453612,42.619998931884766,96.97000122070312,2096.919921875,13.789999961853027,2.196000099182129,0.62,,98.33877
2015-08-19,2.282999992370605,1651.0,1128.0999755859375,15.175999641418455,40.79999923706055,96.45999908447266,2079.610107421875,15.25,2.128999948501587,0.55,,98.33877
2015-08-20,2.322999954223633,1659.5,1153.0,15.517000198364258,41.13999938964844,95.75,2035.72998046875,19.13999938964844,2.0840001106262207,0.53,,98.33877
2015-08-21,2.306999921798706,1632.0,1159.5999755859375,15.300999641418455,40.45000076293945,94.83000183105467,1970.8900146484373,28.030000686645508,2.053999900817871,0.52,,98.33877
2015-08-24,2.2690000534057617,1601.5,1153.4000244140625,14.76200008392334,38.2400016784668,93.30999755859376,1893.2099609375,40.7400016784668,1.996999979019165,0.52,,98.33877
2015-08-25,2.322999954223633,1635.0,1138.199951171875,14.609999656677246,39.310001373291016,94.52999877929688,1867.6099853515625,36.02000045776367,2.132999897003174,0.59,,98.33877
2015-08-26,2.250999927520752,1611.5,1124.5999755859375,14.045000076293944,38.59999847412109,95.0999984741211,1940.510009765625,30.31999969482422,2.171999931335449,0.65,,98.33877
2015-08-27,2.3340001106262207,1652.5,1122.4000244140625,14.42099952697754,42.560001373291016,95.61000061035156,1987.6600341796875,26.100000381469727,2.1679999828338623,0.6,,98.33877
2015-08-28,2.3464999198913574,1688.5,1133.0999755859375,14.53499984741211,45.220001220703125,96.11000061035156,1988.8699951171875,26.049999237060547,2.186000108718872,0.58,,98.33877
2015-08-31,2.338000059127808,1688.5,1131.5999755859375,14.57699966430664,49.20000076293945,95.9499969482422,1972.1800537109373,28.43000030517578,2.200000047683716,0.58,,98.33877
2015-09-01,2.302500009536743,1690.0,1138.699951171875,14.61299991607666,45.40999984741211,95.4499969482422,1913.8499755859373,31.399999618530277,2.171999931335449,0.6,,98.28045
2015-09-02,2.3329999446868896,1679.5,1132.5,14.66100025177002,46.25,95.83000183105467,1948.8599853515625,26.09000015258789,2.193000078201294,0.64,,98.28045
2015-09-03,2.390000104904175,1713.0,1123.699951171875,14.70199966430664,46.75,96.41000366210938,1951.1300048828125,25.61000061035156,2.1679999828338623,0.64,,98.28045
2015-09-04,2.319499969482422,1688.5,1120.5999755859375,14.543999671936035,46.04999923706055,96.2300033569336,1921.219970703125,27.799999237060547,2.128000020980835,0.62,,98.28045
2015-09-08,2.438499927520752,1712.5,1120.4000244140625,14.75,45.93999862670898,95.87999725341795,1969.4100341796875,24.899999618530277,2.194000005722046,0.67,,98.28045
2015-09-09,2.442500114440918,1720.5,1102.199951171875,14.567999839782717,44.150001525878906,96.01000213623048,1942.0400390625,26.229999542236328,2.180999994277954,0.65,,98.28045
2015-09-10,2.4544999599456787,1721.25,1109.5,14.633999824523926,45.91999816894531,95.45999908447266,1952.2900390625,24.3700008392334,2.2219998836517334,0.64,,98.28045
2015-09-11,2.461999893188477,1720.0,1103.5,14.489999771118164,44.630001068115234,95.19000244140624,1961.050048828125,23.200000762939453,2.183000087738037,0.61,,98.28045
2015-09-14,2.4140000343322754,1706.5,1107.699951171875,14.357000350952148,44.0,95.25,1953.030029296875,24.25,2.180000066757202,0.62,,98.28045
2015-09-15,2.436000108718872,1696.0,1102.800048828125,14.319000244140623,44.59000015258789,95.61000061035156,1978.0899658203125,22.540000915527344,2.2809998989105225,0.72,,98.28045
2015-09-16,2.4614999294281006,1722.5,1119.199951171875,14.878000259399414,47.150001525878906,95.41999816894533,1995.31005859375,21.350000381469727,2.302999973297119,0.73,,98.28045
2015-09-17,2.4614999294281006,1720.5,1117.300048828125,14.975000381469728,46.900001525878906,94.5500030517578,1990.199951171875,21.13999938964844,2.2170000076293945,0.63,,98.28045
2015-09-18,2.3970000743865967,1712.0,1138.0999755859375,15.154000282287598,44.68000030517578,94.86000061035156,1958.030029296875,22.280000686645508,2.130000114440918,0.58,,98.28045
2015-09-21,2.3984999656677246,1704.5,1133.0999755859375,15.215999603271484,46.68000030517578,95.88999938964844,1966.969970703125,20.13999938964844,2.21399998664856,0.66,,98.28045
2015-09-22,2.306999921798706,1675.5,1125.0,14.75,45.83000183105469,96.27999877929688,1942.739990234375,22.440000534057617,2.125,0.63,,98.28045
2015-09-23,2.305500030517578,1663.0,1131.5999755859375,14.779999732971191,44.47999954223633,96.06999969482422,1938.760009765625,22.1299991607666,2.1440000534057617,0.64,,98.28045
2015-09-24,2.312000036239624,1664.5,1153.800048828125,15.125,44.90999984741211,95.98999786376952,1932.239990234375,23.46999931335449,2.119999885559082,0.64,,98.28045
2015-09-25,2.2915000915527344,1652.5,1146.0,15.105999946594238,45.70000076293945,96.2699966430664,1931.3399658203125,23.6200008392334,2.1679999828338623,0.71,,98.28045
2015-09-28,2.25600004196167,1629.0,1132.0,14.538000106811523,44.43000030517578,96.02999877929688,1881.77001953125,27.6299991607666,2.095000028610229,0.71,,98.28045
2015-09-29,2.253499984741211,1639.5,1127.0999755859375,14.569000244140623,45.22999954223633,95.88999938964844,1884.0899658203125,26.82999992370605,2.053999900817871,0.66,,98.28045
2015-09-30,2.345499992370605,1641.25,1115.5,14.512999534606934,45.09000015258789,96.3499984741211,1920.030029296875,24.5,2.059999942779541,0.65,,98.28045
2015-10-01,2.307499885559082,1630.0,1114.199951171875,14.505999565124512,44.7400016784668,96.19000244140624,1923.8199462890625,22.549999237060547,2.0420000553131104,0.59,,98.23143
2015-10-02,2.3294999599456787,1607.0,1137.0999755859375,15.256999969482422,45.540000915527344,95.83000183105467,1951.3599853515625,20.940000534057617,1.9889999628067017,0.51,,98.23143
2015-10-05,2.359999895095825,1603.75,1138.0999755859375,15.70199966430664,46.2599983215332,96.11000061035156,1987.050048828125,19.540000915527344,2.055999994277954,0.56,,98.23143
2015-10-06,2.358999967575073,1616.25,1146.800048828125,15.979000091552734,48.52999877929688,95.45999908447266,1979.9200439453125,19.399999618530277,2.0350000858306885,0.53,,98.23143
2015-10-07,2.371500015258789,1627.0,1149.0,16.08799934387207,47.810001373291016,95.5,1995.8299560546875,18.399999618530277,2.062000036239624,0.53,,98.23143
2015-10-08,2.3469998836517334,1620.0,1144.699951171875,15.760000228881836,49.43000030517578,95.31999969482422,2013.4300537109373,17.420000076293945,2.1080000400543213,0.54,,98.23143
2015-10-09,2.4170000553131104,1681.25,1156.300048828125,15.809000015258787,49.630001068115234,94.80999755859376,2014.8900146484373,17.079999923706055,2.0989999771118164,0.58,,98.23143
2015-10-12,2.4195001125335693,1672.0,1164.9000244140625,15.854999542236328,47.09999847412109,94.83999633789062,2017.4599609375,16.170000076293945,2.0899999141693115,0.58,,98.23143
2015-10-13,2.3914999961853027,1658.5,1165.800048828125,15.897000312805176,46.65999984741211,94.76000213623048,2003.68994140625,17.670000076293945,2.055000066757202,0.54,,98.23143
2015-10-14,2.4200000762939453,1658.5,1180.0999755859375,16.101999282836914,46.63999938964844,93.93000030517578,1994.239990234375,18.030000686645508,1.9809999465942385,0.5,,98.23143
2015-10-15,2.4260001182556152,1648.75,1187.9000244140625,16.152000427246094,46.380001068115234,94.37000274658205,2023.8599853515625,16.049999237060547,2.0230000019073486,0.54,,98.23143
2015-10-16,2.407000064849853,1646.5,1183.5999755859375,16.101999282836914,47.2599983215332,94.54000091552734,2033.1099853515625,15.050000190734863,2.0230000019073486,0.56,,98.23143
2015-10-19,2.371500015258789,1617.5,1173.300048828125,15.82900047302246,45.88999938964844,94.95999908447266,2033.6600341796875,14.979999542236328,2.0280001163482666,0.59,,98.23143
2015-10-20,2.369499921798706,1602.0,1178.0,15.904999732971191,45.54999923706055,94.8499984741211,2030.77001953125,15.75,2.071000099182129,0.6,,98.23143
2015-10-21,2.364000082015991,1584.5,1167.5999755859375,15.696000099182127,45.20000076293945,95.0500030517578,2018.93994140625,16.700000762939453,2.0299999713897705,0.59,,98.23143
2015-10-22,2.384500026702881,1569.5,1166.5999755859375,15.822999954223633,45.380001068115234,96.33999633789062,2052.510009765625,14.449999809265137,2.025000095367432,0.57,,98.23143
2015-10-23,2.3499999046325684,1565.0,1163.300048828125,15.817999839782717,44.59999847412109,97.06999969482422,2075.14990234375,14.460000038146973,2.0829999446868896,0.58,,98.23143
2015-10-26,2.3564999103546143,1558.25,1167.0,15.899999618530272,43.97999954223633,96.86000061035156,2071.179931640625,15.289999961853027,2.058000087738037,0.59,,98.23143
2015-10-27,2.3580000400543213,1559.75,1166.800048828125,15.857999801635742,43.20000076293945,96.91000366210938,2065.889892578125,15.43000030517578,2.0280001163482666,0.57,,98.23143
2015-10-28,2.3545000553131104,1561.25,1177.0999755859375,16.288000106811523,45.93999862670898,97.77999877929688,2090.35009765625,14.329999923706056,2.0920000076293945,0.63,,98.23143
2015-10-29,2.315500020980835,1554.5,1147.199951171875,15.543999671936035,46.060001373291016,97.27999877929688,2089.409912109375,14.609999656677246,2.1730000972747803,0.67,,98.23143
2015-10-30,2.313499927520752,1557.0,1141.5,15.565999984741213,46.59000015258789,96.9499969482422,2079.360107421875,15.06999969482422,2.151000022888184,0.63,,98.23143
2015-11-02,2.315500020980835,1569.25,1135.800048828125,15.413000106811523,46.13999938964844,96.93000030517578,2104.050048828125,14.149999618530272,2.187000036239624,0.65,,98.15378
2015-11-03,2.32699990272522,1595.5,1114.199951171875,15.244000434875488,47.900001525878906,97.16000366210938,2109.7900390625,14.539999961853027,2.220000028610229,0.65,,98.15378
2015-11-04,2.319499969482422,1619.0,1106.5,15.062999725341797,46.31999969482422,97.9499969482422,2102.31005859375,15.510000228881836,2.2300000190734863,0.68,,98.15378
2015-11-05,2.253499984741211,1626.5,1104.4000244140625,14.98799991607666,45.20000076293945,97.94000244140624,2099.929931640625,15.050000190734863,2.244999885559082,0.71,,98.15378
2015-11-06,2.241499900817871,1649.75,1087.5999755859375,14.696000099182127,44.290000915527344,99.16000366210938,2099.199951171875,14.329999923706056,2.3329999446868896,0.75,,98.15378
2015-11-09,2.2300000190734863,1656.75,1087.9000244140625,14.41800022125244,43.869998931884766,98.9800033569336,2078.580078125,16.520000457763672,2.3420000076293945,0.76,,98.15378
2015-11-10,2.2165000438690186,1642.75,1088.199951171875,14.355999946594238,44.209999084472656,99.29000091552734,2081.719970703125,15.289999961853027,2.322000026702881,0.77,,98.15378
2015-11-11,2.2165000438690186,1651.5,1084.699951171875,14.26200008392334,42.93000030517578,99.01000213623048,2075.0,16.059999465942383,2.338000059127808,0.77,,98.15378
2015-11-12,2.1730000972747803,1626.75,1080.800048828125,14.223999977111816,41.75,98.6500015258789,2045.969970703125,18.3700008392334,2.319000005722046,0.78,,98.15378
2015-11-13,2.1700000762939453,1626.5,1080.800048828125,14.20300006866455,40.7400016784668,98.98999786376952,2023.0400390625,20.07999992370605,2.2799999713897705,0.76,,98.15378
2015-11-16,2.118000030517578,1603.5,1083.699951171875,14.220999717712402,41.7400016784668,99.44000244140624,2053.18994140625,18.15999984741211,2.2730000019073486,0.76,,98.15378
2015-11-17,2.1054999828338623,1611.25,1068.699951171875,14.170000076293944,40.66999816894531,99.62999725341795,2050.43994140625,18.84000015258789,2.260999917984009,0.72,,98.15378
2015-11-18,2.078000068664551,1611.75,1068.800048828125,14.079999923706056,40.75,99.6500015258789,2083.580078125,16.850000381469727,2.2690000534057617,0.71,,98.15378
2015-11-19,2.076499938964844,1607.5,1078.0,14.241999626159668,40.540000915527344,98.98999786376952,2081.239990234375,16.989999771118164,2.247999906539917,0.68,,98.15378
2015-11-20,2.053999900817871,1589.0,1076.4000244140625,14.105999946594238,40.38999938964844,99.56999969482422,2089.169921875,15.470000267028809,2.26200008392334,0.66,,98.15378
2015-11-23,2.0195000171661377,1579.0,1066.800048828125,14.041999816894531,41.75,99.8000030517578,2086.590087890625,15.619999885559082,2.25,0.64,,98.15378
2015-11-24,2.053499937057495,1591.0,1074.300048828125,14.168999671936035,42.869998931884766,99.52999877929688,2089.139892578125,15.93000030517578,2.243000030517578,0.62,,98.15378
2015-11-25,2.0445001125335693,1611.0,1070.5,14.16800022125244,43.040000915527344,99.8000030517578,2088.8701171875,15.1899995803833,2.2320001125335693,0.62,,98.15378
2015-11-27,2.05049991607666,1625.0,1056.199951171875,14.008000373840332,41.709999084472656,100.0199966430664,2090.110107421875,15.119999885559082,2.2249999046325684,0.62,,98.15378
2015-11-30,2.0445001125335693,1602.5,1065.800048828125,14.050000190734863,41.650001525878906,100.16999816894533,2080.409912109375,16.1299991607666,2.2179999351501465,0.62,,98.15378
2015-12-01,2.066499948501587,1630.25,1063.800048828125,14.05500030517578,41.84999847412109,99.8000030517578,2102.6298828125,14.670000076293944,2.1549999713897705,0.58,,98.07473
2015-12-02,2.0290000438690186,1646.75,1054.199951171875,13.979000091552734,39.93999862670898,99.98999786376952,2079.510009765625,15.90999984741211,2.177999973297119,0.62,,98.07473
2015-12-03,2.055999994277954,1634.5,1061.699951171875,14.053000450134276,41.08000183105469,97.62000274658205,2049.6201171875,18.11000061035156,2.3299999237060547,0.72,,98.07473
2015-12-04,2.0739998817443848,1669.5,1084.5,14.505000114440918,39.970001220703125,98.3499984741211,2091.68994140625,14.8100004196167,2.275000095367432,0.68,,98.07473
2015-12-07,2.0445001125335693,1641.5,1076.4000244140625,14.307000160217283,37.650001525878906,98.66000366210938,2077.070068359375,15.84000015258789,2.2249999046325684,0.67,,98.07473
2015-12-08,2.0480000972747803,1628.25,1076.300048828125,14.090999603271484,37.5099983215332,98.47000122070312,2063.590087890625,17.600000381469727,2.23799991607666,0.68,,98.07473
2015-12-09,2.059999942779541,1643.25,1077.5999755859375,14.163999557495115,37.15999984741211,97.3499984741211,2047.6199951171875,19.61000061035156,2.2079999446868896,0.69,,98.07473
2015-12-10,2.065000057220459,1641.75,1073.0999755859375,14.085000038146973,36.7599983215332,97.94000244140624,2052.22998046875,19.34000015258789,2.239000082015991,0.73,,98.07473
2015-12-11,2.1080000400543213,1636.5,1076.9000244140625,13.859000205993652,35.619998931884766,97.56999969482422,2012.3699951171875,24.38999938964844,2.138999938964844,0.67,,98.07473
2015-12-14,2.1040000915527344,1645.0,1064.699951171875,13.666000366210938,36.310001373291016,97.5999984741211,2021.93994140625,22.729999542236328,2.2249999046325684,0.78,,98.07473
2015-12-15,2.0510001182556152,1626.0,1062.9000244140625,13.739999771118164,37.34999847412109,98.22000122070312,2043.4100341796875,20.950000762939453,2.2679998874664307,0.8,,98.07473
2015-12-16,2.061000108718872,1640.0,1078.0,14.218000411987305,35.52000045776367,97.87000274658205,2073.070068359375,17.860000610351562,2.2869999408721924,0.84,,98.07473
2015-12-17,2.0344998836517334,1629.0,1050.800048828125,13.68299961090088,34.95000076293945,99.2699966430664,2041.8900146484373,18.940000534057617,2.23799991607666,0.77,,98.07473
2015-12-18,2.1029999256134038,1657.0,1066.199951171875,14.079999923706056,34.72999954223633,98.6999969482422,2005.550048828125,20.700000762939453,2.1989998817443848,0.73,,98.07473
2015-12-21,2.128999948501587,1664.25,1081.9000244140625,14.300999641418455,34.7400016784668,98.45999908447266,2021.1500244140625,18.700000762939453,2.197000026702881,0.75,,98.07473
2015-12-22,2.0969998836517334,1654.5,1074.800048828125,14.302000045776367,36.13999938964844,98.23999786376952,2038.969970703125,16.600000381469727,2.239000082015991,0.78,,98.07473
2015-12-23,2.111500024795532,1680.0,1069.4000244140625,14.277000427246094,37.5,98.33999633789062,2064.2900390625,15.56999969482422,2.263999938964844,0.76,,98.07473
2015-12-24,2.111500024795532,1697.75,1077.199951171875,14.369000434875488,38.09999847412109,97.9800033569336,2060.989990234375,15.739999771118164,2.243000030517578,0.73,,98.07473
2015-12-28,2.066499948501587,1697.75,1070.5,13.873000144958496,36.810001373291016,97.91999816894533,2056.5,16.90999984741211,2.2249999046325684,0.74,,98.07473
2015-12-29,2.125,1670.75,1077.5,13.916999816894531,37.869998931884766,98.0999984741211,2078.360107421875,16.079999923706055,2.306999921798706,0.79,,98.07473
2015-12-30,2.13700008392334,1661.25,1060.0999755859375,13.814000129699709,36.59999847412109,98.2699966430664,2063.360107421875,17.290000915527344,2.302999973297119,0.77,,98.07473
2015-12-31,2.125499963760376,1634.5,1060.300048828125,13.774999618530272,37.040000915527344,98.62999725341795,2043.93994140625,18.209999084472656,2.2690000534057617,0.73,,98.07473
2016-01-04,2.070499897003174,1601.5,1075.0999755859375,13.81700038909912,36.7599983215332,98.87000274658205,2012.6600341796875,20.700000762939453,2.244999885559082,0.69,,97.99234
2016-01-05,2.088500022888184,1593.25,1078.4000244140625,13.949000358581545,35.970001220703125,99.4000015258789,2016.7099609375,19.34000015258789,2.247999906539917,0.69,,97.99234
2016-01-06,2.0804998874664307,1607.0,1091.9000244140625,13.95699977874756,33.970001220703125,99.18000030517578,1990.260009765625,20.59000015258789,2.177000045776367,0.65,,97.99234
2016-01-07,2.015500068664551,1607.75,1107.699951171875,14.335000038146973,33.27000045776367,98.22000122070312,1943.0899658203125,24.989999771118164,2.1530001163482666,0.66,,97.99234
2016-01-08,2.0164999961853027,1624.5,1097.800048828125,13.907999992370604,33.15999984741211,98.54000091552734,1922.030029296875,27.01000022888184,2.130000114440918,0.65,,97.99234
2016-01-11,1.9674999713897705,1596.5,1096.5,13.854999542236328,31.40999984741211,98.7300033569336,1923.6700439453125,24.299999237060547,2.157999992370605,0.72,,97.99234
2016-01-12,1.9529999494552608,1584.5,1085.5999755859375,13.739999771118164,30.440000534057617,98.97000122070312,1938.6800537109373,22.46999931335449,2.101999998092652,0.69,,97.99234
2016-01-13,1.950500011444092,1599.75,1087.5,14.145000457763672,30.479999542236328,98.93000030517578,1890.280029296875,25.21999931335449,2.065999984741211,0.65,,97.99234
2016-01-14,1.9709999561309812,1621.25,1073.9000244140625,13.737000465393066,31.200000762939453,99.08999633789062,1921.8399658203125,23.950000762939453,2.0980000495910645,0.67,,97.99234
2016-01-15,1.9394999742507932,1609.5,1091.5,13.883999824523926,29.420000076293945,98.95999908447266,1880.3299560546875,27.020000457763672,2.032999992370605,0.67,,97.99234
2016-01-19,1.9735000133514404,1620.0,1089.9000244140625,14.109999656677246,28.459999084472656,98.98999786376952,1881.3299560546875,26.049999237060547,2.0350000858306885,0.68,,97.99234
2016-01-20,1.955999970436096,1605.5,1107.0999755859375,14.147000312805176,26.549999237060547,99.08999633789062,1859.3299560546875,27.59000015258789,1.9839999675750728,0.69,,97.99234
2016-01-21,1.993000030517578,1618.75,1099.0999755859375,14.083000183105469,29.530000686645508,99.05999755859376,1868.989990234375,26.690000534057617,2.0190000534057617,0.74,,97.99234
2016-01-22,1.9984999895095823,1620.0,1097.199951171875,14.04300022125244,32.189998626708984,99.56999969482422,1906.9000244140625,22.34000015258789,2.0480000972747803,0.72,,97.99234
2016-01-25,1.995499968528748,1612.25,1106.199951171875,14.239999771118164,30.34000015258789,99.36000061035156,1877.0799560546875,24.149999618530277,2.0220000743865967,0.69,,97.99234
2016-01-26,2.0339999198913574,1627.75,1121.699951171875,14.543999671936035,31.450000762939453,99.36000061035156,1903.6300048828125,22.5,1.99399995803833,0.65,,97.99234
2016-01-27,2.062999963760376,1650.0,1116.0999755859375,14.4399995803833,32.29999923706055,98.9000015258789,1882.949951171875,23.11000061035156,2.000999927520752,0.62,,97.99234
2016-01-28,2.049000024795532,1639.75,1115.5999755859375,14.215999603271484,33.220001220703125,98.51000213623048,1893.3599853515625,22.420000076293945,1.9850000143051147,0.58,,97.99234
2016-01-29,2.063999891281128,1643.25,1116.4000244140625,14.229000091552734,33.619998931884766,99.61000061035156,1940.239990234375,20.200000762939453,1.930999994277954,0.53,,97.99234
2016-02-01,2.051500082015991,1646.75,1127.9000244140625,14.32900047302246,31.6200008392334,99.0,1939.3800048828125,19.979999542236328,1.965999960899353,0.57,,98.04052
2016-02-02,2.052000045776367,1628.75,1127.300048828125,14.276000022888184,29.8799991607666,98.87000274658205,1903.030029296875,21.979999542236328,1.8639999628067017,0.51,,98.04052
2016-02-03,2.0920000076293945,1645.0,1141.300048828125,14.720000267028809,32.279998779296875,97.29000091552734,1912.530029296875,21.649999618530277,1.88100004196167,0.5,,98.04052
2016-02-04,2.128000020980835,1652.25,1157.5999755859375,14.836000442504885,31.71999931335449,96.47000122070312,1915.449951171875,21.84000015258789,1.8639999628067017,0.51,,98.04052
2016-02-05,2.1005001068115234,1611.25,1157.800048828125,14.763999938964844,30.88999938964844,97.02999877929688,1880.050048828125,23.3799991607666,1.8480000495910645,0.53,,98.04052
2016-02-08,2.088500022888184,1617.25,1197.9000244140625,15.416000366210938,29.690000534057617,96.56999969482422,1853.43994140625,26.0,1.7350000143051147,0.52,,98.04052
2016-02-09,2.0385000705718994,1591.75,1198.699951171875,15.444000244140623,27.940000534057617,96.06999969482422,1852.2099609375,26.540000915527344,1.7289999723434448,0.53,,98.04052
2016-02-10,2.025000095367432,1588.0,1194.699951171875,15.277000427246094,27.450000762939453,95.88999938964844,1851.8599853515625,26.290000915527344,1.7050000429153442,0.5,,98.04052
2016-02-11,2.003999948501587,1592.5,1247.9000244140625,15.788999557495115,26.209999084472656,95.55999755859376,1829.0799560546875,28.13999938964844,1.6440000534057615,0.45,,98.04052
2016-02-12,2.0269999504089355,1604.25,1239.0999755859375,15.78499984741211,29.440000534057617,95.9800033569336,1864.780029296875,25.399999618530277,1.7480000257492063,0.49,,98.04052
2016-02-16,2.049000024795532,1626.0,1207.9000244140625,15.32900047302246,29.040000915527344,96.87000274658205,1895.5799560546875,24.11000061035156,1.777999997138977,0.53,,98.04052
2016-02-17,2.0739998817443848,1615.25,1211.0999755859375,15.371999740600586,30.65999984741211,96.79000091552734,1926.8199462890625,22.309999465942383,1.819000005722046,0.53,,98.04052
2016-02-18,2.071500062942505,1612.25,1226.0999755859375,15.427000045776367,30.770000457763672,96.9499969482422,1917.8299560546875,21.63999938964844,1.758999943733215,0.51,,98.04052
2016-02-19,2.075500011444092,1630.75,1230.4000244140625,15.368000030517578,29.63999938964844,96.5999984741211,1917.780029296875,20.530000686645508,1.7480000257492063,0.5,,98.04052
2016-02-22,2.11299991607666,1662.5,1209.5,15.178999900817873,31.479999542236328,97.37999725341795,1945.5,19.3799991607666,1.7660000324249268,0.46,,98.04052
2016-02-23,2.1045000553131104,1631.25,1222.300048828125,15.234999656677246,31.8700008392334,97.4800033569336,1921.27001953125,20.979999542236328,1.7450000047683716,0.42,,98.04052
2016-02-24,2.095000028610229,1654.0,1238.699951171875,15.291999816894531,32.150001525878906,97.45999908447266,1929.800048828125,20.71999931335449,1.7419999837875366,0.39,,98.04052
2016-02-25,2.065000057220459,1644.5,1238.199951171875,15.164999961853027,33.06999969482422,97.29000091552734,1951.699951171875,19.11000061035156,1.6970000267028809,0.32,,98.04052
2016-02-26,2.118000030517578,1644.5,1219.800048828125,14.689000129699709,32.779998779296875,98.1500015258789,1948.050048828125,19.809999465942383,1.7619999647140503,0.35,,98.04052
2016-02-29,2.128499984741211,1656.0,1233.9000244140625,14.895999908447266,33.75,98.20999908447266,1932.22998046875,20.549999237060547,1.7400000095367432,0.32,,98.04052
2016-03-01,2.1414999961853027,1653.75,1230.300048828125,14.732999801635742,34.400001525878906,98.3499984741211,1978.3499755859373,17.700000762939453,1.8339999914169312,0.35,,98.31345
2016-03-02,2.177500009536743,1669.25,1241.0999755859375,15.003000259399414,34.65999984741211,98.20999908447266,1986.449951171875,17.09000015258789,1.8480000495910645,0.33,,98.31345
2016-03-03,2.2044999599456787,1663.25,1257.4000244140625,15.130999565124512,34.56999969482422,97.56999969482422,1993.4000244140625,16.700000762939453,1.830000042915344,0.3,,98.31345
2016-03-04,2.2709999084472656,1673.0,1269.9000244140625,15.680999755859377,35.91999816894531,97.33999633789062,1999.989990234375,16.860000610351562,1.8830000162124636,0.37,,98.31345
2016-03-07,2.2804999351501465,1691.25,1263.199951171875,15.623000144958496,37.900001525878906,97.06999969482422,2001.760009765625,17.350000381469727,1.9019999504089355,0.43,,98.31345
2016-03-08,2.2184998989105225,1659.0,1262.0999755859375,15.383999824523926,36.5,97.20999908447266,1979.260009765625,18.670000076293945,1.8320000171661377,0.37,,98.31345
2016-03-09,2.2300000190734863,1673.0,1256.5999755859375,15.354999542236328,38.290000915527344,97.16999816894533,1989.260009765625,18.34000015258789,1.8919999599456787,0.39,,98.31345
2016-03-10,2.2174999713897705,1652.25,1272.0,15.54599952697754,37.84000015258789,96.06999969482422,1989.5699462890625,18.049999237060547,1.9290000200271609,0.45,,98.31345
2016-03-11,2.2385001182556152,1652.25,1258.699951171875,15.607000350952148,38.5,96.16999816894533,2022.18994140625,16.5,1.9769999980926516,0.44,,98.31345
2016-03-14,2.236999988555908,1633.75,1244.4000244140625,15.517999649047852,37.18000030517578,96.62000274658205,2019.6400146484373,16.920000076293945,1.963000059127808,0.45,,98.31345
2016-03-15,2.2309999465942383,1615.5,1230.4000244140625,15.255000114440918,36.34000015258789,96.62999725341795,2015.9300537109373,16.84000015258789,1.9589999914169312,0.47,,98.31345
2016-03-16,2.2314999103546143,1604.5,1229.300048828125,15.21399974822998,38.459999084472656,95.88999938964844,2027.219970703125,14.989999771118164,1.937999963760376,0.36,,98.31345
2016-03-17,2.2890000343322754,1615.25,1264.5,16.02199935913086,40.20000076293945,94.76000213623048,2040.5899658203125,14.4399995803833,1.902999997138977,0.34,,98.31345
2016-03-18,2.2795000076293945,1606.25,1253.800048828125,15.805999755859377,39.43999862670898,94.98999786376952,2049.580078125,14.020000457763672,1.871000051498413,0.27,,98.31345
2016-03-21,2.289499998092652,1610.0,1243.800048828125,15.840999603271484,39.90999984741211,95.29000091552734,2051.60009765625,13.789999961853027,1.9229999780654907,0.28,,98.31345
2016-03-22,2.2844998836517334,1594.0,1248.199951171875,15.876999855041504,41.45000076293945,95.6500015258789,2049.800048828125,14.170000076293944,1.934999942779541,0.31,,98.31345
2016-03-23,2.2304999828338623,1582.75,1223.699951171875,15.262999534606934,39.790000915527344,96.0500030517578,2036.7099609375,14.9399995803833,1.875,0.3,,98.31345
2016-03-24,2.2244999408721924,1578.0,1221.4000244140625,15.190999984741213,39.459999084472656,96.13999938964844,2035.93994140625,14.739999771118164,1.899999976158142,0.34,,98.31345
2016-03-28,2.241499900817871,1578.0,1219.9000244140625,15.194000244140623,39.38999938964844,95.94000244140624,2037.050048828125,15.239999771118164,1.870000004768372,0.33,,98.31345
2016-03-29,2.2084999084472656,1580.25,1235.5999755859375,15.237000465393066,38.27999877929688,95.16000366210938,2055.010009765625,13.81999969482422,1.8140000104904173,0.2,,98.31345
2016-03-30,2.187000036239624,1590.0,1226.9000244140625,15.206000328063965,38.31999969482422,94.83999633789062,2063.949951171875,13.5600004196167,1.830000042915344,0.18,,98.31345
2016-03-31,2.18149995803833,1603.25,1234.199951171875,15.460000038146973,38.34000015258789,94.58999633789062,2059.739990234375,13.949999809265137,1.7860000133514404,0.16,,98.31345
2016-04-01,2.1610000133514404,1611.75,1222.199951171875,15.041999816894531,36.790000915527344,94.62000274658205,2072.780029296875,13.100000381469728,1.7920000553131104,0.17,,98.47344
2016-04-04,2.138000011444092,1608.75,1218.0,14.94200038909912,35.70000076293945,94.51000213623048,2066.1298828125,14.119999885559082,1.7790000438690186,0.14,,98.47344
2016-04-05,2.134999990463257,1598.5,1228.4000244140625,15.11400032043457,35.88999938964844,94.62999725341795,2045.1700439453125,15.420000076293944,1.7269999980926514,0.14,,98.47344
2016-04-06,2.140500068664551,1589.75,1222.5,15.052000045776367,37.75,94.43000030517578,2066.659912109375,14.09000015258789,1.7549999952316284,0.17,,98.47344
2016-04-07,2.07450008392334,1578.25,1236.199951171875,15.156000137329102,37.2599983215332,94.4800033569336,2041.9100341796875,16.15999984741211,1.690999984741211,0.12,,98.47344
2016-04-08,2.0864999294281006,1594.0,1242.5,15.381999969482422,39.720001220703125,94.23999786376952,2047.5999755859373,15.359999656677246,1.7200000286102295,0.14,,98.47344
2016-04-11,2.088500022888184,1578.75,1256.699951171875,15.973999977111816,40.36000061035156,93.9499969482422,2041.989990234375,16.260000228881836,1.7239999771118164,0.17,,98.47344
2016-04-12,2.1449999809265137,1602.0,1259.4000244140625,16.219999313354492,42.16999816894531,93.95999908447266,2061.719970703125,14.850000381469728,1.781000018119812,0.22,,98.47344
2016-04-13,2.1675000190734863,1628.5,1246.800048828125,16.322999954223633,41.7599983215332,94.73999786376952,2082.419921875,13.84000015258789,1.7619999647140503,0.21,,98.47344
2016-04-14,2.1710000038146973,1629.5,1225.0,16.16900062561035,41.5,94.9000015258789,2082.780029296875,13.720000267028809,1.781000018119812,0.24,,98.47344
2016-04-15,2.1519999504089355,1624.75,1233.0999755859375,16.30900001525879,40.36000061035156,94.6999969482422,2080.72998046875,13.619999885559082,1.7519999742507937,0.2,,98.47344
2016-04-18,2.1640000343322754,1639.0,1233.5999755859375,16.249000549316406,39.77999877929688,94.48999786376952,2094.340087890625,13.350000381469728,1.7730000019073486,0.21,,98.47344
2016-04-19,2.2230000495910645,1658.25,1253.0,16.968000411987305,41.08000183105469,93.9800033569336,2100.800048828125,13.239999771118164,1.7829999923706057,0.19,,98.47344
2016-04-20,2.242000102996826,1691.75,1253.199951171875,17.131000518798828,42.630001068115234,94.48999786376952,2102.39990234375,13.279999732971191,1.8539999723434448,0.23,,98.47344
2016-04-21,2.252000093460083,1702.25,1249.0,17.086000442504883,43.18000030517578,94.5999984741211,2091.47998046875,13.949999809265137,1.870000004768372,0.24,,98.47344
2016-04-22,2.2690000534057617,1719.25,1228.699951171875,16.895999908447266,43.72999954223633,95.12000274658205,2091.580078125,13.220000267028809,1.888000011444092,0.25,,98.47344
2016-04-25,2.258500099182129,1722.25,1238.9000244140625,17.0049991607666,42.63999938964844,94.83999633789062,2087.7900390625,14.079999923706056,1.9019999504089355,0.26,,98.47344
2016-04-26,2.248500108718872,1714.75,1242.199951171875,17.106000900268555,44.040000915527344,94.56999969482422,2091.699951171875,13.960000038146973,1.930999994277954,0.27,,98.47344
2016-04-27,2.220499992370605,1708.0,1249.199951171875,17.285999298095703,45.33000183105469,94.38999938964844,2095.14990234375,13.770000457763672,1.8600000143051147,0.19,,98.47344
2016-04-28,2.2244999408721924,1726.0,1265.5,17.55299949645996,46.02999877929688,93.76000213623048,2075.81005859375,15.220000267028809,1.838000059127808,0.12,,98.47344
2016-04-29,2.2790000438690186,1732.75,1289.199951171875,17.788999557495117,45.91999816894531,93.08000183105467,2065.300048828125,15.699999809265137,1.819000005722046,0.12,,98.47344
2016-05-02,2.2614998817443848,1732.75,1294.699951171875,17.6560001373291,44.77999877929688,92.62999725341795,2081.429931640625,14.68000030517578,1.8650000095367432,0.2,,98.50992
2016-05-03,2.2144999504089355,1692.25,1290.699951171875,17.474000930786133,43.650001525878906,92.94000244140624,2063.3701171875,15.600000381469728,1.7999999523162842,0.17,,98.50992
2016-05-04,2.183000087738037,1687.75,1273.300048828125,17.277000427246094,43.77999877929688,93.18000030517578,2051.1201171875,16.049999237060547,1.784000039100647,0.16,,98.50992
2016-05-05,2.151000022888184,1666.0,1271.4000244140625,17.302000045776367,44.31999969482422,93.77999877929688,2050.6298828125,15.90999984741211,1.746999979019165,0.13,,98.50992
2016-05-06,2.151000022888184,1663.75,1292.9000244140625,17.506999969482422,44.65999984741211,93.88999938964844,2057.139892578125,14.720000267028809,1.7790000438690186,0.18,,98.50992
2016-05-09,2.1040000915527344,1630.5,1265.5999755859375,17.06999969482422,43.43999862670898,94.1500015258789,2058.68994140625,14.56999969482422,1.7599999904632568,0.18,,98.50992
2016-05-10,2.0899999141693115,1624.75,1263.9000244140625,17.075000762939453,44.65999984741211,94.29000091552734,2084.389892578125,13.630000114440918,1.7599999904632568,0.15,,98.50992
2016-05-11,2.1010000705718994,1633.25,1274.5999755859375,17.302000045776367,46.22999954223633,93.81999969482422,2064.4599609375,14.6899995803833,1.7369999885559082,0.14,,98.50992
2016-05-12,2.072999954223633,1612.25,1270.300048828125,17.086999893188477,46.70000076293945,94.13999938964844,2064.110107421875,14.40999984741211,1.756999969482422,0.15,,98.50992
2016-05-13,2.075000047683716,1600.25,1271.9000244140625,17.114999771118164,46.209999084472656,94.61000061035156,2046.6099853515625,15.039999961853027,1.7050000429153442,0.13,,98.50992
2016-05-16,2.0910000801086426,1608.75,1273.4000244140625,17.142000198364258,47.720001220703125,94.56999969482422,2066.659912109375,14.68000030517578,1.753000020980835,0.15,,98.50992
2016-05-17,2.0920000076293945,1604.75,1276.199951171875,17.235000610351562,48.310001373291016,94.5500030517578,2047.2099609375,15.56999969482422,1.758999943733215,0.15,,98.50992
2016-05-18,2.0815000534057617,1609.25,1273.699951171875,17.1200008392334,48.18999862670898,95.08000183105467,2047.6300048828125,15.949999809265137,1.8799999952316284,0.26,,98.50992
2016-05-19,2.062999963760376,1605.25,1254.199951171875,16.479000091552734,48.15999984741211,95.29000091552734,2040.0400390625,16.329999923706055,1.8450000286102293,0.29,,98.50992
2016-05-20,2.058500051498413,1604.0,1252.4000244140625,16.518999099731445,47.75,95.30999755859376,2052.320068359375,15.199999809265137,1.8489999771118164,0.29,,98.50992
2016-05-23,2.057499885559082,1610.25,1251.0999755859375,16.40999984741211,48.08000183105469,95.2300033569336,2048.0400390625,15.81999969482422,1.838000059127808,0.3,,98.50992
2016-05-24,2.069499969482422,1609.5,1228.9000244140625,16.238000869750977,48.619998931884766,95.56999969482422,2076.06005859375,14.420000076293944,1.8589999675750728,0.31,,98.50992
2016-05-25,2.1050000190734863,1595.25,1223.5,16.2549991607666,49.560001373291016,95.3499984741211,2090.5400390625,13.899999618530272,1.870000004768372,0.29,,98.50992
2016-05-26,2.1064999103546143,1613.5,1220.0999755859375,16.33799934387207,49.47999954223633,95.16999816894533,2090.10009765625,13.43000030517578,1.8229999542236328,0.25,,98.50992
2016-05-27,2.114000082015991,1607.75,1213.800048828125,16.246000289916992,49.33000183105469,95.5199966430664,2099.06005859375,13.119999885559082,1.8509999513626096,0.27,,98.50992
2016-05-31,2.0975000858306885,1609.75,1214.800048828125,15.972000122070312,49.09999847412109,95.88999938964844,2096.949951171875,14.1899995803833,1.8339999914169312,0.3,,98.50992
2016-06-01,2.072499990463257,1618.0,1211.9000244140625,15.906000137329102,49.0099983215332,95.45999908447266,2099.330078125,14.199999809265137,1.8459999561309812,0.31,,98.49344
2016-06-02,2.069499969482422,1594.25,1209.800048828125,16.0049991607666,49.16999816894531,95.55999755859376,2105.260009765625,13.630000114440918,1.8109999895095823,0.27,,98.49344
2016-06-03,2.111999988555908,1598.5,1240.0999755859375,16.34600067138672,48.619998931884766,94.02999877929688,2099.1298828125,13.470000267028809,1.7039999961853027,0.19,,98.49344
2016-06-06,2.117000102996826,1606.0,1244.5999755859375,16.42799949645996,49.68999862670898,93.9000015258789,2109.409912109375,13.649999618530272,1.7230000495910645,0.19,,98.49344
2016-06-07,2.0510001182556152,1610.5,1244.4000244140625,16.37700080871582,50.36000061035156,93.83000183105467,2112.1298828125,14.050000190734863,1.7130000591278076,0.15,,98.49344
2016-06-08,2.0625,1656.5,1259.800048828125,16.968000411987305,51.22999954223633,93.58999633789062,2119.1201171875,14.079999923706056,1.7059999704360962,0.12,,98.49344
2016-06-09,2.039999961853028,1631.0,1270.199951171875,17.253000259399414,50.560001373291016,94.0999984741211,2115.47998046875,14.640000343322754,1.6799999475479126,0.12,,98.49344
2016-06-10,2.031500101089477,1629.0,1273.4000244140625,17.315000534057617,49.06999969482422,94.5999984741211,2096.070068359375,17.030000686645508,1.6390000581741333,0.12,,98.49344
2016-06-13,2.057499885559082,1656.25,1284.4000244140625,17.42799949645996,48.880001068115234,94.37000274658205,2079.06005859375,20.96999931335449,1.616000056266785,0.15,,98.49344
2016-06-14,2.0445001125335693,1665.75,1285.5999755859375,17.40999984741211,48.4900016784668,94.93000030517578,2075.320068359375,20.5,1.6109999418258667,0.17,,98.49344
2016-06-15,2.0934998989105225,1683.25,1285.800048828125,17.48900032043457,48.0099983215332,94.61000061035156,2071.5,20.13999938964844,1.5959999561309814,0.13,,98.49344
2016-06-16,2.049999952316284,1652.75,1296.0999755859375,17.5939998626709,46.209999084472656,94.56999969482422,2077.989990234375,19.3700008392334,1.5640000104904177,0.15,,98.49344
2016-06-17,2.052500009536743,1666.25,1292.5,17.399999618530273,47.97999954223633,94.20999908447266,2071.219970703125,19.40999984741211,1.618000030517578,0.2,,98.49344
2016-06-20,2.0934998989105225,1683.25,1290.0,17.503000259399414,49.369998931884766,93.61000061035156,2083.25,18.3700008392334,1.6699999570846558,0.24,,98.49344
2016-06-21,2.116499900817871,1686.5,1270.5,17.31100082397461,48.84999847412109,94.0199966430664,2088.89990234375,18.479999542236328,1.6970000267028809,0.28,,98.49344
2016-06-22,2.135499954223633,1680.75,1268.0,17.30500030517578,49.130001068115234,93.72000122070312,2085.449951171875,21.170000076293945,1.684999942779541,0.25,,98.49344
2016-06-23,2.1635000705718994,1690.25,1261.199951171875,17.347999572753906,50.11000061035156,93.52999877929688,2113.320068359375,17.25,1.7389999628067017,0.24,,98.49344
2016-06-24,2.111999988555908,1665.5,1320.0,17.78499984741211,47.63999938964844,95.4499969482422,2037.4100341796875,25.76000022888184,1.5789999961853027,0.15,,98.49344
2016-06-27,2.126499891281128,1643.25,1322.5,17.739999771118164,46.33000183105469,96.54000091552734,2000.5400390625,23.850000381469727,1.4600000381469729,0.12,,98.49344
2016-06-28,2.1700000762939453,1667.25,1315.300048828125,17.839000701904297,47.84999847412109,96.25,2036.0899658203125,18.75,1.4609999656677246,0.09,,98.49344
2016-06-29,2.183500051498413,1678.75,1323.9000244140625,18.36199951171875,49.880001068115234,95.7699966430664,2070.77001953125,16.639999389648438,1.4769999980926514,0.1,,98.49344
2016-06-30,2.194499969482422,1688.75,1318.4000244140625,18.582000732421875,48.33000183105469,96.13999938964844,2098.860107421875,15.630000114440918,1.4880000352859497,0.09,,98.49344
2016-07-01,2.2149999141693115,1704.75,1336.699951171875,19.54400062561035,48.9900016784668,95.6500015258789,2102.949951171875,14.770000457763672,1.4559999704360962,0.03,,98.53916
2016-07-05,2.18149995803833,1685.75,1356.4000244140625,19.86599922180176,46.59999847412109,96.16999816894533,2088.550048828125,15.579999923706056,1.3669999837875366,-0.03,,98.53916
2016-07-06,2.15149998664856,1691.75,1364.9000244140625,20.15999984741211,47.43000030517578,96.05999755859376,2099.72998046875,14.960000038146973,1.3849999904632568,-0.05,,98.53916
2016-07-07,2.122499942779541,1679.0,1360.0999755859375,19.79800033569336,45.13999938964844,96.33000183105467,2097.89990234375,14.760000228881836,1.3869999647140503,-0.03,,98.53916
2016-07-08,2.118499994277954,1699.0,1356.5999755859375,20.058000564575195,45.40999984741211,96.3000030517578,2129.89990234375,13.199999809265137,1.366000056266785,-0.06,,98.53916
2016-07-11,2.1470000743865967,1689.0,1355.0,20.263999938964844,44.7599983215332,96.56999969482422,2137.159912109375,13.539999961853027,1.434000015258789,0.01,,98.53916
2016-07-12,2.2109999656677246,1714.0,1334.0999755859375,20.1299991607666,46.79999923706055,96.44000244140624,2152.139892578125,13.550000190734863,1.5130000114440918,0.07,,98.53916
2016-07-13,2.23799991607666,1710.5,1342.4000244140625,20.3700008392334,44.75,96.22000122070312,2152.429931640625,13.039999961853027,1.468000054359436,0.03,,98.53916
2016-07-14,2.240999937057495,1719.0,1331.300048828125,20.2810001373291,45.68000030517578,96.08000183105467,2163.75,12.81999969482422,1.531000018119812,0.08,,98.53916
2016-07-15,2.2304999828338623,1708.25,1326.5,20.125,45.95000076293945,96.58000183105467,2161.739990234375,12.670000076293944,1.593999981880188,0.11,,98.53916
2016-07-18,2.233999967575073,1686.5,1328.4000244140625,20.04400062561035,45.2400016784668,96.55999755859376,2166.889892578125,12.4399995803833,1.587000012397766,0.1,,98.53916
2016-07-19,2.2614998817443848,1679.0,1331.5,19.975000381469727,44.650001525878906,97.0500030517578,2163.780029296875,11.970000267028809,1.5579999685287476,0.12,,98.53916
2016-07-20,2.252000093460083,1648.75,1318.800048828125,19.582000732421875,44.93999862670898,97.1999969482422,2173.02001953125,11.770000457763672,1.5800000429153442,0.13,,98.53916
2016-07-21,2.25600004196167,1632.75,1330.5,19.78400039672852,44.75,97.0,2165.169921875,12.739999771118164,1.565000057220459,0.05,,98.53916
2016-07-22,2.233999967575073,1642.25,1323.0999755859375,19.65699958801269,44.18999862670898,97.47000122070312,2175.030029296875,12.020000457763672,1.5700000524520874,0.06,,98.53916
2016-07-25,2.2160000801086426,1642.75,1319.300048828125,19.614999771118164,43.130001068115234,97.29000091552734,2168.47998046875,12.869999885559082,1.5709999799728394,0.08,,98.53916
2016-07-26,2.2249999046325684,1627.5,1320.699951171875,19.655000686645508,42.91999816894531,97.16000366210938,2169.179931640625,13.050000190734863,1.562999963760376,0.07,,98.53916
2016-07-27,2.184999942779541,1632.0,1326.5999755859375,19.96500015258789,41.91999816894531,97.0500030517578,2166.580078125,12.829999923706056,1.5149999856948853,0.03,,98.53916
2016-07-28,2.2060000896453857,1643.0,1332.300048828125,20.15999984741211,41.13999938964844,96.73999786376952,2170.06005859375,12.720000267028809,1.5110000371932983,0.0,,98.53916
2016-07-29,2.220499992370605,1674.5,1349.0,20.312000274658203,41.59999847412109,95.52999877929688,2173.60009765625,11.869999885559082,1.4579999446868896,-0.03,,98.53916
2016-08-01,2.196500062942505,1668.0,1351.4000244140625,20.46500015258789,40.060001373291016,95.70999908447266,2170.840087890625,12.4399995803833,1.496000051498413,0.05,,98.73741
2016-08-02,2.2065000534057617,1661.0,1364.4000244140625,20.666000366210938,39.5099983215332,95.05999755859376,2157.030029296875,13.369999885559082,1.5369999408721924,0.11,,98.73741
2016-08-03,2.196000099182129,1673.75,1356.0999755859375,20.43600082397461,40.83000183105469,95.55999755859376,2163.7900390625,12.859999656677246,1.5420000553131104,0.09,,98.73741
2016-08-04,2.174000024795532,1661.75,1358.800048828125,20.4060001373291,41.93000030517578,95.76000213623048,2164.25,12.420000076293944,1.503000020980835,0.04,,98.73741
2016-08-05,2.1530001163482666,1681.5,1336.4000244140625,19.780000686645508,41.79999923706055,96.19000244140624,2182.8701171875,11.390000343322754,1.5820000171661377,0.09,,98.73741
2016-08-08,2.1640000343322754,1678.0,1333.4000244140625,19.76799964904785,43.02000045776367,96.4000015258789,2180.889892578125,11.5,1.5829999446868896,0.08,,98.73741
2016-08-09,2.149499893188477,1686.0,1339.0,19.81399917602539,42.77000045776367,96.18000030517578,2181.739990234375,11.65999984741211,1.5449999570846558,0.06,,98.73741
2016-08-10,2.1705000400543213,1692.0,1344.300048828125,20.13400077819824,41.709999084472656,95.6500015258789,2175.489990234375,12.050000190734863,1.508999943733215,0.06,,98.73741
2016-08-11,2.190000057220459,1696.75,1342.5,19.983999252319336,43.4900016784668,95.86000061035156,2185.7900390625,11.68000030517578,1.5729999542236328,0.1,,98.73741
2016-08-12,2.140500068664551,1696.5,1335.800048828125,19.67200088500977,44.4900016784668,95.72000122070312,2184.050048828125,11.550000190734863,1.5149999856948853,0.07,,98.73741
2016-08-15,2.15149998664856,1715.25,1340.300048828125,19.82099914550781,45.7400016784668,95.62999725341795,2190.14990234375,11.8100004196167,1.5529999732971191,0.1,,98.73741
2016-08-16,2.171999931335449,1728.75,1350.5,19.847999572753903,46.58000183105469,94.79000091552734,2178.14990234375,12.640000343322754,1.5759999752044678,0.13,,98.73741
2016-08-17,2.1519999504089355,1722.75,1342.699951171875,19.62700080871582,46.790000915527344,94.72000122070312,2182.219970703125,12.1899995803833,1.5609999895095823,0.09,,98.73741
2016-08-18,2.1670000553131104,1717.0,1351.199951171875,19.71999931335449,48.220001220703125,94.16000366210938,2187.02001953125,11.43000030517578,1.5360000133514404,0.06,,98.73741
2016-08-19,2.1665000915527344,1707.75,1340.4000244140625,19.301000595092773,48.52000045776367,94.51000213623048,2183.8701171875,11.34000015258789,1.5779999494552612,0.1,,98.73741
2016-08-22,2.140000104904175,1707.75,1337.699951171875,18.843000411987305,47.04999923706055,94.5199966430664,2182.639892578125,12.270000457763672,1.5390000343322754,0.08,,98.73741
2016-08-23,2.115000009536743,1710.25,1340.5999755859375,18.90999984741211,48.09999847412109,94.54000091552734,2186.89990234375,12.380000114440918,1.5529999732971191,0.07,,98.73741
2016-08-24,2.075999975204468,1689.0,1324.4000244140625,18.545000076293945,46.77000045776367,94.79000091552734,2175.43994140625,13.449999809265137,1.559000015258789,0.08,,98.73741
2016-08-25,2.075500011444092,1687.75,1320.0999755859375,18.47800064086914,47.33000183105469,94.7699966430664,2172.469970703125,13.630000114440918,1.5770000219345093,0.09,,98.73741
2016-08-26,2.075000047683716,1687.25,1321.5,18.645000457763672,47.63999938964844,95.56999969482422,2169.0400390625,13.649999618530272,1.6349999904632568,0.15,,98.73741
2016-08-29,2.072499990463257,1687.25,1322.9000244140625,18.761999130249023,46.97999954223633,95.58000183105467,2180.3798828125,12.9399995803833,1.565999984741211,0.11,,98.73741
2016-08-30,2.069000005722046,1668.75,1311.699951171875,18.57699966430664,46.34999847412109,96.0500030517578,2176.1201171875,13.119999885559082,1.5700000524520874,0.11,,98.73741
2016-08-31,2.069499969482422,1659.75,1306.9000244140625,18.621999740600582,44.70000076293945,96.0199966430664,2170.949951171875,13.420000076293944,1.5679999589920044,0.11,,98.73741
2016-09-01,2.06850004196167,1658.0,1312.199951171875,18.85700035095215,43.15999984741211,95.6500015258789,2170.860107421875,13.479999542236328,1.5700000524520874,0.12,,99.02191
2016-09-02,2.071500062942505,1644.75,1322.0999755859375,19.275999069213867,44.43999862670898,95.87999725341795,2179.97998046875,11.979999542236328,1.5959999561309814,0.13,,99.02191
2016-09-06,2.0840001106262207,,1349.4000244140625,20.048999786376957,44.83000183105469,94.81999969482422,2186.47998046875,12.020000457763672,1.5429999828338623,0.06,,99.02191
2016-09-07,2.0929999351501465,,1344.300048828125,19.75900077819824,45.5,94.95999908447266,2186.159912109375,11.9399995803833,1.5410000085830688,0.03,,99.02191
2016-09-08,2.095999956130981,,1336.800048828125,19.590999603271484,47.619998931884766,95.02999877929688,2181.300048828125,12.510000228881836,1.616000056266785,0.09,,99.02191
2016-09-09,2.088500022888184,,1330.0999755859375,19.28199958801269,45.880001068115234,95.33999633789062,2127.81005859375,17.5,1.6720000505447388,0.17,,99.02191
2016-09-12,2.095999956130981,,1321.0,18.915000915527344,46.290000915527344,95.0999984741211,2159.0400390625,15.15999984741211,1.6720000505447388,0.17,,99.02191
2016-09-13,2.095499992370605,,1319.0,18.88999938964844,44.900001525878906,95.62999725341795,2127.02001953125,17.850000381469727,1.7339999675750732,0.24,,99.02191
2016-09-14,2.1480000019073486,,1321.5,18.98200035095215,43.58000183105469,95.33000183105467,2125.77001953125,18.13999938964844,1.6890000104904177,0.21,,99.02191
2016-09-15,2.1519999504089355,,1313.5,18.958999633789062,43.90999984741211,95.29000091552734,2147.260009765625,16.299999237060547,1.7029999494552612,0.22,,99.02191
2016-09-16,2.15149998664856,,1305.800048828125,18.7810001373291,43.02999877929688,96.11000061035156,2139.159912109375,15.369999885559082,1.7009999752044678,0.19,,99.02191
2016-09-19,2.1489999294281006,,1313.5,19.20599937438965,43.29999923706055,95.83999633789062,2139.1201171875,15.529999732971191,1.6959999799728394,0.2,,99.02191
2016-09-20,2.1554999351501465,,1313.699951171875,19.19499969482422,43.43999862670898,96.0199966430664,2139.760009765625,15.920000076293944,1.687999963760376,0.2,,99.02191
2016-09-21,2.1449999809265137,,1326.9000244140625,19.68600082397461,45.34000015258789,95.66000366210938,2163.1201171875,13.300000190734863,1.6679999828338623,0.15,,99.02191
2016-09-22,2.1875,,1340.4000244140625,20.020000457763672,46.31999969482422,95.4499969482422,2177.179931640625,12.020000457763672,1.631999969482422,0.08,,99.02191
2016-09-23,2.192500114440918,,1337.199951171875,19.732999801635746,44.47999954223633,95.4800033569336,2164.68994140625,12.289999961853027,1.6150000095367432,0.05,,99.02191
2016-09-26,2.190000057220459,,1339.699951171875,19.516000747680664,45.93000030517578,95.30999755859376,2146.10009765625,14.5,1.5889999866485596,0.05,,99.02191
2016-09-27,2.1614999771118164,,1325.9000244140625,19.08699989318848,44.66999816894531,95.44000244140624,2159.929931640625,13.100000381469728,1.555999994277954,0.04,,99.02191
2016-09-28,2.179500102996826,,1319.4000244140625,19.04400062561035,47.04999923706055,95.43000030517578,2171.3701171875,12.390000343322754,1.5670000314712524,0.01,,99.02191
2016-09-29,2.180999994277954,1726.25,1321.699951171875,19.114999771118164,47.83000183105469,95.54000091552734,2151.1298828125,14.020000457763672,1.5570000410079956,0.02,,99.02191
2016-09-30,2.20199990272522,1736.25,1313.300048828125,19.138999938964844,48.2400016784668,95.45999908447266,2168.27001953125,13.289999961853027,1.6080000400543213,0.0,,99.02191
2016-10-03,2.183500051498413,1729.0,1309.0,18.795000076293945,48.810001373291016,95.75,2161.199951171875,13.56999969482422,1.621999979019165,0.0,,99.40153
2016-10-04,2.158499956130981,1731.5,1266.300048828125,17.71299934387207,48.68999862670898,96.12000274658205,2150.489990234375,13.630000114440918,1.6829999685287476,0.07,,99.40153
2016-10-05,2.1559998989105225,1741.75,1265.199951171875,17.634000778198242,49.83000183105469,96.12999725341795,2159.72998046875,12.989999771118164,1.715999960899353,0.1,,99.40153
2016-10-06,2.1480000019073486,,1249.800048828125,17.288000106811523,50.43999862670898,96.66000366210938,2160.77001953125,12.84000015258789,1.7419999837875366,0.11,,99.40153
2016-10-07,2.156500101089477,,1248.9000244140625,17.323999404907227,49.810001373291016,96.5199966430664,2153.739990234375,13.479999542236328,1.7359999418258667,0.1,,99.40153
2016-10-11,2.178499937057495,,1253.0,17.45599937438965,50.790000915527344,97.6999969482422,2136.72998046875,15.359999656677246,1.758999943733215,0.13,,99.40153
2016-10-12,2.1695001125335693,,1251.0999755859375,17.454999923706055,50.18000030517578,97.97000122070312,2139.179931640625,15.90999984741211,1.777999997138977,0.15,,99.40153
2016-10-13,2.115000009536743,,1255.0,17.40999984741211,50.43999862670898,97.5199966430664,2132.550048828125,16.690000534057617,1.7380000352859497,0.12,,99.40153
2016-10-14,2.1034998893737797,,1253.0999755859375,17.39299964904785,50.34999847412109,98.0199966430664,2132.97998046875,16.1200008392334,1.7940000295639038,0.13,,99.40153
2016-10-17,2.0994999408721924,,1254.4000244140625,17.426000595092773,49.93999862670898,97.88999938964844,2126.5,16.209999084472656,1.7660000324249268,0.09,,99.40153
2016-10-18,2.0980000495910645,,1260.800048828125,17.590999603271484,50.290000915527344,97.9000015258789,2139.60009765625,15.279999732971191,1.7489999532699585,0.09,,99.40153
2016-10-19,2.0969998836517334,,1267.9000244140625,17.615999221801758,51.59999847412109,97.87000274658205,2144.2900390625,14.40999984741211,1.7519999742507937,0.08,,99.40153
2016-10-20,2.0905001163482666,,1265.5999755859375,17.50200080871582,50.43000030517578,98.31999969482422,2141.340087890625,13.75,1.746999979019165,0.08,,99.40153
2016-10-21,2.0834999084472656,,1265.9000244140625,17.447999954223633,50.84999847412109,98.6999969482422,2141.159912109375,13.34000015258789,1.7400000095367432,0.07,,99.40153
2016-10-24,2.087500095367432,,1262.0,17.562000274658203,50.52000045776367,98.66999816894533,2151.330078125,13.020000457763672,1.7630000114440918,0.11,,99.40153
2016-10-25,2.132499933242798,,1271.9000244140625,17.736000061035156,49.959999084472656,98.72000122070312,2143.159912109375,13.460000038146973,1.7580000162124634,0.07,,99.40153
2016-10-26,2.13949990272522,,1264.800048828125,17.584999084472656,49.18000030517578,98.62999725341795,2139.429931640625,14.239999771118164,1.7899999618530271,0.08,,99.40153
2016-10-27,2.1654999256134038,,1267.9000244140625,17.604000091552734,49.720001220703125,98.88999938964844,2133.0400390625,15.359999656677246,1.843000054359436,0.13,,99.40153
2016-10-28,2.188499927520752,1793.75,1275.5,17.761999130249023,48.70000076293945,98.3499984741211,2126.409912109375,16.190000534057617,1.8450000286102293,0.13,,99.40153
2016-10-31,2.200500011444092,1806.0,1271.5,17.761999130249023,46.86000061035156,98.4499969482422,2126.14990234375,17.059999465942383,1.8339999914169312,0.11,,99.40153
2016-11-01,2.2244999408721924,1791.25,1286.4000244140625,18.38500022888184,46.66999816894531,97.6999969482422,2111.719970703125,18.559999465942383,1.8200000524520876,0.11,,99.67571
2016-11-02,2.2260000705718994,1777.25,1306.800048828125,18.65999984741211,45.34000015258789,97.4000015258789,2097.93994140625,19.31999969482422,1.7990000247955322,0.11,,99.67571
2016-11-03,2.244499921798706,1813.5,1302.0999755859375,18.382999420166016,44.65999984741211,97.16000366210938,2088.659912109375,22.07999992370605,1.812000036239624,0.14,,99.67571
2016-11-04,2.260999917984009,1796.25,1303.300048828125,18.34199905395508,44.06999969482422,97.06999969482422,2085.179931640625,22.51000022888184,1.7829999923706057,0.11,,99.67571
2016-11-07,2.30649995803833,1811.75,1278.300048828125,18.124000549316406,44.88999938964844,97.77999877929688,2131.52001953125,18.709999084472656,1.8279999494552608,0.12,,99.67571
2016-11-08,2.378999948501587,1816.75,1273.4000244140625,18.32999992370605,44.97999954223633,97.86000061035156,2139.56005859375,18.739999771118164,1.861999988555908,0.15,,99.67571
2016-11-09,2.4590001106262207,1847.25,1272.5999755859375,18.35700035095215,45.27000045776367,98.5,2163.260009765625,14.380000114440918,2.072000026702881,0.25,,99.67571
2016-11-10,2.549499988555908,1867.5,1265.5,18.715999603271484,44.65999984741211,98.79000091552734,2167.47998046875,14.739999771118164,2.117000102996826,0.27,,99.67571
2016-11-14,2.5185000896453857,1849.5,1221.199951171875,16.87700080871582,43.31999969482422,100.11000061035156,2164.199951171875,14.479999542236328,2.2219998836517334,0.4,,99.67571
2016-11-15,2.502000093460083,1849.5,1224.0,17.02899932861328,45.810001373291016,100.19000244140624,2180.389892578125,13.369999885559082,2.23799991607666,0.41,,99.67571
2016-11-16,2.4649999141693115,1813.0,1223.4000244140625,16.913999557495117,45.56999969482422,100.41000366210938,2176.93994140625,13.720000267028809,2.2230000495910645,0.39,,99.67571
2016-11-17,2.487499952316284,1808.5,1216.5,16.76099967956543,45.41999816894531,100.88999938964844,2187.1201171875,13.350000381469728,2.276000022888184,0.42,,99.67571
2016-11-18,2.46399998664856,1824.0,1208.5,16.613000869750977,45.68999862670898,101.20999908447266,2181.89990234375,12.850000381469728,2.3350000381469727,0.44,,99.67571
2016-11-21,2.512500047683716,1840.75,1209.5999755859375,16.511999130249023,47.4900016784668,101.0500030517578,2198.179931640625,12.420000076293944,2.33899998664856,0.42,,99.67571
2016-11-22,2.5425000190734863,1876.75,1211.0,16.62299919128418,48.02999877929688,101.04000091552734,2202.93994140625,12.40999984741211,2.321000099182129,0.41,,99.67571
2016-11-23,2.6059999465942383,1895.25,1189.0999755859375,16.382999420166016,47.959999084472656,101.6999969482422,2204.719970703125,12.43000030517578,2.3570001125335693,0.44,,99.67571
2016-11-25,2.6670000553131104,1866.5,1178.199951171875,16.464000701904297,46.060001373291016,101.48999786376952,2213.35009765625,12.34000015258789,2.371999979019165,0.47,,99.67571
2016-11-28,2.6559998989105225,1877.5,1190.5999755859375,16.577999114990234,47.08000183105469,101.33000183105467,2201.719970703125,13.149999618530272,2.319999933242798,0.47,,99.67571
2016-11-29,2.595000028610229,1842.0,1187.9000244140625,16.660999298095703,45.22999954223633,100.93000030517578,2204.659912109375,12.899999618530272,2.302000045776367,0.44,,99.67571
2016-11-30,2.621500015258789,1858.5,1170.800048828125,16.4060001373291,49.43999862670898,101.5,2198.81005859375,13.329999923706056,2.368000030517578,0.43,,99.67571
2016-12-01,2.631500005722046,1842.0,1166.9000244140625,16.427000045776367,51.060001373291016,101.04000091552734,2191.080078125,14.06999969482422,2.440999984741211,0.48,,99.7429
2016-12-02,2.615000009536743,1841.25,1175.0999755859375,16.753000259399414,51.68000030517578,100.7699966430664,2191.949951171875,14.119999885559082,2.390000104904175,0.49,,99.7429
2016-12-05,2.688999891281128,1859.25,1174.0,16.823999404907227,51.790000915527344,100.13999938964844,2204.7099609375,12.140000343322754,2.38700008392334,0.45,,99.7429
2016-12-06,2.671999931335449,1826.0,1167.5999755859375,16.739999771118164,50.93000030517578,100.48999786376952,2212.22998046875,11.789999961853027,2.3959999084472656,0.44,,99.7429
2016-12-07,2.63700008392334,1818.75,1175.0,17.202999114990234,49.77000045776367,100.2300033569336,2241.35009765625,12.220000267028809,2.3469998836517334,0.42,,99.7429
2016-12-08,2.619999885559082,1828.75,1169.800048828125,17.024999618530273,50.84000015258789,101.06999969482422,2246.18994140625,12.640000343322754,2.38700008392334,0.45,,99.7429
2016-12-09,2.6419999599456787,1855.25,1159.4000244140625,16.89699935913086,51.5,101.56999969482422,2259.530029296875,11.75,2.46399998664856,0.51,,99.7429
2016-12-12,2.61299991607666,1841.0,1163.5,17.115999221801758,52.83000183105469,100.95999908447266,2256.9599609375,12.640000343322754,2.4790000915527344,0.51,,99.7429
2016-12-13,2.5929999351501465,1850.0,1156.699951171875,16.910999298095703,52.97999954223633,101.02999877929688,2271.719970703125,12.720000267028809,2.4809999465942383,0.53,,99.7429
2016-12-14,2.5999999046325684,1851.75,1161.300048828125,17.152000427246094,51.040000915527344,102.0,2253.280029296875,13.1899995803833,2.525000095367432,0.6,,99.7429
2016-12-15,2.595999956130981,1852.5,1127.800048828125,15.897000312805176,50.900001525878906,103.12999725341795,2262.030029296875,12.789999961853027,2.5799999237060547,0.7,,99.7429
2016-12-16,2.561000108718872,1831.25,1135.300048828125,16.152999877929688,51.900001525878906,102.9499969482422,2258.070068359375,12.199999809265137,2.5969998836517334,0.74,,99.7429
2016-12-19,2.496500015258789,1823.0,1140.5,16.025999069213867,52.119998931884766,103.13999938964844,2262.530029296875,11.710000038146973,2.5420000553131104,0.68,,99.7429
2016-12-20,2.499500036239624,1829.5,1131.5,16.054000854492188,52.22999954223633,103.29000091552734,2270.760009765625,11.449999809265137,2.568000078201294,0.67,,99.7429
2016-12-21,2.491499900817871,1829.5,1131.0999755859375,15.91800022125244,52.4900016784668,103.0199966430664,2265.179931640625,11.270000457763672,2.5460000038146973,0.64,,99.7429
2016-12-22,2.494499921798706,1829.5,1128.800048828125,15.8149995803833,52.95000076293945,103.08999633789062,2260.9599609375,11.43000030517578,2.552999973297119,0.6,,99.7429
2016-12-23,2.4725000858306885,1829.5,1131.9000244140625,15.70400047302246,53.02000045776367,103.01000213623048,2263.7900390625,11.4399995803833,2.5429999828338623,0.58,,99.7429
2016-12-27,2.507999897003174,1829.5,1137.300048828125,15.928999900817873,53.900001525878906,103.0199966430664,2268.8798828125,11.989999771118164,2.562999963760376,0.58,,99.7429
2016-12-28,2.494999885559082,1811.75,1139.4000244140625,15.98799991607666,54.060001373291016,103.26000213623048,2249.919921875,12.949999809265137,2.50600004196167,0.56,,99.7429
2016-12-29,2.4790000915527344,1794.0,1156.4000244140625,16.163000106811523,53.77000045776367,102.68000030517578,2249.260009765625,13.369999885559082,2.476999998092652,0.55,,99.7429
2016-12-30,2.497499942779541,1794.0,1150.0,15.935999870300291,53.720001220703125,102.38999938964844,2238.830078125,14.039999961853027,2.446000099182129,0.5,,99.7429
2017-01-03,2.4809999465942383,1792.5,1160.4000244140625,16.356000900268555,52.33000183105469,103.20999908447266,2257.830078125,12.850000381469728,2.450000047683716,0.47,,99.75624
2017-01-04,2.5480000972747803,1793.75,1163.800048828125,16.499000549316406,53.2599983215332,102.6999969482422,2270.75,11.850000381469728,2.45199990272522,0.47,,99.75624
2017-01-05,2.5295000076293945,1810.25,1179.699951171875,16.583999633789062,53.7599983215332,101.5199966430664,2269.0,11.670000076293944,2.368000030517578,0.42,,99.75624
2017-01-06,2.5380001068115234,1803.0,1171.9000244140625,16.465999603271484,53.9900016784668,102.22000122070312,2276.97998046875,11.31999969482422,2.4179999828338623,0.46,,99.75624
2017-01-09,2.5299999713897705,1820.25,1183.5,16.6299991607666,51.959999084472656,101.93000030517578,2268.89990234375,11.5600004196167,2.375999927520752,0.43,,99.75624
2017-01-10,2.6034998893737797,1842.75,1184.199951171875,16.80299949645996,50.81999969482422,102.01000213623048,2268.89990234375,11.489999771118164,2.378999948501587,0.43,,99.75624
2017-01-11,2.6010000705718994,1858.75,1195.5999755859375,16.783000946044922,52.25,101.77999877929688,2275.320068359375,11.260000228881836,2.369999885559082,0.39,,99.75624
2017-01-12,2.6605000495910645,1886.5,1198.9000244140625,16.780000686645508,53.0099983215332,101.3499984741211,2270.43994140625,11.539999961853027,2.361000061035156,0.38,,99.75624
2017-01-13,2.680500030517578,1902.5,1195.300048828125,16.719999313354492,52.369998931884766,101.18000030517578,2274.639892578125,11.229999542236328,2.380000114440918,0.41,,99.75624
2017-01-17,2.616499900817871,1910.5,1212.0,17.101999282836914,52.47999954223633,100.33000183105467,2267.889892578125,11.869999885559082,2.32699990272522,0.36,,99.75624
2017-01-18,2.6080000400543213,1957.75,1211.300048828125,17.235000610351562,51.08000183105469,100.93000030517578,2271.889892578125,12.479999542236328,2.388999938964844,0.42,,99.75624
2017-01-19,2.6015000343322754,1952.25,1200.9000244140625,16.966999053955078,51.369998931884766,101.1500015258789,2263.68994140625,12.779999732971191,2.4590001106262207,0.43,,99.75624
2017-01-20,2.617000102996826,1964.0,1204.300048828125,16.996999740600586,52.41999816894531,100.73999786376952,2271.31005859375,11.539999961853027,2.4670000076293945,0.44,,99.75624
2017-01-23,2.63949990272522,1964.5,1215.0,17.149999618530273,52.75,100.16000366210938,2265.199951171875,11.770000457763672,2.4030001163482666,0.39,,99.75624
2017-01-24,2.700500011444092,1980.75,1210.300048828125,17.14900016784668,53.18000030517578,100.3499984741211,2280.070068359375,11.06999969482422,2.470999956130981,0.41,,99.75624
2017-01-25,2.702500104904175,1948.0,1197.300048828125,16.944000244140625,52.75,100.02999877929688,2298.3701171875,10.8100004196167,2.5230000019073486,0.45,,99.75624
2017-01-26,2.6659998893737797,1929.25,1189.5,16.81399917602539,53.77999877929688,100.37999725341795,2296.679931640625,10.630000114440918,2.507999897003174,0.43,,99.75624
2017-01-27,2.680000066757202,1923.25,1188.0999755859375,17.100000381469727,53.16999816894531,100.52999877929688,2294.68994140625,10.579999923706056,2.4809999465942383,0.41,,99.75624
2017-01-30,2.6475000381469727,1912.0,1193.199951171875,17.121999740600586,52.630001068115234,100.43000030517578,2280.89990234375,11.880000114440918,2.4830000400543213,0.42,,99.75624
2017-01-31,2.7214999198913574,1925.0,1208.5999755859375,17.511999130249023,52.810001373291016,99.51000213623048,2278.8701171875,11.989999771118164,2.450999975204468,0.4,,99.75624
2017-02-01,2.7044999599456787,1920.75,1205.5999755859375,17.420000076293945,53.880001068115234,99.63999938964844,2279.550048828125,11.8100004196167,2.4739999771118164,0.43,,99.79839
2017-02-02,2.677999973297119,1930.25,1216.699951171875,17.402000427246094,53.540000915527344,99.8499984741211,2280.85009765625,11.93000030517578,2.470000028610229,0.43,,99.79839
2017-02-03,2.609499931335449,1935.0,1218.5,17.452999114990234,53.83000183105469,99.87000274658205,2297.419921875,10.970000267028809,2.490999937057495,0.44,,99.79839
2017-02-06,2.6454999446868896,1949.0,1230.0,17.66699981689453,53.0099983215332,99.91000366210938,2292.56005859375,11.369999885559082,2.4130001068115234,0.4,,99.79839
2017-02-07,2.625999927520752,1940.0,1234.199951171875,17.732999801635742,52.16999816894531,100.26000213623048,2293.080078125,11.289999961853027,2.388999938964844,0.4,,99.79839
2017-02-08,2.6605000495910645,1957.0,1237.5999755859375,17.683000564575195,52.34000015258789,100.27999877929688,2294.669921875,11.449999809265137,2.3510000705718994,0.38,,99.79839
2017-02-09,2.6480000019073486,1956.75,1235.0999755859375,17.719999313354492,53.0,100.6500015258789,2307.8701171875,10.880000114440918,2.3949999809265137,0.41,,99.79839
2017-02-10,2.76200008392334,1975.75,1234.4000244140625,17.91200065612793,53.86000061035156,100.8000030517578,2316.10009765625,10.850000381469728,2.4089999198913574,0.4,,99.79839
2017-02-13,2.77649998664856,1973.0,1224.4000244140625,17.804000854492188,52.93000030517578,100.95999908447266,2328.25,11.06999969482422,2.434000015258789,0.43,,99.79839
2017-02-14,2.7309999465942383,1995.25,1223.9000244140625,17.871999740600586,53.20000076293945,101.25,2337.580078125,10.739999771118164,2.470000028610229,0.46,,99.79839
2017-02-15,2.736000061035156,2017.25,1231.699951171875,17.94700050354004,53.11000061035156,101.18000030517578,2349.25,11.970000267028809,2.502000093460083,0.45,,99.79839
2017-02-16,2.7160000801086426,2001.25,1240.0,18.0629997253418,53.36000061035156,100.44000244140624,2347.219970703125,11.760000228881836,2.450000047683716,0.43,,99.79839
2017-02-17,2.7054998874664307,1985.75,1237.5999755859375,18.018999099731445,53.400001525878906,100.9499969482422,2351.159912109375,11.489999771118164,2.424999952316284,0.41,,99.79839
2017-02-21,2.745500087738037,1990.25,1237.5,17.989999771118164,54.060001373291016,101.37000274658205,2365.3798828125,11.56999969482422,2.427000045776367,0.4,,99.79839
2017-02-22,2.7325000762939453,1989.0,1232.0,17.941999435424805,53.59000015258789,101.33000183105467,2362.820068359375,11.739999771118164,2.4179999828338623,0.38,,99.79839
2017-02-23,2.6424999237060547,1965.0,1250.199951171875,18.113000869750977,54.45000076293945,101.0500030517578,2363.81005859375,11.710000038146973,2.388000011444092,0.35,,99.79839
2017-02-24,2.680000066757202,1984.75,1256.9000244140625,18.334999084472656,53.9900016784668,101.08999633789062,2367.340087890625,11.470000267028809,2.316999912261963,0.31,,99.79839
2017-02-27,2.6875,1994.25,1257.4000244140625,18.35400009155273,54.04999923706055,101.12999725341795,2369.75,12.09000015258789,2.36899995803833,0.35,,99.79839
2017-02-28,2.7039999961853027,2018.25,1252.5999755859375,18.420000076293945,54.0099983215332,101.12000274658205,2363.639892578125,12.920000076293944,2.3580000400543213,0.34,,99.79839
2017-03-01,2.7265000343322754,2044.75,1248.9000244140625,18.44300079345703,53.83000183105469,101.77999877929688,2395.9599609375,12.539999961853027,2.463000059127808,0.43,,99.78228
2017-03-02,2.679500102996826,1998.75,1231.9000244140625,17.704999923706055,52.61000061035156,102.1999969482422,2381.919921875,11.8100004196167,2.489000082015991,0.48,,99.78228
2017-03-03,2.687000036239624,1936.0,1225.5,17.69700050354004,53.33000183105469,101.54000091552734,2383.1201171875,10.960000038146973,2.492000102996826,0.45,,99.78228
2017-03-06,2.6429998874664307,1958.0,1224.5,17.725000381469727,53.20000076293945,101.63999938964844,2375.31005859375,11.239999771118164,2.49399995803833,0.48,,99.78228
2017-03-07,2.609499931335449,1950.5,1215.0999755859375,17.492000579833984,53.13999938964844,101.80999755859376,2368.389892578125,11.449999809265137,2.510999917984009,0.49,,99.78228
2017-03-08,2.5920000076293945,1958.0,1208.5,17.256999969482422,50.27999877929688,102.06999969482422,2362.97998046875,11.859999656677246,2.552000045776367,0.56,,99.78228
2017-03-09,2.569999933242798,1950.0,1202.4000244140625,16.993000030517578,49.27999877929688,101.8499984741211,2364.8701171875,12.300000190734863,2.5980000495910645,0.6,,99.78228
2017-03-10,2.5864999294281006,1957.0,1200.699951171875,16.882999420166016,48.4900016784668,101.25,2372.60009765625,11.65999984741211,2.5820000171661377,0.57,,99.78228
2017-03-13,2.616499900817871,1967.25,1202.4000244140625,16.934999465942383,48.400001525878906,101.37999725341795,2373.469970703125,11.350000381469728,2.6080000400543213,0.61,,99.78228
2017-03-14,2.624000072479248,1953.0,1201.9000244140625,16.88800048828125,47.720001220703125,101.6999969482422,2365.449951171875,12.300000190734863,2.595000028610229,0.61,,99.78228
2017-03-15,2.6454999446868896,1953.0,1200.0999755859375,16.88800048828125,48.86000061035156,100.73999786376952,2385.260009765625,11.630000114440918,2.507999897003174,0.5,,99.78228
2017-03-16,2.6654999256134038,1942.75,1226.5,17.29599952697754,48.75,100.2699966430664,2381.3798828125,11.210000038146973,2.5220000743865967,0.51,,99.78228
2017-03-17,2.679500102996826,1992.5,1229.800048828125,17.378999710083008,48.77999877929688,100.3000030517578,2378.25,11.279999732971191,2.500999927520752,0.49,,99.78228
2017-03-20,2.6554999351501465,2002.5,1233.5999755859375,17.402999877929688,48.220001220703125,100.41000366210938,2373.469970703125,11.34000015258789,2.4730000495910645,0.47,,99.78228
2017-03-21,2.609999895095825,2009.75,1246.0999755859375,17.549999237060547,47.34000015258789,99.80999755859376,2344.02001953125,12.470000267028809,2.436000108718872,0.45,,99.78228
2017-03-22,2.621999979019165,1999.5,1249.300048828125,17.545000076293945,48.040000915527344,99.68000030517578,2348.449951171875,12.8100004196167,2.3959999084472656,0.43,,99.78228
2017-03-23,2.6364998817443848,1999.5,1246.9000244140625,17.562999725341797,47.70000076293945,99.76000213623048,2345.9599609375,13.119999885559082,2.4179999828338623,0.46,,99.78228
2017-03-24,2.623500108718872,2014.25,1248.199951171875,17.719999313354492,47.970001220703125,99.62999725341795,2343.97998046875,12.960000038146973,2.400000095367432,0.42,,99.78228
2017-03-27,2.625,2003.5,1255.4000244140625,18.07999992370605,47.72999954223633,99.16999816894533,2341.590087890625,12.5,2.372999906539917,0.41,,99.78228
2017-03-28,2.6689999103546143,2019.0,1255.300048828125,18.225000381469727,48.369998931884766,99.70999908447266,2358.570068359375,11.529999732971191,2.4089999198913574,0.45,,99.78228
2017-03-29,2.6700000762939453,2028.0,1253.4000244140625,18.22800064086914,49.5099983215332,100.0,2361.1298828125,11.420000076293944,2.385999917984009,0.41,,99.78228
2017-03-30,2.664999961853028,2041.0,1245.0,18.184999465942383,50.34999847412109,100.41000366210938,2368.06005859375,11.539999961853027,2.4159998893737797,0.46,,99.78228
2017-03-31,2.6465001106262207,2032.0,1247.300048828125,18.23500061035156,50.59999847412109,100.3499984741211,2362.719970703125,12.369999885559082,2.3959999084472656,0.43,,99.78228
2017-04-03,2.5975000858306885,2023.5,1250.800048828125,18.19099998474121,50.2400016784668,100.54000091552734,2358.840087890625,12.380000114440918,2.3499999046325684,0.39,,99.66685
2017-04-04,2.6059999465942383,2013.5,1255.0,18.302000045776367,51.02999877929688,100.54000091552734,2360.159912109375,11.789999961853027,2.3499999046325684,0.4,,99.66685
2017-04-05,2.67549991607666,2013.5,1245.4000244140625,18.166000366210938,51.150001525878906,100.55999755859376,2352.949951171875,12.890000343322754,2.3570001125335693,0.37,,99.66685
2017-04-06,2.6554999351501465,2029.0,1250.300048828125,18.225000381469727,51.70000076293945,100.66999816894533,2357.489990234375,12.390000343322754,2.3429999351501465,0.39,,99.66685
2017-04-07,2.6449999809265137,2042.25,1254.300048828125,18.1299991607666,52.2400016784668,101.18000030517578,2355.5400390625,12.869999885559082,2.372999906539917,0.44,,99.66685
2017-04-10,2.601999998092652,1997.5,1251.0999755859375,17.893999099731445,53.08000183105469,101.0199966430664,2357.159912109375,14.050000190734863,2.361000061035156,0.44,,99.66685
2017-04-11,2.6059999465942383,1994.75,1271.199951171875,18.232999801635746,53.400001525878906,100.70999908447266,2353.780029296875,15.06999969482422,2.2980000972747803,0.41,,99.66685
2017-04-12,2.5439999103546143,1973.75,1275.300048828125,18.27899932861328,53.11000061035156,100.77999877929688,2344.929931640625,15.770000457763672,2.2960000038146973,0.38,,99.66685
2017-04-13,2.569499969482422,1983.75,1285.9000244140625,18.48900032043457,53.18000030517578,100.55999755859376,2328.949951171875,15.960000038146973,2.2320001125335693,0.32,,99.66685
2017-04-17,2.595000028610229,1983.75,1289.4000244140625,18.493000030517575,52.650001525878906,100.3000030517578,2349.010009765625,14.65999984741211,2.252000093460083,0.38,,99.66685
2017-04-18,2.5290000438690186,1968.75,1291.699951171875,18.250999450683597,52.40999984741211,99.5,2342.18994140625,14.420000076293944,2.178999900817871,0.33,,99.66685
2017-04-19,2.533499956130981,1981.0,1281.4000244140625,18.13599967956543,50.43999862670898,99.73999786376952,2338.169921875,14.93000030517578,2.20199990272522,0.36,,99.66685
2017-04-20,2.5409998893737797,2018.5,1281.9000244140625,17.992000579833984,50.27000045776367,99.77999877929688,2355.840087890625,14.149999618530272,2.240999937057495,0.39,,99.66685
2017-04-21,2.5364999771118164,2012.25,1287.4000244140625,17.829999923706055,49.619998931884766,99.9800033569336,2348.68994140625,14.630000114440918,2.236999988555908,0.4,,99.66685
2017-04-24,2.553499937057495,2022.0,1275.800048828125,17.847999572753906,49.22999954223633,99.08999633789062,2374.14990234375,10.84000015258789,2.2730000019073486,0.41,,99.66685
2017-04-25,2.5820000171661377,2037.5,1265.5999755859375,17.58099937438965,49.560001373291016,98.81999969482422,2388.610107421875,10.760000228881836,2.32699990272522,0.44,,99.66685
2017-04-26,2.5910000801086426,2047.75,1262.0999755859375,17.35300064086914,49.619998931884766,98.95999908447266,2387.449951171875,10.850000381469728,2.311000108718872,0.42,,99.66685
2017-04-27,2.5799999237060547,2011.75,1263.699951171875,17.264999389648438,48.970001220703125,99.08000183105467,2388.77001953125,10.359999656677246,2.2960000038146973,0.39,,99.66685
2017-04-28,2.5964999198913574,2014.5,1266.0999755859375,17.19099998474121,49.33000183105469,99.0500030517578,2384.199951171875,10.81999969482422,2.282000064849853,0.37,,99.66685
2017-05-01,2.650000095367432,2014.5,1253.300048828125,16.780000686645508,48.84000015258789,99.13999938964844,2388.330078125,10.109999656677246,2.325000047683716,0.41,,99.64519
2017-05-02,2.625,2036.25,1255.0999755859375,16.768999099731445,47.65999984741211,98.9800033569336,2391.169921875,10.59000015258789,2.2960000038146973,0.41,,99.64519
2017-05-03,2.532999992370605,2032.25,1246.4000244140625,16.48699951171875,47.81999969482422,99.20999908447266,2388.1298828125,10.68000030517578,2.309000015258789,0.46,,99.64519
2017-05-04,2.502000093460083,2018.75,1226.5,16.243999481201172,45.52000045776367,98.76000213623048,2389.52001953125,10.460000038146973,2.3559999465942383,0.5,,99.64519
2017-05-05,2.5195000171661377,2010.25,1224.800048828125,16.21500015258789,46.220001220703125,98.6500015258789,2399.2900390625,10.56999969482422,2.351999998092652,0.5,,99.64519
2017-05-08,2.4855000972747803,1963.75,1225.300048828125,16.198999404907227,46.43000030517578,99.1500015258789,2399.3798828125,9.770000457763672,2.375999927520752,0.53,,99.64519
2017-05-09,2.490000009536743,1956.75,1214.300048828125,16.007999420166016,45.880001068115234,99.58999633789062,2396.919921875,9.960000038146973,2.407000064849853,0.56,,99.64519
2017-05-10,2.486999988555908,1954.0,1217.300048828125,16.150999069213867,47.33000183105469,99.66999816894533,2399.6298828125,10.210000038146973,2.4140000343322754,0.56,,99.64519
2017-05-11,2.500999927520752,1962.25,1222.699951171875,16.208999633789062,47.83000183105469,99.62000274658205,2394.43994140625,10.600000381469728,2.400000095367432,0.51,,99.64519
2017-05-12,2.5179998874664307,1983.0,1226.199951171875,16.34600067138672,47.84000015258789,99.25,2390.89990234375,10.399999618530272,2.3350000381469727,0.49,,99.64519
2017-05-15,2.532999992370605,1992.75,1228.5999755859375,16.56100082397461,48.84999847412109,98.91000366210938,2402.320068359375,10.420000076293944,2.338000059127808,0.52,,99.64519
2017-05-16,2.5445001125335693,2009.0,1235.0,16.69300079345703,48.65999984741211,98.11000061035156,2400.669921875,10.649999618530272,2.3289999961853027,0.51,,99.64519
2017-05-17,2.5425000190734863,2012.5,1257.5,16.851999282836914,49.06999969482422,97.41999816894533,2357.030029296875,15.59000015258789,2.2160000801086426,0.44,,99.64519
2017-05-18,2.52649998664856,2008.25,1251.699951171875,16.621000289916992,49.34999847412109,97.87999725341795,2365.719970703125,14.65999984741211,2.2330000400543213,0.43,,99.64519
2017-05-19,2.5739998817443848,2028.5,1252.699951171875,16.75,50.33000183105469,97.1500015258789,2381.72998046875,12.039999961853027,2.244999885559082,0.41,,99.64519
2017-05-22,2.58899998664856,2022.5,1260.699951171875,17.14299964904785,50.72999954223633,96.9800033569336,2394.02001953125,10.93000030517578,2.253999948501587,0.43,,99.64519
2017-05-23,2.5905001163482666,2022.0,1254.800048828125,17.090999603271484,51.470001220703125,97.3499984741211,2398.419921875,10.720000267028809,2.2850000858306885,0.46,,99.64519
2017-05-24,2.578000068664551,2018.25,1252.4000244140625,17.07699966430664,51.36000061035156,97.23999786376952,2404.389892578125,10.020000457763672,2.2660000324249268,0.45,,99.64519
2017-05-25,2.5920000076293945,2031.75,1255.800048828125,17.152000427246094,48.900001525878906,97.25,2415.070068359375,9.989999771118164,2.255000114440918,0.45,,99.64519
2017-05-26,2.559499979019165,2028.0,1267.5999755859375,17.283000946044922,49.79999923706055,97.4000015258789,2415.820068359375,9.8100004196167,2.25,0.44,,99.64519
2017-05-30,2.561000108718872,2002.5,1262.0999755859375,17.38800048828125,49.65999984741211,97.27999877929688,2412.909912109375,10.380000114440918,2.2170000076293945,0.4,,99.64519
2017-05-31,2.57699990272522,2017.25,1272.0,17.368000030517578,48.31999969482422,96.91999816894533,2411.800048828125,10.40999984741211,2.196000099182129,0.4,,99.64519
2017-06-01,2.5845000743865967,2016.75,1267.0,17.243000030517578,48.36000061035156,97.1999969482422,2430.06005859375,9.890000343322754,2.2170000076293945,0.4,,99.74403
2017-06-02,2.571500062942505,2005.75,1276.800048828125,17.48699951171875,47.65999984741211,96.72000122070312,2439.070068359375,9.75,2.1589999198913574,0.36,,99.74403
2017-06-05,2.554500102996826,1978.25,1279.300048828125,17.547000885009766,47.400001525878906,96.8000030517578,2436.10009765625,10.06999969482422,2.181999921798706,0.39,,99.74403
2017-06-06,2.5445001125335693,1963.75,1294.4000244140625,17.677000045776367,48.18999862670898,96.63999938964844,2429.330078125,10.449999809265137,2.1470000743865967,0.37,,99.74403
2017-06-07,2.549000024795532,1970.75,1290.0999755859375,17.586999893188477,45.720001220703125,96.75,2433.139892578125,10.390000343322754,2.177999973297119,0.4,,99.74403
2017-06-08,2.6070001125335693,1966.75,1276.300048828125,17.384000778198242,45.63999938964844,96.91999816894533,2433.7900390625,10.15999984741211,2.194000005722046,0.41,,99.74403
2017-06-09,2.6459999084472656,1970.75,1268.5,17.19300079345703,45.83000183105469,97.2699966430664,2431.77001953125,10.699999809265137,2.1989998817443848,0.43,,99.74403
2017-06-12,2.612499952316284,1953.25,1266.0999755859375,16.913999557495117,46.08000183105469,97.13999938964844,2429.389892578125,11.460000038146973,2.213000059127808,0.46,,99.74403
2017-06-13,2.5929999351501465,1954.25,1265.800048828125,16.738000869750977,46.459999084472656,96.9800033569336,2440.35009765625,10.420000076293944,2.2070000171661377,0.46,,99.74403
2017-06-14,2.570499897003174,1954.25,1272.800048828125,17.10700035095215,44.72999954223633,96.94000244140624,2437.919921875,10.640000343322754,2.138000011444092,0.44,,99.74403
2017-06-15,2.563999891281128,1951.75,1252.199951171875,16.69099998474121,44.459999084472656,97.43000030517578,2432.4599609375,10.899999618530272,2.1619999408721924,0.49,,99.74403
2017-06-16,2.5625,1943.25,1254.0,16.63599967956543,44.7400016784668,97.16000366210938,2433.14990234375,10.380000114440918,2.157000064849853,0.49,,99.74403
2017-06-19,2.5894999504089355,1955.75,1244.199951171875,16.482999801635742,44.20000076293945,97.52999877929688,2453.4599609375,10.369999885559082,2.190000057220459,0.52,,99.74403
2017-06-20,2.555000066757202,1956.75,1241.0,16.398000717163086,43.22999954223633,97.75,2437.030029296875,10.859999656677246,2.1530001163482666,0.5,,99.74403
2017-06-21,2.601999998092652,1937.0,1243.4000244140625,16.354999542236328,42.52999877929688,97.55999755859376,2435.610107421875,10.75,2.1549999713897705,0.5,,99.74403
2017-06-22,2.5980000495910645,1937.0,1247.5999755859375,16.489999771118164,42.7400016784668,97.54000091552734,2434.5,10.479999542236328,2.1530001163482666,0.46,,99.74403
2017-06-23,2.622999906539917,1934.0,1256.199951171875,16.628000259399414,43.0099983215332,97.3000030517578,2438.300048828125,10.020000457763672,2.1440000534057617,0.45,,99.74403
2017-06-26,2.625,1928.25,1246.300048828125,16.559999465942383,43.380001068115234,97.43000030517578,2439.070068359375,9.899999618530272,2.13700008392334,0.43,,99.74403
2017-06-27,2.6465001106262207,1951.75,1246.4000244140625,16.576000213623047,44.2400016784668,96.47000122070312,2419.3798828125,11.0600004196167,2.197999954223633,0.5,,99.74403
2017-06-28,2.6619999408721924,1963.5,1248.0,16.71500015258789,44.7400016784668,96.0500030517578,2440.68994140625,10.029999732971191,2.220999956130981,0.49,,99.74403
2017-06-29,2.683000087738037,1982.25,1244.199951171875,16.586000442504883,44.93000030517578,95.62999725341795,2419.699951171875,11.4399995803833,2.2669999599456787,0.55,,99.74403
2017-06-30,2.6989998817443848,1984.5,1240.699951171875,16.56800079345703,46.040000915527344,95.66000366210938,2423.409912109375,11.18000030517578,2.302000045776367,0.58,,99.74403
2017-07-03,2.680999994277954,1991.0,1217.9000244140625,16.03700065612793,47.06999969482422,96.1999969482422,2429.010009765625,11.220000267028809,2.345999956130981,0.6,,99.84537
2017-07-05,2.6489999294281006,1989.25,1220.4000244140625,15.842000007629396,45.130001068115234,96.29000091552734,2432.5400390625,11.06999969482422,2.3340001106262207,0.58,,99.84537
2017-07-06,2.65149998664856,,1222.199951171875,15.927000045776367,45.52000045776367,95.81999969482422,2409.75,12.539999961853027,2.369999885559082,0.61,,99.84537
2017-07-07,2.637500047683716,,1208.5999755859375,15.371000289916992,44.22999954223633,96.01000213623048,2425.179931640625,11.1899995803833,2.3929998874664307,0.66,,99.84537
2017-07-10,2.63949990272522,,1212.0999755859375,15.57699966430664,44.400001525878906,96.0500030517578,2427.429931640625,11.109999656677246,2.371000051498413,0.66,,99.84537
2017-07-11,2.664499998092652,1961.75,1213.5999755859375,15.696999549865724,45.040000915527344,95.73999786376952,2425.530029296875,10.890000343322754,2.361999988555908,0.62,,99.84537
2017-07-12,2.677000045776367,1948.5,1218.0999755859375,15.83899974822998,45.4900016784668,95.79000091552734,2443.25,10.300000190734863,2.32699990272522,0.57,,99.84537
2017-07-13,2.6545000076293945,1987.5,1216.300048828125,15.642000198364258,46.08000183105469,95.7300033569336,2447.830078125,9.899999618530272,2.3480000495910645,0.58,,99.84537
2017-07-14,2.684000015258789,1989.0,1226.5999755859375,15.883999824523926,46.540000915527344,95.11000061035156,2459.27001953125,9.510000228881836,2.319000005722046,0.57,,99.84537
2017-07-17,2.7170000076293945,1978.25,1232.800048828125,16.049999237060547,46.02000045776367,95.12999725341795,2459.139892578125,9.81999969482422,2.309000015258789,0.54,,99.84537
2017-07-18,2.7235000133514404,1998.0,1241.0999755859375,16.222000122070312,46.400001525878906,94.66000366210938,2460.610107421875,9.890000343322754,2.263000011444092,0.51,,99.84537
2017-07-19,2.703000068664551,1984.25,1241.199951171875,16.250999450683594,47.119998931884766,94.8000030517578,2473.830078125,9.789999961853027,2.2679998874664307,0.51,,99.84537
2017-07-20,2.7084999084472656,1982.0,1244.800048828125,16.298999786376953,46.790000915527344,94.2699966430664,2473.449951171875,9.579999923706056,2.2660000324249268,0.5,,99.84537
2017-07-21,2.7149999141693115,1981.75,1254.300048828125,16.40999984741211,45.77000045776367,93.94000244140624,2472.5400390625,9.359999656677246,2.2320001125335693,0.48,,99.84537
2017-07-24,2.7290000915527344,1978.75,1253.9000244140625,16.398000717163086,46.34000015258789,93.9800033569336,2469.909912109375,9.43000030517578,2.253999948501587,0.48,,99.84537
2017-07-25,2.8405001163482666,1997.25,1251.699951171875,16.496999740600586,47.88999938964844,94.0500030517578,2477.1298828125,9.43000030517578,2.325999975204468,0.52,,99.84537
2017-07-26,2.86899995803833,2002.5,1249.0,16.415000915527344,48.75,93.66999816894533,2477.830078125,9.600000381469728,2.282000064849853,0.49,,99.84537
2017-07-27,2.874000072479248,2002.75,1259.5999755859375,16.52899932861328,49.040000915527344,93.86000061035156,2475.419921875,10.109999656677246,2.309999942779541,0.49,,99.84537
2017-07-28,2.870500087738037,1977.25,1268.4000244140625,16.663999557495117,49.709999084472656,93.26000213623048,2472.10009765625,10.289999961853027,2.2890000343322754,0.47,,99.84537
2017-07-31,2.888000011444092,1983.0,1266.5999755859375,16.75,50.16999816894531,92.86000061035156,2470.300048828125,10.260000228881836,2.2920000553131104,0.48,,99.84537
2017-08-01,2.878999948501587,1971.25,1272.5999755859375,16.72800064086914,49.15999984741211,93.02999877929688,2476.35009765625,10.09000015258789,2.250999927520752,0.47,,100.0176
2017-08-02,2.882499933242798,1990.25,1271.800048828125,16.69700050354004,49.59000015258789,92.83000183105467,2477.570068359375,10.279999732971191,2.26200008392334,0.48,,100.0176
2017-08-03,2.877000093460083,1983.25,1267.800048828125,16.5939998626709,49.02999877929688,92.80999755859376,2472.159912109375,10.4399995803833,2.2279999256134038,0.46,,100.0176
2017-08-04,2.884999990463257,1975.75,1258.300048828125,16.222000122070312,49.58000183105469,93.54000091552734,2476.830078125,10.029999732971191,2.2669999599456787,0.47,,100.0176
2017-08-07,2.907999992370605,2010.0,1258.199951171875,16.22100067138672,49.38999938964844,93.43000030517578,2480.909912109375,9.93000030517578,2.256999969482422,0.46,,100.0176
2017-08-08,2.942500114440918,2086.5,1256.4000244140625,16.360000610351562,49.16999816894531,93.63999938964844,2474.919921875,10.960000038146973,2.282999992370605,0.46,,100.0176
2017-08-09,2.930000066757202,2075.25,1273.0,16.833999633789062,49.560001373291016,93.5199966430664,2474.02001953125,11.109999656677246,2.240999937057495,0.42,,100.0176
2017-08-10,2.9059998989105225,2095.5,1283.699951171875,17.035999298095703,48.59000015258789,93.4000015258789,2438.2099609375,16.040000915527344,2.211999893188477,0.4,,100.0176
2017-08-11,2.9140000343322754,2095.5,1287.699951171875,17.041000366210938,48.81999969482422,93.06999969482422,2441.320068359375,15.510000228881836,2.188999891281128,0.4,,100.0176
2017-08-14,2.906500101089477,2092.25,1284.199951171875,17.093000411987305,47.59000015258789,93.45999908447266,2465.840087890625,12.329999923706056,2.219000101089477,0.45,,100.0176
2017-08-15,2.884500026702881,2103.25,1273.699951171875,16.690000534057617,47.54999923706055,93.8499984741211,2464.610107421875,12.039999961853027,2.2660000324249268,0.49,,100.0176
2017-08-16,2.9544999599456787,2161.75,1276.9000244140625,16.91699981689453,46.77999877929688,93.48999786376952,2468.110107421875,11.739999771118164,2.2260000705718994,0.45,,100.0176
2017-08-17,2.937999963760376,2152.25,1286.4000244140625,17.030000686645508,47.09000015258789,93.62000274658205,2430.010009765625,15.550000190734863,2.1989998817443848,0.42,,100.0176
2017-08-18,2.940500020980835,2139.25,1285.699951171875,16.979999542236328,48.5099983215332,93.43000030517578,2425.550048828125,14.260000228881836,2.194000005722046,0.43,,100.0176
2017-08-21,2.9809999465942383,2160.0,1290.800048828125,16.9950008392334,47.369998931884766,93.0999984741211,2428.3701171875,13.1899995803833,2.180000066757202,0.43,,100.0176
2017-08-22,2.986500024795532,2147.25,1285.0999755859375,16.961999893188477,47.63999938964844,93.5500030517578,2452.510009765625,11.350000381469728,2.2149999141693115,0.45,,100.0176
2017-08-23,2.9804999828338623,2159.5,1288.9000244140625,17.031999588012695,48.40999984741211,93.1500015258789,2444.0400390625,12.25,2.1710000038146973,0.42,,100.0176
2017-08-24,3.033499956130981,2168.0,1286.5,16.95199966430664,47.43000030517578,93.27999877929688,2438.969970703125,12.229999542236328,2.194000005722046,0.44,,100.0176
2017-08-25,3.032999992370605,2125.5,1292.5,17.038000106811523,47.869998931884766,92.73999786376952,2443.050048828125,11.279999732971191,2.1689999103546143,0.42,,100.0176
2017-08-28,3.065000057220459,2125.5,1309.699951171875,17.430999755859375,46.56999969482422,92.20999908447266,2444.239990234375,11.31999969482422,2.1589999198913574,0.41,,100.0176
2017-08-29,3.0810000896453857,2125.5,1313.0999755859375,17.422000885009766,46.43999862670898,92.3499984741211,2446.300048828125,11.699999809265137,2.135999917984009,0.39,,100.0176
2017-08-30,3.064500093460083,2153.75,1308.0999755859375,17.40399932861328,45.959999084472656,92.87999725341795,2457.590087890625,11.220000267028809,2.1429998874664307,0.39,,100.0176
2017-08-31,3.0789999961853027,2169.0,1316.199951171875,17.479999542236328,47.22999954223633,92.66999816894533,2471.64990234375,10.59000015258789,2.121000051498413,0.36,,100.0176
2017-09-01,3.0980000495910645,2194.75,1324.5,17.7189998626709,47.290000915527344,92.80999755859376,2476.550048828125,10.130000114440918,2.157000064849853,0.37,,100.1562
2017-09-05,3.1075000762939453,2155.0,1339.199951171875,17.844999313354492,48.65999984741211,92.30999755859376,2457.85009765625,12.229999542236328,2.069999933242798,0.3,,100.1562
2017-09-06,3.131500005722046,2155.0,1333.9000244140625,17.81599998474121,49.15999984741211,92.29000091552734,2465.5400390625,11.630000114440918,2.1080000400543213,0.32,,100.1562
2017-09-07,3.122999906539917,2155.0,1345.0999755859375,18.016000747680664,49.09000015258789,91.52999877929688,2465.10009765625,11.550000190734863,2.061000108718872,0.26,,100.1562
2017-09-08,3.0215001106262207,2141.75,1346.0,18.027000427246094,47.47999954223633,91.33000183105467,2461.429931640625,12.119999885559082,2.061000108718872,0.25,,100.1562
2017-09-11,3.0460000038146973,2174.25,1331.0,17.80699920654297,48.06999969482422,91.86000061035156,2488.110107421875,10.729999542236328,2.125,0.31,,100.1562
2017-09-12,3.015500068664551,2177.25,1328.0,17.795000076293945,48.22999954223633,91.91000366210938,2496.47998046875,10.579999923706056,2.1710000038146973,0.33,,100.1562
2017-09-13,2.9609999656677246,2154.25,1323.4000244140625,17.77199935913086,49.29999923706055,92.5199966430664,2498.3701171875,10.5,2.194999933242798,0.35,,100.1562
2017-09-14,2.936500072479248,2148.25,1324.699951171875,17.697999954223633,49.88999938964844,92.12000274658205,2495.6201171875,10.4399995803833,2.197000026702881,0.35,,100.1562
2017-09-15,2.927999973297119,2136.25,1320.4000244140625,17.611000061035156,49.88999938964844,91.87000274658205,2500.22998046875,10.170000076293944,2.20199990272522,0.35,,100.1562
2017-09-18,2.9489998817443848,2131.0,1306.300048828125,17.070999145507812,49.90999984741211,92.0500030517578,2503.8701171875,10.149999618530272,2.2290000915527344,0.36,,100.1562
2017-09-19,2.94950008392334,2174.5,1306.199951171875,17.19499969482422,49.47999954223633,91.79000091552734,2506.64990234375,10.18000030517578,2.243000030517578,0.37,,100.1562
2017-09-20,2.94950008392334,2225.0,1312.0,17.250999450683594,50.40999984741211,92.51000213623048,2508.239990234375,9.779999732971191,2.2769999504089355,0.43,,100.1562
2017-09-21,2.9140000343322754,2222.0,1290.5999755859375,16.937000274658203,50.54999923706055,92.26000213623048,2500.60009765625,9.670000076293944,2.2780001163482666,0.44,,100.1562
2017-09-22,2.924499988555908,2208.75,1293.300048828125,16.902999877929688,50.65999984741211,92.16999816894533,2502.219970703125,9.59000015258789,2.26200008392334,0.42,,100.1562
2017-09-25,2.9175000190734863,2208.5,1306.800048828125,17.05900001525879,52.220001220703125,92.6500015258789,2496.659912109375,10.210000038146973,2.220000028610229,0.38,,100.1562
2017-09-26,2.8975000381469727,2186.25,1297.0,16.804000854492188,51.880001068115234,92.97000122070312,2496.840087890625,10.170000076293944,2.2290000915527344,0.4,,100.1562
2017-09-27,2.9110000133514404,2189.75,1283.4000244140625,16.74799919128418,52.13999938964844,93.36000061035156,2507.0400390625,9.869999885559082,2.309000015258789,0.44,,100.1562
2017-09-28,2.962500095367432,2198.0,1285.5,16.773000717163086,51.560001373291016,93.08999633789062,2510.06005859375,9.550000190734863,2.309000015258789,0.44,,100.1562
2017-09-29,2.9375,2192.75,1281.5,16.60700035095215,51.66999816894531,93.08000183105467,2519.360107421875,9.510000228881836,2.325999975204468,0.49,,100.1562
2017-10-02,2.939500093460083,2175.0,1272.699951171875,16.584999084472656,50.58000183105469,93.55999755859376,2529.1201171875,9.449999809265137,2.336999893188477,0.51,,100.0696
2017-10-03,2.948499917984009,2194.75,1271.5,16.58099937438965,50.41999816894531,93.56999969482422,2534.580078125,9.510000228881836,2.3340001106262207,0.49,,100.0696
2017-10-04,2.944499969482422,2231.5,1273.699951171875,16.562999725341797,49.97999954223633,93.45999908447266,2537.739990234375,9.630000114440918,2.3299999237060547,0.48,,100.0696
2017-10-05,3.031500101089477,2240.25,1269.9000244140625,16.582000732421875,50.790000915527344,93.95999908447266,2552.070068359375,9.1899995803833,2.3499999046325684,0.49,,100.0696
2017-10-06,3.01449990272522,2220.75,1271.5999755859375,16.733999252319336,49.290000915527344,93.8000030517578,2549.330078125,9.649999618530272,2.369999885559082,0.5,,100.0696
2017-10-09,3.0169999599456787,2236.25,1281.800048828125,16.916000366210938,49.58000183105469,93.73999786376952,2544.72998046875,10.329999923706056,2.361000061035156,0.5,,100.0696
2017-10-10,3.0455000400543213,2236.25,1290.5999755859375,17.155000686645508,50.91999816894531,93.29000091552734,2550.639892578125,10.079999923706056,2.345000028610229,0.47,,100.0696
2017-10-11,3.0799999237060547,2236.25,1285.800048828125,17.08099937438965,51.29999923706055,92.95999908447266,2555.239990234375,9.850000381469728,2.345000028610229,0.46,,100.0696
2017-10-12,3.1040000915527344,2236.25,1293.300048828125,17.211000442504883,50.59999847412109,93.12000274658205,2550.929931640625,9.90999984741211,2.322999954223633,0.44,,100.0696
2017-10-13,3.118499994277954,2236.25,1301.5,17.354999542236328,51.45000076293945,93.08999633789062,2553.169921875,9.609999656677246,2.2799999713897705,0.43,,100.0696
2017-10-16,3.2239999771118164,2236.25,1299.9000244140625,17.315000534057617,51.869998931884766,93.27999877929688,2557.639892578125,9.90999984741211,2.306999921798706,0.46,,100.0696
2017-10-17,3.180500030517578,2210.25,1283.0,16.98699951171875,51.880001068115234,93.48999786376952,2559.360107421875,10.3100004196167,2.2980000972747803,0.48,,100.0696
2017-10-18,3.1635000705718994,2188.5,1279.9000244140625,16.94300079345703,52.040000915527344,93.36000061035156,2561.260009765625,10.06999969482422,2.33899998664856,0.5,,100.0696
2017-10-19,3.1530001163482666,2225.0,1286.9000244140625,17.201000213623047,51.290000915527344,93.2699966430664,2562.10009765625,10.050000190734863,2.321000099182129,0.49,,100.0696
2017-10-20,3.15149998664856,2225.0,1277.4000244140625,17.02199935913086,51.470001220703125,93.6999969482422,2575.2099609375,9.970000267028809,2.38100004196167,0.52,,100.0696
2017-10-23,3.174000024795532,2225.0,1277.699951171875,17.02400016784668,51.900001525878906,93.94000244140624,2564.97998046875,11.06999969482422,2.375999927520752,0.52,,100.0696
2017-10-24,3.186500072479248,2225.0,1275.0,16.906999588012695,52.470001220703125,93.95999908447266,2569.1298828125,11.15999984741211,2.4059998989105225,0.55,,100.0696
2017-10-25,3.171499967575073,2225.0,1275.4000244140625,16.868000030517578,52.18000030517578,93.70999908447266,2557.14990234375,11.229999542236328,2.444000005722046,0.56,,100.0696
2017-10-26,3.1675000190734863,2225.0,1266.300048828125,16.763999938964844,52.63999938964844,94.61000061035156,2560.39990234375,11.300000190734863,2.45199990272522,0.57,,100.0696
2017-10-27,3.0934998989105225,2225.0,1268.5,16.70199966430664,53.900001525878906,94.91999816894533,2581.070068359375,9.800000190734863,2.427999973297119,0.54,,100.0696
2017-10-30,3.101999998092652,2231.5,1274.0999755859375,16.802000045776367,54.150001525878906,94.48999786376952,2572.830078125,10.5,2.369999885559082,0.5,,100.0696
2017-10-31,3.0920000076293945,2231.5,1267.0,16.645000457763672,54.380001068115234,94.5500030517578,2575.260009765625,10.18000030517578,2.375999927520752,0.5,,100.0696
2017-11-01,3.132999897003174,2231.5,1274.0999755859375,17.131999969482422,54.29999923706055,94.81999969482422,2579.360107421875,10.199999809265137,2.375999927520752,0.49,,99.94204
2017-11-02,3.135499954223633,2231.5,1274.9000244140625,17.0939998626709,54.540000915527344,94.69000244140624,2579.85009765625,9.93000030517578,2.3469998836517334,0.48,,99.94204
2017-11-03,3.1105000972747803,2231.5,1266.5,16.79400062561035,55.63999938964844,94.94000244140624,2587.840087890625,9.140000343322754,2.3429999351501465,0.48,,99.94204
2017-11-06,3.150500059127808,2231.5,1279.4000244140625,17.19499969482422,57.34999847412109,94.72000122070312,2591.1298828125,9.399999618530272,2.319999933242798,0.46,,99.94204
2017-11-07,3.0824999809265137,2231.5,1273.699951171875,16.905000686645508,57.20000076293945,94.91000366210938,2590.639892578125,9.890000343322754,2.306999921798706,0.44,,99.94204
2017-11-08,3.0929999351501465,2231.5,1281.5999755859375,17.106000900268555,56.810001373291016,94.87000274658205,2594.3798828125,9.779999732971191,2.325000047683716,0.45,,99.94204
2017-11-09,3.0799999237060547,2231.5,1285.5999755859375,16.94300079345703,57.16999816894531,94.44000244140624,2584.6201171875,10.5,2.3310000896453857,0.46,,99.94204
2017-11-10,3.069499969482422,2231.5,1272.4000244140625,16.8439998626709,56.7400016784668,94.38999938964844,2582.300048828125,11.289999961853027,2.400000095367432,0.52,,99.94204
2017-11-13,3.111500024795532,2231.5,1277.300048828125,17.023000717163086,56.7599983215332,94.48999786376952,2584.840087890625,11.5,2.400000095367432,0.52,,99.94204
2017-11-14,3.059999942779541,2231.5,1281.5,17.052000045776367,55.70000076293945,93.83000183105467,2578.8701171875,11.59000015258789,2.38100004196167,0.51,,99.94204
2017-11-15,3.049000024795532,2231.5,1276.5,16.950000762939453,55.33000183105469,93.80999755859376,2564.6201171875,13.130000114440918,2.3350000381469727,0.48,,99.94204
2017-11-16,3.0434999465942383,2231.5,1277.4000244140625,17.055999755859375,55.13999938964844,93.93000030517578,2585.639892578125,11.760000228881836,2.361000061035156,0.53,,99.94204
2017-11-17,3.0625,2231.5,1295.800048828125,17.357999801635742,56.54999923706055,93.66000366210938,2578.85009765625,11.43000030517578,2.3540000915527344,0.49,,99.94204
2017-11-20,3.0905001163482666,2231.5,1274.5999755859375,16.82699966430664,56.09000015258789,94.08000183105467,2582.139892578125,10.649999618530272,2.371999979019165,0.52,,99.94204
2017-11-21,3.125499963760376,2231.5,1281.0999755859375,16.948999404907227,56.83000183105469,93.9499969482422,2599.030029296875,9.729999542236328,2.36299991607666,0.52,,99.94204
2017-11-22,3.134500026702881,2231.5,1291.5999755859375,17.10099983215332,58.02000045776367,93.22000122070312,2597.080078125,9.880000114440918,2.322000026702881,0.48,,99.94204
2017-11-24,3.1659998893737797,2231.5,1286.699951171875,16.981000900268555,58.95000076293945,92.76000213623048,2602.419921875,9.670000076293944,2.3399999141693115,0.5,,99.94204
2017-11-27,3.132499933242798,2231.5,1293.800048828125,17.009000778198242,58.11000061035156,92.9000015258789,2601.419921875,9.869999885559082,2.328000068664551,0.49,,99.94204
2017-11-28,3.070499897003174,2231.5,1294.699951171875,16.81100082397461,57.9900016784668,93.26000213623048,2627.0400390625,10.029999732971191,2.338000059127808,0.5,,99.94204
2017-11-29,3.039999961853028,2239.5,1282.0999755859375,16.457000732421875,57.29999923706055,93.26000213623048,2626.070068359375,10.699999809265137,2.375999927520752,0.53,,99.94204
2017-11-30,3.0369999408721924,2239.5,1273.199951171875,16.381999969482422,57.400001525878906,93.01000213623048,2647.580078125,11.279999732971191,2.4170000553131104,0.56,,99.94204
2017-12-01,3.065500020980835,2239.5,1278.800048828125,16.297000885009766,58.36000061035156,92.9000015258789,2642.219970703125,11.43000030517578,2.361999988555908,0.51,,99.73302
2017-12-04,3.062999963760376,2239.5,1274.300048828125,16.284000396728516,57.470001220703125,93.19000244140624,2639.43994140625,11.68000030517578,2.378999948501587,0.5,,99.73302
2017-12-05,2.9205000400543213,2239.5,1261.5999755859375,15.972999572753906,57.619998931884766,93.37999725341795,2629.570068359375,11.329999923706056,2.3559999465942383,0.5,,99.73302
2017-12-06,2.936500072479248,2239.5,1262.800048828125,15.868000030517578,55.959999084472656,93.61000061035156,2629.27001953125,11.020000457763672,2.3299999237060547,0.47,,99.73302
2017-12-07,2.940500020980835,2239.5,1249.800048828125,15.71500015258789,56.68999862670898,93.8000030517578,2636.97998046875,10.15999984741211,2.375999927520752,0.5,,99.73302
2017-12-08,2.9549999237060547,2239.5,1245.199951171875,15.736000061035156,57.36000061035156,93.9000015258789,2651.5,9.579999923706056,2.382999897003174,0.5,,99.73302
2017-12-11,2.98799991607666,2239.5,1243.699951171875,15.696999549865724,57.9900016784668,93.87000274658205,2659.989990234375,9.34000015258789,2.384999990463257,0.51,,99.73302
2017-12-12,2.999500036239624,2239.5,1238.5,15.58199977874756,57.13999938964844,94.0999984741211,2664.110107421875,9.920000076293944,2.4030001163482666,0.51,,99.73302
2017-12-13,3.0295000076293945,2239.5,1245.4000244140625,15.784000396728516,56.59999847412109,93.43000030517578,2662.85009765625,10.18000030517578,2.3489999771118164,0.48,,99.73302
2017-12-14,3.048500061035156,2239.5,1253.800048828125,15.850000381469728,57.040000915527344,93.48999786376952,2652.010009765625,10.489999771118164,2.345999956130981,0.48,,99.73302
2017-12-15,3.109999895095825,2239.5,1254.300048828125,15.977999687194824,57.29999923706055,93.93000030517578,2675.81005859375,9.420000076293944,2.3550000190734863,0.47,,99.73302
2017-12-18,3.121999979019165,2239.5,1262.199951171875,16.1200008392334,57.15999984741211,93.6999969482422,2690.159912109375,9.529999732971191,2.3919999599456787,0.5,,99.73302
2017-12-19,3.127500057220459,2239.5,1260.699951171875,16.06599998474121,57.459999084472656,93.47000122070312,2681.469970703125,10.029999732971191,2.463000059127808,0.55,,99.73302
2017-12-20,3.171499967575073,2239.5,1266.0999755859375,16.187999725341797,58.09000015258789,93.3499984741211,2679.25,9.720000267028809,2.496999979019165,0.57,,99.73302
2017-12-21,3.194499969482422,2239.5,1267.300048828125,16.152000427246094,58.36000061035156,93.27999877929688,2684.570068359375,9.619999885559082,2.4809999465942383,0.55,,99.73302
2017-12-22,3.2144999504089355,2239.5,1275.4000244140625,16.35700035095215,58.470001220703125,93.3499984741211,2683.340087890625,9.899999618530272,2.484999895095825,0.54,,99.73302
2017-12-26,3.25600004196167,2239.5,1284.0999755859375,16.520000457763672,59.970001220703125,93.26000213623048,2680.5,10.25,2.4670000076293945,0.53,,99.73302
2017-12-27,3.256999969482422,2239.5,1287.0,16.618999481201172,59.63999938964844,93.02999877929688,2682.6201171875,10.470000267028809,2.4140000343322754,0.48,,99.73302
2017-12-28,3.2860000133514404,2244.5,1294.0999755859375,16.832000732421875,59.84000015258789,92.5999984741211,2687.5400390625,10.18000030517578,2.431999921798706,0.47,,99.73302
2017-12-29,3.2795000076293945,2244.5,1306.300048828125,17.059999465942383,60.41999816894531,92.12000274658205,2673.610107421875,11.039999961853027,2.4049999713897705,0.44,,99.73302
2018-01-02,3.25600004196167,2244.5,1313.699951171875,17.121000289916992,60.369998931884766,91.8499984741211,2695.81005859375,9.770000457763672,2.4649999141693115,0.46,,99.4762
2018-01-03,3.236999988555908,2244.5,1316.199951171875,17.184999465942383,61.630001068115234,92.16000366210938,2713.06005859375,9.149999618530272,2.447000026702881,0.46,,99.4762
2018-01-04,3.242500066757202,2244.5,1319.4000244140625,17.18899917602539,62.0099983215332,91.8499984741211,2723.989990234375,9.220000267028809,2.453000068664551,0.45,,99.4762
2018-01-05,3.2070000171661377,2244.5,1320.300048828125,17.204999923706055,61.43999862670898,91.9499969482422,2743.14990234375,9.220000267028809,2.4760000705718994,0.46,,99.4762
2018-01-08,3.200999975204468,2244.5,1318.5999755859375,17.06399917602539,61.72999954223633,92.33000183105467,2747.7099609375,9.520000457763672,2.4800000190734863,0.47,,99.4762
2018-01-09,3.194499969482422,2244.5,1311.699951171875,16.93600082397461,62.959999084472656,92.52999877929688,2751.2900390625,10.079999923706056,2.5460000038146973,0.52,,99.4762
2018-01-10,3.2149999141693115,2244.5,1317.4000244140625,16.96299934387207,63.56999969482422,92.33000183105467,2748.22998046875,9.81999969482422,2.549999952316284,0.52,,99.4762
2018-01-11,3.213500022888184,2244.5,1320.5999755859375,16.893999099731445,63.79999923706055,91.8499984741211,2767.56005859375,9.880000114440918,2.5309998989105225,0.54,,99.4762
2018-01-12,3.200000047683716,2244.5,1333.4000244140625,17.069000244140625,64.30000305175781,90.97000122070312,2786.239990234375,10.15999984741211,2.552000045776367,0.54,,99.4762
2018-01-16,3.1989998817443848,2244.5,1335.4000244140625,17.121999740600586,63.72999954223633,90.38999938964844,2776.419921875,11.65999984741211,2.5439999103546143,0.51,,99.4762
2018-01-17,3.1665000915527344,2244.5,1338.0,17.104999542236328,63.970001220703125,90.54000091552734,2802.56005859375,11.90999984741211,2.578000068664551,0.53,,99.4762
2018-01-18,3.177000045776367,2244.5,1326.0,16.89299964904785,63.95000076293945,90.5,2798.030029296875,12.220000267028809,2.611000061035156,0.57,,99.4762
2018-01-19,3.1670000553131104,2244.5,1331.9000244140625,16.975000381469727,63.369998931884766,90.56999969482422,2810.300048828125,11.270000457763672,2.63700008392334,0.58,,99.4762
2018-01-22,3.177500009536743,2244.5,1330.9000244140625,16.930999755859375,63.4900016784668,90.4000015258789,2832.969970703125,11.029999732971191,2.664999961853028,0.6,,99.4762
2018-01-23,3.0894999504089355,2244.5,1335.699951171875,16.854999542236328,64.47000122070312,90.12000274658205,2839.1298828125,11.100000381469728,2.624000072479248,0.57,,99.4762
2018-01-24,3.2084999084472656,2244.5,1355.9000244140625,17.424999237060547,65.61000061035156,89.20999908447266,2837.5400390625,11.470000267028809,2.6540000438690186,0.58,,99.4762
2018-01-25,3.1989998817443848,2244.5,1362.4000244140625,17.551000595092773,65.51000213623047,89.38999938964844,2839.25,11.579999923706056,2.621000051498413,0.56,,99.4762
2018-01-26,3.182499885559082,2244.5,1351.5999755859375,17.381999969482422,66.13999938964844,89.06999969482422,2872.8701171875,11.079999923706056,2.6619999408721924,0.57,,99.4762
2018-01-30,3.177000045776367,2250.0,1335.4000244140625,17.01300048828125,64.5,89.19000244140625,2822.429931640625,14.789999961853027,2.7260000705718994,0.63,,99.4762
2018-01-31,3.184000015258789,2250.0,1339.0,17.20400047302246,64.7300033569336,89.12999725341797,2823.81005859375,13.539999961853027,2.720000028610229,0.61,,99.4762
2018-02-01,3.197000026702881,2250.0,1344.300048828125,17.118000030517578,65.80000305175781,88.66999816894531,2821.97998046875,13.470000267028809,2.7730000019073486,0.67,,99.31673
2018-02-02,3.176500082015991,2250.0,1333.699951171875,16.676000595092773,65.44999694824219,89.19999694824219,2762.1298828125,17.309999465942383,2.8540000915527344,0.7,,99.31673
2018-02-05,3.2105000019073486,2250.0,1333.0,16.638999938964844,64.1500015258789,89.55000305175781,2648.93994140625,37.31999969482422,2.7939999103546143,0.67,,99.31673
2018-02-06,3.177500009536743,2250.0,1326.0999755859375,16.54800033569336,63.38999938964844,89.58999633789062,2695.139892578125,29.979999542236328,2.7679998874664307,0.69,,99.31673
2018-02-07,3.076499938964844,2250.0,1311.5999755859375,16.20599937438965,61.790000915527344,90.26000213623048,2681.659912109375,27.729999542236328,2.844000101089477,0.74,,99.31673
2018-02-08,3.072000026702881,2250.0,1316.9000244140625,16.31399917602539,61.150001525878906,90.2300033569336,2581.0,33.459999084472656,2.8510000705718994,0.76,,99.31673
2018-02-09,3.024499893188477,2250.0,1313.0999755859375,16.115999221801758,59.20000076293945,90.44000244140624,2619.550048828125,29.059999465942383,2.8289999961853027,0.78,,99.31673
2018-02-12,3.077500104904175,2250.0,1324.199951171875,16.54800033569336,59.290000915527344,90.20999908447266,2656.0,25.61000061035156,2.8570001125335693,0.79,,99.31673
2018-02-13,3.1545000076293945,2250.0,1328.0999755859375,16.506999969482422,59.18999862670898,89.69999694824219,2662.93994140625,24.96999931335449,2.8399999141693115,0.78,,99.31673
2018-02-14,3.2284998893737797,2250.0,1355.5,16.857999801635742,60.59999847412109,89.12000274658203,2698.6298828125,19.26000022888184,2.9130001068115234,0.82,,99.31673
2018-02-15,3.239000082015991,2250.0,1352.0999755859375,16.777000427246094,61.34000015258789,88.58999633789062,2731.199951171875,19.1299991607666,2.8910000324249268,0.79,,99.31673
2018-02-16,3.243000030517578,2250.0,1353.199951171875,16.69499969482422,61.68000030517578,89.0999984741211,2732.219970703125,19.459999084472656,2.877000093460083,0.78,,99.31673
2018-02-20,3.186000108718872,2250.0,1328.800048828125,16.424999237060547,61.900001525878906,89.72000122070312,2716.260009765625,20.600000381469727,2.8929998874664307,0.78,,99.31673
2018-02-21,3.2114999294281006,2250.0,1330.0,16.604000091552734,61.68000030517578,90.08000183105467,2701.330078125,20.020000457763672,2.943000078201294,0.82,,99.31673
2018-02-22,3.237499952316284,2250.0,1330.5999755859375,16.57900047302246,62.77000045776367,89.75,2703.9599609375,18.71999931335449,2.9170000553131104,0.81,,99.31673
2018-02-23,3.2084999084472656,2250.0,1328.199951171875,16.47599983215332,63.54999923706055,89.87999725341797,2747.300048828125,16.489999771118164,2.871000051498413,0.76,,99.31673
2018-02-26,3.196000099182129,2250.0,1330.699951171875,16.54199981689453,63.90999984741211,89.81999969482422,2779.60009765625,15.800000190734863,2.858999967575073,0.73,,99.31673
2018-02-27,3.157500028610229,2255.0,1315.5,16.34600067138672,63.0099983215332,90.36000061035156,2744.280029296875,18.59000015258789,2.907999992370605,0.77,,99.31673
2018-02-28,3.1075000762939453,2255.0,1315.5,16.323999404907227,61.63999938964844,90.61000061035156,2713.830078125,19.850000381469727,2.868000030517578,0.75,,99.31673
2018-03-01,3.0994999408721924,2255.0,1302.9000244140625,16.200000762939453,60.9900016784668,90.31999969482422,2677.669921875,22.46999931335449,2.803999900817871,0.71,,99.51
2018-03-02,3.1010000705718994,2255.0,1321.0999755859375,16.392000198364258,61.25,89.94000244140625,2691.25,19.59000015258789,2.8570001125335693,0.74,,99.51
2018-03-05,3.1054999828338623,2255.0,1318.0999755859375,16.33799934387207,62.56999969482422,90.08000183105467,2720.93994140625,18.729999542236328,2.88100004196167,0.75,,99.51
2018-03-06,3.13700008392334,2255.0,1333.5999755859375,16.71500015258789,62.59999847412109,89.62000274658203,2728.1201171875,18.36000061035156,2.877000093460083,0.76,,99.51
2018-03-07,3.114000082015991,2255.0,1326.0,16.42799949645996,61.150001525878906,89.63999938964844,2726.800048828125,17.760000228881836,2.882999897003174,0.76,,99.51
2018-03-08,3.058500051498413,2255.0,1319.9000244140625,16.43600082397461,60.119998931884766,90.12000274658205,2738.969970703125,16.540000915527344,2.865999937057495,0.75,,99.51
2018-03-09,3.115999937057495,2255.0,1322.4000244140625,16.54599952697754,62.040000915527344,90.08999633789062,2786.570068359375,14.640000343322754,2.8940000534057617,0.78,,99.51
2018-03-12,3.1040000915527344,2255.0,1319.4000244140625,16.47100067138672,61.36000061035156,89.9000015258789,2783.02001953125,15.779999732971191,2.869999885559082,0.77,,99.51
2018-03-13,3.11899995803833,2255.0,1325.9000244140625,16.55900001525879,60.709999084472656,89.66000366210938,2765.31005859375,16.350000381469727,2.8480000495910645,0.75,,99.51
2018-03-14,3.140000104904175,2255.0,1324.4000244140625,16.466999053955078,60.959999084472656,89.69999694824219,2749.47998046875,17.229999542236328,2.816999912261963,0.74,,99.51
2018-03-15,3.111000061035156,2255.0,1316.800048828125,16.35300064086914,61.18999862670898,90.13999938964844,2747.330078125,16.59000015258789,2.825999975204468,0.74,,99.51
2018-03-16,3.0929999351501465,2255.0,1311.300048828125,16.20199966430664,62.34000015258789,90.2300033569336,2752.010009765625,15.800000190734863,2.8480000495910645,0.77,,99.51
2018-03-19,3.069499969482422,2255.0,1316.800048828125,16.2549991607666,62.060001373291016,89.9000015258789,2712.919921875,19.020000457763672,2.845000028610229,0.77,,99.51
2018-03-20,3.025500059127808,2255.0,1311.0999755859375,16.125,63.400001525878906,90.37000274658205,2716.93994140625,18.200000762939453,2.878999948501587,0.81,,99.51
2018-03-21,3.048500061035156,2255.0,1320.699951171875,16.35700035095215,65.16999816894531,89.77999877929688,2711.929931640625,17.860000610351562,2.907000064849853,0.8,,99.51
2018-03-22,3.01200008392334,2255.0,1326.5999755859375,16.327999114990234,64.30000305175781,89.86000061035156,2643.68994140625,23.34000015258789,2.8320000171661377,0.75,,99.51
2018-03-23,2.984499931335449,2255.0,1349.300048828125,16.530000686645508,65.87999725341797,89.44000244140625,2588.260009765625,24.8700008392334,2.8299999237060547,0.75,,99.51
2018-03-26,2.9605000019073486,2255.0,1354.4000244140625,16.631999969482422,65.55000305175781,89.02999877929688,2658.550048828125,21.030000686645508,2.8429999351501465,0.77,,99.51
2018-03-27,2.991499900817871,2255.0,1341.300048828125,16.48900032043457,65.25,89.37000274658203,2612.6201171875,22.5,2.7860000133514404,0.71,,99.51
2018-03-28,2.99399995803833,2260.0,1324.199951171875,16.204999923706055,64.37999725341797,90.05999755859375,2605.0,22.8700008392334,2.775000095367432,0.72,,99.51
2018-03-29,3.0190000534057617,2260.0,1322.800048828125,16.222999572753906,64.94000244140625,90.1500015258789,2640.8701171875,19.96999931335449,2.740999937057495,0.69,,99.51
2018-04-02,3.0404999256134038,2300.0,1342.0999755859375,16.62700080871582,63.0099983215332,90.05000305175781,2581.8798828125,23.6200008392334,2.7320001125335693,0.68,,99.72124
2018-04-03,3.058000087738037,2300.0,1332.800048828125,16.347000122070312,63.5099983215332,90.1999969482422,2614.449951171875,21.100000381469727,2.7839999198913574,0.71,,99.72124
2018-04-04,3.006999969482422,2300.0,1335.800048828125,16.208999633789062,63.369998931884766,90.13999938964844,2644.68994140625,20.059999465942383,2.7880001068115234,0.71,,99.72124
2018-04-05,3.069499969482422,2300.0,1324.300048828125,16.31999969482422,63.540000915527344,90.45999908447266,2662.840087890625,18.940000534057617,2.8320000171661377,0.75,,99.72124
2018-04-06,3.053999900817871,2300.0,1331.9000244140625,16.332000732421875,62.060001373291016,90.11000061035156,2604.469970703125,21.489999771118164,2.775000095367432,0.7,,99.72124
2018-04-09,3.071500062942505,2300.0,1336.300048828125,16.499000549316406,63.41999816894531,89.83999633789062,2613.159912109375,21.770000457763672,2.7860000133514404,0.71,,99.72124
2018-04-10,3.13100004196167,2300.0,1342.0,16.56599998474121,65.51000213623047,89.58999633789062,2656.8701171875,20.46999931335449,2.796999931335449,0.72,,99.72124
2018-04-11,3.111999988555908,2300.0,1356.5,16.738000869750977,66.81999969482422,89.56999969482422,2642.18994140625,20.239999771118164,2.789999961853028,0.68,,99.72124
2018-04-12,3.059999942779541,2300.0,1338.4000244140625,16.44300079345703,67.06999969482422,89.75,2663.989990234375,18.489999771118164,2.8340001106262207,0.7,,99.72124
2018-04-13,3.067500114440918,2300.0,1344.800048828125,16.628000259399414,67.38999938964844,89.80000305175781,2656.300048828125,17.40999984741211,2.8289999961853027,0.69,,99.72124
2018-04-16,3.0915000438690186,2300.0,1347.5,16.66200065612793,66.22000122070312,89.43000030517578,2677.840087890625,16.559999465942383,2.8320000171661377,0.71,,99.72124
2018-04-17,3.075000047683716,2300.0,1347.199951171875,16.77199935913086,66.5199966430664,89.5199966430664,2706.389892578125,15.25,2.813999891281128,0.68,,99.72124
2018-04-18,3.1535000801086426,2300.0,1351.199951171875,17.231000900268555,68.47000122070312,89.62000274658203,2708.639892578125,15.600000381469728,2.867000102996826,0.71,,99.72124
2018-04-19,3.128000020980835,2300.0,1346.800048828125,17.222000122070312,68.29000091552734,89.94000244140625,2693.1298828125,15.960000038146973,2.9140000343322754,0.75,,99.72124
2018-04-20,3.131500005722046,2300.0,1336.699951171875,17.14699935913086,68.37999725341797,90.31999969482422,2670.139892578125,16.8799991607666,2.950999975204468,0.79,,99.72124
2018-04-23,3.1080000400543213,2300.0,1322.5,16.570999145507812,68.63999938964844,90.94000244140624,2670.2900390625,16.34000015258789,2.9730000495910645,0.8,,99.72124
2018-04-24,3.138499975204468,2300.0,1331.4000244140625,16.687000274658203,67.69999694824219,90.7699966430664,2634.56005859375,18.020000457763672,2.9830000400543213,0.83,,99.72124
2018-04-25,3.131999969482422,2300.0,1321.199951171875,16.486000061035156,68.05000305175781,91.16999816894533,2639.39990234375,17.84000015258789,3.0239999294281006,0.86,,99.72124
2018-04-26,3.11299991607666,2300.0,1316.300048828125,16.488000869750977,68.19000244140625,91.55999755859376,2666.93994140625,16.239999771118164,2.990000009536743,0.82,,99.72124
2018-04-27,3.0460000038146973,2300.0,1320.300048828125,16.4060001373291,68.0999984741211,91.54000091552734,2669.909912109375,15.40999984741211,2.9570000171661377,0.79,,99.72124
2018-04-30,3.052500009536743,2300.0,1316.199951171875,16.312000274658203,68.56999969482422,91.83999633789062,2648.050048828125,15.93000030517578,2.936000108718872,0.78,,99.72124
2018-05-01,3.015000104904175,2300.0,1303.800048828125,16.038999557495117,67.25,92.4499969482422,2654.800048828125,15.489999771118164,2.9760000705718994,0.81,,99.86409
2018-05-02,3.047499895095825,2300.0,1302.5999755859375,16.291000366210938,67.93000030517578,92.51000213623048,2635.669921875,15.970000267028809,2.96399998664856,0.8,,99.86409
2018-05-03,3.059000015258789,2300.0,1310.699951171875,16.36199951171875,68.43000030517578,92.41000366210938,2629.72998046875,15.899999618530272,2.946000099182129,0.78,,99.86409
2018-05-04,3.065500020980835,2300.0,1312.699951171875,16.43400001525879,69.72000122070312,92.56999969482422,2663.419921875,14.770000457763672,2.944000005722046,0.79,,99.86409
2018-05-07,3.059499979019165,2300.0,1312.199951171875,16.413000106811523,70.7300033569336,92.75,2672.6298828125,14.75,2.950000047683716,0.78,,99.86409
2018-05-08,3.0404999256134038,2300.0,1312.0,16.38800048828125,69.05999755859375,93.12000274658205,2671.919921875,14.710000038146973,2.969000101089477,0.81,,99.86409
2018-05-09,3.039499998092652,2300.0,1311.300048828125,16.45800018310547,71.13999938964844,93.04000091552734,2697.7900390625,13.420000076293944,3.003999948501587,0.82,,99.86409
2018-05-10,3.0924999713897705,2300.0,1320.800048828125,16.68000030517578,71.36000061035156,92.6500015258789,2723.070068359375,13.229999542236328,2.970999956130981,0.8,,99.86409
2018-05-11,3.095000028610229,2300.0,1319.0,16.676000595092773,70.69999694824219,92.54000091552734,2727.719970703125,12.649999618530272,2.970999956130981,0.82,,99.86409
2018-05-14,3.0785000324249268,2300.0,1316.5,16.56999969482422,70.95999908447266,92.58999633789062,2730.1298828125,12.93000030517578,2.994999885559082,0.85,,99.86409
2018-05-15,3.0425000190734863,2300.0,1288.9000244140625,16.194000244140625,71.30999755859375,93.22000122070312,2711.449951171875,14.630000114440918,3.0799999237060547,0.9,,99.86409
2018-05-16,3.058500051498413,2300.0,1290.199951171875,16.297000885009766,71.48999786376953,93.38999938964844,2722.4599609375,13.420000076293944,3.095000028610229,0.92,,99.86409
2018-05-17,3.07699990272522,2300.0,1288.199951171875,16.413000106811523,71.48999786376953,93.47000122070312,2720.1298828125,13.43000030517578,3.108999967575073,0.95,,99.86409
2018-05-18,3.0510001182556152,2300.0,1290.199951171875,16.386999130249023,71.27999877929688,93.63999938964844,2712.969970703125,13.420000076293944,3.066999912261963,0.91,,99.86409
2018-05-21,3.0855000019073486,2300.0,1290.199951171875,16.45199966430664,72.23999786376953,93.68000030517578,2733.010009765625,13.079999923706056,3.065000057220459,0.9,,99.86409
2018-05-22,3.11899995803833,2300.0,1291.699951171875,16.507999420166016,72.12999725341797,93.61000061035156,2724.43994140625,13.220000267028809,3.065000057220459,0.91,,99.86409
2018-05-23,3.060499906539917,2300.0,1289.300048828125,16.33799934387207,71.83999633789062,94.01000213623048,2733.2900390625,12.579999923706056,3.003000020980835,0.87,,99.86409
2018-05-24,3.0855000019073486,2300.0,1303.699951171875,16.621000289916992,70.70999908447266,93.77999877929688,2727.760009765625,12.529999732971191,2.9809999465942383,0.86,,99.86409
2018-05-25,3.066999912261963,2300.0,1303.300048828125,16.481000900268555,67.87999725341797,94.19000244140624,2721.330078125,13.220000267028809,2.930999994277954,0.84,,99.86409
2018-05-29,3.052000045776367,2300.0,1298.699951171875,16.30500030517578,66.7300033569336,94.83000183105467,2689.860107421875,17.020000457763672,2.7679998874664307,0.73,,99.86409
2018-05-30,3.059499979019165,2305.0,1301.5,16.479000091552734,68.20999908447266,94.1500015258789,2724.010009765625,14.9399995803833,2.8420000076293945,0.78,,99.86409
2018-05-31,3.058000087738037,2305.0,1300.0999755859375,16.402000427246094,67.04000091552734,93.98999786376952,2705.27001953125,15.43000030517578,2.822000026702881,0.76,,99.86409
2018-06-01,3.0915000438690186,2305.0,1294.800048828125,16.38800048828125,65.80999755859375,94.19000244140624,2734.6201171875,13.460000038146973,2.8949999809265137,0.8,,99.80343
2018-06-04,3.126499891281128,2305.0,1293.0999755859375,16.378999710083008,64.75,94.0199966430664,2746.8701171875,12.739999771118164,2.937000036239624,0.82,,99.80343
2018-06-05,3.190999984741211,2305.0,1297.5,16.490999221801758,65.5199966430664,93.88999938964844,2748.800048828125,12.399999618530272,2.9189999103546143,0.79,,99.80343
2018-06-06,3.254499912261963,2305.0,1297.0999755859375,16.642000198364258,64.7300033569336,93.66000366210938,2772.35009765625,11.640000343322754,2.9749999046325684,0.83,,99.80343
2018-06-07,3.2679998874664307,2305.0,1298.699951171875,16.766000747680664,65.94999694824219,93.4000015258789,2770.3701171875,12.130000114440918,2.933000087738037,0.8,,99.80343
2018-06-08,3.2929999828338623,2305.0,1298.0999755859375,16.694000244140625,65.73999786376953,93.5500030517578,2779.030029296875,12.18000030517578,2.937000036239624,0.82,,99.80343
2018-06-11,3.250499963760376,2305.0,1298.9000244140625,16.905000686645508,66.0999984741211,93.58000183105467,2782.0,12.350000381469728,2.9570000171661377,0.83,,99.80343
2018-06-12,3.242500066757202,2305.0,1295.0999755859375,16.849000930786133,66.36000061035156,93.8000030517578,2786.85009765625,12.34000015258789,2.9570000171661377,0.83,,99.80343
2018-06-13,3.247999906539917,2305.0,1296.9000244140625,16.952999114990234,66.63999938964844,93.70999908447266,2775.6298828125,12.9399995803833,2.976999998092652,0.86,,99.80343
2018-06-14,3.2165000438690186,2305.0,1304.0,17.22599983215332,66.88999938964844,94.7699966430664,2782.489990234375,12.119999885559082,2.946000099182129,0.82,,99.80343
2018-06-15,3.1410000324249268,2305.0,1274.5999755859375,16.45199966430664,65.05999755859375,94.79000091552734,2779.659912109375,11.979999542236328,2.924000024795532,0.81,,99.80343
2018-06-18,3.1034998893737797,2305.0,1276.199951171875,16.41200065612793,65.8499984741211,94.75,2773.75,12.3100004196167,2.9260001182556152,0.8,,99.80343
2018-06-19,3.046499967575073,2305.0,1275.5999755859375,16.30299949645996,65.06999969482422,95.08999633789062,2762.590087890625,13.350000381469728,2.8929998874664307,0.77,,99.80343
2018-06-20,3.046499967575073,2305.0,1271.199951171875,16.288999557495117,66.22000122070312,95.05999755859376,2767.320068359375,12.789999961853027,2.927999973297119,0.81,,99.80343
2018-06-21,3.025000095367432,2305.0,1267.199951171875,16.305999755859375,65.54000091552734,94.87000274658205,2749.760009765625,14.640000343322754,2.8970000743865967,0.79,,99.80343
2018-06-22,3.032500028610229,2305.0,1267.4000244140625,16.43899917602539,68.58000183105469,94.5199966430664,2754.8798828125,13.770000457763672,2.900000095367432,0.78,,99.80343
2018-06-25,2.992000102996826,2305.0,1265.5999755859375,16.308000564575195,68.08000183105469,94.27999877929688,2717.070068359375,17.329999923706055,2.875,0.77,,99.80343
2018-06-26,2.996999979019165,2305.0,1256.5999755859375,16.238000869750977,70.52999877929688,94.68000030517578,2723.06005859375,15.920000076293944,2.880000114440918,0.76,,99.80343
2018-06-27,2.989500045776367,2305.0,1252.800048828125,16.138999938964844,72.76000213623047,95.29000091552734,2699.6298828125,17.90999984741211,2.82699990272522,0.72,,99.80343
2018-06-28,2.9535000324249268,2309.25,1247.800048828125,15.951000213623049,73.44999694824219,95.38999938964844,2716.31005859375,16.850000381469727,2.8469998836517334,0.74,,99.80343
2018-06-29,2.950999975204468,2309.25,1251.300048828125,16.104000091552734,74.1500015258789,94.62999725341795,2718.3701171875,16.09000015258789,2.8489999771118164,0.74,,99.80343
2018-07-02,2.93149995803833,2309.25,1239.800048828125,15.744000434875488,73.94000244140625,94.87000274658205,2726.7099609375,15.600000381469728,2.865999937057495,0.73,,99.64245
2018-07-03,2.9059998989105225,2309.25,1251.5999755859375,15.95199966430664,74.13999938964844,94.58999633789062,2713.219970703125,16.139999389648438,2.838000059127808,0.71,,99.64245
2018-07-05,2.813999891281128,2309.25,1257.300048828125,16.007999420166016,72.94000244140625,94.47000122070312,2736.610107421875,14.970000267028809,2.8399999141693115,0.71,,99.64245
2018-07-06,2.812999963760376,2309.25,1254.300048828125,15.980999946594238,73.80000305175781,94.04000091552734,2759.820068359375,13.369999885559082,2.8310000896453857,0.7,,99.64245
2018-07-09,2.83899998664856,2309.25,1258.0999755859375,16.05299949645996,73.8499984741211,94.08000183105467,2784.169921875,12.6899995803833,2.859999895095825,0.73,,99.64245
2018-07-10,2.8285000324249268,2309.25,1253.800048828125,16.003000259399414,74.11000061035156,94.11000061035156,2793.840087890625,12.640000343322754,2.872999906539917,0.74,,99.64245
2018-07-11,2.7335000038146973,2309.25,1242.800048828125,15.732000350952148,70.37999725341797,94.72000122070312,2774.02001953125,13.630000114440918,2.8420000076293945,0.74,,99.64245
2018-07-12,2.7679998874664307,2309.25,1245.0,15.89799976348877,70.33000183105469,94.80999755859376,2798.2900390625,12.579999923706056,2.8529999256134038,0.75,,99.64245
2018-07-13,2.7699999809265137,2309.25,1239.5999755859375,15.73900032043457,71.01000213623047,94.75,2801.31005859375,12.18000030517578,2.8310000896453857,0.72,,99.64245
2018-07-16,2.756999969482422,2309.25,1238.0999755859375,15.734999656677246,68.05999755859375,94.51000213623048,2798.429931640625,12.829999923706056,2.8580000400543213,0.75,,99.64245
2018-07-17,2.739500045776367,2309.25,1225.699951171875,15.54599952697754,68.08000183105469,94.97000122070312,2809.550048828125,12.0600004196167,2.864000082015991,0.77,,99.64245
2018-07-18,2.752000093460083,2309.25,1226.300048828125,15.503000259399414,68.76000213623047,95.08000183105467,2815.6201171875,12.100000381469728,2.875,0.79,,99.64245
2018-07-19,2.686000108718872,2309.25,1222.4000244140625,15.34000015258789,69.45999908447266,95.16999816894533,2804.489990234375,12.869999885559082,2.8469998836517334,0.75,,99.64245
2018-07-20,2.746000051498413,2309.25,1229.5,15.489999771118164,70.45999908447266,94.45999908447266,2801.830078125,12.859999656677246,2.8949999809265137,0.78,,99.64245
2018-07-23,2.736999988555908,2309.25,1224.0,15.368000030517578,67.88999938964844,94.66999816894533,2806.97998046875,12.619999885559082,2.9649999141693115,0.85,,99.64245
2018-07-24,2.799999952316284,2309.25,1223.9000244140625,15.463000297546388,68.5199966430664,94.61000061035156,2820.39990234375,12.40999984741211,2.9489998817443848,0.84,,99.64245
2018-07-25,2.805999994277954,2309.25,1231.4000244140625,15.532999992370604,69.30000305175781,94.36000061035156,2846.070068359375,12.289999961853027,2.936000108718872,0.81,,99.64245
2018-07-26,2.803999900817871,2309.25,1225.300048828125,15.437999725341797,69.61000061035156,94.75,2837.43994140625,12.140000343322754,2.9749999046325684,0.87,,99.64245
2018-07-27,2.7874999046325684,2309.25,1222.5999755859375,15.435999870300291,68.69000244140625,94.68000030517578,2818.820068359375,13.029999732971191,2.9600000381469727,0.84,,99.64245
2018-07-30,2.7790000438690186,2313.5,1221.300048828125,15.475000381469728,70.12999725341797,94.36000061035156,2802.60009765625,14.260000228881836,2.9749999046325684,0.85,,99.64245
2018-07-31,2.819000005722046,2313.5,1223.699951171875,15.5,68.76000213623047,94.48999786376952,2816.2900390625,12.829999923706056,2.96399998664856,0.84,,99.64245
2018-08-01,2.734999895095825,2313.5,1217.9000244140625,15.394000053405762,67.66000366210938,94.62000274658205,2813.360107421875,13.149999618530272,3.003000020980835,0.87,,99.43938
2018-08-02,2.726999998092652,2313.5,1210.5999755859375,15.32900047302246,68.95999908447266,95.16999816894533,2827.219970703125,12.1899995803833,2.986000061035156,0.86,,99.43938
2018-08-03,2.753499984741211,2313.5,1214.199951171875,15.406000137329102,68.48999786376953,95.13999938964844,2840.35009765625,11.640000343322754,2.953000068664551,0.83,,99.43938
2018-08-06,2.720999956130981,2313.5,1208.5999755859375,15.291999816894531,69.01000213623047,95.36000061035156,2850.39990234375,11.270000457763672,2.937999963760376,0.83,,99.43938
2018-08-07,2.740999937057495,2313.5,1209.5999755859375,15.31700038909912,69.16999816894531,95.22000122070312,2858.449951171875,10.93000030517578,2.9730000495910645,0.85,,99.43938
2018-08-08,2.740499973297119,2313.5,1212.5999755859375,15.37600040435791,66.94000244140625,95.0999984741211,2857.699951171875,10.850000381469728,2.970999956130981,0.85,,99.43938
2018-08-09,2.755500078201294,2313.5,1211.9000244140625,15.418999671936035,66.80999755859375,95.5,2853.580078125,11.270000457763672,2.934999942779541,0.82,,99.43938
2018-08-10,2.7325000762939453,2313.5,1211.0999755859375,15.265999794006348,67.62999725341797,96.36000061035156,2833.280029296875,13.15999984741211,2.8570001125335693,0.78,,99.43938
2018-08-13,2.7219998836517334,2313.5,1191.300048828125,14.95300006866455,67.19999694824219,96.38999938964844,2821.929931640625,14.779999732971191,2.877000093460083,0.78,,99.43938
2018-08-14,2.67549991607666,2313.5,1193.0,15.024999618530272,67.04000091552734,96.7300033569336,2839.9599609375,13.3100004196167,2.8949999809265137,0.8,,99.43938
2018-08-15,2.556999921798706,2313.5,1177.5,14.42099952697754,65.01000213623047,96.6999969482422,2818.3701171875,14.640000343322754,2.851999998092652,0.78,,99.43938
2018-08-16,2.6135001182556152,2313.5,1176.199951171875,14.696999549865724,65.45999908447266,96.6500015258789,2840.68994140625,13.449999809265137,2.871000051498413,0.79,,99.43938
2018-08-17,2.624500036239624,2313.5,1176.5,14.616000175476074,65.91000366210938,96.0999984741211,2850.1298828125,12.640000343322754,2.872999906539917,0.79,,99.43938
2018-08-20,2.6635000705718994,2313.5,1186.800048828125,14.654999732971191,66.43000030517578,95.9000015258789,2857.050048828125,12.489999771118164,2.822999954223633,0.75,,99.43938
2018-08-21,2.689500093460083,2313.5,1192.5999755859375,14.75100040435791,67.3499984741211,95.26000213623048,2862.9599609375,12.859999656677246,2.844000101089477,0.77,,99.43938
2018-08-22,2.6684999465942383,2313.5,1196.300048828125,14.734999656677246,67.86000061035156,95.1500015258789,2861.820068359375,12.25,2.822999954223633,0.74,,99.43938
2018-08-23,2.6524999141693115,2313.5,1187.0,14.527000427246094,67.83000183105469,95.62000274658205,2856.97998046875,12.40999984741211,2.821000099182129,0.73,,99.43938
2018-08-24,2.6989998817443848,2313.5,1206.300048828125,14.779000282287598,68.72000122070312,95.1500015258789,2874.68994140625,11.989999771118164,2.825999975204468,0.73,,99.43938
2018-08-27,2.7049999237060547,2313.5,1209.0,14.843999862670898,68.87000274658203,94.77999877929688,2896.739990234375,12.15999984741211,2.8480000495910645,0.74,,99.43938
2018-08-28,2.733999967575073,2313.5,1207.4000244140625,14.767000198364258,68.52999877929688,94.72000122070312,2897.52001953125,12.5,2.884000062942505,0.77,,99.43938
2018-08-29,2.7090001106262207,2313.5,1204.5,14.687999725341797,69.51000213623047,94.5999984741211,2914.0400390625,12.25,2.884000062942505,0.77,,99.43938
2018-08-30,2.690500020980835,2318.75,1197.699951171875,14.47700023651123,70.25,94.72000122070312,2901.1298828125,13.529999732971191,2.859999895095825,0.76,,99.43938
2018-08-31,2.6489999294281006,2318.75,1200.300048828125,14.437999725341797,69.80000305175781,95.13999938964844,2901.52001953125,12.859999656677246,2.8529999256134038,0.78,,99.43938
2018-09-04,2.5834999084472656,2318.75,1192.699951171875,14.060999870300291,69.87000274658203,95.41999816894533,2896.719970703125,13.15999984741211,2.9019999504089355,0.8,,99.11046
2018-09-05,2.5924999713897705,2318.75,1194.9000244140625,14.118000030517578,68.72000122070312,95.12999725341795,2888.60009765625,13.90999984741211,2.9019999504089355,0.81,,99.11046
2018-09-06,2.618499994277954,2318.75,1197.9000244140625,14.074999809265137,67.7699966430664,95.0199966430664,2878.050048828125,14.649999618530272,2.878999948501587,0.8,,99.11046
2018-09-07,2.6034998893737797,2318.75,1193.5999755859375,14.06700038909912,67.75,95.37000274658205,2871.679931640625,14.880000114440918,2.941999912261963,0.84,,99.11046
2018-09-10,2.6105000972747803,2318.75,1193.0,14.07900047302246,67.54000091552734,95.1500015258789,2877.1298828125,14.15999984741211,2.937000036239624,0.84,,99.11046
2018-09-11,2.6040000915527344,2318.75,1195.4000244140625,14.052000045776367,69.25,95.05999755859376,2887.889892578125,13.220000267028809,2.976999998092652,0.86,,99.11046
2018-09-12,2.658499956130981,2318.75,1204.699951171875,14.19200038909912,70.37000274658203,94.8000030517578,2888.919921875,13.140000343322754,2.963000059127808,0.85,,99.11046
2018-09-13,2.664499998092652,2318.75,1202.0,14.142999649047852,68.58999633789062,94.54000091552734,2904.179931640625,12.369999885559082,2.963000059127808,0.87,,99.11046
2018-09-14,2.627500057220459,2318.75,1195.0,14.041999816894531,68.98999786376953,94.9800033569336,2904.97998046875,12.06999969482422,2.99399995803833,0.89,,99.11046
2018-09-17,2.633500099182129,2318.75,1199.699951171875,14.121999740600586,68.91000366210938,94.51000213623048,2888.800048828125,13.68000030517578,3.000999927520752,0.89,,99.11046
2018-09-18,2.711999893188477,2318.75,1196.800048828125,14.083999633789062,69.8499984741211,94.62000274658205,2904.31005859375,12.789999961853027,3.0480000972747803,0.92,,99.11046
2018-09-19,2.7100000381469727,2318.75,1202.199951171875,14.189000129699709,71.12000274658203,94.5500030517578,2907.949951171875,11.75,3.0829999446868896,0.93,,99.11046
2018-09-20,2.720999956130981,2318.75,1206.199951171875,14.21500015258789,70.80000305175781,93.91000366210938,2930.75,11.800000190734863,3.078000068664551,0.92,,99.11046
2018-09-21,2.8364999294281006,2318.75,1196.199951171875,14.269000053405762,70.77999877929688,94.22000122070312,2929.669921875,11.68000030517578,3.068000078201294,0.92,,99.11046
2018-09-24,2.815999984741211,2318.75,1199.300048828125,14.25100040435791,72.08000183105469,94.26000213623048,2919.3701171875,12.199999809265137,3.078000068664551,0.92,,99.11046
2018-09-25,2.803499937057495,2318.75,1200.0,14.39799976348877,72.27999877929688,94.12999725341795,2915.56005859375,12.420000076293944,3.101999998092652,0.94,,99.11046
2018-09-26,2.806999921798706,2318.75,1194.0,14.30500030517578,71.56999969482422,94.19000244140624,2905.969970703125,12.890000343322754,3.061000108718872,0.92,,99.11046
2018-09-27,2.76449990272522,2323.0,1182.300048828125,14.201000213623049,72.12000274658203,95.0,2914.0,12.40999984741211,3.055999994277954,0.91,,99.11046
2018-09-28,2.7869999408721924,2323.0,1191.5,14.623000144958496,73.25,95.19000244140624,2913.97998046875,12.119999885559082,3.055999994277954,0.91,,99.11046
2018-10-01,2.7739999294281006,2323.0,1187.0999755859375,14.42199993133545,75.30000305175781,95.3000030517578,2924.590087890625,12.0,3.0799999237060547,0.95,,98.71901
2018-10-02,2.7950000762939453,2323.0,1202.4000244140625,14.609999656677246,75.2300033569336,95.51000213623048,2923.429931640625,12.050000190734863,3.055999994277954,0.93,,98.71901
2018-10-03,2.822499990463257,2323.0,1198.300048828125,14.59000015258789,76.41000366210938,95.76000213623048,2925.510009765625,11.609999656677246,3.1610000133514404,0.99,,98.71901
2018-10-04,2.765000104904175,2323.0,1197.199951171875,14.510000228881836,74.33000183105469,95.75,2901.610107421875,14.220000267028809,3.197000026702881,1.03,,98.71901
2018-10-05,2.750999927520752,2323.0,1201.199951171875,14.569000244140623,74.33999633789062,95.62000274658205,2885.570068359375,14.81999969482422,3.2249999046325684,1.07,,98.71901
2018-10-08,2.755000114440918,2323.0,1184.4000244140625,14.258999824523926,74.29000091552734,95.7699966430664,2884.429931640625,15.6899995803833,3.2330000400543213,1.07,,98.71901
2018-10-09,2.7950000762939453,2323.0,1187.199951171875,14.32900047302246,74.95999908447266,95.68000030517578,2880.340087890625,15.949999809265137,3.2079999446868896,1.04,,98.71901
2018-10-10,2.7690000534057617,2323.0,1189.300048828125,14.255000114440918,73.16999816894531,95.51000213623048,2785.679931640625,22.959999084472656,3.2249999046325684,1.06,,98.71901
2018-10-11,2.796999931335449,2323.0,1223.5,14.53499984741211,70.97000122070312,95.0199966430664,2728.3701171875,24.979999542236328,3.132999897003174,1.02,,98.71901
2018-10-12,2.7929999828338623,2323.0,1218.0999755859375,14.564000129699709,71.33999633789062,95.22000122070312,2767.1298828125,21.309999465942383,3.1410000324249268,1.03,,98.71901
2018-10-15,2.7804999351501465,2323.0,1226.4000244140625,14.656000137329102,71.77999877929688,95.06999969482422,2750.7900390625,21.299999237060547,3.1630001068115234,1.03,,98.71901
2018-10-16,2.7704999446868896,2323.0,1227.300048828125,14.630000114440918,71.91999816894531,95.0500030517578,2809.919921875,17.6200008392334,3.1559998989105225,1.03,,98.71901
2018-10-17,2.7669999599456787,2323.0,1223.699951171875,14.592000007629396,69.75,95.58000183105467,2809.2099609375,17.399999618530273,3.178999900817871,1.06,,98.71901
2018-10-18,2.737499952316284,2323.0,1226.5,14.532999992370604,68.6500015258789,95.9000015258789,2768.780029296875,20.059999465942383,3.174999952316284,1.07,,98.71901
2018-10-19,2.7679998874664307,2323.0,1225.300048828125,14.57900047302246,69.12000274658203,95.70999908447266,2767.780029296875,19.88999938964844,3.197999954223633,1.09,,98.71901
2018-10-22,2.7739999294281006,2323.0,1221.199951171875,14.522000312805176,69.16999816894531,96.01000213623048,2755.8798828125,19.63999938964844,3.196000099182129,1.09,,98.71901
2018-10-23,2.746999979019165,2323.0,1233.4000244140625,14.727999687194824,66.43000030517578,95.95999908447266,2740.68994140625,20.709999084472656,3.1659998893737797,1.08,,98.71901
2018-10-24,2.746500015258789,2323.0,1227.800048828125,14.611000061035156,66.81999969482422,96.43000030517578,2656.10009765625,25.229999542236328,3.124000072479248,1.03,,98.71901
2018-10-25,2.748500108718872,2323.0,1229.0999755859375,14.5649995803833,67.33000183105469,96.68000030517578,2705.570068359375,24.21999931335449,3.135999917984009,1.09,,98.71901
2018-10-26,2.74399995803833,2323.0,1232.5,14.635000228881836,67.58999633789062,96.36000061035156,2658.68994140625,24.15999984741211,3.07699990272522,1.02,,98.71901
2018-10-29,2.7385001182556152,2323.0,1224.5,14.376999855041504,67.04000091552734,96.58000183105467,2641.25,24.700000762939453,3.086999893188477,1.02,,98.71901
2018-10-30,2.6630001068115234,2328.25,1222.5999755859375,14.402999877929688,66.18000030517578,97.01000213623048,2682.6298828125,23.350000381469727,3.109999895095825,1.07,,98.71901
2018-10-31,2.6635000705718994,2328.25,1212.300048828125,14.229000091552734,65.30999755859375,97.12999725341795,2711.739990234375,21.229999542236328,3.1589999198913574,1.1,,98.71901
2018-11-01,2.7214999198913574,2328.25,1236.0,14.729000091552734,63.68999862670898,96.27999877929688,2740.3701171875,19.34000015258789,3.1440000534057617,1.12,,98.37437
2018-11-02,2.802999973297119,2328.25,1230.9000244140625,14.70699977874756,63.13999938964844,96.54000091552734,2723.06005859375,19.51000022888184,3.21399998664856,1.16,,98.37437
2018-11-05,2.755500078201294,2328.25,1229.800048828125,14.604000091552734,63.09999847412109,96.3499984741211,2738.31005859375,19.959999084472656,3.200999975204468,1.14,,98.37437
2018-11-06,2.7304999828338623,2328.25,1223.800048828125,14.458000183105469,62.209999084472656,96.31999969482422,2755.449951171875,19.90999984741211,3.21399998664856,1.15,,98.37437
2018-11-07,2.752500057220459,2328.25,1226.199951171875,14.527999877929688,61.66999816894531,96.0,2813.889892578125,16.360000610351562,3.213000059127808,1.15,,98.37437
2018-11-08,2.736999988555908,2328.25,1222.9000244140625,14.38599967956543,60.66999816894531,96.63999938964844,2806.830078125,16.719999313354492,3.233999967575073,1.17,,98.37437
2018-11-09,2.686500072479248,2328.25,1206.4000244140625,14.102999687194824,60.18999862670898,96.91000366210938,2781.010009765625,17.360000610351562,3.188999891281128,1.15,,98.37437
2018-11-12,2.677999973297119,2328.25,1201.300048828125,13.973999977111816,59.93000030517578,97.54000091552734,2726.219970703125,20.450000762939453,3.186000108718872,1.15,,98.37437
2018-11-13,2.687000036239624,2328.25,1199.199951171875,13.95199966430664,55.68999862670898,97.3000030517578,2722.179931640625,20.020000457763672,3.1449999809265137,1.12,,98.37437
2018-11-14,2.7095000743865967,2328.25,1207.9000244140625,14.05500030517578,56.25,96.8000030517578,2701.580078125,21.25,3.119999885559082,1.12,,98.37437
2018-11-15,2.749000072479248,2328.25,1212.800048828125,14.237000465393066,56.459999084472656,96.93000030517578,2730.199951171875,19.979999542236328,3.118000030517578,1.11,,98.37437
2018-11-16,2.803999900817871,2328.25,1220.800048828125,14.357999801635742,56.459999084472656,96.47000122070312,2736.27001953125,18.13999938964844,3.0739998817443848,1.06,,98.37437
2018-11-19,2.804500102996826,2328.25,1223.0999755859375,14.380999565124512,56.7599983215332,96.19000244140624,2690.72998046875,20.100000381469727,3.056999921798706,1.07,,98.37437
2018-11-20,2.7664999961853027,2328.25,1219.0,14.246999740600586,53.43000030517578,96.80999755859376,2641.889892578125,22.479999542236328,3.0480000972747803,1.09,,98.37437
2018-11-21,2.7945001125335693,2328.25,1225.800048828125,14.479999542236328,54.630001068115234,96.70999908447266,2649.929931640625,20.799999237060547,3.061000108718872,1.09,,98.37437
2018-11-23,2.7704999446868896,2328.25,1221.0,14.220999717712402,50.41999816894531,96.91999816894533,2632.56005859375,21.520000457763672,3.053999900817871,1.09,,98.37437
2018-11-26,2.758500099182129,2328.25,1220.199951171875,14.18299961090088,51.630001068115234,97.06999969482422,2673.449951171875,18.899999618530277,3.072000026702881,1.11,,98.37437
2018-11-27,2.7105000019073486,2328.25,1211.199951171875,14.062000274658203,51.560001373291016,97.37000274658205,2682.169921875,19.020000457763672,3.055000066757202,1.15,,98.37437
2018-11-28,2.7960000038146973,2328.25,1221.4000244140625,14.303000450134276,50.290000915527344,96.79000091552734,2743.7900390625,18.489999771118164,3.0439999103546143,1.12,,98.37437
2018-11-29,2.7780001163482666,2332.5,1224.0999755859375,14.27299976348877,51.45000076293945,96.77999877929688,2737.800048828125,18.790000915527344,3.0350000858306885,1.05,,98.37437
2018-11-30,2.7774999141693115,2332.5,1220.199951171875,14.093999862670898,50.93000030517578,97.2699966430664,2760.169921875,18.06999969482422,3.013000011444092,1.04,,98.37437
2018-12-03,2.799499988555908,2332.5,1233.9000244140625,14.380999565124512,52.95000076293945,97.04000091552734,2790.3701171875,16.440000534057617,2.992000102996826,1.02,,98.10748
2018-12-04,2.748500108718872,2332.5,1241.0999755859375,14.520999908447266,53.25,96.97000122070312,2700.06005859375,20.739999771118164,2.924000024795532,0.97,,98.10748
2018-12-06,2.740499973297119,2332.5,1238.0999755859375,14.390000343322754,51.4900016784668,96.80999755859376,2695.949951171875,21.190000534057617,2.875999927520752,0.97,,98.10748
2018-12-07,2.757499933242798,2332.5,1246.800048828125,14.571999549865724,52.61000061035156,96.51000213623048,2633.080078125,23.229999542236328,2.8499999046325684,0.96,,98.10748
2018-12-10,2.7184998989105225,2332.5,1243.699951171875,14.477999687194824,51.0,97.22000122070312,2637.719970703125,22.63999938964844,2.8559999465942383,0.99,,98.10748
2018-12-11,2.7660000324249268,2332.5,1241.9000244140625,14.49899959564209,51.650001525878906,97.38999938964844,2636.780029296875,21.76000022888184,2.878999948501587,1.06,,98.10748
2018-12-12,2.7685000896453857,2332.5,1244.4000244140625,14.725000381469728,51.150001525878906,97.04000091552734,2651.070068359375,21.459999084472656,2.9059998989105225,1.08,,98.10748
2018-12-13,2.762500047683716,2332.5,1242.699951171875,14.729000091552734,52.58000183105469,97.05999755859376,2650.5400390625,20.649999618530277,2.9110000133514404,1.08,,98.10748
2018-12-14,2.760499954223633,2332.5,1237.0,14.512999534606934,51.20000076293945,97.44000244140624,2599.949951171875,21.6299991607666,2.8910000324249268,1.07,,98.10748
2018-12-17,2.753000020980835,2332.5,1247.4000244140625,14.638999938964844,49.880001068115234,97.0999984741211,2545.93994140625,24.520000457763672,2.8570001125335693,1.05,,98.10748
2018-12-18,2.6710000038146973,2332.5,1249.199951171875,14.585000038146973,46.2400016784668,97.13999938964844,2546.159912109375,25.57999992370605,2.825000047683716,1.01,,98.10748
2018-12-19,2.7214999198913574,2332.5,1252.0999755859375,14.70199966430664,47.20000076293945,97.04000091552734,2506.9599609375,25.57999992370605,2.7780001163482666,0.97,,98.10748
2018-12-20,2.70199990272522,2332.5,1263.5999755859375,14.753000259399414,45.880001068115234,96.27999877929688,2467.419921875,28.3799991607666,2.7890000343322754,1.03,,98.10748
2018-12-21,2.678499937057495,2332.5,1253.800048828125,14.583000183105469,45.59000015258789,96.95999908447266,2416.6201171875,30.11000061035156,2.7920000553131104,1.02,,98.10748
2018-12-24,2.6684999465942383,2332.5,1267.5,14.701000213623049,42.52999877929688,96.5500030517578,2351.10009765625,36.06999969482422,2.749000072479248,0.99,,98.10748
2018-12-26,2.7084999084472656,2332.5,1269.199951171875,15.003999710083008,46.220001220703125,97.0500030517578,2467.699951171875,30.40999984741211,2.796999931335449,1.04,,98.10748
2018-12-27,2.6675000190734863,2332.5,1277.300048828125,15.190999984741213,44.61000061035156,96.4800033569336,2488.830078125,29.959999084472656,2.743000030517578,1.03,,98.10748
2018-12-28,2.678999900817871,2332.5,1279.9000244140625,15.326000213623049,45.33000183105469,96.38999938964844,2485.739990234375,28.34000015258789,2.736000061035156,0.99,,98.10748
2018-12-31,2.628000020980835,2332.5,1278.300048828125,15.43299961090088,45.40999984741211,96.16999816894533,2506.85009765625,25.420000076293945,2.686000108718872,0.98,,98.10748
2019-01-02,2.625,2332.5,1281.0,15.541999816894531,46.540000915527344,96.81999969482422,2510.030029296875,23.21999931335449,2.6610000133514404,0.96,,98.04341
2019-01-03,2.570499897003174,2332.5,1291.800048828125,15.706000328063965,47.09000015258789,96.30999755859376,2447.889892578125,25.450000762939453,2.553999900817871,0.88,,98.04341
2019-01-04,2.65149998664856,2332.5,1282.699951171875,15.69499969482422,47.959999084472656,96.19000244140624,2531.93994140625,21.3799991607666,2.6589999198913574,0.91,,98.04341
2019-01-07,2.6410000324249268,2332.5,1286.800048828125,15.668999671936035,48.52000045776367,95.70999908447266,2549.68994140625,21.399999618530277,2.681999921798706,0.92,,98.04341
2019-01-08,2.6605000495910645,2332.5,1283.199951171875,15.62600040435791,49.77999877929688,95.9000015258789,2574.409912109375,20.46999931335449,2.7160000801086426,0.91,,98.04341
2019-01-09,2.6619999408721924,2332.5,1289.300048828125,15.652999877929688,52.36000061035156,95.22000122070312,2584.9599609375,19.979999542236328,2.7279999256134038,0.91,,98.04341
2019-01-10,2.6435000896453857,2332.5,1284.699951171875,15.560999870300291,52.59000015258789,95.54000091552734,2596.639892578125,19.5,2.7309999465942383,0.93,,98.04341
2019-01-11,2.6695001125335693,2332.5,1287.0999755859375,15.57699966430664,51.59000015258789,95.66999816894533,2596.260009765625,18.190000534057617,2.700999975204468,0.88,,98.04341
2019-01-14,2.6454999446868896,2332.5,1289.0999755859375,15.609000205993652,50.5099983215332,95.58999633789062,2582.610107421875,19.06999969482422,2.7100000381469727,0.9,,98.04341
2019-01-15,2.650500059127808,2332.5,1286.199951171875,15.54599952697754,52.11000061035156,95.97000122070312,2610.300048828125,18.600000381469727,2.7109999656677246,0.91,,98.04341
2019-01-16,2.69350004196167,2332.5,1291.5999755859375,15.564000129699709,52.310001373291016,96.05999755859376,2616.10009765625,19.040000915527344,2.7309999465942383,0.91,,98.04341
2019-01-17,2.700000047683716,2332.5,1291.0,15.467000007629396,52.06999969482422,96.06999969482422,2635.9599609375,18.059999465942383,2.749000072479248,0.96,,98.04341
2019-01-18,2.740999937057495,2332.5,1281.300048828125,15.329999923706056,53.79999923706055,96.33999633789062,2670.7099609375,17.799999237060547,2.7839999198913574,0.96,,98.04341
2019-01-22,2.688999891281128,2332.5,1282.5,15.258999824523926,52.56999969482422,96.3000030517578,2632.89990234375,20.799999237060547,2.7300000190734863,0.95,,98.04341
2019-01-23,2.694000005722046,2332.5,1283.0999755859375,15.31700038909912,52.619998931884766,96.12000274658205,2638.699951171875,19.520000457763672,2.755000114440918,0.96,,98.04341
2019-01-24,2.673500061035156,2332.5,1279.0999755859375,15.23799991607666,53.130001068115234,96.5999984741211,2642.330078125,18.88999938964844,2.711999893188477,0.95,,98.04341
2019-01-25,2.73799991607666,2332.5,1297.4000244140625,15.638999938964844,53.68999862670898,95.79000091552734,2664.760009765625,17.420000076293945,2.753000020980835,0.97,,98.04341
2019-01-28,2.6875,2332.5,1302.4000244140625,15.708999633789062,51.9900016784668,95.75,2643.85009765625,18.8700008392334,2.74399995803833,0.97,,98.04341
2019-01-29,2.7320001125335693,2332.5,1308.199951171875,15.78600025177002,53.310001373291016,95.81999969482422,2640.0,19.1299991607666,2.711999893188477,0.94,,98.04341
2019-01-30,2.7730000019073486,2332.5,1309.9000244140625,15.880000114440918,54.22999954223633,95.33999633789062,2681.050048828125,17.65999984741211,2.694999933242798,0.86,,98.04341
2019-01-31,2.7890000343322754,2332.5,1319.699951171875,16.02199935913086,53.790000915527344,95.58000183105467,2704.10009765625,16.56999969482422,2.634999990463257,0.78,,98.04341
2019-02-01,2.775000095367432,2332.5,1316.9000244140625,15.880000114440918,55.2599983215332,95.58000183105467,2706.530029296875,16.139999389648438,2.690999984741211,0.82,,98.1524
2019-02-04,2.7950000762939453,2332.5,1314.300048828125,15.836999893188477,54.560001373291016,95.8499984741211,2724.8701171875,15.729999542236328,2.7239999771118164,0.86,,98.1524
2019-02-05,2.816999912261963,2332.5,1314.199951171875,15.789999961853027,53.65999984741211,96.0999984741211,2737.699951171875,15.56999969482422,2.70199990272522,0.84,,98.1524
2019-02-06,2.8355000019073486,2332.5,1309.5,15.656000137329102,54.0099983215332,96.41999816894533,2731.610107421875,15.380000114440918,2.70199990272522,0.84,,98.1524
2019-02-07,2.8285000324249268,2332.5,1309.4000244140625,15.675000190734863,52.63999938964844,96.51000213623048,2706.050048828125,16.3700008392334,2.6519999504089355,0.81,,98.1524
2019-02-08,2.809999942779541,2332.5,1313.699951171875,15.77299976348877,52.720001220703125,96.63999938964844,2707.8798828125,15.720000267028809,2.631999969482422,0.81,,98.1524
2019-02-11,2.7915000915527344,2332.5,1307.0,15.656999588012695,52.40999984741211,97.05999755859376,2709.800048828125,15.970000267028809,2.6610000133514404,0.83,,98.1524
2019-02-12,2.774499893188477,2332.5,1309.199951171875,15.65999984741211,53.09999847412109,96.70999908447266,2744.72998046875,15.43000030517578,2.684000015258789,0.85,,98.1524
2019-02-13,2.7739999294281006,2332.5,1310.800048828125,15.62399959564209,53.900001525878906,97.12999725341795,2753.030029296875,15.649999618530272,2.7079999446868896,0.85,,98.1524
2019-02-14,2.776000022888184,2332.5,1309.800048828125,15.5,54.40999984741211,96.9800033569336,2745.72998046875,16.219999313354492,2.657000064849853,0.81,,98.1524
2019-02-15,2.802500009536743,2332.5,1318.0999755859375,15.722999572753906,55.59000015258789,96.91999816894533,2775.60009765625,14.90999984741211,2.6659998893737797,0.8,,98.1524
2019-02-19,2.881500005722046,2225.0,1340.0999755859375,15.946999549865724,56.09000015258789,96.5199966430664,2779.760009765625,14.880000114440918,2.6470000743865967,0.78,,98.1524
2019-02-20,2.930000066757202,2225.0,1343.300048828125,16.156999588012695,56.91999816894531,96.4499969482422,2784.699951171875,14.020000457763672,2.6540000438690186,0.76,,98.1524
2019-02-21,2.9024999141693115,2225.0,1323.5,15.791000366210938,56.959999084472656,96.61000061035156,2774.8798828125,14.460000038146973,2.687999963760376,0.78,,98.1524
2019-02-22,2.9609999656677246,2225.0,1329.199951171875,15.907999992370604,57.2599983215332,96.51000213623048,2792.669921875,13.510000228881836,2.6549999713897705,0.74,,98.1524
2019-02-25,2.950000047683716,2225.0,1325.9000244140625,15.824999809265137,55.47999954223633,96.41000366210938,2796.110107421875,14.850000381469728,2.6730000972747803,0.75,,98.1524
2019-02-26,2.944000005722046,2225.0,1325.0999755859375,15.82699966430664,55.5,96.0,2793.89990234375,15.170000076293944,2.635999917984009,0.72,,98.1524
2019-02-27,2.9590001106262207,2225.0,1317.699951171875,15.67199993133545,56.93999862670898,96.1500015258789,2792.3798828125,14.699999809265137,2.693000078201294,0.76,,98.1524
2019-02-28,2.950000047683716,2225.0,1312.800048828125,15.538000106811523,57.220001220703125,96.16000366210938,2784.489990234375,14.779999732971191,2.7109999656677246,0.78,,98.1524
2019-03-01,2.933500051498413,2225.0,1296.4000244140625,15.168999671936035,55.79999923706055,96.52999877929688,2803.68994140625,13.56999969482422,2.755000114440918,0.8,,98.3999
2019-03-04,2.9110000133514404,2225.0,1284.800048828125,15.017000198364258,56.59000015258789,96.68000030517578,2792.81005859375,14.630000114440918,2.7219998836517334,0.78,,98.3999
2019-03-05,2.936000108718872,2225.0,1282.0,15.020000457763672,56.560001373291016,96.8499984741211,2789.64990234375,14.739999771118164,2.7219998836517334,0.79,,98.3999
2019-03-06,2.9184999465942383,2225.0,1284.9000244140625,15.003000259399414,56.220001220703125,96.87000274658205,2771.449951171875,15.739999771118164,2.691999912261963,0.78,,98.3999
2019-03-07,2.9114999771118164,2225.0,1283.800048828125,14.960000038146973,56.65999984741211,97.66999816894533,2748.929931640625,16.59000015258789,2.635999917984009,0.74,,98.3999
2019-03-08,2.8940000534057617,2225.0,1297.0,15.272000312805176,56.06999969482422,97.37000274658205,2743.070068359375,16.049999237060547,2.625,0.72,,98.3999
2019-03-11,2.900000095367432,2225.0,1288.800048828125,15.196999549865724,56.790000915527344,97.22000122070312,2783.300048828125,14.329999923706056,2.6429998874664307,0.73,,98.3999
2019-03-12,2.927500009536743,2225.0,1296.300048828125,15.338000297546388,56.869998931884766,96.94000244140624,2791.52001953125,13.770000457763672,2.6050000190734863,0.71,,98.3999
2019-03-13,2.933500051498413,2225.0,1307.5,15.380999565124512,58.2599983215332,96.5500030517578,2810.919921875,13.40999984741211,2.611000061035156,0.69,,98.3999
2019-03-14,2.888499975204468,2225.0,1293.4000244140625,15.10099983215332,58.61000061035156,96.79000091552734,2808.47998046875,13.5,2.630000114440918,0.69,,98.3999
2019-03-15,2.9035000801086426,2225.0,1301.800048828125,15.253000259399414,58.52000045776367,96.5999984741211,2822.47998046875,12.880000114440918,2.5929999351501465,0.65,,98.3999
2019-03-18,2.9035000801086426,2225.0,1300.300048828125,15.25100040435791,59.09000015258789,96.5199966430664,2832.93994140625,13.100000381469728,2.601999998092652,0.64,,98.3999
2019-03-19,2.9195001125335693,2225.0,1305.0,15.300999641418455,59.02999877929688,96.37999725341795,2832.570068359375,13.5600004196167,2.614000082015991,0.66,,98.3999
2019-03-20,2.9154999256134038,2225.0,1300.5,15.244999885559082,59.83000183105469,95.76000213623048,2824.22998046875,13.90999984741211,2.5350000858306885,0.58,,98.3999
2019-03-21,2.900000095367432,2225.0,1306.0999755859375,15.371999740600586,59.97999954223633,96.5,2854.8798828125,13.630000114440918,2.5369999408721924,0.58,,98.3999
2019-03-22,2.8359999656677246,2225.0,1311.5999755859375,15.345000267028809,59.040000915527344,96.6500015258789,2800.7099609375,16.479999542236328,2.4549999237060547,0.54,,98.3999
2019-03-25,2.8494999408721924,2225.0,1321.9000244140625,15.506999969482422,58.81999969482422,96.56999969482422,2798.360107421875,16.329999923706055,2.4200000762939453,0.55,,98.3999
2019-03-26,2.8505001068115234,2225.0,1314.300048828125,15.371000289916992,59.93999862670898,96.73999786376952,2818.4599609375,14.68000030517578,2.4140000343322754,0.55,,98.3999
2019-03-27,2.8580000400543213,2225.0,1309.9000244140625,15.23900032043457,59.40999984741211,96.7699966430664,2805.3701171875,15.149999618530272,2.374000072479248,0.55,,98.3999
2019-03-28,2.868499994277954,2225.0,1289.800048828125,14.92099952697754,59.29999923706055,97.1999969482422,2815.43994140625,14.43000030517578,2.388999938964844,0.56,,98.3999
2019-03-29,2.936000108718872,2225.0,1293.0,15.0600004196167,60.13999938964844,97.27999877929688,2834.39990234375,13.710000038146973,2.4140000343322754,0.53,,98.3999
2019-04-01,2.9205000400543213,2225.0,1288.4000244140625,15.050999641418455,61.59000015258789,97.25,2867.18994140625,13.399999618530272,2.496999979019165,0.59,,98.37955
2019-04-02,2.9040000438690186,2225.0,1290.0,15.017999649047852,62.58000183105469,97.36000061035156,2867.239990234375,13.359999656677246,2.4809999465942383,0.58,,98.37955
2019-04-03,2.946500062942505,2225.0,1289.9000244140625,15.059000015258787,62.459999084472656,97.08999633789062,2873.39990234375,13.739999771118164,2.5169999599456787,0.61,,98.37955
2019-04-04,2.908499956130981,2225.0,1289.0,15.041000366210938,62.09999847412109,97.30999755859376,2879.389892578125,13.579999923706056,2.51200008392334,0.61,,98.37955
2019-04-05,2.8924999237060547,2225.0,1290.4000244140625,15.04300022125244,63.08000183105469,97.4000015258789,2892.739990234375,12.81999969482422,2.500999927520752,0.6,,98.37955
2019-04-08,2.929500102996826,2225.0,1297.0999755859375,15.17300033569336,64.4000015258789,97.0500030517578,2895.77001953125,13.18000030517578,2.5190000534057617,0.61,,98.37955
2019-04-09,2.93149995803833,2225.0,1303.5,15.16800022125244,63.97999954223633,97.01000213623048,2878.199951171875,14.279999732971191,2.499000072479248,0.6,,98.37955
2019-04-10,2.922499895095825,2225.0,1309.0999755859375,15.201000213623049,64.61000061035156,96.9499969482422,2888.2099609375,13.300000190734863,2.476999998092652,0.54,,98.37955
2019-04-11,2.885999917984009,2225.0,1288.5999755859375,14.824000358581545,63.58000183105469,97.18000030517578,2888.320068359375,13.020000457763672,2.503999948501587,0.57,,98.37955
2019-04-12,2.946000099182129,2225.0,1290.5999755859375,14.920000076293944,63.88999938964844,96.97000122070312,2907.409912109375,12.010000228881836,2.559999942779541,0.61,,98.37955
2019-04-15,2.934000015258789,2225.0,1286.800048828125,14.947999954223633,63.400001525878906,96.94000244140624,2905.580078125,12.31999969482422,2.552999973297119,0.61,,98.37955
2019-04-16,2.930500030517578,2225.0,1272.5999755859375,14.890999794006348,64.05000305175781,97.04000091552734,2907.06005859375,12.18000030517578,2.5920000076293945,0.64,,98.37955
2019-04-17,2.9755001068115234,2225.0,1272.199951171875,14.92099952697754,63.7599983215332,97.01000213623048,2900.449951171875,12.600000381469728,2.5920000076293945,0.65,,98.37955
2019-04-18,2.927500009536743,2225.0,1271.9000244140625,14.937000274658203,64.0,97.47000122070312,2905.030029296875,12.09000015258789,2.559999942779541,0.62,,98.37955
2019-04-22,2.906500101089477,2225.0,1273.5,14.95699977874756,65.69999694824219,97.27999877929688,2907.969970703125,12.420000076293944,2.5899999141693115,0.64,,98.37955
2019-04-23,2.8984999656677246,2225.0,1269.300048828125,14.77299976348877,66.30000305175781,97.56999969482422,2933.679931640625,12.279999732971191,2.569999933242798,0.62,,98.37955
2019-04-24,2.9175000190734863,2225.0,1275.5,14.89799976348877,65.88999938964844,98.0999984741211,2927.25,13.140000343322754,2.5220000743865967,0.57,,98.37955
2019-04-25,2.877500057220459,2225.0,1275.800048828125,14.861000061035156,65.20999908447266,98.1999969482422,2926.169921875,13.25,2.5339999198913574,0.56,,98.37955
2019-04-26,2.970000028610229,2225.0,1284.9000244140625,15.001999855041504,63.29999923706055,98.01000213623048,2939.8798828125,12.729999542236328,2.505000114440918,0.54,,98.37955
2019-04-29,2.8949999809265137,2225.0,1278.5999755859375,14.843999862670898,63.5,97.86000061035156,2943.030029296875,13.109999656677246,2.5360000133514404,0.58,,98.37955
2019-04-30,2.90149998664856,2225.0,1282.800048828125,14.899999618530272,63.90999984741211,97.4800033569336,2945.830078125,13.119999885559082,2.509000062942505,0.56,,98.37955
2019-05-01,2.802999973297119,2225.0,1281.4000244140625,14.645000457763672,63.59999847412109,97.69000244140624,2923.72998046875,14.800000190734863,2.510999917984009,0.59,,98.18362
2019-05-02,2.7839999198913574,2225.0,1269.699951171875,14.539999961853027,61.810001373291016,97.83000183105467,2917.52001953125,14.420000076293944,2.552000045776367,0.66,,98.18362
2019-05-03,2.825000047683716,2225.0,1279.199951171875,14.906999588012695,61.93999862670898,97.5199966430664,2945.639892578125,12.869999885559082,2.5309998989105225,0.63,,98.18362
2019-05-06,2.836999893188477,2225.0,1281.699951171875,14.857000350952148,62.25,97.5199966430664,2932.469970703125,15.4399995803833,2.5,0.6,,98.18362
2019-05-07,2.7939999103546143,2225.0,1283.5,14.859999656677246,61.400001525878906,97.62999725341795,2884.050048828125,19.31999969482422,2.447999954223633,0.58,,98.18362
2019-05-08,2.7855000495910645,2225.0,1279.4000244140625,14.791999816894531,62.119998931884766,97.62000274658205,2879.419921875,19.399999618530277,2.4820001125335693,0.62,,98.18362
2019-05-09,2.783499956130981,2225.0,1283.5,14.70699977874756,61.70000076293945,97.37000274658205,2870.719970703125,19.100000381469727,2.4570000171661377,0.6,,98.18362
2019-05-10,2.7850000858306885,2225.0,1285.699951171875,14.72599983215332,61.65999984741211,97.33000183105467,2881.39990234375,16.040000915527344,2.4549999237060547,0.59,,98.18362
2019-05-13,2.7295000553131104,2225.0,1300.0999755859375,14.713000297546388,61.040000915527344,97.31999969482422,2811.8701171875,20.549999237060547,2.4049999713897705,0.55,,98.18362
2019-05-14,2.734499931335449,2225.0,1294.699951171875,14.751999855041504,61.77999877929688,97.52999877929688,2834.409912109375,18.059999465942383,2.4189999103546143,0.56,,98.18362
2019-05-15,2.753499984741211,2225.0,1296.300048828125,14.751999855041504,62.02000045776367,97.56999969482422,2850.9599609375,16.440000534057617,2.378999948501587,0.54,,98.18362
2019-05-16,2.758500099182129,2225.0,1285.0,14.479000091552734,62.869998931884766,97.83999633789062,2876.320068359375,15.289999961853027,2.4049999713897705,0.56,,98.18362
2019-05-17,2.747999906539917,2225.0,1274.5,14.347999572753906,62.7599983215332,98.0,2859.530029296875,15.960000038146973,2.3929998874664307,0.58,,98.18362
2019-05-20,2.736000061035156,2225.0,1276.0999755859375,14.409000396728516,63.09999847412109,97.93000030517578,2840.22998046875,16.309999465942383,2.4159998893737797,0.6,,98.18362
2019-05-21,2.7235000133514404,2225.0,1272.0,14.373000144958496,62.9900016784668,98.05999755859376,2864.360107421875,14.949999809265137,2.4260001182556152,0.6,,98.18362
2019-05-22,2.686000108718872,2225.0,1273.5999755859375,14.413999557495115,61.41999816894531,98.11000061035156,2856.27001953125,14.75,2.3929998874664307,0.6,,98.18362
2019-05-23,2.686500072479248,2225.0,1284.800048828125,14.57699966430664,57.90999984741211,97.8499984741211,2822.239990234375,16.920000076293945,2.2960000038146973,0.58,,98.18362
2019-05-24,2.7065000534057617,2225.0,1283.0,14.520000457763672,58.630001068115234,97.61000061035156,2826.06005859375,15.850000381469728,2.3239998817443848,0.56,,98.18362
2019-05-28,2.7035000324249268,2225.0,1276.5,14.281000137329102,59.13999938964844,97.95999908447266,2802.389892578125,17.5,2.2679998874664307,0.53,,98.18362
2019-05-29,2.672499895095825,2225.0,1280.5999755859375,14.371999740600586,58.810001373291016,98.13999938964844,2783.02001953125,17.899999618530273,2.236000061035156,0.5,,98.18362
2019-05-30,2.6605000495910645,2225.0,1287.0999755859375,14.460000038146973,56.59000015258789,98.13999938964844,2788.860107421875,17.299999237060547,2.226999998092652,0.48,,98.18362
2019-05-31,2.6459999084472656,2225.0,1305.800048828125,14.529999732971191,53.5,97.75,2752.06005859375,18.709999084472656,2.1419999599456787,0.4,,98.18362
2019-06-03,2.6554999351501465,2225.0,1322.699951171875,14.70300006866455,53.25,97.13999938964844,2744.449951171875,18.86000061035156,2.0810000896453857,0.34,,98.07944
2019-06-04,2.673500061035156,2225.0,1323.4000244140625,14.732000350952148,53.47999954223633,97.06999969482422,2803.27001953125,16.969999313354492,2.11899995803833,0.38,,98.07944
2019-06-05,2.627000093460083,2225.0,1328.300048828125,14.753999710083008,51.68000030517578,97.37000274658205,2826.14990234375,16.09000015258789,2.122999906539917,0.37,,98.07944
2019-06-06,2.6540000438690186,2225.0,1337.5999755859375,14.868000030517578,52.59000015258789,97.02999877929688,2843.489990234375,15.93000030517578,2.124000072479248,0.39,,98.07944
2019-06-07,2.630500078201294,2225.0,1341.199951171875,14.994000434875488,53.9900016784668,96.61000061035156,2873.340087890625,16.299999237060547,2.0840001106262207,0.35,,98.07944
2019-06-10,2.6640000343322754,2225.0,1324.699951171875,14.604999542236328,53.2599983215332,96.76000213623048,2886.72998046875,15.9399995803833,2.1429998874664307,0.42,,98.07944
2019-06-11,2.67549991607666,2225.0,1326.4000244140625,14.706000328063965,53.27000045776367,96.69000244140624,2885.719970703125,15.989999771118164,2.140000104904175,0.43,,98.07944
2019-06-12,2.6589999198913574,2225.0,1331.9000244140625,14.722000122070312,51.13999938964844,97.0,2879.840087890625,15.90999984741211,2.127000093460083,0.42,,98.07944
2019-06-13,2.6610000133514404,2225.0,1339.199951171875,14.871000289916992,52.27999877929688,97.01000213623048,2891.639892578125,15.81999969482422,2.0910000801086426,0.42,,98.07944
2019-06-14,2.634500026702881,2225.0,1340.0999755859375,14.781999588012695,52.5099983215332,97.56999969482422,2886.97998046875,15.279999732971191,2.0929999351501465,0.46,,98.07944
2019-06-17,2.651000022888184,2225.0,1338.699951171875,14.814000129699709,51.93000030517578,97.55999755859376,2889.669921875,15.350000381469728,2.0859999656677246,0.48,,98.07944
2019-06-18,2.7070000171661377,2225.0,1346.5999755859375,14.979999542236328,53.900001525878906,97.63999938964844,2917.75,15.149999618530272,2.059999942779541,0.42,,98.07944
2019-06-19,2.684499979019165,2225.0,1344.5999755859375,14.94499969482422,53.7599983215332,97.12000274658205,2926.4599609375,14.329999923706056,2.0290000438690186,0.36,,98.07944
2019-06-20,2.7155001163482666,2225.0,1392.9000244140625,15.468999862670898,56.650001525878906,96.62999725341795,2954.179931640625,14.75,2.000999927520752,0.27,,98.07944
2019-06-21,2.7060000896453857,2225.0,1396.199951171875,15.27299976348877,57.43000030517578,96.22000122070312,2950.4599609375,15.399999618530272,2.068000078201294,0.34,,98.07944
2019-06-24,2.7054998874664307,2225.0,1414.300048828125,15.368000030517578,57.900001525878906,95.9800033569336,2945.35009765625,15.260000228881836,2.0209999084472656,0.31,,98.07944
2019-06-25,2.7355000972747803,2225.0,1414.9000244140625,15.291000366210938,57.83000183105469,96.16000366210938,2917.3798828125,16.280000686645508,1.99399995803833,0.33,,98.07944
2019-06-26,2.7109999656677246,2225.0,1411.5999755859375,15.282999992370604,59.380001068115234,96.20999908447266,2913.780029296875,16.209999084472656,2.049000024795532,0.35,,98.07944
2019-06-27,2.712500095367432,1820.0,1408.4000244140625,15.204999923706056,59.43000030517578,96.19000244140624,2924.919921875,15.81999969482422,2.005000114440918,0.33,,98.07944
2019-06-28,2.7054998874664307,1820.0,1409.699951171875,15.253000259399414,58.470001220703125,96.12999725341795,2941.760009765625,15.079999923706056,2.0,0.31,,98.07944
2019-07-01,2.679500102996826,1793.5,1385.5999755859375,15.105999946594238,59.09000015258789,96.83999633789062,2964.330078125,14.0600004196167,2.0339999198913574,0.34,,98.10326
2019-07-02,2.657500028610229,1778.5,1404.5999755859375,15.154000282287598,56.25,96.7300033569336,2973.010009765625,12.93000030517578,1.9759999513626096,0.33,,98.10326
2019-07-03,2.679500102996826,1794.0,1417.699951171875,15.251999855041504,57.34000015258789,96.7699966430664,2995.820068359375,12.56999969482422,1.9529999494552608,0.31,,98.10326
2019-07-05,2.658499956130981,1806.75,1396.699951171875,14.91800022125244,57.5099983215332,97.25,2990.409912109375,13.279999732971191,2.0480000972747803,0.35,,98.10326
2019-07-08,2.6559998989105225,1811.75,1397.0,14.972000122070312,57.65999984741211,97.37999725341795,2975.949951171875,13.960000038146973,2.0339999198913574,0.35,,98.10326
2019-07-09,2.624500036239624,1838.5,1397.5,15.067999839782717,57.83000183105469,97.48999786376952,2979.6298828125,14.09000015258789,2.053999900817871,0.36,,98.10326
2019-07-10,2.693000078201294,1861.5,1410.0999755859375,15.147000312805176,60.43000030517578,97.0999984741211,2993.070068359375,13.029999732971191,2.061000108718872,0.33,,98.10326
2019-07-11,2.682499885559082,1865.0,1404.300048828125,15.06700038909912,60.20000076293945,97.0500030517578,2999.909912109375,12.93000030517578,2.119999885559082,0.36,,98.10326
2019-07-12,2.691499948501587,1860.0,1409.9000244140625,15.16100025177002,60.209999084472656,96.80999755859376,3013.77001953125,12.390000343322754,2.1059999465942383,0.35,,98.10326
2019-07-15,2.7074999809265137,1860.0,1411.4000244140625,15.289999961853027,59.58000183105469,96.93000030517578,3014.300048828125,12.68000030517578,2.0920000076293945,0.32,,98.10326
2019-07-16,2.69350004196167,1860.0,1409.199951171875,15.600000381469728,57.619998931884766,97.4000015258789,3004.0400390625,12.859999656677246,2.121999979019165,0.33,,98.10326
2019-07-17,2.7100000381469727,1860.0,1421.300048828125,15.892999649047852,56.77999877929688,97.22000122070312,2984.419921875,13.970000267028809,2.061000108718872,0.31,,98.10326
2019-07-18,2.7039999961853027,1863.0,1426.0999755859375,16.1200008392334,55.29999923706055,96.79000091552734,2995.110107421875,13.529999732971191,2.0380001068115234,0.25,,98.10326
2019-07-19,2.744499921798706,1880.0,1425.0999755859375,16.117000579833984,55.630001068115234,97.1500015258789,2976.610107421875,14.449999809265137,2.0480000972747803,0.25,,98.10326
2019-07-22,2.7144999504089355,1880.0,1425.300048828125,16.34000015258789,56.220001220703125,97.26000213623048,2985.030029296875,13.529999732971191,2.0429999828338623,0.26,,98.10326
2019-07-23,2.694000005722046,1880.0,1420.0999755859375,16.405000686645508,56.77000045776367,97.70999908447266,3005.469970703125,12.609999656677246,2.0739998817443848,0.27,,98.10326
2019-07-24,2.7039999961853027,1880.0,1422.800048828125,16.554000854492188,55.880001068115234,97.7300033569336,3019.56005859375,12.06999969482422,2.049999952316284,0.26,,98.10326
2019-07-25,2.695499897003174,1880.0,1413.9000244140625,16.339000701904297,56.02000045776367,97.81999969482422,3003.669921875,12.739999771118164,2.0739998817443848,0.28,,98.10326
2019-07-26,2.676500082015991,1880.0,1418.5,16.325000762939453,56.20000076293945,98.01000213623048,3025.860107421875,12.15999984741211,2.0810000896453857,0.3,,98.10326
2019-07-29,2.7095000743865967,1880.0,1419.5999755859375,16.368000030517578,56.869998931884766,98.04000091552734,3020.969970703125,12.829999923706056,2.055000066757202,0.29,,98.10326
2019-07-30,2.6705000400543213,1875.25,1429.699951171875,16.4950008392334,58.04999923706055,98.0500030517578,3013.179931640625,13.9399995803833,2.061000108718872,0.28,,98.10326
2019-07-31,2.657999992370605,1860.75,1426.0999755859375,16.34600067138672,58.58000183105469,98.5199966430664,2980.3798828125,16.1200008392334,2.0209999084472656,0.26,,98.10326
2019-08-01,2.6600000858306885,1842.0,1420.9000244140625,16.121000289916992,53.95000076293945,98.38999938964844,2953.56005859375,17.8700008392334,1.8940000534057615,0.2,,98.16458
2019-08-02,2.565000057220459,1832.5,1445.5999755859375,16.222000122070312,55.65999984741211,98.0999984741211,2932.050048828125,17.610000610351562,1.8550000190734863,0.2,,98.16458
2019-08-05,2.5369999408721924,1823.5,1464.5999755859375,16.344999313354492,54.68999862670898,97.5,2844.739990234375,24.59000015258789,1.7350000143051147,0.15,,98.16458
2019-08-06,2.5510001182556152,1820.75,1472.4000244140625,16.405000686645508,53.630001068115234,97.62999725341795,2881.77001953125,20.170000076293945,1.7389999628067017,0.11,,98.16458
2019-08-07,2.565000057220459,1811.75,1507.300048828125,17.1560001373291,51.09000015258789,97.54000091552734,2883.97998046875,19.489999771118164,1.684000015258789,0.09,,98.16458
2019-08-08,2.601999998092652,1848.25,1497.699951171875,16.900999069213867,52.540000915527344,97.62000274658205,2938.090087890625,16.90999984741211,1.715999960899353,0.07,,98.16458
2019-08-09,2.5840001106262207,1842.0,1496.5999755859375,16.89699935913086,54.5,97.48999786376952,2918.64990234375,17.969999313354492,1.7339999675750732,0.08,,98.16458
2019-08-12,2.5799999237060547,1832.75,1505.300048828125,17.038999557495117,54.93000030517578,97.37999725341795,2882.699951171875,21.09000015258789,1.6390000581741333,0.04,,98.16458
2019-08-13,2.624500036239624,1847.25,1502.199951171875,16.95599937438965,57.09999847412109,97.80999755859376,2926.320068359375,17.520000457763672,1.6799999475479126,0.05,,98.16458
2019-08-14,2.5864999294281006,1839.25,1515.9000244140625,17.253000259399414,55.22999954223633,97.98999786376952,2840.60009765625,22.100000381469727,1.5809999704360962,0.02,,98.16458
2019-08-15,2.5894999504089355,1845.5,1519.5999755859375,17.187999725341797,54.470001220703125,98.13999938964844,2847.60009765625,21.18000030517578,1.5290000438690186,-0.02,,98.16458
2019-08-16,2.5899999141693115,1857.25,1512.5,17.09600067138672,54.869998931884766,98.13999938964844,2888.679931640625,18.46999931335449,1.5390000343322754,0.01,,98.16458
2019-08-19,2.5969998836517334,1855.0,1500.4000244140625,16.913999557495117,56.209999084472656,98.3499984741211,2923.64990234375,16.8799991607666,1.5980000495910645,0.04,,98.16458
2019-08-20,2.5739998817443848,1842.25,1504.5999755859375,17.121999740600586,56.34000015258789,98.19000244140624,2900.510009765625,17.5,1.5609999895095823,0.02,,98.16458
2019-08-21,2.5815000534057617,1836.0,1504.5999755859375,17.125,55.68000030517578,98.3000030517578,2924.429931640625,15.800000190734863,1.5770000219345093,0.05,,98.16458
2019-08-22,2.553499937057495,1821.0,1497.300048828125,17.013999938964844,55.34999847412109,98.16999816894533,2922.949951171875,16.68000030517578,1.6100000143051147,0.07,,98.16458
2019-08-23,2.526000022888184,1823.75,1526.5999755859375,17.395000457763672,54.16999816894531,97.63999938964844,2847.110107421875,19.8700008392334,1.527999997138977,-0.02,,98.16458
2019-08-26,2.539999961853028,1823.75,1526.300048828125,17.624000549316406,53.63999938964844,98.08000183105467,2878.3798828125,19.31999969482422,1.5449999570846558,0.0,,98.16458
2019-08-27,2.5434999465942383,1817.5,1541.0,18.138999938964844,54.93000030517578,98.0,2869.159912109375,20.309999465942383,1.4900000095367432,-0.06,,98.16458
2019-08-28,2.5510001182556152,1807.0,1537.800048828125,18.304000854492188,55.77999877929688,98.20999908447266,2887.93994140625,19.350000381469727,1.465999960899353,-0.08,,98.16458
2019-08-29,2.559499979019165,1759.0,1526.5,18.16699981689453,56.709999084472656,98.51000213623048,2924.580078125,17.8799991607666,1.5160000324249268,-0.09,,98.16458
2019-08-30,2.532999992370605,1758.0,1519.0999755859375,18.184999465942383,55.09999847412109,98.91999816894533,2926.4599609375,18.979999542236328,1.50600004196167,-0.05,,98.16458
2019-09-03,2.512500047683716,1751.75,1545.9000244140625,19.07900047302246,53.93999862670898,98.9499969482422,2906.27001953125,19.65999984741211,1.465999960899353,-0.03,,98.28017
2019-09-04,2.5789999961853027,1770.5,1550.300048828125,19.391000747680664,56.2599983215332,98.4499969482422,2937.780029296875,17.329999923706055,1.4589999914169312,-0.04,,98.28017
2019-09-05,2.624500036239624,1785.0,1515.4000244140625,18.6560001373291,56.29999923706055,98.41000366210938,2976.0,16.270000457763672,1.565000057220459,0.01,,98.28017
2019-09-06,2.615499973297119,1788.75,1506.199951171875,17.968000411987305,56.52000045776367,98.38999938964844,2978.7099609375,15.0,1.5499999523162842,0.01,,98.28017
2019-09-09,2.6105000972747803,1799.5,1502.199951171875,18.018999099731445,57.84999847412109,98.27999877929688,2978.429931640625,15.270000457763672,1.621999979019165,0.06,,98.28017
2019-09-10,2.6105000972747803,1818.5,1490.300048828125,18.041000366210938,57.400001525878906,98.33000183105467,2979.389892578125,15.199999809265137,1.7020000219345093,0.12,,98.28017
2019-09-11,2.5975000858306885,1825.25,1494.4000244140625,18.0310001373291,55.75,98.6500015258789,3000.929931640625,14.609999656677246,1.7330000400543213,0.15,,98.28017
2019-09-12,2.623500108718872,1798.25,1498.699951171875,18.041000366210938,55.09000015258789,98.30999755859376,3009.570068359375,14.220000267028809,1.7910000085830688,0.16,,98.28017
2019-09-13,2.680999994277954,1807.0,1490.9000244140625,17.43600082397461,54.84999847412109,98.26000213623048,3007.389892578125,13.739999771118164,1.902999997138977,0.23,,98.28017
2019-09-16,2.621000051498413,1791.0,1503.0999755859375,17.900999069213867,62.900001525878906,98.6500015258789,2997.9599609375,14.670000076293944,1.840999960899353,0.17,,98.28017
2019-09-17,2.609499931335449,1778.75,1505.0999755859375,18.016000747680664,59.34000015258789,98.26000213623048,3005.699951171875,14.4399995803833,1.812000036239624,0.15,,98.28017
2019-09-18,2.595499992370605,1783.0,1507.5,17.795000076293945,58.11000061035156,98.5999984741211,3006.72998046875,13.949999809265137,1.7860000133514404,0.21,,98.28017
2019-09-19,2.5910000801086426,1798.75,1498.4000244140625,17.773000717163086,58.130001068115234,98.2699966430664,3006.7900390625,14.050000190734863,1.77400004863739,0.18,,98.28017
2019-09-20,2.5899999141693115,1800.5,1507.300048828125,17.738000869750977,58.09000015258789,98.51000213623048,2992.070068359375,15.31999969482422,1.7549999952316284,0.13,,98.28017
2019-09-23,2.594500064849853,1790.5,1523.699951171875,18.600000381469727,58.63999938964844,98.5999984741211,2991.780029296875,14.90999984741211,1.7079999446868896,0.11,,98.28017
2019-09-24,2.5894999504089355,1767.75,1532.0999755859375,18.517000198364254,57.290000915527344,98.33999633789062,2966.60009765625,17.049999237060547,1.6349999904632568,0.06,,98.28017
2019-09-25,2.595000028610229,1759.5,1504.5999755859375,17.961999893188477,56.4900016784668,99.04000091552734,2984.8701171875,15.960000038146973,1.7319999933242798,0.13,,98.28017
2019-09-26,2.559999942779541,1750.5,1507.5,17.801000595092773,56.40999984741211,99.20999908447266,2977.6201171875,16.06999969482422,1.684999942779541,0.13,,98.28017
2019-09-27,2.5829999446868896,1748.25,1499.0999755859375,17.552000045776367,55.90999984741211,99.11000061035156,2961.7900390625,17.219999313354492,1.6749999523162842,0.16,,98.28017
2019-09-30,2.564500093460083,1732.25,1465.699951171875,16.898000717163086,54.06999969482422,99.37999725341795,2976.739990234375,16.239999771118164,1.6749999523162842,0.15,,98.28017
2019-10-01,2.552000045776367,1737.25,1482.0,17.20199966430664,53.619998931884766,99.12999725341795,2940.25,18.559999465942383,1.6440000534057615,0.13,,98.34087
2019-10-02,2.561500072479248,1707.25,1501.0,17.591999053955078,52.63999938964844,99.04000091552734,2887.610107421875,20.559999465942383,1.5959999561309814,0.1,,98.34087
2019-10-03,2.5455000400543213,1711.5,1507.0999755859375,17.584999084472656,52.45000076293945,98.86000061035156,2910.6298828125,19.1200008392334,1.5360000133514404,0.06,,98.34087
2019-10-04,2.555500030517578,1719.5,1506.199951171875,17.540000915527344,52.810001373291016,98.80999755859376,2952.010009765625,17.040000915527344,1.5149999856948853,0.02,,98.34087
2019-10-07,2.572000026702881,1739.75,1497.699951171875,17.457000732421875,52.75,98.98999786376952,2938.7900390625,17.860000610351562,1.5529999732971191,0.05,,98.34087
2019-10-08,2.563499927520752,1749.75,1497.199951171875,17.617000579833984,52.630001068115234,99.13999938964844,2893.06005859375,20.280000686645508,1.5369999408721924,0.06,,98.34087
2019-10-09,2.562000036239624,1743.0,1506.0999755859375,17.72800064086914,52.59000015258789,99.12000274658205,2919.39990234375,18.63999938964844,1.5889999866485596,0.1,,98.34087
2019-10-10,2.6050000190734863,1752.0,1494.800048828125,17.520000457763672,53.54999923706055,98.70999908447266,2938.1298828125,17.56999969482422,1.6579999923706057,0.15,,98.34087
2019-10-11,2.618499994277954,1717.25,1482.699951171875,17.461999893188477,54.70000076293945,98.3000030517578,2970.27001953125,15.579999923706056,1.7519999742507937,0.2,,98.34087
2019-10-14,2.623500108718872,1714.0,1491.699951171875,17.634000778198242,53.59000015258789,98.4499969482422,2966.14990234375,14.56999969482422,1.7330000400543213,0.2,,98.34087
2019-10-15,2.6040000915527344,1724.5,1477.5999755859375,17.308000564575195,52.810001373291016,98.29000091552734,2995.679931640625,13.539999961853027,1.7710000276565552,0.21,,98.34087
2019-10-16,2.5794999599456787,1727.5,1488.0,17.35099983215332,53.36000061035156,98.01000213623048,2989.68994140625,13.68000030517578,1.7480000257492063,0.18,,98.34087
2019-10-17,2.586999893188477,1731.75,1492.300048828125,17.535999298095703,53.93000030517578,97.61000061035156,2997.949951171875,13.789999961853027,1.756999969482422,0.17,,98.34087
2019-10-18,2.625,1746.5,1488.199951171875,17.50200080871582,53.77999877929688,97.27999877929688,2986.199951171875,14.25,1.746999979019165,0.16,,98.34087
2019-10-21,2.634999990463257,1744.0,1482.4000244140625,17.525999069213867,53.310001373291016,97.33000183105467,3006.719970703125,14.0,1.7920000553131104,0.19,,98.34087
2019-10-22,2.621999979019165,1727.5,1481.699951171875,17.437000274658203,54.15999984741211,97.52999877929688,2995.989990234375,14.460000038146973,1.7680000066757202,0.17,,98.34087
2019-10-23,2.6624999046325684,1742.0,1489.9000244140625,17.517000198364258,55.970001220703125,97.47000122070312,3004.52001953125,14.010000228881836,1.758999943733215,0.16,,98.34087
2019-10-24,2.6589999198913574,1735.0,1498.9000244140625,17.73900032043457,56.22999954223633,97.62999725341795,3010.2900390625,13.710000038146973,1.7660000324249268,0.15,,98.34087
2019-10-25,2.6665000915527344,1740.5,1499.5,17.861000061035156,56.65999984741211,97.83000183105467,3022.550048828125,12.649999618530272,1.8009999990463257,0.15,,98.34087
2019-10-28,2.672499895095825,1751.0,1490.0,17.81599998474121,55.810001373291016,97.76000213623048,3039.419921875,13.109999656677246,1.8530000448226929,0.21,,98.34087
2019-10-29,2.682499885559082,1745.0,1487.0,17.770999908447266,55.540000915527344,97.69000244140624,3036.889892578125,13.199999809265137,1.8350000381469729,0.23,,98.34087
2019-10-30,2.680500030517578,1760.25,1493.199951171875,17.815000534057617,55.060001373291016,97.6500015258789,3046.77001953125,12.329999923706056,1.7979999780654907,0.21,,98.34087
2019-10-31,2.632999897003174,1763.0,1511.4000244140625,18.013999938964844,54.18000030517578,97.3499984741211,3037.56005859375,13.220000267028809,1.690999984741211,0.15,,98.34087
2019-11-01,2.651000022888184,1794.0,1508.0,18.003999710083008,56.20000076293945,97.23999786376952,3066.909912109375,12.300000190734863,1.7280000448226929,0.14,,98.25388
2019-11-04,2.6670000553131104,1809.5,1508.0,18.013999938964844,56.540000915527344,97.51000213623048,3078.27001953125,12.829999923706056,1.7860000133514404,0.15,,98.25388
2019-11-05,2.694999933242798,1811.5,1480.800048828125,17.516000747680664,57.22999954223633,97.9800033569336,3074.6201171875,13.100000381469728,1.866000056266785,0.18,,98.25388
2019-11-06,2.6610000133514404,1809.0,1490.199951171875,17.558000564575195,56.34999847412109,97.9499969482422,3076.780029296875,12.619999885559082,1.8140000104904173,0.15,,98.25388
2019-11-07,2.7239999771118164,1816.5,1464.199951171875,16.969999313354492,57.150001525878906,98.13999938964844,3085.179931640625,12.729999542236328,1.9259999990463257,0.23,,98.25388
2019-11-08,2.677999973297119,1818.25,1461.300048828125,16.783000946044922,57.2400016784668,98.3499984741211,3093.080078125,12.06999969482422,1.932999968528748,0.23,,98.25388
2019-11-11,2.6600000858306885,1794.0,1455.5,16.761999130249023,56.86000061035156,98.1999969482422,3087.010009765625,12.6899995803833,1.9429999589920044,0.23,,98.25388
2019-11-12,2.6419999599456787,1780.75,1452.0999755859375,16.677000045776367,56.79999923706055,98.30999755859376,3091.840087890625,12.68000030517578,1.909000039100647,0.22,,98.25388
2019-11-13,2.6364998817443848,1770.5,1461.699951171875,16.898000717163086,57.119998931884766,98.37000274658205,3094.0400390625,13.0,1.870000004768372,0.22,,98.25388
2019-11-14,2.618499994277954,1750.5,1471.800048828125,17.01300048828125,56.77000045776367,98.16000366210938,3096.6298828125,13.050000190734863,1.815000057220459,0.2,,98.25388
2019-11-15,2.634999990463257,1754.0,1467.300048828125,16.933000564575195,57.720001220703125,98.0,3120.4599609375,12.050000190734863,1.8339999914169312,0.21,,98.25388
2019-11-18,2.617500066757202,1752.0,1470.9000244140625,16.985000610351562,57.04999923706055,97.79000091552734,3122.030029296875,12.460000038146973,1.807999968528748,0.18,,98.25388
2019-11-19,2.6535000801086426,1745.75,1473.300048828125,17.10300064086914,55.209999084472656,97.86000061035156,3120.179931640625,12.859999656677246,1.7860000133514404,0.16,,98.25388
2019-11-20,2.6465001106262207,1758.5,1473.300048828125,17.100000381469727,57.11000061035156,97.93000030517578,3108.4599609375,12.779999732971191,1.7380000352859497,0.13,,98.25388
2019-11-21,2.621000051498413,1754.0,1463.0999755859375,17.049999237060547,58.58000183105469,97.98999786376952,3103.5400390625,13.130000114440918,1.7719999551773071,0.14,,98.25388
2019-11-22,2.6475000381469727,1757.5,1463.0999755859375,16.985000610351562,57.77000045776367,98.2699966430664,3110.2900390625,12.34000015258789,1.77400004863739,0.15,,98.25388
2019-11-25,2.6475000381469727,1755.5,1456.5999755859375,16.871000289916992,58.0099983215332,98.31999969482422,3133.639892578125,11.869999885559082,1.7640000581741333,0.14,,98.25388
2019-11-26,2.674499988555908,1773.5,1459.800048828125,17.030000686645508,58.40999984741211,98.25,3140.52001953125,11.539999961853027,1.7400000095367432,0.12,,98.25388
2019-11-27,2.674499988555908,1785.25,1453.4000244140625,16.91200065612793,58.11000061035156,98.41000366210938,3153.6298828125,11.75,1.7669999599456787,0.14,,98.25388
2019-11-29,2.6419999599456787,1785.0,1465.5999755859375,16.9689998626709,55.16999816894531,98.2699966430664,3140.97998046875,12.619999885559082,1.7760000228881836,0.17,,98.25388
2019-12-02,2.632499933242798,1806.75,1462.300048828125,16.836000442504883,55.959999084472656,97.86000061035156,3113.8701171875,14.90999984741211,1.8359999656677248,0.18,,97.4522
2019-12-03,2.6080000400543213,1782.5,1478.199951171875,17.125,56.09999847412109,97.73999786376952,3093.199951171875,15.960000038146973,1.7089999914169312,0.09,,97.4522
2019-12-04,2.6440000534057617,1771.5,1474.0,16.797000885009766,58.43000030517578,97.6500015258789,3112.760009765625,14.800000190734863,1.781000018119812,0.11,,97.4522
2019-12-05,2.6484999656677246,1764.75,1476.9000244140625,16.941999435424805,58.43000030517578,97.41000366210938,3117.429931640625,14.520000457763672,1.7970000505447388,0.13,,97.4522
2019-12-06,2.7109999656677246,1770.5,1459.0999755859375,16.481000900268555,59.20000076293945,97.6999969482422,3145.909912109375,13.619999885559082,1.8420000076293943,0.15,,97.4522
2019-12-09,2.746500015258789,1775.5,1459.300048828125,16.531999588012695,59.02000045776367,97.63999938964844,3135.9599609375,15.859999656677246,1.8289999961853027,0.14,,97.4522
2019-12-10,2.755500078201294,1772.5,1462.5999755859375,16.59600067138672,59.2400016784668,97.41000366210938,3132.52001953125,15.68000030517578,1.8329999446868896,0.14,,97.4522
2019-12-11,2.782500028610229,1775.5,1469.4000244140625,16.743999481201172,58.7599983215332,97.16000366210938,3141.6298828125,14.989999771118164,1.7899999618530271,0.1,,97.4522
2019-12-12,2.789499998092652,1786.75,1466.699951171875,16.844999313354492,59.18000030517578,97.4000015258789,3168.570068359375,13.9399995803833,1.8969999551773071,0.18,,97.4522
2019-12-13,2.7804999351501465,1777.0,1475.5999755859375,16.91200065612793,60.06999969482422,97.16999816894533,3168.800048828125,12.630000114440918,1.819000005722046,0.12,,97.4522
2019-12-16,2.820499897003174,1784.75,1475.0,17.018999099731445,60.209999084472656,97.06999969482422,3191.449951171875,12.140000343322754,1.8919999599456787,0.16,,97.4522
2019-12-17,2.819499969482422,1774.25,1474.5999755859375,16.97800064086914,60.93999862670898,97.20999908447266,3192.52001953125,12.289999961853027,1.8890000581741333,0.14,,97.4522
2019-12-18,2.816999912261963,1788.75,1472.5999755859375,16.952999114990234,60.93000030517578,97.41000366210938,3191.139892578125,12.579999923706056,1.924000024795532,0.16,,97.4522
2019-12-19,2.8315000534057617,1807.25,1478.199951171875,17.058000564575195,61.220001220703125,97.41999816894533,3205.3701171875,12.5,1.9079999923706052,0.15,,97.4522
2019-12-20,2.811000108718872,1808.25,1474.699951171875,17.128000259399414,60.43999862670898,97.70999908447266,3221.219970703125,12.510000228881836,1.9170000553131104,0.15,,97.4522
2019-12-23,2.816999912261963,1818.25,1482.5,17.402999877929688,60.52000045776367,97.66000366210938,3224.010009765625,12.609999656677246,1.934999942779541,0.18,,97.4522
2019-12-24,2.838500022888184,1823.0,1499.0999755859375,17.756999969482422,61.11000061035156,97.6500015258789,3223.3798828125,12.670000076293944,1.909999966621399,0.15,,97.4522
2019-12-26,2.864500045776367,1823.0,1509.300048828125,17.893999099731445,61.68000030517578,97.58999633789062,3239.909912109375,12.649999618530272,1.9049999713897705,0.16,,97.4522
2019-12-27,2.8364999294281006,1835.5,1513.800048828125,17.849000930786133,61.720001220703125,96.91999816894533,3240.02001953125,13.43000030517578,1.8739999532699585,0.15,,97.4522
2019-12-30,2.827500104904175,1834.0,1514.5,17.908000946044922,61.68000030517578,96.73999786376952,3221.2900390625,14.81999969482422,1.8949999809265137,0.15,,97.4522
2019-12-31,2.7939999103546143,1824.5,1519.5,17.827999114990234,61.060001373291016,96.38999938964844,3230.780029296875,13.779999732971191,1.919000029563904,0.15,,97.4522
2020-01-02,2.8329999446868896,1812.5,1524.5,17.965999603271484,61.18000030517578,96.8499984741211,3257.85009765625,12.470000267028809,1.8819999694824217,0.08,,95.75547
2020-01-03,2.798500061035156,1830.0,1549.199951171875,18.06800079345703,63.04999923706055,96.83999633789062,3234.85009765625,14.020000457763672,1.787999987602234,0.03,,95.75547
2020-01-06,2.80049991607666,1842.0,1566.199951171875,18.097000122070312,63.27000045776367,96.66999816894533,3246.280029296875,13.850000381469728,1.8109999895095823,0.06,,95.75547
2020-01-07,2.803999900817871,1822.0,1571.800048828125,18.31599998474121,62.70000076293945,96.9800033569336,3237.179931640625,13.789999961853027,1.8270000219345093,0.09,,95.75547
2020-01-08,2.819000005722046,1802.75,1557.4000244140625,18.08799934387207,59.61000061035156,97.3000030517578,3253.050048828125,13.449999809265137,1.8739999532699585,0.12,,95.75547
2020-01-09,2.810499906539917,1803.5,1551.699951171875,17.860000610351562,59.560001373291016,97.4499969482422,3274.699951171875,12.539999961853027,1.8580000400543213,0.11,,95.75547
2020-01-10,2.81850004196167,1811.5,1557.5,18.03300094604492,59.040000915527344,97.36000061035156,3265.35009765625,12.5600004196167,1.825000047683716,0.07,,95.75547
2020-01-13,2.861500024795532,1798.0,1548.4000244140625,17.926000595092773,58.08000183105469,97.3499984741211,3288.1298828125,12.31999969482422,1.8480000495910645,0.08,,95.75547
2020-01-14,2.875999927520752,1809.0,1542.4000244140625,17.673999786376953,58.22999954223633,97.37000274658205,3283.14990234375,12.390000343322754,1.8179999589920044,0.05,,95.75547
2020-01-15,2.869999885559082,1800.25,1552.0999755859375,17.92300033569336,57.810001373291016,97.2300033569336,3289.2900390625,12.420000076293944,1.787999987602234,0.04,,95.75547
2020-01-16,2.851999998092652,1811.0,1549.0,17.875,58.52000045776367,97.31999969482422,3316.81005859375,12.31999969482422,1.809000015258789,0.07,,95.75547
2020-01-17,2.8494999408721924,1809.25,1558.800048828125,18.01300048828125,58.540000915527344,97.61000061035156,3329.6201171875,12.100000381469728,1.8359999656677248,0.09,,95.75547
2020-01-21,2.798500061035156,1827.0,1556.4000244140625,17.750999450683594,58.34000015258789,97.52999877929688,3320.7900390625,12.850000381469728,1.7690000534057615,0.04,,95.75547
2020-01-22,2.7669999599456787,1814.0,1555.300048828125,17.770999908447266,56.7400016784668,97.52999877929688,3321.75,12.90999984741211,1.7690000534057615,0.05,,95.75547
2020-01-23,2.7260000705718994,1792.5,1564.5999755859375,17.773000717163086,55.59000015258789,97.69000244140624,3325.5400390625,12.979999542236328,1.7400000095367432,0.04,,95.75547
2020-01-24,2.685499906539917,1786.0,1571.0999755859375,18.05699920654297,54.18999862670898,97.8499984741211,3295.469970703125,14.5600004196167,1.680999994277954,0.02,,95.75547
2020-01-27,2.5964999198913574,1769.75,1576.800048828125,18.0,53.13999938964844,97.95999908447266,3243.6298828125,18.229999542236328,1.6050000190734863,-0.02,,95.75547
2020-01-28,2.5794999599456787,1764.5,1569.199951171875,17.402000427246094,53.47999954223633,98.0199966430664,3276.239990234375,16.280000686645508,1.6410000324249268,0.0,,95.75547
2020-01-29,2.553499937057495,1743.0,1569.800048828125,17.430999755859375,53.33000183105469,97.98999786376952,3273.39990234375,16.389999389648438,1.593999981880188,-0.04,,95.75547
2020-01-30,2.5234999656677246,1751.75,1583.5,17.95199966430664,52.13999938964844,97.87000274658205,3283.659912109375,15.489999771118164,1.5579999685287476,-0.07,,95.75547
2020-01-31,2.5199999809265137,1741.75,1582.9000244140625,17.972000122070312,51.560001373291016,97.38999938964844,3225.52001953125,18.84000015258789,1.5199999809265137,-0.14,,95.75547
2020-02-03,2.513000011444092,1706.75,1577.199951171875,17.639999389648438,50.11000061035156,97.8000030517578,3248.919921875,17.969999313354492,1.5199999809265137,-0.09,,94.17168
2020-02-04,2.547499895095825,1712.0,1550.4000244140625,17.527999877929688,49.61000061035156,97.95999908447266,3297.590087890625,16.049999237060547,1.6030000448226929,-0.03,,94.17168
2020-02-05,2.5789999961853027,1728.0,1557.800048828125,17.569000244140625,50.75,98.2699966430664,3334.68994140625,15.149999618530272,1.64900004863739,0.0,,94.17168
2020-02-06,2.5985000133514404,1757.0,1565.0999755859375,17.788999557495117,50.95000076293945,98.5,3345.780029296875,14.960000038146973,1.6440000534057615,-0.02,,94.17168
2020-02-07,2.559000015258789,1737.0,1568.5999755859375,17.665000915527344,50.31999969482422,98.68000030517578,3327.7099609375,15.470000267028809,1.5779999494552612,-0.07,,94.17168
2020-02-10,2.557499885559082,1724.5,1574.699951171875,17.757999420166016,49.56999969482422,98.83000183105467,3352.090087890625,15.039999961853027,1.5470000505447388,-0.1,,94.17168
2020-02-11,2.588500022888184,1749.75,1565.5999755859375,17.572999954223633,49.93999862670898,98.72000122070312,3357.75,15.18000030517578,1.590000033378601,-0.06,,94.17168
2020-02-12,2.6059999465942383,1749.0,1567.4000244140625,17.47800064086914,51.16999816894531,99.0500030517578,3379.449951171875,13.739999771118164,1.6299999952316284,-0.04,,94.17168
2020-02-13,2.619499921798706,1754.75,1575.0999755859375,17.600000381469727,51.41999816894531,99.06999969482422,3373.93994140625,14.149999618530272,1.6169999837875366,-0.06,,94.17168
2020-02-14,2.6054999828338623,1739.5,1582.699951171875,17.71500015258789,52.04999923706055,99.12000274658205,3380.159912109375,13.68000030517578,1.5880000591278076,-0.07,,94.17168
2020-02-18,2.609999895095825,1718.75,1600.0,18.131000518798828,52.04999923706055,99.45999908447266,3370.2900390625,14.829999923706056,1.555999994277954,-0.1,,94.17168
2020-02-19,2.612499952316284,1718.75,1607.5,18.29199981689453,53.290000915527344,99.5999984741211,3386.14990234375,14.380000114440918,1.5700000524520874,-0.09,,94.17168
2020-02-20,2.595000028610229,1709.5,1616.5999755859375,18.30900001525879,53.77999877929688,99.87000274658205,3373.22998046875,15.5600004196167,1.524999976158142,-0.11,,94.17168
2020-02-21,2.618000030517578,1704.0,1644.5999755859375,18.520999908447266,53.380001068115234,99.26000213623048,3337.75,17.079999923706055,1.4709999561309814,-0.15,,94.17168
2020-02-24,2.5924999713897705,1693.25,1672.4000244140625,18.868000030517575,51.43000030517578,99.29000091552734,3225.889892578125,25.030000686645508,1.3769999742507937,-0.21,,94.17168
2020-02-25,2.5964999198913574,1697.5,1646.9000244140625,18.183000564575195,49.900001525878906,98.97000122070312,3128.2099609375,27.850000381469727,1.3300000429153442,-0.2,,94.17168
2020-02-26,2.576499938964844,1684.5,1640.0,17.826000213623047,48.72999954223633,99.0,3116.389892578125,27.559999465942383,1.309999942779541,-0.21,,94.17168
2020-02-27,2.571500062942505,1683.75,1640.0,17.658000946044922,47.09000015258789,98.44000244140624,2978.760009765625,39.15999984741211,1.2990000247955322,-0.23,,94.17168
2020-02-28,2.5460000038146973,1684.0,1564.0999755859375,16.386999130249023,44.7599983215332,98.12999725341795,2954.219970703125,40.11000061035156,1.1269999742507937,-0.28,,94.17168
2020-03-02,2.6010000705718994,1708.0,1592.300048828125,16.679000854492188,46.75,97.36000061035156,3090.22998046875,33.41999816894531,1.0880000591278076,-0.31,,96.42195
2020-03-03,2.5794999599456787,1717.25,1642.0999755859375,17.128999710083008,47.18000030517578,97.1500015258789,3003.3701171875,36.81999969482422,1.0099999904632568,-0.43,,96.42195
2020-03-04,2.5929999351501465,1721.25,1641.0999755859375,17.187000274658203,46.77999877929688,97.33999633789062,3130.1201171875,31.989999771118164,0.9919999837875366,-0.44,,96.42195
2020-03-05,2.5824999809265137,1709.25,1666.4000244140625,17.341999053955078,45.900001525878906,96.81999969482422,3023.93994140625,39.619998931884766,0.9259999990463256,-0.48,,96.42195
2020-03-06,2.572999954223633,1675.25,1670.800048828125,17.214000701904297,41.27999877929688,95.9499969482422,2972.3701171875,41.93999862670898,0.7059999704360962,-0.57,,96.42195
2020-03-09,2.5239999294281006,1660.75,1674.5,17.000999450683594,31.1299991607666,94.9000015258789,2746.56005859375,54.459999084472656,0.4990000128746032,-0.45,,96.42195
2020-03-10,2.5339999198913574,1686.0,1659.0999755859375,16.9060001373291,34.36000061035156,96.41000366210938,2882.22998046875,47.29999923706055,0.7480000257492065,-0.24,,96.42195
2020-03-11,2.51200008392334,1681.0,1641.4000244140625,16.729000091552734,32.97999954223633,96.51000213623048,2741.3798828125,53.900001525878906,0.8199999928474426,-0.14,,96.42195
2020-03-12,2.4809999465942383,1655.5,1589.300048828125,15.961000442504885,31.5,97.47000122070312,2480.639892578125,75.47000122070312,0.8489999771118164,-0.04,,96.42195
2020-03-13,2.4739999771118164,1668.0,1515.699951171875,14.456000328063965,31.729999542236328,98.75,2711.02001953125,57.83000183105469,0.9509999752044678,0.04,,96.42195
2020-03-16,2.3984999656677246,1677.75,1485.9000244140625,12.772000312805176,28.700000762939453,98.08999633789062,2386.1298828125,82.69000244140625,0.7279999852180481,0.0,,96.42195
2020-03-17,2.315500020980835,1653.0,1524.9000244140625,12.468999862670898,26.950000762939453,99.58000183105467,2529.18994140625,75.91000366210938,0.996999979019165,0.39,,96.42195
2020-03-18,2.1605000495910645,1631.5,1477.300048828125,11.734999656677246,20.3700008392334,101.16000366210938,2398.10009765625,76.44999694824219,1.2660000324249268,0.55,,96.42195
2020-03-19,2.200000047683716,1625.5,1478.5999755859375,12.097000122070312,25.21999931335449,102.76000213623048,2409.389892578125,72.0,1.11899995803833,0.62,,96.42195
2020-03-20,2.190500020980835,1588.25,1484.0,12.348999977111816,22.43000030517578,102.81999969482422,2304.919921875,66.04000091552734,0.9380000233650208,0.17,,96.42195
2020-03-23,2.119499921798706,1559.0,1567.0,13.225000381469728,23.36000061035156,102.48999786376952,2237.39990234375,61.59000015258789,0.7639999985694885,-0.04,,96.42195
2020-03-24,2.197499990463257,1559.25,1660.199951171875,14.229000091552734,24.01000022888184,101.73999786376952,2447.330078125,61.66999816894531,0.8159999847412109,-0.13,,96.42195
2020-03-25,2.233999967575073,1547.5,1632.300048828125,14.836999893188477,24.489999771118164,101.0500030517578,2475.56005859375,63.95000076293945,0.8579999804496765,-0.19,,96.42195
2020-03-26,2.2079999446868896,1530.75,1650.0999755859375,14.640000343322754,22.600000381469727,99.41999816894533,2630.070068359375,61.0,0.8109999895095825,-0.24,,96.42195
2020-03-27,2.197000026702881,1539.0,1623.9000244140625,14.498000144958496,21.51000022888184,98.37000274658205,2541.469970703125,65.54000091552734,0.7490000128746033,-0.22,,96.42195
2020-03-30,2.1619999408721924,1530.0,1622.0,14.074000358581545,20.09000015258789,99.18000030517578,2626.64990234375,57.08000183105469,0.6700000166893005,-0.25,,96.42195
2020-03-31,2.240000009536743,1512.0,1583.4000244140625,14.097999572753906,20.479999542236328,99.0500030517578,2584.590087890625,53.540000915527344,0.6980000138282776,-0.17,,96.42195
2020-04-01,2.191999912261963,1488.75,1578.199951171875,13.925999641418455,20.309999465942383,99.66999816894533,2470.5,57.060001373291016,0.6349999904632568,-0.29,,98.22739
2020-04-02,2.2330000400543213,1492.5,1625.699951171875,14.595999717712402,25.31999969482422,100.18000030517578,2526.89990234375,50.90999984741211,0.6269999742507935,-0.4,,98.22739
2020-04-03,2.2100000381469727,1478.0,1633.699951171875,14.435999870300291,28.34000015258789,100.58000183105467,2488.64990234375,46.79999923706055,0.5870000123977661,-0.46,,98.22739
2020-04-06,2.234999895095825,1457.5,1677.0,15.111000061035156,26.07999992370605,100.69000244140624,2663.679931640625,45.2400016784668,0.6759999990463257,-0.47,,98.22739
2020-04-07,2.2885000705718994,1473.0,1664.800048828125,15.42199993133545,23.6299991607666,99.9800033569336,2659.409912109375,46.70000076293945,0.7360000014305115,-0.42,,98.22739
2020-04-08,2.2780001163482666,1452.0,1665.4000244140625,15.147000312805176,25.09000015258789,100.12000274658205,2749.97998046875,43.34999847412109,0.7639999985694885,-0.42,,98.22739
2020-04-09,2.2774999141693115,1460.25,1736.199951171875,15.994999885559082,22.76000022888184,99.5199966430664,2789.820068359375,41.66999816894531,0.7289999723434448,-0.5,,98.22739
2020-04-13,2.320499897003174,1460.25,1744.800048828125,15.479000091552734,22.40999984741211,99.3499984741211,2761.6298828125,41.16999816894531,0.7490000128746033,-0.5,,98.22739
2020-04-14,2.3469998836517334,1475.0,1756.699951171875,16.07200050354004,20.11000061035156,98.88999938964844,2846.06005859375,37.7599983215332,0.7519999742507935,-0.53,,98.22739
2020-04-15,2.3125,1475.25,1727.199951171875,15.446999549865724,19.8700008392334,99.45999908447266,2783.360107421875,40.84000015258789,0.6380000114440918,-0.56,,98.22739
2020-04-16,2.304500102996826,1499.5,1720.4000244140625,15.564000129699709,19.8700008392334,100.02999877929688,2799.550048828125,40.11000061035156,0.609000027179718,-0.42,,98.22739
2020-04-17,2.3534998893737797,1502.5,1689.199951171875,15.237000465393066,18.270000457763672,99.77999877929688,2874.56005859375,38.150001525878906,0.6539999842643738,-0.36,,98.22739
2020-04-20,2.3345000743865967,1491.0,1701.5999755859375,15.555999755859377,-37.630001068115234,99.95999908447266,2823.159912109375,43.83000183105469,0.6259999871253967,-0.31,,98.22739
2020-04-21,2.2669999599456787,1484.0,1678.199951171875,14.817999839782717,10.010000228881836,100.26000213623048,2736.56005859375,45.40999984741211,0.5709999799728394,-0.38,,98.22739
2020-04-22,2.317500114440918,1510.0,1728.699951171875,15.277000427246094,13.779999732971191,100.38999938964844,2799.31005859375,41.97999954223633,0.6190000176429749,-0.43,,98.22739
2020-04-23,2.3239998817443848,1501.25,1733.300048828125,15.347999572753906,16.5,100.43000030517578,2797.800048828125,41.380001068115234,0.6129999756813049,-0.44,,98.22739
2020-04-24,2.3480000495910645,1499.5,1723.5,15.253999710083008,16.940000534057617,100.37999725341795,2836.739990234375,35.93000030517578,0.5960000157356262,-0.51,,98.22739
2020-04-27,2.381999969482422,1497.25,1711.9000244140625,15.201000213623049,12.779999732971191,100.04000091552734,2878.47998046875,33.290000915527344,0.656000018119812,-0.5,,98.22739
2020-04-28,2.378999948501587,1492.0,1710.5,15.161999702453612,12.34000015258789,99.87000274658205,2863.389892578125,33.56999969482422,0.6100000143051147,-0.52,,98.22739
2020-04-29,2.374500036239624,1502.5,1703.4000244140625,15.15999984741211,15.0600004196167,99.56999969482422,2939.510009765625,31.229999542236328,0.6269999742507935,-0.51,,98.22739
2020-04-30,2.3540000915527344,1491.25,1684.199951171875,14.89799976348877,18.84000015258789,99.0199966430664,2912.429931640625,34.150001525878906,0.621999979019165,-0.43,,98.22739
2020-05-01,2.31850004196167,1489.5,1694.5,14.86299991607666,19.780000686645508,98.8000030517578,2830.7099609375,37.18999862670898,0.6420000195503235,-0.42,,99.0756
2020-05-04,2.3239998817443848,1479.0,1706.9000244140625,14.722000122070312,20.38999938964844,99.4800033569336,2842.739990234375,35.970001220703125,0.6370000243186951,-0.43,,99.0756
2020-05-05,2.3410000801086426,1482.25,1704.4000244140625,15.057000160217283,24.559999465942383,99.70999908447266,2868.43994140625,33.61000061035156,0.6570000052452087,-0.44,,99.0756
2020-05-06,2.352499961853028,1477.75,1684.199951171875,14.987000465393066,23.989999771118164,100.08999633789062,2848.419921875,34.119998931884766,0.7110000252723694,-0.38,,99.0756
2020-05-07,2.385499954223633,1479.25,1721.800048828125,15.562000274658203,23.549999237060547,99.88999938964844,2881.18994140625,31.440000534057617,0.6309999823570251,-0.45,,99.0756
2020-05-08,2.408499956130981,1479.25,1709.9000244140625,15.739999771118164,24.739999771118164,99.7300033569336,2929.800048828125,27.979999542236328,0.6819999814033508,-0.43,,99.0756
2020-05-11,2.381999969482422,1482.75,1695.300048828125,15.63599967956543,24.13999938964844,100.23999786376952,2930.18994140625,27.56999969482422,0.7260000109672546,-0.4,,99.0756
2020-05-12,2.3605000972747803,1469.75,1704.4000244140625,15.687000274658203,25.780000686645508,99.93000030517578,2870.1201171875,33.040000915527344,0.6779999732971191,-0.4,,99.0756
2020-05-13,2.3489999771118164,1467.5,1713.9000244140625,15.663000106811523,25.290000915527344,100.23999786376952,2820.0,35.279998779296875,0.6489999890327454,-0.43,,99.0756
2020-05-14,2.3510000705718994,1467.5,1738.0999755859375,16.13599967956543,27.559999465942383,100.47000122070312,2852.5,32.61000061035156,0.6190000176429749,-0.43,,99.0756
2020-05-15,2.3334999084472656,1467.5,1753.4000244140625,17.04599952697754,29.43000030517578,100.4000015258789,2863.699951171875,31.88999938964844,0.6399999856948853,-0.45,,99.0756
2020-05-18,2.4049999713897705,1481.25,1731.800048828125,17.464000701904297,31.81999969482422,99.66999816894533,2953.909912109375,29.299999237060547,0.7440000176429749,-0.44,,99.0756
2020-05-19,2.4230000972747803,1478.5,1744.199951171875,17.892000198364258,32.5,99.37000274658205,2922.93994140625,30.530000686645508,0.7110000252723694,-0.45,,99.0756
2020-05-20,2.4674999713897705,1498.75,1750.5999755859375,18.00200080871582,33.4900016784668,99.12000274658205,2971.610107421875,27.989999771118164,0.6800000071525574,-0.48,,99.0756
2020-05-21,2.45199990272522,1506.75,1720.5,17.334999084472656,33.91999816894531,99.37000274658205,2948.510009765625,29.530000686645508,0.6769999861717224,-0.46,,99.0756
2020-05-22,2.4089999198913574,1489.75,1734.5999755859375,17.663999557495117,33.25,99.86000061035156,2955.449951171875,28.15999984741211,0.6570000052452087,-0.46,,99.0756
2020-05-26,2.438499927520752,1502.75,1704.800048828125,17.565000534057617,34.349998474121094,98.91000366210938,2991.77001953125,28.01000022888184,0.6980000138282776,-0.44,,99.0756
2020-05-27,2.4024999141693115,1513.0,1710.300048828125,17.68600082397461,32.810001373291016,99.05999755859376,3036.1298828125,27.6200008392334,0.6800000071525574,-0.46,,99.0756
2020-05-28,2.4130001068115234,1530.75,1713.300048828125,17.895000457763672,33.709999084472656,98.37999725341795,3029.72998046875,28.59000015258789,0.7049999833106995,-0.48,,99.0756
2020-05-29,2.426500082015991,1532.25,1736.9000244140625,18.440000534057617,35.4900016784668,98.33999633789062,3044.31005859375,27.51000022888184,0.6480000019073486,-0.5,,99.0756
2020-06-01,2.4744999408721924,1535.75,1737.800048828125,18.76799964904785,35.439998626708984,97.83000183105467,3055.72998046875,28.229999542236328,0.6620000004768372,-0.52,,99.38327
2020-06-02,2.494499921798706,1557.25,1725.199951171875,18.207000732421875,36.810001373291016,97.66999816894533,3080.820068359375,26.84000015258789,0.6800000071525574,-0.5,,99.38327
2020-06-03,2.496500015258789,1572.5,1697.800048828125,17.92099952697754,37.290000915527344,97.27999877929688,3122.8701171875,25.65999984741211,0.7609999775886536,-0.44,,99.38327
2020-06-04,2.493000030517578,1569.25,1718.9000244140625,18.02400016784668,37.40999984741211,96.68000030517578,3112.35009765625,25.809999465942383,0.8199999928474426,-0.4,,99.38327
2020-06-05,2.556999921798706,1596.75,1676.199951171875,17.44300079345703,39.54999923706055,96.94000244140624,3193.929931640625,24.520000457763672,0.9039999842643738,-0.36,,99.38327
2020-06-08,2.569999933242798,1617.5,1698.300048828125,17.868000030517578,38.18999862670898,96.62000274658205,3232.389892578125,25.809999465942383,0.8840000033378601,-0.4,,99.38327
2020-06-09,2.6005001068115234,1613.0,1714.699951171875,17.77400016784668,38.93999862670898,96.31999969482422,3207.179931640625,27.56999969482422,0.8289999961853027,-0.42,,99.38327
2020-06-10,2.657000064849853,1633.0,1713.300048828125,17.775999069213867,39.59999847412109,95.95999908447266,3190.139892578125,27.56999969482422,0.7480000257492065,-0.52,,99.38327
2020-06-11,2.5864999294281006,1604.0,1732.0,17.868999481201172,36.34000015258789,96.7300033569336,3002.10009765625,40.790000915527344,0.652999997138977,-0.55,,99.38327
2020-06-12,2.6015000343322754,1604.0,1729.300048828125,17.461999893188477,36.2599983215332,97.31999969482422,3041.31005859375,36.09000015258789,0.6990000009536743,-0.5,,99.38327
2020-06-15,2.56850004196167,1572.0,1720.300048828125,17.378999710083008,37.119998931884766,96.68000030517578,3066.590087890625,34.400001525878906,0.7020000219345093,-0.52,,99.38327
2020-06-16,2.565999984741211,1593.5,1729.5999755859375,17.631999969482422,38.380001068115234,96.95999908447266,3124.739990234375,33.66999816894531,0.7559999823570251,-0.52,,99.38327
2020-06-17,2.5920000076293945,1602.25,1729.199951171875,17.756999969482422,37.959999084472656,97.16000366210938,3113.489990234375,33.470001220703125,0.7329999804496765,-0.52,,99.38327
2020-06-18,2.5910000801086426,1607.75,1724.800048828125,17.493000030517578,38.84000015258789,97.41999816894533,3115.340087890625,32.939998626708984,0.6940000057220459,-0.57,,99.38327
2020-06-19,2.615000009536743,1585.5,1745.9000244140625,17.832000732421875,39.75,97.62000274658205,3097.739990234375,35.119998931884766,0.6970000267028809,-0.6,,99.38327
2020-06-22,2.6554999351501465,1595.25,1756.699951171875,17.886999130249023,40.459999084472656,97.04000091552734,3117.860107421875,31.770000457763672,0.7039999961853027,-0.63,,99.38327
2020-06-23,2.6600000858306885,1586.0,1772.0999755859375,18.051000595092773,40.369998931884766,96.69000244140624,3131.2900390625,31.3700008392334,0.7089999914169312,-0.66,,99.38327
2020-06-24,2.650500059127808,1567.25,1765.800048828125,17.658000946044922,38.0099983215332,97.1500015258789,3050.330078125,33.84000015258789,0.6840000152587891,-0.64,,99.38327
2020-06-25,2.6624999046325684,1563.25,1762.0999755859375,17.882999420166016,38.720001220703125,97.43000030517578,3083.760009765625,32.220001220703125,0.6740000247955322,-0.65,,99.38327
2020-06-26,2.671999931335449,1588.5,1772.5,18.02300071716309,38.4900016784668,97.5,3009.050048828125,34.72999954223633,0.6359999775886536,-0.68,,99.38327
2020-06-29,2.679500102996826,1597.75,1774.800048828125,17.979999542236328,39.70000076293945,97.54000091552734,3053.239990234375,31.780000686645508,0.6359999775886536,-0.7,,99.38327
2020-06-30,2.713500022888184,1617.5,1793.0,18.541000366210938,39.27000045776367,97.38999938964844,3100.2900390625,30.43000030517578,0.652999997138977,-0.68,,99.38327
2020-07-01,2.7170000076293945,1619.75,1773.199951171875,18.132999420166016,39.81999969482422,97.1999969482422,3115.860107421875,28.6200008392334,0.6819999814033508,-0.68,,99.47604
2020-07-02,2.7335000038146973,1617.75,1784.0,18.24399948120117,40.650001525878906,97.31999969482422,3130.010009765625,27.68000030517578,0.6690000295639038,-0.73,,99.47604
2020-07-06,2.7660000324249268,1618.25,1788.5,18.503999710083008,40.630001068115234,96.79000091552734,3179.719970703125,27.940000534057617,0.6840000152587891,-0.76,,99.47604
2020-07-07,2.7874999046325684,1609.75,1804.199951171875,18.62800025939941,40.619998931884766,96.87999725341795,3145.320068359375,29.43000030517578,0.6499999761581421,-0.78,,99.47604
2020-07-08,2.814500093460083,1642.5,1815.5,19.08099937438965,40.900001525878906,96.43000030517578,3169.93994140625,28.07999992370605,0.652999997138977,-0.75,,99.47604
2020-07-09,2.828000068664551,1635.75,1799.199951171875,18.881999969482425,39.619998931884766,96.6999969482422,3152.050048828125,29.26000022888184,0.6050000190734863,-0.77,,99.47604
2020-07-10,2.88700008392334,1654.5,1798.199951171875,18.982999801635746,40.54999923706055,96.6500015258789,3185.0400390625,27.290000915527344,0.6330000162124634,-0.76,,99.47604
2020-07-13,2.941999912261963,1653.75,1811.0,19.708999633789062,40.09999847412109,96.45999908447266,3155.219970703125,32.189998626708984,0.6399999856948853,-0.78,,99.47604
2020-07-14,2.9159998893737797,1637.5,1810.5999755859373,19.451000213623047,40.290000915527344,96.26000213623048,3197.52001953125,29.520000457763672,0.6150000095367432,-0.78,,99.47604
2020-07-15,2.870500087738037,1621.25,1811.4000244140625,19.684999465942383,41.20000076293945,96.08000183105467,3226.56005859375,27.76000022888184,0.6299999952316284,-0.77,,99.47604
2020-07-16,2.885999917984009,1629.75,1798.699951171875,19.496999740600582,40.75,96.3499984741211,3215.570068359375,28.0,0.6119999885559082,-0.79,,99.47604
2020-07-17,2.887500047683716,1632.0,1808.300048828125,19.684999465942383,40.59000015258789,95.94000244140624,3224.72998046875,25.68000030517578,0.628000020980835,-0.82,,99.47604
2020-07-20,2.8984999656677246,1635.5,1815.9000244140625,20.124000549316406,40.810001373291016,95.83000183105467,3251.840087890625,24.459999084472656,0.6200000047683716,-0.84,,99.47604
2020-07-21,2.940999984741211,1654.5,1842.4000244140625,21.496999740600582,41.959999084472656,95.12000274658205,3257.300048828125,24.84000015258789,0.6069999933242798,-0.87,,99.47604
2020-07-22,2.908499956130981,1651.75,1864.0999755859373,23.08300018310547,41.900001525878906,94.97000122070312,3276.02001953125,24.31999969482422,0.5950000286102295,-0.88,,99.47604
2020-07-23,2.924499988555908,1661.25,1889.0999755859373,22.94499969482422,41.06999969482422,94.69000244140624,3235.659912109375,26.07999992370605,0.5820000171661377,-0.9,,99.47604
2020-07-24,2.881999969482422,1660.25,1897.300048828125,22.808000564575195,41.290000915527344,94.44000244140624,3215.6298828125,25.84000015258789,0.5889999866485596,-0.92,,99.47604
2020-07-27,2.888000011444092,1668.5,1931.0,24.47599983215332,41.59999847412109,93.66999816894533,3239.409912109375,24.739999771118164,0.609000027179718,-0.9,,99.47604
2020-07-28,2.9049999713897705,1688.75,1944.699951171875,24.266000747680664,41.040000915527344,93.76000213623048,3218.43994140625,25.440000534057617,0.5809999704360962,-0.92,,99.47604
2020-07-29,2.9054999351501465,1688.25,1953.5,24.292999267578125,41.27000045776367,93.26000213623048,3258.43994140625,24.100000381469727,0.5789999961853027,-0.95,,99.47604
2020-07-30,2.9045000076293945,1690.0,1942.300048828125,23.34000015258789,39.91999816894531,93.0199966430664,3246.219970703125,24.76000022888184,0.5410000085830688,-0.97,,99.47604
2020-07-31,2.858999967575073,1693.0,1962.800048828125,24.18899917602539,40.27000045776367,93.48999786376952,3271.1201171875,24.459999084472656,0.5360000133514404,-1.0,,99.47604
2020-08-03,2.907999992370605,1732.5,1966.0,24.38999938964844,41.0099983215332,93.5,3294.610107421875,24.280000686645508,0.5630000233650208,-1.02,,99.53873
2020-08-04,2.88949990272522,1759.5,2001.199951171875,26.011999130249023,41.70000076293945,93.37999725341795,3306.510009765625,23.76000022888184,0.5149999856948853,-1.05,,99.53873
2020-08-05,2.9114999771118164,1752.0,2031.0999755859373,26.87700080871582,42.18999862670898,92.83000183105467,3327.77001953125,22.989999771118164,0.5429999828338623,-1.06,,99.53873
2020-08-06,2.9054999351501465,1759.0,2051.5,28.386999130249023,41.95000076293945,92.79000091552734,3349.159912109375,22.649999618530277,0.5360000133514404,-1.08,,99.53873
2020-08-07,2.7904999256134038,1753.25,2010.0999755859373,27.53300094604492,41.220001220703125,93.44000244140624,3351.280029296875,22.209999084472656,0.5619999766349792,-1.04,,99.53873
2020-08-10,2.8585000038146973,1764.75,2024.4000244140625,29.249000549316406,41.93999862670898,93.58000183105467,3360.469970703125,22.1299991607666,0.5740000009536743,-1.02,,99.53873
2020-08-11,2.871999979019165,1765.75,1932.5999755859373,26.03700065612793,41.61000061035156,93.62999725341795,3333.68994140625,24.030000686645508,0.6579999923706055,-0.99,,99.53873
2020-08-12,2.88700008392334,1761.5,1934.9000244140625,25.95499992370605,42.66999816894531,93.44000244140624,3380.35009765625,22.280000686645508,0.6700000166893005,-0.98,,99.53873
2020-08-13,2.803999900817871,1732.75,1956.699951171875,27.694000244140625,42.2400016784668,93.33999633789062,3373.429931640625,22.1299991607666,0.7160000205039978,-0.96,,99.53873
2020-08-14,2.8559999465942383,1704.75,1937.0,26.065000534057617,42.0099983215332,93.0999984741211,3372.85009765625,22.049999237060547,0.7089999914169312,-0.94,,99.53873
2020-08-17,2.8980000019073486,1721.75,1985.0,27.64299964904785,42.88999938964844,92.8499984741211,3381.989990234375,21.350000381469727,0.6830000281333923,-0.97,,99.53873
2020-08-18,2.970999956130981,1749.0,1999.4000244140625,28.048999786376957,42.88999938964844,92.2699966430664,3389.780029296875,21.51000022888184,0.6690000295639038,-1.01,,99.53873
2020-08-19,3.0190000534057617,1772.75,1958.699951171875,27.315000534057617,42.93000030517578,92.88999938964844,3374.85009765625,22.540000915527344,0.675000011920929,-0.99,,99.53873
2020-08-20,2.970000028610229,1768.75,1933.800048828125,27.121999740600582,42.58000183105469,92.79000091552734,3385.510009765625,22.71999931335449,0.6439999938011169,-0.97,,99.53873
2020-08-21,2.9135000705718994,1746.0,1934.5999755859373,26.707000732421875,42.34000015258789,93.25,3397.159912109375,22.540000915527344,0.6399999856948853,-1.0,,99.53873
2020-08-24,2.922499895095825,1741.0,1927.699951171875,26.58799934387207,42.619998931884766,93.3000030517578,3431.280029296875,22.3700008392334,0.6460000276565552,-1.02,,99.53873
2020-08-25,2.930999994277954,1745.5,1911.800048828125,26.253999710083008,43.34999847412109,93.0199966430664,3443.6201171875,22.030000686645508,0.6819999814033508,-1.01,,99.53873
2020-08-26,2.9595000743865967,1744.75,1940.699951171875,27.43000030517578,43.38999938964844,93.01000213623048,3478.72998046875,23.270000457763672,0.6869999766349792,-1.03,,99.53873
2020-08-27,2.9649999141693115,1746.25,1921.5999755859373,27.01000022888184,43.040000915527344,93.01000213623048,3484.550048828125,24.46999931335449,0.7459999918937683,-0.99,,99.53873
2020-08-28,2.994999885559082,1777.25,1964.5999755859373,27.61000061035156,42.970001220703125,92.37000274658205,3508.010009765625,22.959999084472656,0.7289999723434448,-1.03,,99.53873
2020-08-31,3.0409998893737797,1777.25,1967.5999755859373,28.437000274658203,42.61000061035156,92.13999938964844,3500.31005859375,26.40999984741211,0.6930000185966492,-1.08,,99.53873
2020-09-01,3.009500026702881,1793.0,1968.199951171875,28.48600006103516,42.7599983215332,92.33999633789062,3526.64990234375,26.1200008392334,0.671999990940094,-1.08,,99.69467
2020-09-02,3.003000020980835,1770.25,1934.4000244140625,27.249000549316406,41.5099983215332,92.8499984741211,3580.840087890625,26.56999969482422,0.6510000228881836,-1.07,,99.69467
2020-09-03,2.9579999446868896,1762.5,1927.5999755859373,26.73500061035156,41.369998931884766,92.73999786376952,3455.06005859375,33.599998474121094,0.621999979019165,-1.02,,99.69467
2020-09-04,3.046499967575073,1769.25,1923.9000244140625,26.576000213623047,39.77000045776367,92.72000122070312,3426.9599609375,30.75,0.7210000157356262,-0.98,,99.69467
2020-09-08,3.012500047683716,1781.5,1933.0,26.86400032043457,36.7599983215332,93.4800033569336,3331.840087890625,31.459999084472656,0.6840000152587891,-0.99,,99.69467
2020-09-09,3.039999961853028,1766.0,1944.699951171875,26.95499992370605,38.04999923706055,93.26000213623048,3398.9599609375,28.809999465942383,0.703000009059906,-1.0,,99.69467
2020-09-10,2.986999988555908,1775.5,1954.199951171875,27.163000106811523,37.29999923706055,93.33999633789062,3339.18994140625,29.709999084472656,0.6850000023841858,-1.01,,99.69467
2020-09-11,3.0339999198913574,1764.5,1937.800048828125,26.73900032043457,37.33000183105469,93.33000183105467,3340.969970703125,26.8700008392334,0.6690000295639038,-0.98,,99.69467
2020-09-14,3.066499948501587,1786.5,1953.0999755859373,27.22900009155273,37.2599983215332,93.06999969482422,3383.5400390625,25.850000381469727,0.6710000038146973,-0.97,,99.69467
2020-09-15,3.062999963760376,1773.0,1956.300048828125,27.34600067138672,38.27999877929688,93.0500030517578,3401.199951171875,25.59000015258789,0.6790000200271606,-0.99,,99.69467
2020-09-16,3.058000087738037,1774.25,1960.199951171875,27.354999542236328,40.15999984741211,93.20999908447266,3385.489990234375,26.040000915527344,0.6869999766349792,-0.99,,99.69467
2020-09-17,3.066499948501587,1758.75,1940.0,26.98500061035156,40.970001220703125,92.97000122070312,3357.010009765625,26.459999084472656,0.6840000152587891,-0.97,,99.69467
2020-09-18,3.1135001182556152,1771.75,1952.0999755859373,27.027999877929688,41.11000061035156,92.93000030517578,3319.469970703125,25.82999992370605,0.6940000057220459,-0.97,,99.69467
2020-09-21,3.0295000076293945,1758.5,1901.199951171875,24.298999786376957,39.310001373291016,93.54000091552734,3281.06005859375,27.780000686645508,0.6710000038146973,-0.94,,99.69467
2020-09-22,3.059000015258789,1761.25,1898.5999755859373,24.441999435424805,39.59999847412109,93.98999786376952,3315.570068359375,26.86000061035156,0.6639999747276306,-0.94,,99.69467
2020-09-23,2.993499994277954,1744.75,1859.9000244140625,23.013999938964844,39.93000030517578,94.38999938964844,3236.919921875,28.57999992370605,0.6759999990463257,-0.92,,99.69467
2020-09-24,2.969000101089477,1732.75,1868.300048828125,23.118000030517575,40.310001373291016,94.3499984741211,3246.590087890625,28.51000022888184,0.6660000085830688,-0.91,,99.69467
2020-09-25,2.9730000495910645,1743.75,1857.699951171875,23.017000198364254,40.25,94.58000183105467,3298.4599609375,26.3799991607666,0.6589999794960022,-0.92,,99.69467
2020-09-28,2.989500045776367,1768.75,1872.800048828125,23.527999877929688,40.59999847412109,94.26000213623048,3351.60009765625,26.190000534057617,0.6629999876022339,-0.94,,99.69467
2020-09-29,2.9835000038146973,1786.5,1894.300048828125,24.3799991607666,39.290000915527344,93.88999938964844,3335.469970703125,26.270000457763672,0.6449999809265137,-0.98,,99.69467
2020-09-30,3.0285000801086426,1778.5,1887.5,23.433000564575195,40.220001220703125,93.88999938964844,3363.0,26.3700008392334,0.6769999861717224,-0.94,,99.69467
2020-10-01,2.8635001182556152,1743.0,1908.4000244140625,24.19300079345703,38.720001220703125,93.70999908447266,3380.800048828125,26.700000762939453,0.6769999861717224,-0.95,,99.85688
2020-10-02,2.9784998893737797,1781.0,1900.199951171875,23.97100067138672,37.04999923706055,93.83999633789062,3348.419921875,27.6299991607666,0.6959999799728394,-0.94,,99.85688
2020-10-05,2.9649999141693115,1783.5,1912.5,24.50200080871582,39.220001220703125,93.51000213623048,3408.60009765625,27.959999084472656,0.7620000243186951,-0.9,,99.85688
2020-10-06,2.9655001163482666,1779.0,1901.0999755859373,23.8700008392334,40.66999816894531,93.83000183105467,3360.969970703125,29.479999542236328,0.7419999837875366,-0.9,,99.85688
2020-10-07,3.0344998836517334,1800.5,1883.5999755859373,23.847999572753903,39.95000076293945,93.62999725341795,3419.43994140625,28.059999465942383,0.7850000262260437,-0.9,,99.85688
2020-10-08,3.0420000553131104,1826.5,1888.5999755859373,23.83699989318848,41.18999862670898,93.61000061035156,3446.830078125,26.36000061035156,0.7649999856948853,-0.94,,99.85688
2020-10-09,3.0794999599456787,1870.5,1919.5,25.069000244140625,40.59999847412109,93.05999755859376,3477.139892578125,25.0,0.7749999761581421,-0.94,,99.85688
2020-10-12,3.061000108718872,1875.75,1922.5,25.22599983215332,39.43000030517578,93.06999969482422,3534.219970703125,25.06999969482422,0.7770000100135803,-0.94,,99.85688
2020-10-13,3.0425000190734863,1866.75,1888.5,24.086000442504883,40.20000076293945,93.52999877929688,3511.929931640625,26.06999969482422,0.7269999980926514,-0.96,,99.85688
2020-10-14,3.047499895095825,1859.75,1901.300048828125,24.36400032043457,41.040000915527344,93.37999725341795,3488.669921875,26.399999618530277,0.722000002861023,-0.96,,99.85688
2020-10-15,3.0829999446868896,1861.5,1903.199951171875,24.19300079345703,40.959999084472656,93.86000061035156,3483.340087890625,26.96999931335449,0.7310000061988831,-0.95,,99.85688
2020-10-16,3.065000057220459,1871.75,1900.800048828125,24.36899948120117,40.880001068115234,93.68000030517578,3483.81005859375,27.40999984741211,0.7440000176429749,-0.95,,99.85688
2020-10-19,3.0810000896453857,1858.0,1906.4000244140625,24.65699958801269,40.83000183105469,93.43000030517578,3426.919921875,29.18000030517578,0.7609999775886536,-0.93,,99.85688
2020-10-20,3.1435000896453857,1841.0,1910.4000244140625,24.937000274658203,41.459999084472656,93.06999969482422,3443.1201171875,29.350000381469727,0.796999990940094,-0.91,,99.85688
2020-10-21,3.194499969482422,1851.5,1924.5999755859373,25.19700050354004,40.02999877929688,92.61000061035156,3435.56005859375,28.649999618530277,0.8159999847412109,-0.91,,99.85688
2020-10-22,3.150000095367432,1845.25,1901.0999755859373,24.665000915527344,40.63999938964844,92.9499969482422,3453.489990234375,28.11000061035156,0.8479999899864197,-0.89,,99.85688
2020-10-23,3.125499963760376,1845.5,1902.0,24.62700080871582,39.84999847412109,92.7699966430664,3465.389892578125,27.549999237060547,0.8410000205039978,-0.9,,99.85688
2020-10-26,3.088500022888184,1831.25,1902.699951171875,24.375999450683597,38.560001373291016,93.0500030517578,3400.969970703125,32.459999084472656,0.8009999990463257,-0.91,,99.85688
2020-10-27,3.0899999141693115,1825.0,1908.800048828125,24.525999069213867,39.56999969482422,92.94000244140624,3390.679931640625,33.349998474121094,0.777999997138977,-0.92,,99.85688
2020-10-28,3.056999921798706,1811.5,1876.199951171875,23.323999404907227,37.38999938964844,93.41000366210938,3271.030029296875,40.27999877929688,0.781000018119812,-0.91,,99.85688
2020-10-29,3.052000045776367,1801.25,1865.5999755859373,23.339000701904297,36.16999816894531,93.95999908447266,3310.110107421875,37.59000015258789,0.8349999785423279,-0.86,,99.85688
2020-10-30,3.0434999465942383,1830.25,1877.4000244140625,23.617000579833984,35.790000915527344,94.04000091552734,3269.9599609375,38.02000045776367,0.8600000143051147,-0.82,,99.85688
2020-11-02,3.073499917984009,1873.25,1890.4000244140625,24.006000518798828,36.810001373291016,94.0500030517578,3310.239990234375,37.130001068115234,0.8489999771118164,-0.84,,100.0022
2020-11-03,3.086999893188477,1901.75,1908.5,24.30500030517578,37.65999984741211,93.5500030517578,3369.159912109375,35.54999923706055,0.8820000290870667,-0.82,,100.0022
2020-11-04,3.1010000705718994,1908.75,1894.5999755859373,23.86400032043457,39.150001525878906,93.41000366210938,3443.43994140625,29.56999969482422,0.7680000066757202,-0.86,,100.0022
2020-11-05,3.1045000553131104,1895.5,1945.300048828125,25.17099952697754,38.790000915527344,92.52999877929688,3510.449951171875,27.57999992370605,0.7760000228881836,-0.87,,100.0022
2020-11-06,3.1489999294281006,1905.25,1950.300048828125,25.645999908447266,37.13999938964844,92.2300033569336,3509.43994140625,24.86000061035156,0.8199999928474426,-0.82,,100.0022
2020-11-09,3.15149998664856,1900.25,1853.199951171875,23.684999465942383,40.290000915527344,92.7300033569336,3550.5,25.75,0.9580000042915344,-0.77,,100.0022
2020-11-10,3.150500059127808,1905.5,1875.4000244140625,24.44599914550781,41.36000061035156,92.75,3545.530029296875,24.799999237060547,0.972000002861023,-0.78,,100.0022
2020-11-11,3.128999948501587,1909.75,1860.699951171875,24.250999450683597,41.45000076293945,93.04000091552734,3572.659912109375,23.450000762939453,0.9580000042915344,-0.78,,100.0022
2020-11-12,3.1429998874664307,1916.5,1872.5999755859373,24.290000915527344,41.119998931884766,92.95999908447266,3537.010009765625,25.350000381469727,0.8849999904632568,-0.83,,100.0022
2020-11-13,3.17549991607666,1922.5,1885.699951171875,24.75900077819824,40.130001068115234,92.76000213623048,3585.14990234375,23.100000381469727,0.8930000066757202,-0.83,,100.0022
2020-11-16,3.220000028610229,1945.75,1887.300048828125,24.785999298095703,41.34000015258789,92.56999969482422,3626.909912109375,22.450000762939453,0.906000018119812,-0.81,,100.0022
2020-11-17,3.196500062942505,1967.5,1884.5,24.63500022888184,41.43000030517578,92.41999816894533,3609.530029296875,22.709999084472656,0.871999979019165,-0.83,,100.0022
2020-11-18,3.197999954223633,1984.25,1873.5,24.433000564575195,41.81999969482422,92.31999969482422,3567.7900390625,23.84000015258789,0.8820000290870667,-0.82,,100.0022
2020-11-19,3.2035000324249268,1971.0,1861.0999755859373,24.03300094604492,41.7400016784668,92.29000091552734,3581.8701171875,23.11000061035156,0.8539999723434448,-0.84,,100.0022
2020-11-20,3.2934999465942383,1971.75,1872.5999755859373,24.347999572753903,42.150001525878906,92.38999938964844,3557.5400390625,23.700000762939453,0.8289999961853027,-0.86,,100.0022
2020-11-23,3.259500026702881,1947.5,1837.800048828125,23.624000549316406,43.060001373291016,92.51000213623048,3577.590087890625,22.65999984741211,0.8569999933242798,-0.85,,100.0022
2020-11-24,3.299999952316284,1960.0,1804.800048828125,23.29199981689453,44.90999984741211,92.2300033569336,3635.409912109375,21.63999938964844,0.8820000290870667,-0.86,,100.0022
2020-11-25,3.312000036239624,1948.75,1805.699951171875,23.356000900268555,45.709999084472656,91.98999786376952,3629.64990234375,21.25,0.878000020980835,-0.87,,100.0022
2020-11-27,3.399499893188477,1977.75,1781.9000244140625,22.55299949645996,45.52999877929688,91.79000091552734,3638.35009765625,20.84000015258789,0.8420000076293945,-0.91,,100.0022
2020-11-30,3.4205000400543213,2029.75,1775.699951171875,22.53400039672852,45.34000015258789,91.87000274658205,3621.6298828125,20.56999969482422,0.843999981880188,-0.93,,100.0022
2020-12-01,3.4679999351501465,2052.75,1814.0999755859373,24.03300094604492,44.54999923706055,91.30999755859376,3662.449951171875,20.770000457763672,0.9340000152587892,-0.89,,99.92294
2020-12-02,3.4749999046325684,2058.5,1825.699951171875,24.024999618530277,45.27999877929688,91.12000274658205,3669.010009765625,21.170000076293945,0.9480000138282776,-0.9,,99.92294
2020-12-03,3.4790000915527344,2023.75,1836.800048828125,24.08699989318848,45.63999938964844,90.70999908447266,3666.719970703125,21.280000686645508,0.9200000166893004,-0.94,,99.92294
2020-12-04,3.513999938964844,2043.5,1835.9000244140625,24.202999114990234,46.2599983215332,90.6999969482422,3699.1201171875,20.790000915527344,0.968999981880188,-0.92,,99.92294
2020-12-07,3.508500099182129,2017.75,1861.800048828125,24.74099922180176,45.7599983215332,90.79000091552734,3691.9599609375,21.299999237060547,0.9279999732971193,-0.94,,99.92294
2020-12-08,3.49399995803833,1991.75,1870.800048828125,24.68400001525879,45.59999847412109,90.97000122070312,3702.25,20.68000030517578,0.912999987602234,-0.97,,99.92294
2020-12-09,3.507999897003174,2038.25,1834.5999755859373,23.93000030517578,45.52000045776367,91.08999633789062,3672.820068359375,22.270000457763672,0.9409999847412108,-0.96,,99.92294
2020-12-10,3.570499897003174,2054.75,1833.5999755859373,24.0310001373291,46.77999877929688,90.79000091552734,3668.10009765625,22.520000457763672,0.9079999923706056,-0.96,,99.92294
2020-12-11,3.5239999294281006,2018.0,1839.800048828125,24.03199958801269,46.56999969482422,90.9800033569336,3663.4599609375,23.309999465942383,0.8930000066757202,-0.97,,99.92294
2020-12-14,3.5220000743865967,2050.0,1828.699951171875,23.98500061035156,46.9900016784668,90.70999908447266,3647.489990234375,24.71999931335449,0.8920000195503235,-0.98,,99.92294
2020-12-15,3.5380001068115234,2025.0,1852.300048828125,24.58099937438965,47.619998931884766,90.47000122070312,3694.6201171875,22.88999938964844,0.9229999780654908,-0.99,,99.92294
2020-12-16,3.553999900817871,2044.25,1856.0999755859373,24.98500061035156,47.81999969482422,90.4499969482422,3701.169921875,22.5,0.9200000166893004,-1.0,,99.92294
2020-12-17,3.5969998836517334,2061.0,1887.199951171875,26.100000381469727,48.36000061035156,89.81999969482422,3722.47998046875,21.93000030517578,0.9300000071525574,-1.0,,99.92294
2020-12-18,3.628499984741211,2071.25,1885.699951171875,25.948999404907227,49.09999847412109,90.0199966430664,3709.409912109375,21.56999969482422,0.9480000138282776,-1.0,,99.92294
2020-12-21,3.572999954223633,2035.25,1879.199951171875,26.277999877929688,47.7400016784668,90.04000091552734,3694.919921875,25.15999984741211,0.9409999847412108,-1.0,,99.92294
2020-12-22,3.5179998874664307,2007.5,1866.5999755859373,25.43400001525879,47.02000045776367,90.6500015258789,3687.260009765625,24.229999542236328,0.9179999828338624,-1.01,,99.92294
2020-12-23,3.552000045776367,2022.75,1874.699951171875,25.823999404907227,48.119998931884766,90.41000366210938,3690.010009765625,23.309999465942383,0.9549999833106996,-1.01,,99.92294
2020-12-24,3.559999942779541,2022.75,1879.9000244140625,25.81100082397461,48.22999954223633,90.33000183105467,3703.06005859375,21.530000686645508,0.9279999732971193,-1.03,,99.92294
2020-12-28,3.569999933242798,2022.75,1877.199951171875,26.459999084472656,47.619998931884766,90.33999633789062,3735.360107421875,21.700000762939453,0.9330000281333924,-1.03,,99.92294
2020-12-29,3.552999973297119,2002.25,1879.699951171875,26.13800048828125,48.0,90.01000213623047,3727.0400390625,23.07999992370605,0.9350000023841858,-1.02,,99.92294
2020-12-30,3.5429999828338623,2024.5,1891.0,26.488000869750977,48.400001525878906,89.62999725341797,3732.0400390625,22.770000457763672,0.9259999990463256,-1.03,,99.92294
2020-12-31,3.513999938964844,1990.0,1893.0999755859373,26.332000732421875,48.52000045776367,89.94000244140625,3756.070068359375,22.75,0.9169999957084656,-1.06,,99.92294
2021-01-04,3.552999973297119,2023.25,1944.699951171875,27.28400039672852,47.619998931884766,89.87999725341797,3700.64990234375,26.96999931335449,0.9169999957084656,-1.08,,99.6838
2021-01-05,3.640500068664551,2050.0,1952.699951171875,27.57099914550781,49.93000030517578,89.44000244140625,3726.860107421875,25.34000015258789,0.9549999833106996,-1.07,,99.6838
2021-01-06,3.650000095367432,2038.0,1906.9000244140625,26.972999572753903,50.630001068115234,89.52999877929688,3748.139892578125,25.06999969482422,1.0420000553131104,-1.02,,99.6838
2021-01-07,3.695499897003174,2039.25,1912.300048828125,27.200000762939453,50.83000183105469,89.83000183105469,3803.7900390625,22.3700008392334,1.0709999799728394,-1.01,,99.6838
2021-01-08,3.673500061035156,2022.25,1834.0999755859373,24.582000732421875,52.2400016784668,90.0999984741211,3824.679931640625,21.559999465942383,1.1050000190734863,-0.93,,99.6838
2021-01-11,3.563999891281128,2000.75,1849.5999755859373,25.23900032043457,52.25,90.54000091552734,3799.610107421875,24.07999992370605,1.131999969482422,-0.91,,99.6838
2021-01-12,3.6050000190734863,2015.5,1842.9000244140625,25.38400077819824,53.209999084472656,90.05000305175781,3801.18994140625,23.32999992370605,1.1380000114440918,-0.93,,99.6838
2021-01-13,3.617000102996826,2007.5,1853.5999755859373,25.520000457763672,52.90999984741211,90.31999969482422,3809.840087890625,22.209999084472656,1.0880000591278076,-0.96,,99.6838
2021-01-14,3.6679999828338623,1997.75,1850.300048828125,25.746000289916992,53.56999969482422,90.23999786376952,3795.5400390625,23.25,1.128999948501587,-0.94,,99.6838
2021-01-15,3.6029999256134033,1973.25,1829.300048828125,24.825000762939453,52.36000061035156,90.77999877929688,3768.25,24.34000015258789,1.097000002861023,-0.99,,99.6838
2021-01-19,3.635999917984009,1953.25,1839.5,25.27899932861328,52.97999954223633,90.5,3798.909912109375,23.239999771118164,1.0920000076293943,-1.0,,99.6838
2021-01-20,3.6475000381469727,1929.5,1865.9000244140625,25.733999252319336,53.2400016784668,90.47000122070312,3851.85009765625,21.57999992370605,1.090000033378601,-1.02,,99.6838
2021-01-21,3.6554999351501465,2000.25,1865.300048828125,25.82200050354004,53.130001068115234,90.12999725341795,3853.070068359375,21.31999969482422,1.1089999675750732,-0.98,,99.6838
2021-01-22,3.635499954223633,1993.5,1855.699951171875,25.52400016784668,52.27000045776367,90.23999786376952,3841.469970703125,21.90999984741211,1.090999960899353,-0.99,,99.6838
2021-01-25,3.640500068664551,2015.5,1854.9000244140625,25.45499992370605,52.77000045776367,90.38999938964844,3855.360107421875,23.190000534057617,1.0399999618530271,-1.03,,99.6838
2021-01-26,3.628000020980835,2020.25,1850.699951171875,25.52899932861328,52.61000061035156,90.16999816894533,3849.6201171875,23.020000457763672,1.0399999618530271,-1.03,,99.6838
2021-01-27,3.571500062942505,1996.25,1844.9000244140625,25.375999450683597,52.84999847412109,90.6500015258789,3750.77001953125,37.209999084472656,1.0140000581741333,-1.04,,99.6838
2021-01-28,3.5829999446868896,1984.75,1837.9000244140625,25.90900039672852,52.34000015258789,90.45999908447266,3787.3798828125,30.209999084472656,1.0570000410079956,-1.06,,99.6838
2021-01-29,3.573499917984009,1982.0,1847.300048828125,26.899999618530277,52.20000076293945,90.58000183105467,3714.239990234375,33.09000015258789,1.093000054359436,-1.02,,99.6838
2021-02-01,3.562000036239624,1963.0,1860.800048828125,29.39800071716309,53.54999923706055,91.0199966430664,3773.860107421875,30.239999771118164,1.0770000219345093,-1.02,,99.52886
2021-02-02,3.5390000343322754,1966.5,1830.5,26.38400077819824,54.7599983215332,91.1999969482422,3826.31005859375,25.559999465942383,1.1050000190734863,-1.03,,99.52886
2021-02-03,3.5785000324249268,1973.25,1832.199951171875,26.87800025939941,55.68999862670898,91.12000274658205,3830.169921875,22.90999984741211,1.13100004196167,-1.04,,99.52886
2021-02-04,3.565999984741211,1994.0,1788.9000244140625,26.222999572753903,56.22999954223633,91.52999877929688,3871.739990234375,21.770000457763672,1.1390000581741333,-1.02,,99.52886
2021-02-05,3.638999938964844,2018.75,1810.9000244140625,27.013999938964844,56.84999847412109,91.04000091552734,3886.830078125,20.8700008392334,1.1699999570846558,-1.02,,99.52886
2021-02-08,3.678999900817871,2035.5,1831.9000244140625,27.56999969482422,57.970001220703125,90.93000030517578,3915.590087890625,21.239999771118164,1.159999966621399,-1.03,,99.52886
2021-02-09,3.733500003814697,2063.5,1835.300048828125,27.395999908447266,58.36000061035156,90.44000244140624,3911.22998046875,21.6299991607666,1.156999945640564,-1.04,,99.52886
2021-02-10,3.785500049591065,2080.75,1840.5999755859373,27.073999404907227,58.68000030517578,90.37000274658205,3909.8798828125,21.989999771118164,1.1330000162124634,-1.06,,99.52886
2021-02-11,3.787499904632568,2084.0,1824.9000244140625,27.04199981689453,58.2400016784668,90.41999816894533,3916.3798828125,21.25,1.1579999923706057,-1.04,,99.52886
2021-02-12,3.802000045776367,2091.75,1821.5999755859373,27.322999954223636,59.470001220703125,90.4800033569336,3934.830078125,19.96999931335449,1.2000000476837158,-1.01,,99.52886
2021-02-16,3.848000049591065,2083.0,1797.199951171875,27.319000244140625,60.04999923706055,90.51000213623048,3932.590087890625,21.459999084472656,1.2990000247955322,-0.94,,99.52886
2021-02-17,3.8359999656677246,2116.25,1771.0999755859375,27.31399917602539,61.13999938964844,90.9499969482422,3931.330078125,21.5,1.3009999990463257,-0.92,,99.52886
2021-02-18,3.9165000915527344,2141.5,1773.4000244140625,27.07699966430664,60.52000045776367,90.58999633789062,3913.969970703125,22.489999771118164,1.2869999408721924,-0.87,,99.52886
2021-02-19,4.090000152587891,2132.0,1775.800048828125,27.25200080871582,59.2400016784668,90.36000061035156,3906.7099609375,22.049999237060547,1.3450000286102295,-0.8,,99.52886
2021-02-22,4.152500152587891,2167.0,1806.699951171875,28.08300018310547,61.4900016784668,90.01000213623047,3876.5,23.450000762939453,1.3700000047683716,-0.79,,99.52886
2021-02-23,4.1875,2156.25,1804.4000244140625,27.68600082397461,61.66999816894531,90.16999816894533,3881.3701171875,23.11000061035156,1.3619999885559082,-0.79,,99.52886
2021-02-24,4.301000118255615,2189.75,1796.4000244140625,27.85700035095215,63.220001220703125,90.18000030517578,3925.429931640625,21.34000015258789,1.3890000581741333,-0.79,,99.52886
2021-02-25,4.265999794006348,2253.25,1774.4000244140625,27.636999130249023,63.52999877929688,90.12999725341795,3829.340087890625,28.88999938964844,1.5180000066757202,-0.6,,99.52886
2021-02-26,4.0945000648498535,2182.5,1728.0999755859375,26.402000427246094,61.5,90.93000030517578,3811.14990234375,27.950000762939453,1.4600000381469729,-0.71,,99.52886
2021-03-01,4.119500160217285,2146.25,1722.5,26.64699935913086,60.63999938964844,91.04000091552734,3901.820068359375,23.350000381469727,1.4459999799728394,-0.71,,99.60488
2021-03-02,4.231500148773193,2231.25,1733.0999755859375,26.850000381469727,59.75,90.79000091552734,3870.2900390625,24.100000381469727,1.4149999618530271,-0.78,,99.60488
2021-03-03,4.152999877929688,2221.0,1715.300048828125,26.35700035095215,61.27999877929688,90.9499969482422,3819.719970703125,26.670000076293945,1.4700000286102295,-0.74,,99.60488
2021-03-04,3.990999937057495,2186.0,1700.199951171875,25.43400001525879,63.83000183105469,91.62999725341795,3768.469970703125,28.56999969482422,1.5499999523162842,-0.66,,99.60488
2021-03-05,4.086999893188477,2194.75,1698.0,25.256999969482425,66.08999633789062,91.9800033569336,3841.93994140625,24.65999984741211,1.5540000200271606,-0.66,,99.60488
2021-03-08,4.103499889373779,2190.5,1677.699951171875,25.239999771118164,65.05000305175781,92.30999755859376,3821.35009765625,25.46999931335449,1.5959999561309814,-0.62,,99.60488
2021-03-09,4.019499778747559,2185.0,1716.5999755859375,26.14800071716309,64.01000213623047,91.95999908447266,3875.43994140625,24.030000686645508,1.5460000038146973,-0.66,,99.60488
2021-03-10,4.041999816894531,2187.25,1721.5,26.101999282836918,64.44000244140625,91.79000091552734,3898.81005859375,22.559999465942383,1.5199999809265137,-0.73,,99.60488
2021-03-11,4.14300012588501,2195.75,1722.300048828125,26.16200065612793,66.0199966430664,91.41999816894533,3939.340087890625,21.90999984741211,1.5269999504089355,-0.74,,99.60488
2021-03-12,4.145500183105469,2187.5,1719.5,25.8799991607666,65.61000061035156,91.68000030517578,3943.340087890625,20.690000534057617,1.6349999904632568,-0.62,,99.60488
2021-03-15,4.146500110626221,2233.5,1728.9000244140625,26.25300025939941,65.38999938964844,91.83000183105467,3968.93994140625,20.030000686645508,1.6069999933242798,-0.65,,99.60488
2021-03-16,4.078999996185303,2211.5,1730.5999755859375,25.974000930786133,64.80000305175781,91.87000274658205,3962.7099609375,19.790000915527344,1.621000051498413,-0.68,,99.60488
2021-03-17,4.127999782562256,2249.5,1726.800048828125,26.030000686645508,64.5999984741211,91.4000015258789,3974.1201171875,19.229999542236328,1.6410000324249268,-0.67,,99.60488
2021-03-18,4.117000102996826,2232.5,1732.199951171875,26.32099914550781,60.0,91.8499984741211,3915.4599609375,21.57999992370605,1.7300000190734863,-0.56,,99.60488
2021-03-19,4.123499870300293,2256.25,1741.4000244140625,26.29199981689453,61.41999816894531,91.91999816894533,3913.10009765625,20.950000762939453,1.7319999933242798,-0.57,,99.60488
2021-03-22,4.14900016784668,2283.5,1737.800048828125,25.74099922180176,61.54999923706055,91.8000030517578,3940.590087890625,18.8799991607666,1.684000015258789,-0.64,,99.60488
2021-03-23,4.0879998207092285,2240.0,1724.699951171875,25.200000762939453,57.7599983215332,92.33999633789062,3910.52001953125,20.299999237060547,1.6380000114440918,-0.66,,99.60488
2021-03-24,4.071499824523926,2248.5,1732.9000244140625,25.201000213623047,61.18000030517578,92.52999877929688,3889.139892578125,21.200000762939453,1.6139999628067017,-0.69,,99.60488
2021-03-25,3.984999895095825,2247.25,1724.9000244140625,25.02199935913086,58.560001373291016,92.87999725341795,3909.52001953125,19.809999465942383,1.6139999628067017,-0.69,,99.60488
2021-03-26,4.078499794006348,2295.75,1732.199951171875,25.09199905395508,60.970001220703125,92.7699966430664,3974.5400390625,18.86000061035156,1.659999966621399,-0.67,,99.60488
2021-03-29,4.043000221252441,2277.75,1712.0999755859375,24.746999740600582,61.560001373291016,92.94000244140624,3971.090087890625,20.739999771118164,1.7209999561309814,-0.63,,99.60488
2021-03-30,3.983000040054321,2237.25,1683.9000244140625,24.121000289916992,60.54999923706055,93.3000030517578,3958.550048828125,19.61000061035156,1.72599995136261,-0.62,,99.60488
2021-03-31,4.002999782562256,2215.0,1713.800048828125,24.517000198364254,59.15999984741211,93.2300033569336,3972.889892578125,19.399999618530277,1.746000051498413,-0.63,,99.60488
2021-04-01,4.003499984741211,2234.5,1726.5,24.934999465942383,61.45000076293945,92.93000030517578,4019.8701171875,17.329999923706055,1.6790000200271606,-0.66,,99.51425
2021-04-05,4.14900016784668,2234.5,1727.0,24.76300048828125,58.650001525878906,92.5999984741211,4077.909912109375,17.90999984741211,1.7200000286102295,-0.62,,99.51425
2021-04-06,4.126500129699707,2273.75,1741.5,25.21199989318848,59.33000183105469,92.33999633789062,4073.93994140625,18.1200008392334,1.656000018119812,-0.65,,99.51425
2021-04-07,4.064000129699707,2266.25,1740.0999755859375,25.232999801635746,59.77000045776367,92.45999908447266,4079.949951171875,17.15999984741211,1.652999997138977,-0.66,,99.51425
2021-04-08,4.103499889373779,2290.5,1756.800048828125,25.569000244140625,59.59999847412109,92.05999755859376,4097.169921875,16.950000762939453,1.631999969482422,-0.69,,99.51425
2021-04-09,4.05049991607666,2266.75,1743.300048828125,25.31100082397461,59.31999969482422,92.16000366210938,4128.7998046875,16.690000534057617,1.6660000085830688,-0.64,,99.51425
2021-04-12,4.03000020980835,2270.0,1731.199951171875,24.85300064086914,59.70000076293945,92.13999938964844,4127.990234375,16.90999984741211,1.6749999523162842,-0.64,,99.51425
2021-04-13,4.043000221252441,2304.5,1746.199951171875,25.41699981689453,60.18000030517578,91.8499984741211,4141.58984375,16.649999618530273,1.6230000257492063,-0.69,,99.51425
2021-04-14,4.139999866485596,2336.5,1734.9000244140625,25.51499938964844,63.150001525878906,91.69000244140624,4124.66015625,16.989999771118164,1.6380000114440918,-0.69,,99.51425
2021-04-15,4.230500221252441,2347.25,1765.4000244140625,25.95599937438965,63.459999084472656,91.66999816894533,4170.419921875,16.56999969482422,1.5299999713897705,-0.77,,99.51425
2021-04-16,4.179999828338623,2327.5,1779.0,26.099000930786133,63.130001068115234,91.55999755859376,4185.47021484375,16.25,1.5729999542236328,-0.77,,99.51425
2021-04-19,4.25,2340.75,1769.4000244140625,25.83099937438965,63.380001068115234,91.06999969482422,4163.259765625,17.290000915527344,1.60099995136261,-0.73,,99.51425
2021-04-20,4.223999977111816,2320.25,1777.300048828125,25.834999084472656,62.43999862670898,91.23999786376952,4134.93994140625,18.68000030517578,1.562000036239624,-0.74,,99.51425
2021-04-21,4.286499977111816,2377.25,1792.300048828125,26.565000534057617,61.34999847412109,91.16000366210938,4173.419921875,17.5,1.5640000104904177,-0.76,,99.51425
2021-04-22,4.2804999351501465,2368.0,1781.199951171875,26.173999786376957,61.43000030517578,91.33000183105467,4134.97998046875,18.709999084472656,1.5540000200271606,-0.76,,99.51425
2021-04-23,4.3429999351501465,2372.5,1777.0,26.07699966430664,62.13999938964844,90.86000061035156,4180.169921875,17.329999923706055,1.5670000314712524,-0.76,,99.51425
2021-04-26,4.447999954223633,2406.25,1779.199951171875,26.211000442504883,61.90999984741211,90.80999755859376,4187.6201171875,17.639999389648438,1.5700000524520874,-0.78,,99.51425
2021-04-27,4.743000030517578,2398.0,1778.0,26.41200065612793,62.93999862670898,90.91000366210938,4186.72021484375,17.559999465942383,1.621999979019165,-0.76,,99.51425
2021-04-28,4.537000179290772,2397.0,1773.199951171875,26.08099937438965,63.86000061035156,90.61000061035156,4183.18017578125,17.280000686645508,1.6200000047683716,-0.78,,99.51425
2021-04-29,4.493000030517578,2419.0,1768.0999755859375,26.05299949645996,65.01000213623047,90.61000061035156,4211.47021484375,17.610000610351562,1.6399999856948853,-0.77,,99.51425
2021-04-30,4.479000091552734,2413.0,1767.300048828125,25.85300064086914,63.58000183105469,91.27999877929688,4181.169921875,18.61000061035156,1.63100004196167,-0.76,,99.51425
2021-05-03,4.543000221252441,2413.0,1791.4000244140625,26.94300079345703,64.48999786376953,90.9499969482422,4192.66015625,18.309999465942383,1.6069999933242798,-0.79,,99.35693
2021-05-04,4.535999774932861,2436.0,1775.800048828125,26.53899955749512,65.69000244140625,91.29000091552734,4164.66015625,19.479999542236328,1.5920000076293943,-0.81,,99.35693
2021-05-05,4.539000034332275,2456.75,1784.0999755859375,26.50200080871582,65.62999725341797,91.30999755859376,4167.58984375,19.149999618530277,1.5839999914169312,-0.88,,99.35693
2021-05-06,4.61899995803833,2504.75,1815.5,27.46199989318848,64.70999908447266,90.9499969482422,4201.6201171875,18.38999938964844,1.5609999895095823,-0.87,,99.35693
2021-05-07,4.765999794006348,2555.25,1831.0999755859373,27.46199989318848,64.9000015258789,90.2300033569336,4232.60009765625,16.690000534057617,1.5770000219345093,-0.89,,99.35693
2021-05-10,4.733500003814697,2549.0,1837.5,27.47900009155273,64.91999816894531,90.20999908447266,4188.43017578125,19.65999984741211,1.6019999980926514,-0.91,,99.35693
2021-05-11,4.778500080108643,2542.75,1835.9000244140625,27.65699958801269,65.27999877929688,90.13999938964844,4152.10009765625,21.84000015258789,1.6239999532699585,-0.89,,99.35693
2021-05-12,4.752500057220459,2513.75,1822.5999755859373,27.231000900268555,66.08000183105469,90.70999908447266,4063.0400390625,27.59000015258789,1.6950000524520874,-0.85,,99.35693
2021-05-13,4.70550012588501,2474.5,1823.800048828125,27.04400062561035,63.81999969482422,90.75,4112.5,23.1299991607666,1.6679999828338623,-0.85,,99.35693
2021-05-14,4.664000034332275,2475.75,1837.9000244140625,27.35300064086914,65.37000274658203,90.31999969482422,4173.85009765625,18.809999465942383,1.6349999904632568,-0.88,,99.35693
2021-05-17,4.721499919891357,2525.75,1867.5,28.26000022888184,66.2699966430664,90.22000122070312,4163.2900390625,19.71999931335449,1.6399999856948853,-0.9,,99.35693
2021-05-18,4.735499858856201,2499.75,1867.800048828125,28.31399917602539,65.48999786376953,89.75,4127.830078125,21.34000015258789,1.6419999599456787,-0.88,,99.35693
2021-05-19,4.589499950408936,2434.75,1881.300048828125,28.007999420166016,63.36000061035156,90.19000244140624,4115.68017578125,22.18000030517578,1.6829999685287476,-0.8,,99.35693
2021-05-20,4.581999778747559,2424.5,1881.800048828125,28.052000045776367,62.04999923706055,89.80999755859375,4159.1201171875,20.670000076293945,1.633999943733215,-0.78,,99.35693
2021-05-21,4.495999813079834,2388.5,1876.699951171875,27.472999572753903,63.58000183105469,90.0199966430664,4155.85986328125,20.149999618530277,1.631999969482422,-0.8,,99.35693
2021-05-24,4.541500091552734,2406.5,1884.5999755859373,27.886999130249023,66.05000305175781,89.83000183105469,4197.0498046875,18.399999618530277,1.6080000400543213,-0.83,,99.35693
2021-05-25,4.521999835968018,2393.5,1898.0999755859373,28.03700065612793,66.06999969482422,89.63999938964844,4188.1298828125,18.84000015258789,1.5640000104904177,-0.86,,99.35693
2021-05-26,4.5329999923706055,2424.5,1901.300048828125,27.85300064086914,66.20999908447266,90.04000091552734,4195.990234375,17.360000610351562,1.5740000009536743,-0.82,,99.35693
2021-05-27,4.666500091552734,2501.25,1895.699951171875,27.91900062561035,66.8499984741211,89.97000122070312,4200.8798828125,16.739999771118164,1.6100000143051147,-0.81,,99.35693
2021-05-28,4.682499885559082,2519.5,1902.5,27.993000030517575,66.31999969482422,90.02999877929688,4204.10986328125,16.760000228881836,1.5809999704360962,-0.84,,99.35693
2021-06-01,4.662000179290772,2493.0,1902.9000244140625,28.08300018310547,67.72000122070312,89.83000183105469,4202.0400390625,17.899999618530273,1.6150000095367432,-0.84,,99.1331
2021-06-02,4.599999904632568,2465.25,1907.5,28.18600082397461,68.83000183105469,89.9000015258789,4208.1201171875,17.479999542236328,1.590999960899353,-0.85,,99.1331
2021-06-03,4.471499919891357,2427.75,1871.199951171875,27.459999084472656,68.80999755859375,90.5,4192.85009765625,18.040000915527344,1.625,-0.79,,99.1331
2021-06-04,4.537499904632568,2478.25,1889.800048828125,27.878999710083008,69.62000274658203,90.13999938964844,4229.89013671875,16.420000076293945,1.559999942779541,-0.84,,99.1331
2021-06-07,4.534999847412109,2452.75,1896.800048828125,28.000999450683597,69.2300033569336,89.94999694824219,4226.52001953125,16.420000076293945,1.569000005722046,-0.82,,99.1331
2021-06-08,4.563000202178955,2470.75,1892.199951171875,27.71500015258789,70.05000305175781,90.08000183105467,4227.259765625,17.06999969482422,1.527999997138977,-0.83,,99.1331
2021-06-09,4.536499977111816,2475.25,1893.199951171875,27.98500061035156,69.95999908447266,90.12000274658205,4219.5498046875,17.889999389648438,1.4889999628067017,-0.82,,99.1331
2021-06-10,4.489999771118164,2500.75,1894.199951171875,28.01499938964844,70.29000091552734,90.08000183105467,4239.18017578125,16.100000381469727,1.4589999914169312,-0.9,,99.1331
2021-06-11,4.541500091552734,2488.75,1877.4000244140625,28.131000518798828,70.91000366210938,90.55999755859376,4247.43994140625,15.649999618530272,1.462000012397766,-0.85,,99.1331
2021-06-14,4.5320000648498535,2518.0,1864.0,28.02400016784668,70.87999725341797,90.5199966430664,4255.14990234375,16.389999389648438,1.5010000467300415,-0.85,,99.1331
2021-06-15,4.340000152587891,2479.75,1854.5,27.679000854492188,72.12000274658203,90.54000091552734,4246.58984375,17.020000457763672,1.4989999532699585,-0.87,,99.1331
2021-06-16,4.392499923706055,2488.25,1859.5,27.799999237060547,72.1500015258789,91.12999725341795,4223.7001953125,18.149999618530277,1.569000005722046,-0.75,,99.1331
2021-06-17,4.184500217437744,2420.0,1773.800048828125,25.8439998626709,71.04000091552734,91.88999938964844,4221.85986328125,17.75,1.5110000371932983,-0.75,,99.1331
2021-06-18,4.162499904632568,2401.75,1767.9000244140625,25.95800018310547,71.63999938964844,92.2300033569336,4166.4501953125,20.700000762939453,1.4500000476837158,-0.79,,99.1331
2021-06-21,4.1875,2420.5,1781.800048828125,26.01499938964844,73.66000366210938,91.86000061035156,4224.7900390625,17.889999389648438,1.4839999675750732,-0.75,,99.1331
2021-06-22,4.234499931335449,2439.25,1776.300048828125,25.847999572753903,73.05999755859375,91.7300033569336,4246.43994140625,16.65999984741211,1.472000002861023,-0.83,,99.1331
2021-06-23,4.330999851226807,2447.25,1782.300048828125,26.107999801635746,73.08000183105469,91.8000030517578,4241.83984375,16.31999969482422,1.4869999885559082,-0.84,,99.1331
2021-06-24,4.311500072479248,2454.0,1775.5999755859375,26.04700088500977,73.30000305175781,91.81999969482422,4266.490234375,15.970000267028809,1.4869999885559082,-0.81,,99.1331
2021-06-25,4.298999786376953,2502.0,1776.5999755859375,26.082000732421875,74.05000305175781,91.80999755859376,4280.7001953125,15.619999885559082,1.5360000133514404,-0.8,,99.1331
2021-06-28,4.277999877929688,2511.5,1779.5999755859375,26.218000411987305,72.91000366210938,91.87999725341795,4290.60986328125,15.760000228881836,1.4780000448226929,-0.84,,99.1331
2021-06-29,4.276500225067139,2569.0,1762.800048828125,25.871999740600582,72.9800033569336,92.0500030517578,4291.7998046875,16.020000457763672,1.4800000190734863,-0.83,,99.1331
2021-06-30,4.296500205993652,2548.75,1770.800048828125,26.165000915527344,73.47000122070312,92.44000244140624,4297.5,15.829999923706056,1.4429999589920044,-0.87,,99.1331
2021-07-01,4.242000102996826,2534.75,1775.9000244140625,26.075000762939453,75.2300033569336,92.5999984741211,4319.93994140625,15.479999542236328,1.4800000190734863,-0.87,,98.81448
2021-07-02,4.2820000648498535,2585.75,1782.5999755859375,26.481000900268555,75.16000366210938,92.2300033569336,4352.33984375,15.06999969482422,1.430999994277954,-0.89,,98.81448
2021-07-06,4.257999897003174,2556.0,1793.5,26.15399932861328,73.37000274658203,92.5500030517578,4343.5400390625,16.440000534057617,1.3700000047683716,-0.94,,98.81448
2021-07-07,4.328999996185303,2524.0,1801.5,26.11000061035156,72.19999694824219,92.63999938964844,4358.1298828125,16.200000762939453,1.3209999799728394,-0.95,,98.81448
2021-07-08,4.271500110626221,2467.0,1799.5999755859375,25.96699905395508,72.94000244140625,92.36000061035156,4320.81982421875,19.0,1.287999987602234,-0.92,,98.81448
2021-07-09,4.352499961853027,2521.75,1810.0,26.211000442504883,74.55999755859375,92.12999725341795,4369.5498046875,16.18000030517578,1.3559999465942385,-0.91,,98.81448
2021-07-12,4.322999954223633,2511.25,1805.5,26.21699905395508,74.0999984741211,92.2300033569336,4384.6298828125,16.170000076293945,1.3630000352859497,-0.95,,98.81448
2021-07-13,4.314499855041504,2559.25,1809.4000244140625,26.114999771118164,75.25,92.75,4369.2099609375,17.1200008392334,1.4149999618530271,-0.94,,98.81448
2021-07-14,4.276999950408936,2542.5,1824.300048828125,26.246000289916992,73.12999725341797,92.41000366210938,4374.2998046875,16.329999923706055,1.3559999465942385,-0.97,,98.81448
2021-07-15,4.333000183105469,2534.75,1828.4000244140625,26.375,71.6500015258789,92.62000274658205,4360.02978515625,17.010000228881836,1.2970000505447388,-1.01,,98.81448
2021-07-16,4.332499980926514,2506.25,1814.5,25.777000427246094,71.80999755859375,92.69000244140624,4327.16015625,18.450000762939453,1.2999999523162842,-1.02,,98.81448
2021-07-19,4.2104997634887695,2440.0,1808.699951171875,25.125999450683597,66.41999816894531,92.88999938964844,4258.490234375,22.5,1.180999994277954,-1.05,,98.81448
2021-07-20,4.273499965667725,2485.25,1810.9000244140625,24.976999282836918,67.41999816894531,92.97000122070312,4323.06005859375,19.729999542236328,1.2089999914169312,-1.03,,98.81448
2021-07-21,4.28249979019165,2478.0,1802.9000244140625,25.238000869750977,70.30000305175781,92.75,4358.68994140625,17.90999984741211,1.2799999713897705,-0.98,,98.81448
2021-07-22,4.3480000495910645,2508.75,1805.0,25.364999771118164,71.91000366210938,92.81999969482422,4367.47998046875,17.690000534057617,1.2649999856948853,-1.01,,98.81448
2021-07-23,4.406499862670898,2531.25,1801.4000244140625,25.218000411987305,72.06999969482422,92.91000366210938,4411.7900390625,17.200000762939453,1.2860000133514404,-1.05,,98.81448
2021-07-26,4.589000225067139,2542.0,1798.699951171875,25.295000076293945,71.91000366210938,92.6500015258789,4422.2998046875,17.579999923706055,1.2760000228881836,-1.11,,98.81448
2021-07-27,4.546000003814697,2515.25,1799.5,24.631999969482425,71.6500015258789,92.43000030517578,4401.4599609375,19.36000061035156,1.2339999675750732,-1.13,,98.81448
2021-07-28,4.479000091552734,2557.0,1799.5,24.856000900268555,72.38999938964844,92.31999969482422,4400.64013671875,18.309999465942383,1.2610000371932983,-1.15,,98.81448
2021-07-29,4.519999980926514,2620.75,1831.199951171875,25.763999938964844,73.62000274658203,91.86000061035156,4419.14990234375,17.700000762939453,1.2690000534057615,-1.15,,98.81448
2021-07-30,4.480500221252441,2624.25,1812.5999755859373,25.527999877929688,73.94999694824219,92.16999816894533,4395.259765625,18.239999771118164,1.2389999628067017,-1.16,,98.81448
2021-08-02,4.432000160217285,2647.0,1818.0999755859373,25.55699920654297,71.26000213623047,92.0500030517578,4387.16015625,19.459999084472656,1.1740000247955322,-1.17,,98.48217
2021-08-03,4.382999897003174,2607.75,1810.0999755859373,25.56599998474121,70.55999755859375,92.08000183105467,4423.14990234375,18.040000915527344,1.1759999990463257,-1.19,,98.48217
2021-08-04,4.329999923706055,2589.25,1810.5,25.44599914550781,68.1500015258789,92.2699966430664,4402.66015625,17.969999313354492,1.184000015258789,-1.16,,98.48217
2021-08-05,4.3454999923706055,2610.25,1805.0999755859373,25.277000427246094,69.08999633789062,92.23999786376952,4429.10009765625,17.280000686645508,1.2170000076293943,-1.1,,98.48217
2021-08-06,4.3454999923706055,2601.25,1760.0,24.312000274658203,68.27999877929688,92.8000030517578,4436.52001953125,16.149999618530273,1.2899999618530271,-1.06,,98.48217
2021-08-09,4.287000179290772,2570.75,1723.4000244140625,23.2549991607666,66.4800033569336,92.9499969482422,4432.35009765625,16.719999313354492,1.3170000314712524,-1.04,,98.48217
2021-08-10,4.351500034332275,2596.75,1728.800048828125,23.37700080871582,68.29000091552734,93.05999755859376,4436.75,16.790000915527344,1.3420000076293943,-1.04,,98.48217
2021-08-11,4.363999843597412,2607.75,1750.4000244140625,23.474000930786133,69.25,92.91000366210938,4442.41015625,16.170000076293945,1.3289999961853027,-1.07,,98.48217
2021-08-12,4.355999946594238,2593.5,1749.0,23.104999542236328,69.08999633789062,93.04000091552734,4460.830078125,15.59000015258789,1.3669999837875366,-1.05,,98.48217
2021-08-13,4.38700008392334,2618.0,1775.199951171875,23.76799964904785,68.44000244140625,92.5199966430664,4468.0,15.449999809265137,1.2970000505447388,-1.08,,98.48217
2021-08-16,4.322000026702881,2616.25,1786.9000244140625,23.780000686645508,67.29000091552734,92.62999725341795,4479.7099609375,16.1200008392334,1.256999969482422,-1.1,,98.48217
2021-08-17,4.199999809265137,2613.75,1785.0,23.64800071716309,66.58999633789062,93.12999725341795,4448.080078125,17.90999984741211,1.2580000162124634,-1.07,,98.48217
2021-08-18,4.116000175476074,2572.5,1781.5999755859375,23.41200065612793,65.45999908447266,93.13999938964844,4400.27001953125,21.56999969482422,1.2730000019073486,-1.05,,98.48217
2021-08-19,4.03849983215332,2562.75,1780.199951171875,23.21999931335449,63.68999862670898,93.56999969482422,4405.7998046875,21.670000076293945,1.2419999837875366,-1.04,,98.48217
2021-08-20,4.134500026702881,2566.5,1781.0,23.104999542236328,62.31999969482422,93.5,4441.669921875,18.559999465942383,1.2599999904632568,-1.01,,98.48217
2021-08-23,4.234499931335449,2620.0,1803.199951171875,23.64900016784668,65.63999938964844,92.95999908447266,4479.52978515625,17.149999618530273,1.2549999952316284,-1.02,,98.48217
2021-08-24,4.255000114440918,2647.5,1805.5999755859373,23.88999938964844,67.54000091552734,92.88999938964844,4486.22998046875,17.219999313354492,1.2899999618530271,-1.01,,98.48217
2021-08-25,4.264999866485596,2648.5,1788.199951171875,23.770999908447266,68.36000061035156,92.83000183105467,4496.18994140625,16.790000915527344,1.3420000076293943,-1.0,,98.48217
2021-08-26,4.245999813079834,2655.5,1792.199951171875,23.54599952697754,67.41999816894531,93.05999755859376,4470.0,18.84000015258789,1.3420000076293943,-0.99,,98.48217
2021-08-27,4.316500186920166,2680.0,1816.5999755859373,24.059999465942383,68.73999786376953,92.69000244140624,4509.3701171875,16.389999389648438,1.312000036239624,-1.08,,98.48217
2021-08-30,4.361000061035156,2673.0,1809.0,23.959999084472656,69.20999908447266,92.6500015258789,4528.7900390625,16.190000534057617,1.284999966621399,-1.08,,98.48217
2021-08-31,4.360000133514404,2746.25,1815.0,23.959999084472656,68.5,92.62999725341795,4522.68017578125,16.479999542236328,1.3040000200271606,-1.03,,98.48217
2021-09-01,4.263000011444092,2717.5,1813.0999755859373,24.177000045776367,68.58999633789062,92.4499969482422,4524.08984375,16.110000610351562,1.3020000457763672,-1.03,,98.21535
2021-09-02,4.289999961853027,2723.25,1808.699951171875,23.875,69.98999786376953,92.2300033569336,4536.9501953125,16.40999984741211,1.2940000295639038,-1.03,,98.21535
2021-09-03,4.325500011444092,2753.75,1830.9000244140625,24.761999130249023,69.29000091552734,92.04000091552734,4535.43017578125,16.40999984741211,1.3220000267028809,-1.01,,98.21535
2021-09-07,4.277500152587891,2787.75,1795.9000244140625,24.333999633789062,68.3499984741211,92.5199966430664,4520.02978515625,18.13999938964844,1.3700000047683716,-0.98,,98.21535
2021-09-08,4.23199987411499,2818.5,1790.699951171875,24.011999130249023,69.30000305175781,92.6500015258789,4514.06982421875,17.959999084472656,1.3339999914169312,-1.03,,98.21535
2021-09-09,4.2835001945495605,2864.25,1797.4000244140625,24.132999420166016,68.13999938964844,92.4800033569336,4493.27978515625,18.799999237060547,1.2990000247955322,-1.08,,98.21535
2021-09-10,4.447999954223633,2948.0,1789.5999755859375,23.854999542236328,69.72000122070312,92.58000183105467,4458.580078125,20.950000762939453,1.340999960899353,-1.05,,98.21535
2021-09-13,4.363500118255615,2929.5,1792.0,23.75300025939941,70.44999694824219,92.62000274658205,4468.72998046875,19.3700008392334,1.3240000009536743,-1.04,,98.21535
2021-09-14,4.317999839782715,2866.5,1804.699951171875,23.84199905395508,70.45999908447266,92.6500015258789,4443.0498046875,19.459999084472656,1.2769999504089355,-1.05,,98.21535
2021-09-15,4.403500080108643,2928.25,1792.4000244140625,23.75900077819824,72.61000061035156,92.48999786376952,4480.7001953125,18.18000030517578,1.3040000200271606,-1.04,,98.21535
2021-09-16,4.278500080108643,2918.0,1754.5999755859375,22.75200080871582,72.61000061035156,92.86000061035156,4473.75,18.690000534057617,1.3309999704360962,-1.01,,98.21535
2021-09-17,4.245500087738037,2919.5,1749.4000244140625,22.295000076293945,71.97000122070312,93.1999969482422,4432.990234375,20.809999465942383,1.3700000047683716,-0.96,,98.21535
2021-09-20,4.117000102996826,2896.5,1761.800048828125,22.163000106811523,70.29000091552734,93.23999786376952,4357.72998046875,25.709999084472656,1.309000015258789,-0.98,,98.21535
2021-09-21,4.127999782562256,2883.5,1776.0,22.572999954223636,70.55999755859375,93.1999969482422,4354.18994140625,24.36000061035156,1.3240000009536743,-0.96,,98.21535
2021-09-22,4.252500057220459,2976.0,1776.699951171875,22.86899948120117,72.2300033569336,93.45999908447266,4395.64013671875,20.8700008392334,1.3359999656677246,-0.96,,98.21535
2021-09-23,4.230999946594238,2987.5,1747.699951171875,22.642000198364254,73.30000305175781,93.0999984741211,4448.97998046875,18.6299991607666,1.409999966621399,-0.9,,98.21535
2021-09-24,4.287499904632568,2958.0,1749.699951171875,22.38800048828125,73.9800033569336,93.33000183105467,4455.47998046875,17.75,1.4600000381469729,-0.87,,98.21535
2021-09-27,4.293499946594238,2923.25,1750.0,22.65699958801269,75.44999694824219,93.37999725341795,4443.10986328125,18.76000022888184,1.4839999675750732,-0.87,,98.21535
2021-09-28,4.244999885559082,2974.25,1735.800048828125,22.43000030517578,75.29000091552734,93.7699966430664,4352.6298828125,23.25,1.534000039100647,-0.84,,98.21535
2021-09-29,4.199999809265137,2965.25,1721.5,21.458999633789062,74.83000183105469,94.33999633789062,4359.4599609375,22.559999465942383,1.5410000085830688,-0.82,,98.21535
2021-09-30,4.090000152587891,2903.0,1755.300048828125,22.020999908447266,75.02999877929688,94.25,4307.5400390625,23.13999938964844,1.5290000438690186,-0.85,,98.21535
2021-10-01,4.19350004196167,2902.25,1757.0,22.51000022888184,75.87999725341797,94.04000091552734,4357.0400390625,21.100000381469727,1.4789999723434448,-0.9,,98.1656
2021-10-04,4.246500015258789,2957.25,1766.199951171875,22.618000030517575,77.62000274658203,93.80999755859376,4300.4599609375,22.959999084472656,1.4809999465942385,-0.89,,98.1656
2021-10-05,4.202000141143799,2966.5,1759.5999755859375,22.582000732421875,78.93000030517578,93.9800033569336,4345.72021484375,21.299999237060547,1.5290000438690186,-0.91,,98.1656
2021-10-06,4.1570000648498535,2942.0,1760.5,22.506000518798828,77.43000030517578,94.2699966430664,4363.5498046875,21.0,1.52400004863739,-0.9,,98.1656
2021-10-07,4.250999927520752,2991.0,1757.9000244140625,22.631999969482425,78.30000305175781,94.22000122070312,4399.759765625,19.540000915527344,1.5709999799728394,-0.88,,98.1656
2021-10-08,4.2829999923706055,3011.25,1756.300048828125,22.679000854492188,79.3499984741211,94.06999969482422,4391.33984375,18.770000457763672,1.6050000190734863,-0.89,,98.1656
2021-10-11,4.374499797821045,3111.5,1754.5999755859375,22.63999938964844,80.5199966430664,94.31999969482422,4361.18994140625,20.0,1.6139999628067017,-0.89,,98.1656
2021-10-12,4.328999996185303,3108.75,1758.300048828125,22.49099922180176,80.63999938964844,94.5199966430664,4350.64990234375,19.850000381469727,1.5800000429153442,-0.9,,98.1656
2021-10-13,4.520500183105469,3038.75,1793.699951171875,23.14900016784668,80.44000244140625,94.08000183105467,4363.7998046875,18.63999938964844,1.5490000247955322,-0.96,,98.1656
2021-10-14,4.631499767303467,3130.5,1796.699951171875,23.45599937438965,81.30999755859375,93.95999908447266,4438.259765625,16.860000610351562,1.5190000534057615,-1.0,,98.1656
2021-10-15,4.734000205993652,3171.0,1767.199951171875,23.327999114990234,82.27999877929688,93.94000244140624,4471.3701171875,16.299999237060547,1.5759999752044678,-0.97,,98.1656
2021-10-18,4.730500221252441,3202.5,1764.800048828125,23.243000030517575,82.44000244140625,93.9499969482422,4486.4599609375,16.309999465942383,1.5839999914169312,-0.95,,98.1656
2021-10-19,4.714000225067139,3138.25,1769.699951171875,23.86199951171875,82.95999908447266,93.79000091552734,4519.6298828125,15.699999809265137,1.6349999904632568,-0.89,,98.1656
2021-10-20,4.75600004196167,3108.75,1784.0999755859375,24.423999786376957,83.87000274658203,93.55999755859376,4536.18994140625,15.489999771118164,1.6360000371932983,-0.92,,98.1656
2021-10-21,4.58650016784668,2935.5,1781.199951171875,24.149999618530277,82.5,93.7699966430664,4549.77978515625,15.010000228881836,1.6759999990463257,-0.96,,98.1656
2021-10-22,4.526000022888184,2907.75,1795.5,24.429000854492188,83.76000213623047,93.61000061035156,4544.89990234375,15.43000030517578,1.6549999713897705,-0.98,,98.1656
2021-10-25,4.551499843597412,2908.0,1806.0,24.57200050354004,83.76000213623047,93.80999755859376,4566.47998046875,15.239999771118164,1.6349999904632568,-1.02,,98.1656
2021-10-26,4.486499786376953,2866.5,1792.699951171875,24.086000442504883,84.6500015258789,93.9499969482422,4574.7900390625,15.979999542236328,1.61899995803833,-1.06,,98.1656
2021-10-27,4.38700008392334,2716.5,1797.9000244140625,24.18899917602539,82.66000366210938,93.86000061035156,4551.68017578125,16.979999542236328,1.5290000438690186,-1.11,,98.1656
2021-10-28,4.4375,2794.5,1801.5999755859373,24.117000579833984,82.80999755859375,93.3499984741211,4596.419921875,16.530000686645508,1.5679999589920044,-1.0,,98.1656
2021-10-29,4.375500202178955,2758.5,1783.0,23.94499969482422,83.56999969482422,94.12000274658205,4605.3798828125,16.260000228881836,1.5570000410079956,-0.96,,98.1656
2021-11-01,4.401999950408936,2776.25,1795.0999755859375,24.06399917602539,84.05000305175781,93.87999725341795,4613.669921875,16.40999984741211,1.5750000476837158,-0.92,,98.39371
2021-11-02,4.374000072479248,2754.75,1788.699951171875,23.5,83.91000366210938,94.08999633789062,4630.64990234375,16.030000686645508,1.5490000247955322,-0.95,,98.39371
2021-11-03,4.326000213623047,2712.5,1763.5999755859375,23.22599983215332,80.86000061035156,93.86000061035156,4660.56982421875,15.100000381469728,1.5789999961853027,-0.93,,98.39371
2021-11-04,4.326000213623047,2616.25,1793.0,23.9060001373291,78.80999755859375,94.3499984741211,4680.06005859375,15.4399995803833,1.52400004863739,-1.03,,98.39371
2021-11-05,4.348999977111816,2595.75,1816.4000244140625,24.152000427246094,81.2699966430664,94.31999969482422,4697.52978515625,16.479999542236328,1.4529999494552612,-1.09,,98.39371
2021-11-08,4.40500020980835,2604.75,1827.4000244140625,24.53700065612793,81.93000030517578,94.0500030517578,4701.7001953125,17.219999313354492,1.496999979019165,-1.11,,98.39371
2021-11-09,4.380000114440918,2560.5,1830.199951171875,24.3129997253418,84.1500015258789,93.95999908447266,4685.25,17.780000686645508,1.4320000410079956,-1.17,,98.39371
2021-11-10,4.328000068664551,2567.0,1847.5999755859373,24.767000198364254,81.33999633789062,94.8499984741211,4646.7099609375,18.729999542236328,1.559999942779541,-1.14,,98.39371
2021-11-11,4.4045000076293945,2634.0,1863.199951171875,25.301000595092773,81.58999633789062,95.18000030517578,4649.27001953125,17.65999984741211,1.559999942779541,-1.14,,98.39371
2021-11-12,4.45550012588501,2645.25,1867.9000244140625,25.3439998626709,80.79000091552734,95.12999725341795,4682.85009765625,16.290000915527344,1.5820000171661377,-1.15,,98.39371
2021-11-15,4.4070000648498535,2607.75,1866.0999755859373,25.10700035095215,80.87999725341797,95.41000366210938,4682.7998046875,16.489999771118164,1.6230000257492063,-1.13,,98.39371
2021-11-16,4.358500003814697,2540.5,1853.5999755859373,24.944000244140625,80.76000213623047,95.91999816894533,4700.89990234375,16.3700008392334,1.633999943733215,-1.1,,98.39371
2021-11-17,4.2729997634887695,2598.5,1869.699951171875,25.16699981689453,78.36000061035156,95.83000183105467,4688.669921875,17.110000610351562,1.6039999723434448,-1.1,,98.39371
2021-11-18,4.309999942779541,2603.0,1861.0,24.900999069213867,79.01000213623047,95.54000091552734,4704.5400390625,17.59000015258789,1.5889999866485596,-1.14,,98.39371
2021-11-19,4.4085001945495605,2662.75,1851.199951171875,24.780000686645508,76.0999984741211,96.06999969482422,4697.9599609375,17.90999984741211,1.5360000133514404,-1.11,,98.39371
2021-11-22,4.395500183105469,2657.5,1806.0,24.29700088500977,76.75,96.5,4682.93994140625,19.170000076293945,1.625,-0.98,,98.39371
2021-11-23,4.423500061035156,2648.0,1783.5,23.434999465942383,78.5,96.48999786376952,4690.7001953125,19.3799991607666,1.6670000553131104,-0.95,,98.39371
2021-11-24,4.458000183105469,2664.5,1784.0999755859375,23.496000289916992,78.38999938964844,96.83999633789062,4701.4599609375,18.57999992370605,1.6449999809265137,-0.97,,98.39371
2021-11-26,4.281499862670898,2581.25,1785.300048828125,23.10700035095215,68.1500015258789,96.08999633789062,4594.6201171875,28.6200008392334,1.4819999933242798,-1.07,,98.39371
2021-11-29,4.336999893188477,2596.0,1782.300048828125,22.798999786376957,69.94999694824219,96.33999633789062,4655.27001953125,22.959999084472656,1.5299999713897705,-1.02,,98.39371
2021-11-30,4.277999877929688,2591.25,1773.5999755859375,22.76499938964844,66.18000030517578,95.98999786376952,4567.0,27.190000534057617,1.4429999589920044,-1.07,,98.39371
2021-12-01,4.247499942779541,2628.5,1781.5999755859375,22.298999786376957,65.56999969482422,96.0500030517578,4513.0400390625,31.1200008392334,1.434000015258789,-1.01,,98.57555
2021-12-02,4.298999786376953,2585.25,1760.699951171875,22.280000686645508,66.5,96.12999725341795,4577.10009765625,27.950000762939453,1.4479999542236328,-1.03,,98.57555
2021-12-03,4.266499996185303,2596.25,1782.0,22.44499969482422,66.26000213623047,96.12000274658205,4538.43017578125,30.670000076293945,1.343000054359436,-1.08,,98.57555
2021-12-06,4.336999893188477,2566.75,1777.5,22.22800064086914,69.48999786376953,96.29000091552734,4591.669921875,27.18000030517578,1.434000015258789,-1.01,,98.57555
2021-12-07,4.3379998207092285,2601.75,1782.5999755859375,22.48699951171875,72.05000305175781,96.37000274658205,4686.75,21.88999938964844,1.4800000190734863,-0.99,,98.57555
2021-12-08,4.390999794006348,2576.25,1783.4000244140625,22.38999938964844,72.36000061035156,95.88999938964844,4701.2099609375,19.899999618530277,1.508999943733215,-1.0,,98.57555
2021-12-09,4.329999923706055,2579.5,1774.5999755859375,21.974000930786133,70.94000244140625,96.2699966430664,4667.4501953125,21.57999992370605,1.4869999885559082,-0.98,,98.57555
2021-12-10,4.2829999923706055,2550.75,1782.9000244140625,22.15999984741211,71.66999816894531,96.0500030517578,4712.02001953125,18.690000534057617,1.4889999628067017,-0.96,,98.57555
2021-12-13,4.28000020980835,2601.75,1786.300048828125,22.290000915527344,71.29000091552734,96.31999969482422,4668.97021484375,20.309999465942383,1.4240000247955322,-0.98,,98.57555
2021-12-14,4.254000186920166,2569.0,1770.4000244140625,21.886999130249023,70.7300033569336,96.56999969482422,4634.08984375,21.88999938964844,1.437999963760376,-0.93,,98.57555
2021-12-15,4.179500102996826,2540.0,1762.5999755859375,21.507999420166016,70.87000274658203,96.51000213623048,4709.85009765625,19.290000915527344,1.4630000591278076,-0.92,,98.57555
2021-12-16,4.30049991607666,2611.25,1796.5999755859375,22.45499992370605,72.37999725341797,96.04000091552734,4668.669921875,20.56999969482422,1.4220000505447388,-0.98,,98.57555
2021-12-17,4.290999889373779,2653.75,1803.800048828125,22.506999969482425,70.86000061035156,96.56999969482422,4620.64013671875,21.56999969482422,1.4019999504089355,-0.97,,98.57555
2021-12-20,4.288000106811523,2602.0,1793.699951171875,22.274999618530277,68.2300033569336,96.5500030517578,4568.02001953125,22.8700008392334,1.4190000295639038,-0.96,,98.57555
2021-12-21,4.3379998207092285,2716.75,1787.9000244140625,22.50200080871582,71.12000274658203,96.48999786376952,4649.22998046875,21.01000022888184,1.4869999885559082,-0.96,,98.57555
2021-12-22,4.389500141143799,2803.75,1801.5999755859373,22.79199981689453,72.76000213623047,96.08000183105467,4696.56005859375,18.6299991607666,1.4570000171661377,-1.01,,98.57555
2021-12-23,4.38700008392334,2808.0,1811.199951171875,22.93099975585937,73.79000091552734,96.0199966430664,4725.7900390625,17.959999084472656,1.493000030517578,-0.97,,98.57555
2021-12-27,4.465000152587891,2808.0,1808.0999755859373,22.97900009155273,75.56999969482422,96.08999633789062,4791.18994140625,17.68000030517578,1.4809999465942385,-1.02,,98.57555
2021-12-28,4.420000076293945,2808.0,1810.199951171875,23.11100006103516,75.9800033569336,96.1999969482422,4786.35009765625,17.540000915527344,1.4809999465942385,-1.01,,98.57555
2021-12-29,4.401999950408936,2781.25,1805.0999755859373,22.847999572753903,76.55999755859375,95.93000030517578,4793.06005859375,16.950000762939453,1.5429999828338623,-0.98,,98.57555
2021-12-30,4.384500026702881,2782.5,1812.699951171875,23.027999877929688,76.98999786376953,95.97000122070312,4778.72998046875,17.329999923706055,1.5149999856948853,-1.06,,98.57555
2021-12-31,4.454999923706055,2752.5,1827.5,23.327999114990234,75.20999908447266,95.66999816894533,4766.18017578125,17.219999313354492,1.5119999647140503,-1.04,,98.57555
2022-01-03,4.414500236511231,2752.5,1799.4000244140625,22.790000915527344,76.08000183105469,96.23999786376952,4796.56005859375,16.600000381469727,1.628000020980835,-0.97,,98.54781
2022-01-04,4.466000080108643,2802.75,1814.0,23.038000106811523,76.98999786376953,96.29000091552734,4793.5400390625,16.90999984741211,1.6679999828338623,-0.91,,98.54781
2022-01-05,4.4045000076293945,2876.0,1824.5999755859373,23.149999618530277,77.8499984741211,96.19000244140624,4700.580078125,19.729999542236328,1.7050000429153442,-0.82,,98.54781
2022-01-06,4.3480000495910645,2890.0,1788.699951171875,22.173999786376957,79.45999908447266,96.25,4696.0498046875,19.61000061035156,1.7330000400543213,-0.73,,98.54781
2022-01-07,4.402999877929688,2884.5,1797.0,22.393999099731445,78.9000015258789,95.73999786376952,4677.02978515625,18.76000022888184,1.7710000276565552,-0.72,,98.54781
2022-01-10,4.3445000648498535,2898.75,1798.4000244140625,22.44599914550781,78.2300033569336,95.98999786376952,4670.2900390625,19.399999618530277,1.7799999713897705,-0.7,,98.54781
2022-01-11,4.420499801635742,2951.0,1818.5999755859373,22.80599975585937,81.22000122070312,95.62000274658205,4713.06982421875,18.40999984741211,1.746000051498413,-0.79,,98.54781
2022-01-12,4.564000129699707,2973.75,1827.199951171875,23.200000762939453,82.63999938964844,95.0,4726.35009765625,17.6200008392334,1.725000023841858,-0.74,,98.54781
2022-01-13,4.533999919891357,2944.0,1821.199951171875,23.155000686645508,82.12000274658203,94.79000091552734,4659.02978515625,20.309999465942383,1.7109999656677246,-0.73,,98.54781
2022-01-14,4.411499977111816,2962.75,1816.5,22.910999298095703,83.81999969482422,95.16999816894533,4662.85009765625,19.190000534057617,1.7719999551773071,-0.66,,98.54781
2022-01-18,4.375999927520752,3001.0,1812.300048828125,23.48699951171875,85.43000030517578,95.7300033569336,4577.10986328125,22.790000915527344,1.8650000095367432,-0.59,,98.54781
2022-01-19,4.462500095367432,3038.25,1843.0999755859373,24.22599983215332,86.95999908447266,95.51000213623048,4532.759765625,23.850000381469727,1.8270000219345093,-0.57,,98.54781
2022-01-20,4.576499938964844,3102.25,1842.5,24.711000442504883,86.9000015258789,95.73999786376952,4482.72998046875,25.59000015258789,1.8329999446868896,-0.5,,98.54781
2022-01-21,4.512499809265137,3026.0,1831.800048828125,24.31399917602539,85.13999938964844,95.63999938964844,4397.93994140625,28.850000381469727,1.746999979019165,-0.59,,98.54781
2022-01-24,4.402999877929688,3015.5,1841.699951171875,23.795000076293945,83.30999755859375,95.91999816894533,4410.1298828125,29.899999618530277,1.7350000143051147,-0.63,,98.54781
2022-01-25,4.442999839782715,3077.75,1852.699951171875,23.895999908447266,85.5999984741211,95.9499969482422,4356.4501953125,31.15999984741211,1.7829999923706057,-0.63,,98.54781
2022-01-26,4.504499912261963,3078.0,1829.9000244140625,23.80699920654297,87.3499984741211,96.48999786376952,4349.93017578125,31.959999084472656,1.8480000495910645,-0.53,,98.54781
2022-01-27,4.413000106811523,3090.25,1793.300048828125,22.67300033569336,86.61000061035156,97.26000213623048,4326.509765625,30.489999771118164,1.807000041007996,-0.59,,98.54781
2022-01-28,4.302999973297119,3128.25,1784.9000244140625,22.302000045776367,86.81999969482422,97.2699966430664,4431.85009765625,27.65999984741211,1.781999945640564,-0.66,,98.54781
2022-01-31,4.317999839782715,3078.25,1795.0,22.395000457763672,88.1500015258789,96.54000091552734,4515.5498046875,24.82999992370605,1.781999945640564,-0.65,,98.54781
2022-02-01,4.428999900817871,3077.5,1800.300048828125,22.59600067138672,88.19999694824219,96.38999938964844,4546.5400390625,21.959999084472656,1.7999999523162842,-0.62,,98.29815
2022-02-02,4.491000175476074,3029.0,1809.199951171875,22.711000442504883,88.26000213623047,95.94000244140624,4589.3798828125,22.09000015258789,1.7660000324249268,-0.63,,98.29815
2022-02-03,4.46649980545044,3080.0,1803.0,22.375,90.2699966430664,95.37999725341795,4477.43994140625,24.350000381469727,1.8270000219345093,-0.56,,98.29815
2022-02-04,4.483500003814697,3114.25,1806.5999755859373,22.475000381469727,92.30999755859376,95.4800033569336,4500.52978515625,23.21999931335449,1.9299999475479128,-0.48,,98.29815
2022-02-07,4.46150016784668,3167.75,1820.5999755859373,23.076000213623047,91.31999969482422,95.4000015258789,4483.8701171875,22.86000061035156,1.9160000085830688,-0.48,,98.29815
2022-02-08,4.459499835968018,3240.25,1826.5999755859373,23.19499969482422,89.36000061035156,95.63999938964844,4521.5400390625,21.440000534057617,1.9539999961853027,-0.46,,98.29815
2022-02-09,4.600500106811523,3313.0,1835.199951171875,23.336000442504883,89.66000366210938,95.48999786376952,4587.18017578125,19.959999084472656,1.9290000200271609,-0.48,,98.29815
2022-02-10,4.65749979019165,3319.0,1836.199951171875,23.518999099731445,89.87999725341797,95.5500030517578,4504.080078125,23.90999984741211,2.0309998989105225,-0.42,,98.29815
2022-02-11,4.505000114440918,3282.25,1840.800048828125,23.36599922180176,93.0999984741211,96.08000183105467,4418.64013671875,27.36000061035156,1.955000042915344,-0.51,,98.29815
2022-02-14,4.507500171661377,3272.0,1868.0,23.84499931335449,95.45999908447266,96.37000274658205,4401.669921875,28.32999992370605,1.996000051498413,-0.5,,98.29815
2022-02-15,4.531499862670898,3272.5,1854.800048828125,23.33799934387207,92.06999969482422,95.98999786376952,4471.06982421875,25.700000762939453,2.0450000762939453,-0.43,,98.29815
2022-02-16,4.540500164031982,3320.0,1870.199951171875,23.60099983215332,93.66000366210938,95.6999969482422,4475.009765625,24.290000915527344,2.046999931335449,-0.43,,98.29815
2022-02-17,4.525000095367432,3315.75,1900.699951171875,23.874000549316406,91.76000213623048,95.8000030517578,4380.259765625,28.11000061035156,1.972000002861023,-0.46,,98.29815
2022-02-18,4.519499778747559,3304.5,1898.5999755859373,23.99099922180176,91.06999969482422,96.04000091552734,4348.8701171875,27.75,1.932000041007996,-0.49,,98.29815
2022-02-22,4.510000228881836,3342.0,1906.0999755859373,24.31100082397461,92.3499984741211,96.02999877929688,4304.759765625,28.809999465942383,1.9479999542236328,-0.51,,98.29815
2022-02-23,4.481500148773193,3345.75,1909.199951171875,24.55500030517578,92.0999984741211,96.19000244140624,4225.5,31.020000457763672,1.9769999980926516,-0.54,,98.29815
2022-02-24,4.453999996185303,3457.5,1925.0999755859373,24.68600082397461,92.80999755859376,97.13999938964844,4288.7001953125,30.31999969482422,1.968999981880188,-0.59,,98.29815
2022-02-25,4.4720001220703125,3406.0,1886.5,23.996999740600582,91.58999633789062,96.62000274658205,4384.64990234375,27.59000015258789,1.9859999418258667,-0.57,,98.29815
2022-02-28,4.444499969482422,3417.0,1899.4000244140625,24.36100006103516,95.72000122070312,96.70999908447266,4373.93994140625,30.149999618530277,1.83899998664856,-0.79,,98.29815
2022-03-01,4.58650016784668,3516.0,1942.4000244140625,25.53400039672852,103.41000366210938,97.41000366210938,4306.259765625,33.31999969482422,1.7070000171661377,-0.9,,97.82101
2022-03-02,4.6554999351501465,3615.5,1920.9000244140625,25.183000564575195,110.5999984741211,97.38999938964844,4386.5400390625,30.739999771118164,1.8650000095367432,-0.85,,97.82101
2022-03-03,4.771500110626221,3767.75,1934.4000244140625,25.20499992370605,107.66999816894533,97.79000091552734,4363.490234375,30.479999542236328,1.843999981880188,-0.83,,97.82101
2022-03-04,4.928999900817871,3873.0,1965.0999755859373,25.78199958801269,115.68000030517578,98.6500015258789,4328.8701171875,31.979999542236328,1.7239999771118164,-0.93,,97.82101
2022-03-07,4.7220001220703125,3745.5,1993.9000244140625,25.71299934387207,119.4000015258789,99.29000091552734,4201.08984375,36.45000076293945,1.7510000467300415,-0.99,,97.82101
2022-03-08,4.700500011444092,3485.5,2040.0999755859373,26.88800048828125,123.6999969482422,99.05999755859376,4170.7001953125,35.130001068115234,1.871999979019165,-1.04,,97.82101
2022-03-09,4.564000129699707,3286.5,1985.9000244140625,25.756999969482425,108.6999969482422,97.97000122070312,4277.8798828125,32.45000076293945,1.9479999542236328,-0.9,,97.82101
2022-03-10,4.643499851226807,3361.25,1998.0999755859373,26.20199966430664,106.0199966430664,98.51000213623048,4259.52001953125,30.229999542236328,2.010999917984009,-0.88,,97.82101
2022-03-11,4.616000175476074,3446.5,1982.699951171875,26.106000900268555,109.33000183105467,99.12000274658205,4204.31005859375,30.75,2.003999948501587,-0.94,,97.82101
2022-03-14,4.512499809265137,3321.5,1959.5999755859373,25.24399948120117,103.01000213623048,99.05999755859376,4173.10986328125,31.770000457763672,2.140000104904175,-0.79,,97.82101
2022-03-15,4.501500129699707,3204.5,1928.5,25.12299919128418,96.44000244140624,99.06999969482422,4262.4501953125,29.82999992370605,2.1600000858306885,-0.69,,97.82101
2022-03-16,4.5879998207092285,3238.75,1908.0,24.670000076293945,95.04000091552734,98.37999725341795,4357.85986328125,26.670000076293945,2.187999963760376,-0.61,,97.82101
2022-03-17,4.690499782562256,3316.25,1942.0999755859373,25.583999633789062,102.9800033569336,98.01000213623048,4411.669921875,25.670000076293945,2.191999912261963,-0.71,,97.82101
2022-03-18,4.730500221252441,3357.25,1928.199951171875,25.05500030517578,104.6999969482422,98.2300033569336,4463.1201171875,23.8700008392334,2.1480000019073486,-0.72,,97.82101
2022-03-21,4.701499938964844,3469.75,1928.5999755859373,25.28199958801269,112.12000274658205,98.5,4461.18017578125,23.530000686645508,2.315000057220459,-0.58,,97.82101
2022-03-22,4.689000129699707,3460.25,1920.699951171875,24.88500022888184,111.76000213623048,98.48999786376952,4511.60986328125,22.940000534057617,2.372999906539917,-0.53,,97.82101
2022-03-23,4.762499809265137,3572.75,1936.5999755859373,25.170000076293945,114.93000030517578,98.62000274658205,4456.240234375,23.56999969482422,2.321000099182129,-0.62,,97.82101
2022-03-24,4.729000091552734,3593.5,1961.5999755859373,25.899999618530277,112.33999633789062,98.79000091552734,4520.16015625,21.670000076293945,2.3410000801086426,-0.58,,97.82101
2022-03-25,4.685999870300293,3571.5,1953.800048828125,25.59499931335449,113.9000015258789,98.80999755859376,4543.06005859375,20.809999465942383,2.492000102996826,-0.47,,97.82101
2022-03-28,4.714000225067139,3585.5,1939.5999755859373,25.176000595092773,105.95999908447266,99.08999633789062,4575.52001953125,19.6299991607666,2.476999998092652,-0.49,,97.82101
2022-03-29,4.71649980545044,3431.5,1912.0,24.715999603271484,104.23999786376952,98.4000015258789,4631.60009765625,18.899999618530277,2.400000095367432,-0.45,,97.82101
2022-03-30,4.739500045776367,3553.5,1933.5,25.10300064086914,107.81999969482422,97.79000091552734,4602.4501953125,19.32999992370605,2.3580000400543213,-0.51,,97.82101
2022-03-31,4.743000030517578,3500.0,1949.199951171875,25.121000289916992,100.27999877929688,98.30999755859376,4530.41015625,20.559999465942383,2.32699990272522,-0.52,,97.82101
2022-04-01,4.682499885559082,3466.5,1919.0999755859373,24.642000198364254,99.2699966430664,98.62999725341795,4545.85986328125,19.6299991607666,2.377000093460083,-0.41,,97.45323
2022-04-04,4.776500225067139,3441.5,1929.199951171875,24.583999633789062,103.27999877929688,98.98999786376952,4582.64013671875,18.56999969482422,2.4119999408721924,-0.38,,97.45323
2022-04-05,4.790999889373779,3430.5,1922.9000244140625,24.527999877929688,101.95999908447266,99.47000122070312,4525.1201171875,21.030000686645508,2.555999994277954,-0.3,,97.45323
2022-04-06,4.733500003814697,3405.0,1918.4000244140625,24.45499992370605,96.2300033569336,99.5999984741211,4481.14990234375,22.100000381469727,2.608999967575073,-0.22,,97.45323
2022-04-07,4.695000171661377,3352.75,1933.800048828125,24.732999801635746,96.02999877929688,99.75,4500.2099609375,21.549999237060547,2.6519999504089355,-0.16,,97.45323
2022-04-08,4.71999979019165,3340.75,1941.5999755859373,24.819000244140625,98.26000213623048,99.8000030517578,4488.27978515625,21.15999984741211,2.713000059127808,-0.15,,97.45323
2022-04-11,4.628499984741211,3209.75,1944.300048828125,24.97800064086914,94.29000091552734,99.93000030517578,4412.52978515625,24.3700008392334,2.7799999713897705,-0.12,,97.45323
2022-04-12,4.703999996185303,3229.5,1972.0999755859373,25.725000381469727,100.5999984741211,100.29000091552734,4397.4501953125,24.26000022888184,2.7249999046325684,-0.14,,97.45323
2022-04-13,4.706999778747559,3206.75,1981.0,26.020000457763672,104.25,99.87999725341795,4446.58984375,21.81999969482422,2.687000036239624,-0.1,,97.45323
2022-04-14,4.7170000076293945,3250.5,1970.9000244140625,25.690000534057617,106.9499969482422,100.31999969482422,4392.58984375,22.700000762939453,2.828000068664551,-0.06,,97.45323
2022-04-18,4.796000003814697,3250.5,1982.9000244140625,26.13999938964844,108.20999908447266,100.77999877929688,4391.68994140625,22.170000076293945,2.861999988555908,-0.07,,97.45323
2022-04-19,4.714000225067139,3212.5,1955.699951171875,25.391000747680664,102.55999755859376,100.95999908447266,4462.2099609375,21.3700008392334,2.9130001068115234,0.0,,97.45323
2022-04-20,4.649499893188477,3237.5,1952.300048828125,25.270000457763672,102.75,100.38999938964844,4459.4501953125,20.31999969482422,2.8399999141693115,-0.07,,97.45323
2022-04-21,4.703499794006348,3264.0,1944.9000244140625,24.621000289916992,103.79000091552734,100.58000183105467,4393.66015625,22.68000030517578,2.9170000553131104,-0.12,,97.45323
2022-04-22,4.582499980926514,3203.0,1931.0,24.256999969482425,102.06999969482422,101.22000122070312,4271.77978515625,28.209999084472656,2.9059998989105225,-0.08,,97.45323
2022-04-25,4.448999881744385,3054.5,1893.199951171875,23.667999267578125,98.54000091552734,101.75,4296.1201171875,27.020000457763672,2.825999975204468,-0.1,,97.45323
2022-04-26,4.440000057220459,3040.25,1901.4000244140625,23.54199981689453,101.6999969482422,102.3000030517578,4175.2001953125,33.52000045776367,2.7720000743865967,-0.08,,97.45323
2022-04-27,4.454500198364258,3066.5,1885.9000244140625,23.45800018310547,102.0199966430664,102.9499969482422,4183.9599609375,31.600000381469727,2.818000078201294,-0.06,,97.45323
2022-04-28,4.41349983215332,2997.75,1888.699951171875,23.128999710083008,105.36000061035156,103.62000274658205,4287.5,29.989999771118164,2.86299991607666,-0.12,,97.45323
2022-04-29,4.394999980926514,3049.75,1909.300048828125,23.040000915527344,104.69000244140624,102.95999908447266,4131.93017578125,33.400001525878906,2.88700008392334,0.01,,97.45323
2022-05-02,4.255499839782715,3049.75,1861.800048828125,22.54400062561035,105.16999816894533,103.73999786376952,4155.3798828125,32.34000015258789,2.996000051498413,0.18,,97.74925
2022-05-03,4.270999908447266,2900.0,1868.800048828125,22.621000289916992,102.41000366210938,103.47000122070312,4175.47998046875,29.25,2.9600000381469727,0.14,,97.74925
2022-05-04,4.328499794006348,2958.5,1867.0,22.36199951171875,107.80999755859376,102.58999633789062,4300.169921875,25.420000076293945,2.9170000553131104,0.07,,97.74925
2022-05-05,4.284999847412109,2896.5,1874.0,22.399999618530277,108.26000213623048,103.75,4146.8701171875,31.200000762939453,3.065999984741211,0.18,,97.74925
2022-05-06,4.261499881744385,2831.0,1881.199951171875,22.325000762939453,109.7699966430664,103.66000366210938,4123.33984375,30.190000534057617,3.122999906539917,0.26,,97.74925
2022-05-09,4.192999839782715,2740.75,1857.0999755859373,21.78199958801269,103.08999633789062,103.6500015258789,3991.239990234375,34.75,3.0789999961853027,0.3,,97.74925
2022-05-10,4.1545000076293945,2743.25,1839.9000244140625,21.38999938964844,99.76000213623048,103.91999816894533,4001.050048828125,32.9900016784668,2.993000030517578,0.34,,97.74925
2022-05-11,4.212500095367432,2769.25,1852.5999755859373,21.549999237060547,105.70999908447266,103.8499984741211,3935.179931640625,32.560001373291016,2.9210000038146973,0.21,,97.74925
2022-05-12,4.105000019073486,2730.75,1823.800048828125,20.756999969482425,106.12999725341795,104.8499984741211,3930.080078125,31.770000457763672,2.816999912261963,0.25,,97.74925
2022-05-13,4.180500030517578,2774.0,1807.4000244140625,20.983999252319336,110.48999786376952,104.55999755859376,4023.889892578125,28.8700008392334,2.934999942779541,0.24,,97.74925
2022-05-16,4.196499824523926,2808.75,1813.5,21.53499984741211,114.1999969482422,104.19000244140624,4008.010009765625,27.46999931335449,2.877000093460083,0.2,,97.74925
2022-05-17,4.239500045776367,2860.0,1818.199951171875,21.73699951171875,112.4000015258789,103.36000061035156,4088.85009765625,26.100000381469727,2.9679999351501465,0.27,,97.74925
2022-05-18,4.182000160217285,2831.25,1815.9000244140625,21.53300094604492,109.58999633789062,103.80999755859376,3923.679931640625,30.959999084472656,2.885999917984009,0.17,,97.74925
2022-05-19,4.284999847412109,2884.0,1841.199951171875,21.89800071716309,112.20999908447266,102.72000122070312,3900.7900390625,29.350000381469727,2.8550000190734863,0.25,,97.74925
2022-05-20,4.281000137329102,2927.25,1841.800048828125,21.66900062561035,113.2300033569336,103.1500015258789,3901.360107421875,29.43000030517578,2.7869999408721924,0.23,,97.74925
2022-05-23,4.347499847412109,2933.25,1847.800048828125,21.722999572753903,110.29000091552734,102.08000183105467,3973.75,28.479999542236328,2.858999967575073,0.26,,97.74925
2022-05-24,4.325500011444092,2874.5,1865.0999755859373,22.0629997253418,109.7699966430664,101.86000061035156,3941.47998046875,29.450000762939453,2.759999990463257,0.21,,97.74925
2022-05-25,4.276999950408936,2848.5,1846.199951171875,21.86000061035156,110.33000183105467,102.05999755859376,3978.72998046875,28.3700008392334,2.749000072479248,0.19,,97.74925
2022-05-26,4.255000114440918,2833.25,1847.4000244140625,21.94099998474121,114.08999633789062,101.83000183105467,4057.840087890625,27.5,2.75600004196167,0.13,,97.74925
2022-05-27,4.303999900817871,2850.0,1851.300048828125,22.059999465942383,115.06999969482422,101.66999816894533,4158.240234375,25.71999931335449,2.743000030517578,0.11,,97.74925
2022-05-31,4.295000076293945,2763.5,1842.699951171875,21.650999069213867,114.66999816894533,101.75,4132.14990234375,26.190000534057617,2.844000101089477,0.21,,97.74925
2022-06-01,4.329999923706055,2692.25,1843.300048828125,21.88400077819824,115.26000213623048,102.5500030517578,4101.22998046875,25.690000534057617,2.930999994277954,0.29,,98.04305
2022-06-02,4.553999900817871,2692.0,1866.5,22.253999710083008,116.87000274658205,101.7699966430664,4176.81982421875,24.71999931335449,2.9130001068115234,0.26,,98.04305
2022-06-03,4.477499961853027,2692.0,1845.4000244140625,21.88999938964844,118.87000274658205,102.13999938964844,4108.5400390625,24.790000915527344,2.9570000171661377,0.22,,98.04305
2022-06-06,4.439499855041504,2747.5,1839.199951171875,22.073999404907227,118.5,102.44000244140624,4121.43017578125,25.06999969482422,3.0380001068115234,0.28,,98.04305
2022-06-07,4.439499855041504,2742.5,1847.5,22.15900039672852,119.41000366210938,102.31999969482422,4160.68017578125,24.020000457763672,2.9719998836517334,0.25,,98.04305
2022-06-08,4.458499908447266,2786.75,1851.9000244140625,22.073999404907227,122.11000061035156,102.54000091552734,4115.77001953125,23.959999084472656,3.0290000438690186,0.28,,98.04305
2022-06-09,4.388999938964844,2727.75,1848.800048828125,21.79700088500977,121.51000213623048,103.22000122070312,4017.820068359375,26.09000015258789,3.0439999103546143,0.29,,98.04305
2022-06-10,4.301000118255615,2638.75,1871.5,21.913000106811523,120.66999816894533,104.1500015258789,3900.860107421875,27.75,3.1559998989105225,0.39,,98.04305
2022-06-13,4.21649980545044,2601.0,1828.0,21.23600006103516,120.93000030517578,105.08000183105467,3749.6298828125,34.02000045776367,3.365999937057495,0.69,,98.04305
2022-06-14,4.161499977111816,2531.25,1809.5,20.93600082397461,118.93000030517578,105.5199966430664,3735.47998046875,32.689998626708984,3.4830000400543213,0.89,,98.04305
2022-06-15,4.167500019073486,2562.25,1815.300048828125,21.402000427246094,115.30999755859376,105.16000366210938,3789.989990234375,29.6200008392334,3.3949999809265137,0.63,,98.04305
2022-06-16,4.111999988555908,2474.25,1845.699951171875,21.867000579833984,117.58999633789062,103.62999725341795,3666.77001953125,32.95000076293945,3.306999921798706,0.66,,98.04305
2022-06-17,4.017499923706055,2461.0,1835.5999755859373,21.572999954223636,109.55999755859376,104.6999969482422,3674.840087890625,31.1299991607666,3.239000082015991,0.67,,98.04305
2022-06-21,4.043000221252441,2490.0,1834.5999755859373,21.753999710083008,110.6500015258789,104.44000244140624,3764.7900390625,30.190000534057617,3.306999921798706,0.7,,98.04305
2022-06-22,3.951499938964844,2434.75,1834.300048828125,21.40699958801269,106.19000244140624,104.1999969482422,3759.889892578125,28.950000762939453,3.1559998989105225,0.62,,98.04305
2022-06-23,3.758500099182129,2436.0,1825.699951171875,21.03199958801269,104.2699966430664,104.43000030517578,3795.72998046875,29.049999237060547,3.068000078201294,0.59,,98.04305
2022-06-24,3.759999990463257,2411.5,1826.5,21.11599922180176,107.62000274658205,104.19000244140624,3911.739990234375,27.229999542236328,3.125,0.57,,98.04305
2022-06-27,3.7790000438690186,2460.75,1820.9000244140625,21.15900039672852,109.56999969482422,103.94000244140624,3900.110107421875,26.950000762939453,3.194000005722046,0.65,,98.04305
2022-06-28,3.783999919891357,2440.5,1817.5,20.79700088500977,111.76000213623048,104.51000213623048,3821.550048828125,28.36000061035156,3.2060000896453857,0.72,,98.04305
2022-06-29,3.7790000438690186,2422.75,1813.699951171875,20.667999267578125,109.77999877929688,105.11000061035156,3818.830078125,28.15999984741211,3.0929999351501465,0.74,,98.04305
2022-06-30,3.714499950408936,2401.5,1804.0999755859373,20.28199958801269,105.76000213623048,104.69000244140624,3785.3798828125,28.709999084472656,2.9719998836517334,0.65,,98.04305
2022-07-01,3.61899995803833,2389.25,1798.9000244140625,19.597000122070312,108.43000030517578,105.13999938964844,3825.330078125,26.700000762939453,2.888999938964844,0.54,,98.04398
2022-07-05,3.424999952316284,2342.0,1761.800048828125,19.052000045776367,99.5,106.5,3831.389892578125,27.540000915527344,2.809000015258789,0.52,,98.04398
2022-07-06,3.4179999828338623,2354.75,1734.9000244140625,19.084999084472656,98.52999877929688,107.0999984741211,3845.080078125,26.729999542236328,2.9130001068115234,0.64,,98.04398
2022-07-07,3.5820000171661377,2386.75,1737.9000244140625,19.121999740600582,102.7300033569336,107.12999725341795,3902.6201171875,26.07999992370605,3.007999897003174,0.68,,98.04398
2022-07-08,3.532000064849853,2383.75,1740.5999755859375,19.16699981689453,104.79000091552734,107.01000213623048,3899.3798828125,24.63999938964844,3.1010000705718994,0.72,,98.04398
2022-07-11,3.4375,2341.25,1730.0,19.066999435424805,104.08999633789062,108.0199966430664,3854.429931640625,26.170000076293945,2.990999937057495,0.67,,98.04398
2022-07-12,3.296499967575073,2321.75,1723.300048828125,18.89900016784668,95.83999633789062,108.06999969482422,3818.800048828125,27.290000915527344,2.9579999446868896,0.64,,98.04398
2022-07-13,3.325500011444092,2330.75,1734.199951171875,19.13800048828125,96.3000030517578,107.95999908447266,3801.780029296875,26.81999969482422,2.9040000438690186,0.6,,98.04398
2022-07-14,3.2105000019073486,2367.0,1704.5,18.16900062561035,95.77999877929688,108.54000091552734,3790.3798828125,26.399999618530277,2.9600000381469727,0.62,,98.04398
2022-07-15,3.234499931335449,2380.0,1702.4000244140625,18.54800033569336,97.58999633789062,108.05999755859376,3863.159912109375,24.229999542236328,2.930000066757202,0.57,,98.04398
2022-07-18,3.3480000495910645,2461.5,1709.199951171875,18.791000366210938,102.5999984741211,107.37000274658205,3830.85009765625,25.299999237060547,2.9600000381469727,0.59,,98.04398
2022-07-19,3.2915000915527344,2397.5,1710.0,18.670000076293945,104.22000122070312,106.68000030517578,3936.68994140625,24.5,3.0190000534057617,0.62,,98.04398
2022-07-20,3.3294999599456787,2435.25,1699.5,18.638999938964844,102.26000213623048,107.08000183105467,3959.89990234375,23.8799991607666,3.0360000133514404,0.66,,98.04398
2022-07-21,3.302000045776367,2427.5,1712.699951171875,18.687000274658203,96.3499984741211,106.91000366210938,3998.949951171875,23.11000061035156,2.9100000858306885,0.58,,98.04398
2022-07-22,3.3485000133514404,2483.0,1727.0999755859375,18.584999084472656,94.6999969482422,106.7300033569336,3961.6298828125,23.030000686645508,2.782999992370605,0.43,,98.04398
2022-07-25,3.3510000705718994,2426.25,1719.0,18.29400062561035,96.6999969482422,106.4800033569336,3966.840087890625,23.36000061035156,2.819999933242798,0.45,,98.04398
2022-07-26,3.382499933242798,2435.5,1717.699951171875,18.48699951171875,94.9800033569336,107.19000244140624,3921.050048828125,24.690000534057617,2.7869999408721924,0.45,,98.04398
2022-07-27,3.429500102996826,2427.5,1719.0999755859375,18.55299949645996,97.26000213623048,106.4499969482422,4023.610107421875,23.239999771118164,2.733999967575073,0.36,,98.04398
2022-07-28,3.4749999046325684,2457.0,1750.300048828125,19.82699966430664,96.41999816894533,106.3499984741211,4072.429931640625,22.32999992370605,2.680999994277954,0.2,,98.04398
2022-07-29,3.5840001106262207,2463.5,1762.9000244140625,20.1560001373291,98.62000274658205,105.9000015258789,4130.2900390625,21.32999992370605,2.6419999599456787,0.14,,98.04398
2022-08-01,3.552000045776367,2407.25,1769.0,20.32200050354004,93.88999938964844,105.4499969482422,4118.6298828125,22.84000015258789,2.6059999465942383,0.09,,98.05886
2022-08-02,3.524499893188477,2386.5,1771.0999755859375,20.104999542236328,94.41999816894533,106.23999786376952,4091.18994140625,23.93000030517578,2.740999937057495,0.27,,98.05886
2022-08-03,3.469500064849853,2349.5,1758.0,19.864999771118164,90.66000366210938,106.51000213623048,4155.169921875,21.950000762939453,2.747999906539917,0.23,,98.05886
2022-08-04,3.4830000400543213,2372.75,1788.5,20.099000930786133,88.54000091552734,105.69000244140624,4151.93994140625,21.440000534057617,2.6760001182556152,0.22,,98.05886
2022-08-05,3.552999973297119,2396.75,1772.9000244140625,19.819000244140625,89.01000213623047,106.62000274658205,4145.18994140625,21.149999618530277,2.8399999141693115,0.37,,98.05886
2022-08-08,3.587500095367432,2427.5,1786.800048828125,20.59199905395508,90.76000213623048,106.44000244140624,4140.06005859375,21.290000915527344,2.765000104904175,0.29,,98.05886
2022-08-09,3.5924999713897705,2470.75,1794.0,20.45800018310547,90.5,106.37000274658205,4122.47021484375,21.770000457763672,2.796999931335449,0.33,,98.05886
2022-08-10,3.6554999351501465,2472.75,1795.5999755859375,20.718000411987305,91.93000030517578,105.1999969482422,4210.240234375,19.739999771118164,2.7860000133514404,0.35,,98.05886
2022-08-11,3.7105000019073486,2505.25,1789.699951171875,20.326000213623047,94.33999633789062,105.08999633789062,4207.27001953125,20.200000762939453,2.888000011444092,0.4,,98.05886
2022-08-12,3.6760001182556152,2421.75,1798.5999755859375,20.677000045776367,92.08999633789062,105.62999725341795,4280.14990234375,19.530000686645508,2.8489999771118164,0.37,,98.05886
2022-08-15,3.628999948501587,2377.0,1781.4000244140625,20.250999450683597,89.41000366210938,106.5500030517578,4297.14013671875,19.950000762939453,2.7909998893737797,0.35,,98.05886
2022-08-16,3.6364998817443848,2381.0,1773.199951171875,20.065000534057617,86.52999877929688,106.5,4305.2001953125,19.690000534057617,2.8239998817443848,0.38,,98.05886
2022-08-17,3.5980000495910645,2397.75,1760.300048828125,19.711000442504883,88.11000061035156,106.56999969482422,4274.0400390625,19.899999618530277,2.8929998874664307,0.43,,98.05886
2022-08-18,3.6465001106262207,2393.5,1755.300048828125,19.447999954223636,90.5,107.4800033569336,4283.740234375,19.559999465942383,2.880000114440918,0.36,,98.05886
2022-08-19,3.683500051498413,2371.75,1747.5999755859375,19.058000564575195,90.7699966430664,108.16999816894533,4228.47998046875,20.600000381469727,2.989000082015991,0.43,,98.05886
2022-08-22,3.670500040054321,2377.25,1734.0,18.87299919128418,90.2300033569336,109.0500030517578,4137.990234375,23.799999237060547,3.0369999408721924,0.46,,98.05886
2022-08-23,3.704499959945679,2412.5,1746.800048828125,19.011999130249023,93.73999786376952,108.62000274658205,4128.72998046875,24.11000061035156,3.053999900817871,0.47,,98.05886
2022-08-24,3.660500049591065,2420.25,1747.800048828125,18.895000457763672,94.88999938964844,108.68000030517578,4140.77001953125,22.81999969482422,3.1059999465942383,0.49,,98.05886
2022-08-25,3.7105000019073486,2422.5,1757.699951171875,19.11100006103516,92.5199966430664,108.47000122070312,4199.1201171875,21.780000686645508,3.026000022888184,0.43,,98.05886
2022-08-26,3.7114999294281006,2484.0,1736.0999755859375,18.739999771118164,93.05999755859376,108.8000030517578,4057.659912109375,25.559999465942383,3.0350000858306885,0.47,,98.05886
2022-08-29,3.626499891281128,2481.25,1736.5999755859375,18.55500030517578,97.01000213623048,108.83999633789062,4030.610107421875,26.209999084472656,3.109999895095825,0.54,,98.05886
2022-08-30,3.5450000762939453,2373.5,1723.199951171875,18.15900039672852,91.63999938964844,108.7699966430664,3986.159912109375,26.209999084472656,3.109999895095825,0.56,,98.05886
2022-08-31,3.5185000896453857,2341.75,1712.800048828125,17.761999130249023,89.55000305175781,108.6999969482422,3955.0,25.8700008392334,3.132999897003174,0.67,,98.05886
2022-09-01,3.414499998092652,2277.25,1696.5999755859375,17.551000595092773,86.61000061035156,109.69000244140624,3966.85009765625,25.559999465942383,3.265000104904175,0.81,,97.95921
2022-09-02,3.421499967575073,2276.5,1709.800048828125,17.775999069213867,86.87000274658203,109.52999877929688,3924.260009765625,25.46999931335449,3.193000078201294,0.73,,97.95921
2022-09-06,3.469000101089477,2248.0,1700.4000244140625,17.795000076293945,86.87999725341797,110.20999908447266,3908.18994140625,26.90999984741211,3.3399999141693115,0.85,,97.95921
2022-09-07,3.437999963760376,2221.0,1715.300048828125,18.136999130249023,81.94000244140625,109.83999633789062,3979.8701171875,24.63999938964844,3.265000104904175,0.82,,97.95921
2022-09-08,3.5360000133514404,2240.25,1708.0,18.32999992370605,83.54000091552734,109.70999908447266,4006.179931640625,23.61000061035156,3.2920000553131104,0.88,,97.95921
2022-09-09,3.5810000896453857,2275.75,1716.199951171875,18.65800094604492,86.79000091552734,109.0,4067.360107421875,22.790000915527344,3.321000099182129,0.91,,97.95921
2022-09-12,3.625499963760376,2272.5,1728.0999755859375,19.7549991607666,87.77999877929688,108.33000183105467,4110.41015625,23.8700008392334,3.361999988555908,0.95,,97.95921
2022-09-13,3.5810000896453857,2299.5,1705.0,19.38999938964844,87.30999755859375,109.81999969482422,3932.68994140625,27.270000457763672,3.421999931335449,0.98,,97.95921
2022-09-14,3.5455000400543213,2259.25,1696.5,19.47100067138672,88.4800033569336,109.66000366210938,3946.010009765625,26.15999984741211,3.4119999408721924,0.95,,97.95921
2022-09-15,3.5234999656677246,2290.75,1665.4000244140625,19.174999237060547,85.0999984741211,109.73999786376952,3901.35009765625,26.270000457763672,3.4590001106262207,1.02,,97.95921
2022-09-16,3.561000108718872,2264.25,1671.699951171875,19.29599952697754,85.11000061035156,109.76000213623048,3873.330078125,26.299999237060547,3.447999954223633,1.07,,97.95921
2022-09-19,3.557499885559082,2235.5,1666.199951171875,19.27300071716309,85.7300033569336,109.73999786376952,3899.889892578125,25.76000022888184,3.490000009536743,1.15,,97.95921
2022-09-20,3.5480000972747803,2228.25,1659.699951171875,19.101999282836918,84.44999694824219,110.22000122070312,3855.929931640625,27.15999984741211,3.571000099182129,1.17,,97.95921
2022-09-21,3.51200008392334,2179.75,1664.5999755859375,19.410999298095703,82.94000244140625,110.63999938964844,3789.929931640625,27.989999771118164,3.509999990463257,1.13,,97.95921
2022-09-22,3.498500108718872,2207.75,1670.800048828125,19.54800033569336,83.48999786376953,111.3499984741211,3757.989990234375,27.350000381469727,3.7079999446868896,1.29,,97.95921
2022-09-23,3.371500015258789,2157.5,1645.300048828125,18.840999603271484,78.73999786376953,113.19000244140624,3693.22998046875,29.920000076293945,3.697000026702881,1.32,,97.95921
2022-09-26,3.313499927520752,2126.25,1623.300048828125,18.4060001373291,76.70999908447266,114.0999984741211,3655.0400390625,32.2599983215332,3.878000020980835,1.56,,97.95921
2022-09-27,3.322999954223633,2098.75,1626.699951171875,18.256999969482425,78.5,114.11000061035156,3647.2900390625,32.599998474121094,3.96399998664856,1.64,,97.95921
2022-09-28,3.381999969482422,2114.25,1660.4000244140625,18.79599952697754,82.1500015258789,112.5999984741211,3719.0400390625,30.18000030517578,3.704999923706055,1.39,,97.95921
2022-09-29,3.440000057220459,2192.75,1658.5,18.61100006103516,81.2300033569336,112.25,3640.469970703125,31.84000015258789,3.746999979019165,1.57,,97.95921
2022-09-30,3.441999912261963,2157.25,1662.4000244140625,18.959999084472656,79.48999786376953,112.12000274658205,3585.6201171875,31.6200008392334,3.803999900817871,1.68,,97.95921
2022-10-03,3.4579999446868896,2213.0,1692.9000244140625,20.518999099731445,83.62999725341797,111.75,3678.429931640625,30.100000381469727,3.651000022888184,1.43,,97.51028
2022-10-04,3.5179998874664307,2347.25,1721.0999755859375,21.03700065612793,86.5199966430664,110.06999969482422,3790.929931640625,29.06999969482422,3.617000102996826,1.38,,97.51028
2022-10-05,3.532500028610229,2359.25,1711.4000244140625,20.47900009155273,87.76000213623047,111.06999969482422,3783.280029296875,28.549999237060547,3.759000062942505,1.54,,97.51028
2022-10-06,3.4749999046325684,2355.0,1711.699951171875,20.59499931335449,88.44999694824219,112.26000213623048,3744.52001953125,30.520000457763672,3.825999975204468,1.61,,97.51028
2022-10-07,3.4124999046325684,2295.75,1700.5,20.191999435424805,92.63999938964844,112.8000030517578,3639.659912109375,31.36000061035156,3.882999897003174,1.62,,97.51028
2022-10-10,3.4535000324249268,2258.0,1667.300048828125,19.55599975585937,91.12999725341795,113.13999938964844,3612.389892578125,32.45000076293945,3.888000011444092,1.62,,97.51028
2022-10-11,3.4779999256134038,2245.25,1678.699951171875,19.427000045776367,89.3499984741211,113.22000122070312,3588.840087890625,33.630001068115234,3.938999891281128,1.62,,97.51028
2022-10-12,3.444499969482422,2312.25,1670.300048828125,18.87800025939941,87.2699966430664,113.31999969482422,3577.030029296875,33.56999969482422,3.901999950408936,1.62,,97.51028
2022-10-13,3.4674999713897705,2388.0,1670.0,18.857999801635746,89.11000061035156,112.36000061035156,3669.909912109375,31.940000534057617,3.95199990272522,1.63,,97.51028
2022-10-14,3.450500011444092,2337.75,1641.699951171875,18.01499938964844,85.61000061035156,113.30999755859376,3583.070068359375,32.02000045776367,4.010000228881836,1.59,,97.51028
2022-10-17,3.4554998874664307,2259.75,1657.0,18.673999786376957,85.45999908447266,112.04000091552734,3677.949951171875,31.3700008392334,4.014999866485596,1.57,,97.51028
2022-10-18,3.406500101089477,2204.5,1649.0,18.57099914550781,82.81999969482422,112.12999725341795,3719.97998046875,30.5,3.997999906539917,1.6,,97.51028
2022-10-19,3.3605000972747803,2187.0,1627.5,18.336000442504883,85.55000305175781,112.9800033569336,3695.159912109375,30.76000022888184,4.126999855041504,1.72,,97.51028
2022-10-20,3.450999975204468,2228.25,1630.800048828125,18.666000366210938,85.9800033569336,112.87999725341795,3665.780029296875,29.979999542236328,4.22599983215332,1.73,,97.51028
2022-10-21,3.5230000019073486,2223.5,1651.0,19.042999267578125,85.05000305175781,112.01000213623048,3752.75,29.690000534057617,4.2129998207092285,1.69,,97.51028
2022-10-24,3.4795000553131104,2192.75,1648.699951171875,19.173999786376957,84.58000183105469,111.98999786376952,3797.340087890625,29.850000381469727,4.234000205993652,1.66,,97.51028
2022-10-25,3.450500011444092,2228.5,1652.800048828125,19.339000701904297,85.31999969482422,110.9499969482422,3859.110107421875,28.459999084472656,4.107999801635742,1.59,,97.51028
2022-10-26,3.629499912261963,2352.5,1664.0,19.479999542236328,87.91000366210938,109.6999969482422,3830.60009765625,27.280000686645508,4.014999866485596,1.6,,97.51028
2022-10-27,3.625499963760376,2307.25,1660.699951171875,19.47800064086914,89.08000183105469,110.58999633789062,3807.300048828125,27.38999938964844,3.937000036239624,1.51,,97.51028
2022-10-28,3.4660000801086426,2210.75,1639.5999755859375,19.14699935913086,87.9000015258789,110.66999816894533,3901.06005859375,25.75,4.010000228881836,1.51,,97.51028
2022-10-31,3.4135000705718994,2229.0,1635.9000244140625,19.125,86.52999877929688,111.52999877929688,3871.97998046875,25.8799991607666,4.077000141143799,1.58,,97.51028
2022-11-01,3.509500026702881,2259.5,1645.0,19.67300033569336,88.37000274658203,111.4800033569336,3856.10009765625,25.809999465942383,4.052000045776367,1.56,,97.0727
2022-11-02,3.505500078201294,2266.5,1645.699951171875,19.600000381469727,90.0,111.3499984741211,3759.68994140625,25.86000061035156,4.059000015258789,1.57,,97.0727
2022-11-03,3.4565000534057617,2282.25,1627.300048828125,19.43600082397461,88.16999816894531,112.93000030517578,3719.889892578125,25.299999237060547,4.124000072479248,1.74,,97.0727
2022-11-04,3.714499950408936,2380.25,1672.5,20.790000915527344,92.61000061035156,110.87999725341795,3770.550048828125,24.549999237060547,4.156000137329102,1.69,,97.0727
2022-11-07,3.629499912261963,2354.5,1676.5,20.89800071716309,91.79000091552734,110.12000274658205,3806.800048828125,24.350000381469727,4.214000225067139,1.69,,97.0727
2022-11-08,3.705499887466431,2391.25,1712.0999755859375,21.476999282836918,88.91000366210938,109.62000274658205,3828.110107421875,25.540000915527344,4.125999927520752,1.64,,97.0727
2022-11-09,3.741499900817871,2329.75,1710.0999755859375,21.29800033569336,85.83000183105469,110.5500030517578,3748.570068359375,26.09000015258789,4.151000022888184,1.7,,97.0727
2022-11-10,3.796000003814697,2351.5,1750.300048828125,21.677000045776367,86.47000122070312,108.20999908447266,3956.3701171875,23.530000686645508,3.828999996185303,1.43,,97.0727
2022-11-11,3.950999975204468,2475.0,1766.0,21.645999908447266,88.95999908447266,106.29000091552734,3992.929931640625,22.520000457763672,3.812999963760376,1.43,,97.0727
2022-11-14,3.8550000190734863,2460.75,1773.5999755859375,22.09199905395508,85.87000274658203,106.66000366210938,3957.25,23.729999542236328,3.865000009536743,1.51,,97.0727
2022-11-15,3.839499950408936,2437.0,1773.800048828125,21.499000549316406,86.91999816894531,106.4000015258789,3991.72998046875,24.540000915527344,3.799000024795532,1.45,,97.0727
2022-11-16,3.788000106811523,2412.5,1773.0,21.503999710083008,85.58999633789062,106.27999877929688,3958.7900390625,24.11000061035156,3.691999912261963,1.38,,97.0727
2022-11-17,3.689500093460083,2393.0,1760.800048828125,20.95499992370605,81.63999938964844,106.69000244140624,3946.56005859375,23.93000030517578,3.775000095367432,1.49,,97.0727
2022-11-18,3.631999969482422,2428.0,1751.9000244140625,20.97599983215332,80.08000183105469,106.93000030517578,3965.340087890625,23.1200008392334,3.818000078201294,1.57,,97.0727
2022-11-21,3.571500062942505,2379.5,1737.4000244140625,20.849000930786133,79.7300033569336,107.83999633789062,3949.93994140625,22.36000061035156,3.825000047683716,1.52,,97.0727
2022-11-22,3.614500045776367,2428.75,1738.300048828125,21.03400039672852,80.94999694824219,107.22000122070312,4003.580078125,21.290000915527344,3.757999897003174,1.44,,97.0727
2022-11-23,3.617500066757202,2392.0,1744.9000244140625,21.35700035095215,77.94000244140625,106.08000183105467,4027.260009765625,20.350000381469727,3.7060000896453857,1.39,,97.0727
2022-11-25,3.626499891281128,2367.25,1753.300048828125,21.424999237060547,76.27999877929688,105.95999908447266,4026.1201171875,20.5,3.690999984741211,1.36,,97.0727
2022-11-28,3.61050009727478,2362.0,1740.0999755859375,20.90999984741211,77.23999786376953,106.68000030517578,3963.93994140625,22.209999084472656,3.703000068664551,1.43,,97.0727
2022-11-29,3.630000114440918,2365.25,1748.4000244140625,21.20400047302246,78.19999694824219,106.81999969482422,3957.6298828125,21.88999938964844,3.747999906539917,1.5,,97.0727
2022-11-30,3.7295000553131104,2460.5,1746.0,21.549999237060547,80.55000305175781,105.9499969482422,4080.110107421875,20.57999992370605,3.703000068664551,1.34,,97.0727
2022-12-01,3.813999891281128,2472.25,1801.0999755859375,22.636999130249023,81.22000122070312,104.7300033569336,4076.570068359375,19.84000015258789,3.5290000438690186,1.17,,97.27746
2022-12-02,3.848000049591065,2535.0,1795.9000244140625,23.038000106811523,79.9800033569336,104.5500030517578,4071.699951171875,19.059999465942383,3.50600004196167,1.08,,97.27746
2022-12-05,3.7894999980926514,2509.0,1767.4000244140625,22.198999404907227,76.93000030517578,105.29000091552734,3998.840087890625,20.75,3.5989999771118164,1.21,,97.27746
2022-12-06,3.811500072479248,2503.5,1769.300048828125,22.12299919128418,74.25,105.58000183105467,3941.260009765625,22.170000076293945,3.513000011444092,1.2,,97.27746
2022-12-07,3.8554999828338623,2484.25,1785.5,22.709999084472656,72.01000213623047,105.0999984741211,3933.919921875,22.68000030517578,3.407999992370605,1.16,,97.27746
2022-12-08,3.880500078201294,2496.5,1788.699951171875,23.0629997253418,71.45999908447266,104.7699966430664,3963.510009765625,22.290000915527344,3.490999937057495,1.2,,97.27746
2022-12-09,3.875999927520752,2465.25,1798.0999755859375,23.53499984741211,71.0199966430664,104.80999755859376,3934.3798828125,22.82999992370605,3.566999912261963,1.31,,97.27746
2022-12-12,3.798500061035156,2409.25,1780.5,23.21999931335449,73.16999816894531,105.12999725341795,3990.56005859375,25.0,3.611000061035156,1.33,,97.27746
2022-12-13,3.839499950408936,2458.25,1813.9000244140625,23.801000595092773,75.38999938964844,103.9800033569336,4019.64990234375,22.549999237060547,3.500999927520752,1.27,,97.27746
2022-12-14,3.875,2431.0,1807.5,23.94599914550781,77.27999877929688,103.7699966430664,3995.320068359375,21.13999938964844,3.503000020980835,1.3,,97.27746
2022-12-15,3.763000011444092,2383.0,1777.199951171875,23.12800025939941,76.11000061035156,104.55999755859376,3895.75,22.82999992370605,3.450000047683716,1.28,,97.27746
2022-12-16,3.7614998817443848,2388.5,1790.0,23.150999069213867,74.29000091552734,104.6999969482422,3852.360107421875,22.6200008392334,3.4820001125335693,1.35,,97.27746
2022-12-19,3.7829999923706055,2364.25,1787.699951171875,23.02899932861328,75.19000244140625,104.72000122070312,3817.659912109375,22.420000076293945,3.5810000896453857,1.42,,97.27746
2022-12-20,3.797499895095825,2377.0,1815.9000244140625,24.0939998626709,76.08999633789062,103.97000122070312,3821.6201171875,21.479999542236328,3.684000015258789,1.45,,97.27746
2022-12-21,3.805999994277954,2402.0,1815.9000244140625,24.03499984741211,78.29000091552734,104.16000366210938,3878.43994140625,20.06999969482422,3.684000015258789,1.41,,97.27746
2022-12-22,3.751499891281128,2421.5,1787.0,23.47599983215332,77.48999786376953,104.43000030517578,3822.389892578125,21.96999931335449,3.6689999103546143,1.48,,97.27746
2022-12-23,3.802999973297119,2413.5,1795.9000244140625,23.763999938964844,79.55999755859375,104.30999755859376,3844.820068359375,20.8700008392334,3.750999927520752,1.55,,97.27746
2022-12-27,3.8334999084472656,2411.25,1814.800048828125,24.040000915527344,79.52999877929688,104.18000030517578,3829.25,21.649999618530277,3.859999895095825,1.58,,97.27746
2022-12-28,3.8320000171661377,2396.0,1807.9000244140625,23.663000106811523,78.95999908447266,104.45999908447266,3783.219970703125,22.13999938964844,3.88700008392334,1.6,,97.27746
2022-12-29,3.821000099182129,2426.5,1819.5,24.077999114990234,78.4000015258789,103.83999633789062,3849.280029296875,21.440000534057617,3.8350000381469727,1.56,,97.27746
2022-12-30,3.805500030517578,2410.25,1819.699951171875,23.86199951171875,80.26000213623047,103.5199966430664,3839.5,21.670000076293945,3.878999948501587,1.58,,97.27746
2023-01-03,3.766000032424927,2325.25,1839.699951171875,24.05900001525879,76.93000030517578,104.5199966430664,3824.139892578125,22.899999618530277,3.7929999828338623,1.53,,98.43154
2023-01-04,3.739500045776367,2270.0,1852.800048828125,23.79199981689453,72.83999633789062,104.25,3852.969970703125,22.01000022888184,3.7090001106262207,1.47,,98.43154
2023-01-05,3.818000078201294,2262.75,1834.800048828125,23.257999420166016,73.66999816894531,105.04000091552734,3808.10009765625,22.459999084472656,3.7200000286102295,1.49,,98.43154
2023-01-06,3.908499956130981,2285.25,1864.199951171875,23.82200050354004,73.7699966430664,103.87999725341795,3895.080078125,21.1299991607666,3.569000005722046,1.34,,98.43154
2023-01-09,4.018499851226807,2443.25,1872.699951171875,23.71199989318848,74.62999725341797,103.0,3892.090087890625,21.96999931335449,3.5169999599456787,1.31,,98.43154
2023-01-10,4.066999912261963,2465.0,1871.5999755859373,23.506999969482425,75.12000274658203,103.23999786376952,3919.25,20.57999992370605,3.621000051498413,1.37,,98.43154
2023-01-11,4.1545000076293945,2506.25,1874.5999755859373,23.32699966430664,77.41000366210938,103.19000244140624,3969.610107421875,21.09000015258789,3.553999900817871,1.31,,98.43154
2023-01-12,4.185999870300293,2551.0,1895.5,23.863000869750977,78.38999938964844,102.25,3983.169921875,18.82999992370605,3.4489998817443848,1.22,,98.43154
2023-01-13,4.207499980926514,2602.0,1918.4000244140625,24.231000900268555,79.86000061035156,102.1999969482422,3999.090087890625,18.350000381469727,3.510999917984009,1.31,,98.43154
2023-01-17,4.215000152587891,2628.25,1907.199951171875,23.944000244140625,80.18000030517578,102.38999938964844,3990.969970703125,19.36000061035156,3.5350000858306885,1.36,,98.43154
2023-01-18,4.228499889373779,2643.75,1904.4000244140625,23.530000686645508,79.4800033569336,102.36000061035156,3928.860107421875,20.34000015258789,3.375,1.25,,98.43154
2023-01-19,4.226500034332275,2589.75,1922.0999755859373,23.753999710083008,80.33000183105469,102.05999755859376,3898.85009765625,20.520000457763672,3.3970000743865967,1.19,,98.43154
2023-01-20,4.248499870300293,2608.75,1926.4000244140625,23.82999992370605,81.30999755859375,102.01000213623048,3972.610107421875,19.850000381469727,3.483999967575073,1.25,,98.43154
2023-01-23,4.254000186920166,2650.5,1927.0999755859373,23.45199966430664,81.62000274658203,102.13999938964844,4019.81005859375,19.809999465942383,3.525000095367432,1.24,,98.43154
2023-01-24,4.245500087738037,2665.0,1933.9000244140625,23.64900016784668,80.12999725341797,101.91999816894533,4016.949951171875,19.200000762939453,3.469000101089477,1.19,,98.43154
2023-01-25,4.239999771118164,2670.75,1941.199951171875,23.839000701904297,80.1500015258789,101.63999938964844,4016.219970703125,19.07999992370605,3.461999893188477,1.17,,98.43154
2023-01-26,4.267000198364258,2656.5,1929.0999755859373,23.93000030517578,81.01000213623047,101.83999633789062,4060.429931640625,18.729999542236328,3.493000030517578,1.16,,98.43154
2023-01-27,4.223999977111816,2638.75,1928.5999755859373,23.527000427246094,79.68000030517578,101.93000030517578,4070.56005859375,18.51000022888184,3.5179998874664307,1.19,,98.43154
2023-01-30,4.203499794006348,2595.0,1922.9000244140625,23.645000457763672,77.9000015258789,102.27999877929688,4017.77001953125,19.940000534057617,3.5510001182556152,1.26,,98.43154
2023-01-31,4.228499889373779,2639.0,1929.5,23.74799919128418,78.87000274658203,102.0999984741211,4076.60009765625,19.399999618530277,3.5290000438690186,1.28,,98.43154
2023-02-01,4.111000061035156,2608.5,1927.800048828125,23.520999908447266,76.41000366210938,101.22000122070312,4119.2099609375,17.8700008392334,3.3970000743865967,1.14,,99.45332
2023-02-02,4.093999862670898,2605.5,1916.300048828125,23.53400039672852,75.87999725341797,101.75,4179.759765625,18.729999542236328,3.3959999084472656,1.18,,99.45332
2023-02-03,4.063000202178955,2550.0,1862.9000244140625,22.333999633789062,73.38999938964844,102.91999816894533,4136.47998046875,18.32999992370605,3.532000064849853,1.31,,99.45332
2023-02-06,4.043499946594238,2515.75,1866.199951171875,22.177000045776367,74.11000061035156,103.62000274658205,4111.080078125,19.43000030517578,3.634000062942505,1.38,,99.45332
2023-02-07,4.088500022888184,2518.5,1871.699951171875,22.117000579833984,77.13999938964844,103.43000030517578,4164.0,18.65999984741211,3.674000024795532,1.36,,99.45332
2023-02-08,4.043499946594238,2468.25,1877.4000244140625,22.367000579833984,78.47000122070312,103.41000366210938,4117.85986328125,19.6299991607666,3.6530001163482666,1.29,,99.45332
2023-02-09,4.105500221252441,2487.5,1866.199951171875,22.097000122070312,78.05999755859375,103.22000122070312,4081.5,20.709999084472656,3.683000087738037,1.34,,99.45332
2023-02-10,4.027500152587891,2429.0,1862.800048828125,22.03400039672852,79.72000122070312,103.62999725341795,4090.4599609375,20.530000686645508,3.74399995803833,1.41,,99.45332
2023-02-13,4.086999893188477,2389.0,1851.9000244140625,21.81800079345703,80.13999938964844,103.3499984741211,4137.2900390625,20.34000015258789,3.7170000076293945,1.41,,99.45332
2023-02-14,4.110000133514404,2381.0,1854.0,21.84199905395508,79.05999755859375,103.2300033569336,4136.1298828125,18.90999984741211,3.760999917984009,1.46,,99.45332
2023-02-15,4.052000045776367,2354.75,1834.199951171875,21.54599952697754,78.58999633789062,103.91999816894533,4147.60009765625,18.229999542236328,3.809000015258789,1.46,,99.45332
2023-02-16,4.165500164031982,2362.5,1842.0,21.68400001525879,78.48999786376953,103.86000061035156,4090.409912109375,20.170000076293945,3.8429999351501465,1.49,,99.45332
2023-02-17,4.113999843597412,2343.75,1840.4000244140625,21.694000244140625,76.33999633789062,103.86000061035156,4079.090087890625,20.020000457763672,3.828000068664551,1.46,,99.45332
2023-02-21,4.234499931335449,2411.5,1833.0,21.86899948120117,76.16000366210938,104.18000030517578,3997.340087890625,22.8700008392334,3.954999923706055,1.53,,99.45332
2023-02-22,4.202499866485596,2361.5,1832.0,21.660999298095703,73.94999694824219,104.58999633789062,3991.050048828125,22.290000915527344,3.92300009727478,1.52,,99.45332
2023-02-23,4.072999954223633,2339.75,1818.0,21.298999786376957,75.38999938964844,104.5999984741211,4012.320068359375,21.13999938964844,3.878999948501587,1.49,,99.45332
2023-02-24,3.954999923706055,2294.5,1808.800048828125,20.80599975585937,76.31999969482422,105.20999908447266,3970.0400390625,21.670000076293945,3.9489998817443848,1.57,,99.45332
2023-02-27,4.008999824523926,2327.0,1817.0,20.670000076293945,75.68000030517578,104.66999816894533,3982.239990234375,20.950000762939453,3.921999931335449,1.56,,99.45332
2023-02-28,4.097499847412109,2323.5,1828.9000244140625,20.961000442504883,77.05000305175781,104.87000274658205,3970.14990234375,20.700000762939453,3.9159998893737793,1.49,,99.45332
2023-03-01,4.168000221252441,2379.25,1837.699951171875,20.958999633789062,77.69000244140625,104.4800033569336,3951.389892578125,20.57999992370605,3.99399995803833,1.57,,99.38416
2023-03-02,4.084000110626221,2367.25,1833.5,20.766000747680664,78.16000366210938,105.02999877929688,3981.35009765625,19.59000015258789,4.072999954223633,1.6,,99.38416
2023-03-03,4.078000068664551,2369.75,1847.699951171875,21.093000411987305,79.68000030517578,104.5199966430664,4045.639892578125,18.489999771118164,3.96399998664856,1.45,,99.38416
2023-03-06,4.100500106811523,2368.75,1847.9000244140625,20.983999252319336,80.45999908447266,104.3499984741211,4048.419921875,18.61000061035156,3.983000040054321,1.49,,99.38416
2023-03-07,3.986500024795532,2328.75,1813.9000244140625,20.054000854492188,77.58000183105469,105.62000274658205,3986.3701171875,19.59000015258789,3.974999904632568,1.59,,99.38416
2023-03-08,4.041500091552734,2327.5,1812.699951171875,20.0049991607666,76.66000366210938,105.66000366210938,3992.010009765625,19.11000061035156,3.9760000705718994,1.66,,99.38416
2023-03-09,4.054500102996826,2306.0,1829.300048828125,20.024999618530277,75.72000122070312,105.30999755859376,3918.320068359375,22.61000061035156,3.924999952316284,1.63,,99.38416
2023-03-10,4.045499801635742,2291.75,1862.0,20.375,76.68000030517578,104.58000183105467,3861.590087890625,24.799999237060547,3.694999933242798,1.44,,99.38416
2023-03-13,4.069499969482422,2299.5,1911.699951171875,21.792999267578125,74.80000305175781,103.5999984741211,3855.760009765625,26.520000457763672,3.515000104904175,1.31,,99.38416
2023-03-14,4.010499954223633,2316.75,1906.199951171875,21.929000854492188,71.33000183105469,103.5999984741211,3919.2900390625,23.729999542236328,3.638000011444092,1.33,,99.38416
2023-03-15,3.8564999103546143,2242.5,1926.5999755859373,21.77400016784668,67.61000061035156,104.6500015258789,3891.929931640625,26.13999938964844,3.492000102996826,1.22,,99.38416
2023-03-16,3.885499954223633,2233.25,1919.0,21.58799934387207,68.3499984741211,104.41999816894533,3960.280029296875,22.989999771118164,3.5850000381469727,1.34,,99.38416
2023-03-17,3.9135000705718994,2229.25,1969.800048828125,22.35099983215332,66.73999786376953,103.70999908447266,3916.639892578125,25.51000022888184,3.3949999809265137,1.29,,99.38416
2023-03-20,3.975500106811523,2240.5,1979.199951171875,22.53300094604492,67.63999938964844,103.27999877929688,3951.570068359375,24.149999618530277,3.4809999465942383,1.33,,99.38416
2023-03-21,4.018499851226807,2243.75,1938.0,22.323999404907227,69.33000183105469,103.26000213623048,4002.8701171875,21.3799991607666,3.6059999465942383,1.36,,99.38416
2023-03-22,4.06850004196167,2266.25,1946.800048828125,22.674999237060547,70.9000015258789,102.3499984741211,3936.969970703125,22.26000022888184,3.5,1.2,,99.38416
2023-03-23,4.145999908447266,2298.5,1993.800048828125,23.143999099731445,69.95999908447266,102.52999877929688,3948.719970703125,22.61000061035156,3.4059998989105225,1.19,,99.38416
2023-03-24,4.101500034332275,2308.0,1982.0999755859373,23.246999740600582,69.26000213623047,103.12000274658205,3970.989990234375,21.739999771118164,3.380000114440918,1.16,,99.38416
2023-03-27,4.104499816894531,2341.75,1952.4000244140625,23.054000854492188,72.80999755859375,102.86000061035156,3977.530029296875,20.600000381469727,3.5280001163482666,1.29,,99.38416
2023-03-28,4.111999988555908,2370.25,1972.4000244140625,23.323999404907227,73.19999694824219,102.43000030517578,3971.27001953125,19.96999931335449,3.563999891281128,1.24,,99.38416
2023-03-29,4.114999771118164,2360.0,1966.0999755859373,23.375999450683597,72.97000122070312,102.63999938964844,4027.81005859375,19.1200008392334,3.565999984741211,1.24,,99.38416
2023-03-30,4.090499877929688,2363.5,1980.300048828125,23.902000427246094,74.37000274658203,102.13999938964844,4050.830078125,19.020000457763672,3.5510001182556152,1.21,,99.38416
2023-03-31,4.104499816894531,2383.75,1969.0,24.076000213623047,75.66999816894531,102.51000213623048,4109.31005859375,18.700000762939453,3.49399995803833,1.16,,99.38416
2023-04-03,4.059500217437744,2378.75,1983.9000244140625,23.94099998474121,80.41999816894531,102.08999633789062,4124.509765625,18.549999237060547,3.430000066757202,1.14,,98.51649
2023-04-04,3.983500003814697,2348.25,2022.199951171875,25.02199935913086,80.70999908447266,101.58999633789062,4100.60009765625,19.0,3.336999893188477,1.1,,98.51649
2023-04-05,3.997999906539917,2315.5,2020.9000244140625,24.96299934387207,80.61000061035156,101.8499984741211,4090.3798828125,19.07999992370605,3.2869999408721924,1.07,,98.51649
2023-04-06,4.026000022888184,2325.0,2011.9000244140625,25.024999618530277,80.69999694824219,101.81999969482422,4105.02001953125,18.399999618530277,3.2880001068115234,1.06,,98.51649
2023-04-10,3.986500024795532,2324.75,1989.0999755859373,24.84600067138672,79.73999786376953,102.58000183105467,4109.10986328125,18.96999931335449,3.414999961853028,1.14,,98.51649
2023-04-11,4.024499893188477,2295.25,2004.800048828125,25.131000518798828,81.52999877929688,102.1999969482422,4108.93994140625,19.100000381469727,3.434000015258789,1.14,,98.51649
2023-04-12,4.084499835968018,2316.0,2010.9000244140625,25.40399932861328,83.26000213623047,101.5,4091.949951171875,19.09000015258789,3.4210000038146973,1.14,,98.51649
2023-04-13,4.124000072479248,2365.75,2041.300048828125,25.874000549316406,82.16000366210938,101.01000213623048,4146.22021484375,17.799999237060547,3.45199990272522,1.16,,98.51649
2023-04-14,4.107500076293945,2379.0,2002.199951171875,25.423999786376957,82.5199966430664,101.5500030517578,4137.64013671875,17.06999969482422,3.5220000743865967,1.22,,98.51649
2023-04-17,4.065999984741211,2377.75,1994.199951171875,25.05299949645996,80.83000183105469,102.0999984741211,4151.31982421875,16.950000762939453,3.5910000801086426,1.28,,98.51649
2023-04-18,4.089499950408936,2428.75,2007.4000244140625,25.24799919128418,80.86000061035156,101.75,4154.8701171875,16.829999923706055,3.572000026702881,1.3,,98.51649
2023-04-19,4.072000026702881,2442.5,1995.199951171875,25.36599922180176,79.16000366210938,101.97000122070312,4154.52001953125,16.459999084472656,3.601999998092652,1.32,,98.51649
2023-04-20,4.021999835968018,2422.25,2007.5999755859373,25.368000030517575,77.29000091552734,101.83999633789062,4129.7900390625,17.170000076293945,3.5450000762939453,1.28,,98.51649
2023-04-21,3.9800000190734863,2386.75,1979.5,25.05299949645996,77.87000274658203,101.81999969482422,4133.52001953125,16.770000457763672,3.569999933242798,1.29,,98.51649
2023-04-24,3.953000068664551,2375.25,1989.0999755859373,25.30599975585937,78.76000213623047,101.3499984741211,4137.0400390625,16.889999389648438,3.515000104904175,1.24,,98.51649
2023-04-25,3.845999956130981,2329.25,1994.0,24.87700080871582,77.06999969482422,101.86000061035156,4071.6298828125,18.76000022888184,3.3959999084472656,1.15,,98.51649
2023-04-26,3.849999904632568,2318.5,1985.699951171875,24.871000289916992,74.30000305175781,101.47000122070312,4055.989990234375,18.84000015258789,3.431999921798706,1.18,,98.51649
2023-04-27,3.864500045776367,2311.5,1989.9000244140625,24.982999801635746,74.76000213623047,101.5,4135.35009765625,17.030000686645508,3.5280001163482666,1.26,,98.51649
2023-04-28,3.869999885559082,2359.75,1990.0999755859373,24.999000549316406,76.77999877929688,101.66999816894533,4169.47998046875,15.779999732971191,3.45199990272522,1.26,,98.51649
2023-05-01,3.9170000553131104,2390.75,1983.4000244140625,25.00900077819824,75.66000366210938,102.1500015258789,4167.8701171875,16.079999923706055,3.5739998817443848,1.36,,97.86096
2023-05-02,3.848000049591065,2382.75,2014.300048828125,25.40399932861328,71.66000366210938,101.95999908447266,4119.580078125,17.780000686645508,3.438999891281128,1.24,,97.86096
2023-05-03,3.8315000534057617,2330.75,2028.5999755859373,25.47599983215332,68.5999984741211,101.33999633789062,4090.75,18.34000015258789,3.4030001163482666,1.18,,97.86096
2023-05-04,3.849999904632568,2300.5,2048.0,26.03499984741211,68.55999755859375,101.4000015258789,4061.219970703125,20.09000015258789,3.3510000705718994,1.18,,97.86096
2023-05-05,3.871500015258789,2329.5,2017.4000244140625,25.743000030517575,71.33999633789062,101.20999908447266,4136.25,17.190000534057617,3.446000099182129,1.23,,97.86096
2023-05-08,3.9179999828338623,2314.25,2026.300048828125,25.63599967956543,73.16000366210938,101.37000274658205,4138.1201171875,16.979999542236328,3.5209999084472656,1.29,,97.86096
2023-05-09,3.888999938964844,2333.75,2036.199951171875,25.697999954223636,73.70999908447266,101.63999938964844,4119.169921875,17.709999084472656,3.5209999084472656,1.3,,97.86096
2023-05-10,3.828000068664551,2284.75,2030.5,25.461000442504883,72.55999755859375,101.4800033569336,4137.64013671875,16.940000534057617,3.438999891281128,1.26,,97.86096
2023-05-11,3.697499990463257,2216.5,2014.699951171875,24.2549991607666,70.87000274658203,102.05999755859376,4130.6201171875,16.93000030517578,3.3970000743865967,1.23,,97.86096
2023-05-12,3.7165000438690186,2238.25,2014.5,23.992000579833984,70.04000091552734,102.68000030517578,4124.080078125,17.030000686645508,3.463000059127808,1.28,,97.86096
2023-05-15,3.737499952316284,2250.25,2018.0,24.12700080871582,71.11000061035156,102.43000030517578,4136.27978515625,17.1200008392334,3.507999897003174,1.31,,97.86096
2023-05-16,3.6545000076293945,2260.0,1988.4000244140625,23.73699951171875,70.86000061035156,102.55999755859376,4109.89990234375,17.989999771118164,3.549000024795532,1.35,,97.86096
2023-05-17,3.743000030517578,2295.75,1980.699951171875,23.75200080871582,72.83000183105469,102.87999725341795,4158.77001953125,16.8700008392334,3.5810000896453857,1.35,,97.86096
2023-05-18,3.68149995803833,2286.75,1956.5,23.4950008392334,71.86000061035156,103.58000183105467,4198.0498046875,16.049999237060547,3.6480000019073486,1.42,,97.86096
2023-05-19,3.722500085830689,2300.0,1978.699951171875,23.920000076293945,71.55000305175781,103.1999969482422,4191.97998046875,16.809999465942383,3.691999912261963,1.46,,97.86096
2023-05-22,3.674000024795532,2290.5,1974.800048828125,23.71500015258789,71.98999786376953,103.1999969482422,4192.6298828125,17.209999084472656,3.7190001010894775,1.48,,97.86096
2023-05-23,3.641499996185303,2255.0,1972.4000244140625,23.474000930786133,72.91000366210938,103.48999786376952,4145.580078125,18.530000686645508,3.697999954223633,1.44,,97.86096
2023-05-24,3.553499937057495,2230.0,1962.800048828125,23.114999771118164,74.33999633789062,103.88999938964844,4115.240234375,20.030000686645508,3.7190001010894775,1.48,,97.86096
2023-05-25,3.5804998874664307,2233.25,1943.0999755859373,22.785999298095703,71.83000183105469,104.20999908447266,4151.27978515625,19.13999938964844,3.813999891281128,1.58,,97.86096
2023-05-26,3.673500061035156,2245.0,1944.0999755859373,23.239999771118164,72.66999816894531,104.20999908447266,4205.4501953125,17.950000762939453,3.809999942779541,1.57,,97.86096
2023-05-30,3.6579999923706055,2227.75,1958.0,23.125,69.45999908447266,104.16999816894533,4205.52001953125,17.459999084472656,3.700000047683716,1.47,,97.86096
2023-05-31,3.63100004196167,2255.5,1963.9000244140625,23.474000930786133,68.08999633789062,104.31999969482422,4179.830078125,17.940000534057617,3.63700008392334,1.46,,97.86096
2023-06-01,3.7065000534057617,2299.25,1978.0,23.875,70.0999984741211,103.55999755859376,4221.02001953125,15.649999618530272,3.608000040054321,1.45,,97.69241
2023-06-02,3.722500085830689,2269.5,1952.4000244140625,23.64299964904785,71.73999786376953,104.0199966430664,4282.3701171875,14.600000381469728,3.690999984741211,1.51,,97.69241
2023-06-05,3.762500047683716,2240.5,1958.0,23.53400039672852,72.1500015258789,104.0,4273.7900390625,14.729999542236328,3.693000078201294,1.5,,97.69241
2023-06-06,3.766999959945679,2204.75,1965.5,23.573999404907227,71.73999786376953,104.12999725341795,4283.85009765625,13.960000038146973,3.6989998817443848,1.5,,97.69241
2023-06-07,3.754499912261963,2207.25,1942.699951171875,23.43899917602539,72.52999877929688,104.0999984741211,4267.52001953125,13.9399995803833,3.783999919891357,1.58,,97.69241
2023-06-08,3.796499967575073,2240.75,1963.5999755859373,24.263999938964844,71.29000091552734,103.33999633789062,4293.93017578125,13.649999618530272,3.71399998664856,1.53,,97.69241
2023-06-09,3.7890000343322754,2254.25,1962.199951171875,24.333999633789062,70.16999816894531,103.55999755859376,4298.85986328125,13.829999923706056,3.744999885559082,1.55,,97.69241
2023-06-12,3.750499963760376,2211.25,1955.300048828125,23.98500061035156,67.12000274658203,103.62999725341795,4338.93017578125,15.010000228881836,3.765000104904175,1.56,,97.69241
2023-06-13,3.828500032424927,2220.75,1944.5999755859373,23.756000518798828,69.41999816894531,103.33999633789062,4369.009765625,14.609999656677246,3.83899998664856,1.64,,97.69241
2023-06-14,3.865999937057495,2243.75,1955.300048828125,24.04400062561035,68.2699966430664,103.01000213623048,4372.58984375,13.880000114440918,3.796000003814697,1.62,,97.69241
2023-06-15,3.8965001106262207,2227.75,1957.800048828125,23.891000747680664,70.62000274658203,102.12000274658205,4425.83984375,14.5,3.7279999256134033,1.51,,97.69241
2023-06-16,3.884500026702881,2252.5,1958.4000244140625,24.076000213623047,71.77999877929688,102.3000030517578,4409.58984375,13.539999961853027,3.7690000534057617,1.55,,97.69241
2023-06-20,3.878499984741211,2217.5,1935.5,23.19300079345703,70.5,102.54000091552734,4388.7099609375,13.880000114440918,3.7290000915527344,1.52,,97.69241
2023-06-21,3.91100001335144,2223.0,1933.300048828125,22.77400016784668,72.52999877929688,102.06999969482422,4365.68994140625,13.199999809265137,3.723000049591065,1.51,,97.69241
2023-06-22,3.888499975204468,2203.0,1912.699951171875,22.43600082397461,69.51000213623047,102.38999938964844,4381.89013671875,12.90999984741211,3.799000024795532,1.56,,97.69241
2023-06-23,3.805999994277954,2168.25,1919.0999755859373,22.327999114990234,69.16000366210938,102.9000015258789,4348.330078125,13.4399995803833,3.739000082015991,1.53,,97.69241
2023-06-26,3.786499977111816,2149.5,1923.699951171875,22.80500030517578,69.37000274658203,102.69000244140624,4328.81982421875,14.25,3.7190001010894775,1.54,,97.69241
2023-06-27,3.7815001010894775,2170.0,1914.0,22.93899917602539,67.69999694824219,102.48999786376952,4378.41015625,13.739999771118164,3.767999887466431,1.57,,97.69241
2023-06-28,3.7204999923706055,2148.25,1912.300048828125,22.868000030517575,69.55999755859375,102.91000366210938,4376.85986328125,13.43000030517578,3.7100000381469727,1.53,,97.69241
2023-06-29,3.677500009536743,2126.0,1909.199951171875,22.590999603271484,69.86000061035156,103.33999633789062,4396.43994140625,13.539999961853027,3.8540000915527344,1.65,,97.69241
2023-06-30,3.740999937057495,2114.75,1921.0999755859373,22.809999465942383,70.63999938964844,102.91000366210938,4450.3798828125,13.59000015258789,3.819000005722046,1.59,,97.69241
2023-07-03,3.7790000438690186,2112.75,1921.699951171875,22.895999908447266,69.79000091552734,102.98999786376952,4455.58984375,13.56999969482422,3.858000040054321,1.61,,97.86134
2023-07-05,3.753499984741211,2119.25,1919.5999755859373,23.19700050354004,71.79000091552734,103.37000274658205,4446.81982421875,14.18000030517578,3.944999933242798,1.69,,97.86134
2023-07-06,3.7200000286102295,2103.0,1908.699951171875,22.68600082397461,71.80000305175781,103.16999816894533,4411.58984375,15.4399995803833,4.040999889373779,1.78,,97.86134
2023-07-07,3.766999959945679,2111.25,1926.199951171875,23.09199905395508,73.86000061035156,102.2699966430664,4398.9501953125,14.829999923706056,4.050000190734863,1.79,,97.86134
2023-07-10,3.7715001106262207,2115.5,1925.0,23.150999069213867,72.98999786376953,101.97000122070312,4409.52978515625,15.06999969482422,4.00600004196167,1.76,,97.86134
2023-07-11,3.753499984741211,2127.5,1931.300048828125,23.086000442504883,74.83000183105469,101.7300033569336,4439.259765625,14.84000015258789,3.9800000190734863,1.75,,97.86134
2023-07-12,3.8420000076293945,2193.75,1956.199951171875,24.11899948120117,75.75,100.5199966430664,4472.16015625,13.539999961853027,3.861000061035156,1.6,,97.86134
2023-07-13,3.929500102996826,2242.0,1959.199951171875,24.76799964904785,76.88999938964844,99.7699966430664,4510.0400390625,13.609999656677246,3.760999917984009,1.52,,97.86134
2023-07-14,3.921999931335449,2235.0,1960.0999755859373,25.013999938964844,75.41999816894531,99.91000366210938,4505.419921875,13.34000015258789,3.819000005722046,1.59,,97.86134
2023-07-17,3.8320000171661377,2207.0,1952.4000244140625,24.8439998626709,74.1500015258789,99.83999633789062,4522.7900390625,13.479999542236328,3.796999931335449,1.56,,97.86134
2023-07-18,3.815999984741211,2164.25,1977.199951171875,25.083999633789062,75.75,99.94000244140624,4554.97998046875,13.300000190734863,3.7890000343322754,1.57,,97.86134
2023-07-19,3.799499988555908,2137.25,1977.5,25.2189998626709,75.3499984741211,100.27999877929688,4565.72021484375,13.760000228881836,3.742000102996826,1.53,,97.86134
2023-07-20,3.817500114440918,2143.25,1968.300048828125,24.80500030517578,75.62999725341797,100.87999725341795,4534.8701171875,13.989999771118164,3.8540000915527344,1.5,,97.86134
2023-07-21,3.802999973297119,2148.0,1964.300048828125,24.697999954223636,77.06999969482422,101.06999969482422,4536.33984375,13.600000381469728,3.836999893188477,1.49,,97.86134
2023-07-24,3.8405001163482666,2153.75,1960.300048828125,24.43600082397461,78.73999786376953,101.3499984741211,4554.64013671875,13.90999984741211,3.857000112533569,1.48,,97.86134
2023-07-25,3.901999950408936,2184.0,1962.0999755859373,24.68000030517578,79.62999725341797,101.3499984741211,4567.4599609375,13.859999656677246,3.911999940872192,1.52,,97.86134
2023-07-26,3.890500068664551,2155.5,1968.9000244140625,24.825000762939453,78.77999877929688,100.88999938964844,4566.75,13.1899995803833,3.8510000705718994,1.5,,97.86134
2023-07-27,3.8635001182556152,2151.75,1945.4000244140625,24.23600006103516,80.08999633789062,101.7699966430664,4537.41015625,14.40999984741211,4.01200008392334,1.64,,97.86134
2023-07-28,3.9170000553131104,2178.5,1960.4000244140625,24.3700008392334,80.58000183105469,101.62000274658205,4582.22998046875,13.329999923706056,3.9690001010894775,1.58,,97.86134
2023-07-31,3.994499921798706,2230.5,1970.5,24.85400009155273,81.80000305175781,101.86000061035156,4588.9599609375,13.630000114440918,3.9590001106262207,1.6,,97.86134
2023-08-01,3.8935000896453857,2198.5,1940.699951171875,24.20800018310547,81.37000274658203,102.3000030517578,4576.72998046875,13.93000030517578,4.051000118255615,1.68,,98.1345
2023-08-02,3.827500104904175,2150.5,1937.4000244140625,23.753999710083008,79.48999786376953,102.58999633789062,4513.39013671875,16.09000015258789,4.078000068664551,1.72,,98.1345
2023-08-03,3.875999927520752,2168.25,1932.0,23.586000442504883,81.55000305175781,102.54000091552734,4501.89013671875,15.920000076293944,4.189000129699707,1.83,,98.1345
2023-08-04,3.8450000286102295,2172.0,1939.5999755859373,23.617000579833984,82.81999969482422,102.0199966430664,4478.02978515625,17.100000381469727,4.059999942779541,1.67,,98.1345
2023-08-07,3.812999963760376,2166.75,1933.5,23.142000198364254,81.94000244140625,102.0500030517578,4518.43994140625,15.770000457763672,4.078000068664551,1.68,,98.1345
2023-08-08,3.747999906539917,2133.0,1924.0999755859373,22.71699905395508,82.91999816894531,102.52999877929688,4499.3798828125,15.989999771118164,4.026000022888184,1.66,,98.1345
2023-08-09,3.767499923706055,2122.75,1915.4000244140625,22.649999618530277,84.4000015258789,102.48999786376952,4467.7099609375,15.960000038146973,4.01200008392334,1.66,,98.1345
2023-08-10,3.750999927520752,2154.75,1914.4000244140625,22.746000289916992,82.81999969482422,102.5199966430664,4468.830078125,15.850000381469728,4.079999923706055,1.76,,98.1345
2023-08-11,3.714499950408936,2115.25,1912.9000244140625,22.673999786376957,83.19000244140625,102.83999633789062,4464.0498046875,14.84000015258789,4.168000221252441,1.8,,98.1345
2023-08-14,3.724499940872192,2081.0,1910.5999755859373,22.643999099731445,82.51000213623047,103.19000244140624,4489.72021484375,14.81999969482422,4.184000015258789,1.83,,98.1345
2023-08-15,3.661499977111816,2075.5,1902.5,22.59499931335449,80.98999786376953,103.20999908447266,4437.85986328125,16.459999084472656,4.2210001945495605,1.89,,98.1345
2023-08-16,3.65149998664856,2073.25,1896.0999755859373,22.479999542236328,79.37999725341797,103.41999816894533,4404.330078125,16.780000686645508,4.257999897003174,1.96,,98.1345
2023-08-17,3.685499906539917,2090.5,1884.0999755859373,22.670000076293945,80.38999938964844,103.44000244140624,4370.35986328125,17.889999389648438,4.308000087738037,1.97,,98.1345
2023-08-18,3.6989998817443848,2081.0,1886.0999755859373,22.69499969482422,81.25,103.37999725341795,4369.7099609375,17.299999237060547,4.250999927520752,1.94,,98.1345
2023-08-21,3.711999893188477,2082.75,1893.300048828125,23.304000854492188,80.72000122070312,103.33000183105467,4399.77001953125,17.1299991607666,4.3420000076293945,2.0,3.97,98.1345
2023-08-22,3.750499963760376,2114.25,1896.4000244140625,23.420000076293945,80.3499984741211,103.55999755859376,4387.5498046875,16.969999313354492,4.328000068664551,1.99,3.93,98.1345
2023-08-23,3.803499937057495,2131.0,1918.5,24.363000869750977,78.88999938964844,103.36000061035156,4436.009765625,15.979999542236328,4.197999954223633,1.84,3.92,98.1345
2023-08-24,3.767499923706055,2111.25,1918.199951171875,24.211000442504883,79.05000305175781,103.9800033569336,4376.31005859375,17.200000762939453,4.235000133514404,1.91,3.91,98.1345
2023-08-25,3.759999990463257,2108.75,1911.0999755859373,24.21999931335449,79.83000183105469,104.08000183105467,4405.7099609375,15.68000030517578,4.238999843597412,1.92,3.9,98.1345
2023-08-28,3.753999948501587,2139.25,1917.9000244140625,24.238000869750977,80.0999984741211,104.05999755859376,4433.31005859375,15.079999923706056,4.211999893188477,1.9,3.86,98.1345
2023-08-29,3.7929999828338623,2125.25,1936.5,24.777000427246094,81.16000366210938,103.5500030517578,4497.6298828125,14.449999809265137,4.122000217437744,1.83,3.87,98.1345
2023-08-30,3.785000085830689,2165.25,1944.300048828125,24.733999252319336,81.62999725341797,103.16000366210938,4514.8701171875,13.880000114440918,4.118000030517578,1.86,3.8,98.1345
2023-08-31,3.7725000381469727,2175.5,1938.199951171875,24.472000122070312,83.62999725341797,103.62000274658205,4507.66015625,13.56999969482422,4.0929999351501465,1.85,3.85,98.1345
2023-09-01,3.8125,2216.25,1939.800048828125,24.23200035095215,85.55000305175781,104.23999786376952,4515.77001953125,13.09000015258789,4.172999858856201,1.92,3.81,98.28393
2023-09-05,3.811000108718872,2180.0,1926.199951171875,23.558000564575195,86.69000244140625,104.80999755859376,4496.830078125,14.010000228881836,4.26800012588501,1.98,3.83,98.28393
2023-09-06,3.748500108718872,2175.5,1918.0999755859373,23.20599937438965,87.54000091552734,104.86000061035156,4465.47998046875,14.449999809265137,4.289999961853027,2.0,3.86,98.28393
2023-09-07,3.7260000705718994,2171.25,1917.5,22.950000762939453,86.87000274658203,105.05999755859376,4451.14013671875,14.399999618530272,4.260000228881836,1.95,3.9,98.28393
2023-09-08,3.680500030517578,2154.75,1918.4000244140625,22.892000198364254,87.51000213623047,105.08999633789062,4457.490234375,13.84000015258789,4.257999897003174,1.93,3.85,98.28393
2023-09-11,3.7699999809265137,2179.25,1923.300048828125,23.10300064086914,87.29000091552734,104.56999969482422,4487.4599609375,13.800000190734863,4.288000106811523,1.94,3.82,98.28393
2023-09-12,3.752000093460083,2192.25,1911.300048828125,23.12700080871582,88.83999633789062,104.70999908447266,4461.89990234375,14.229999542236328,4.263999938964844,1.93,3.84,98.28393
2023-09-13,3.75600004196167,2201.25,1909.0999755859373,22.91200065612793,88.5199966430664,104.7699966430664,4467.43994140625,13.479999542236328,4.249000072479248,1.9,3.85,98.28393
2023-09-14,3.7825000286102295,2202.25,1910.0,22.74799919128418,90.16000366210938,105.41000366210938,4505.10009765625,12.81999969482422,4.288000106811523,1.95,3.78,98.28393
2023-09-15,3.763499975204468,2167.25,1923.699951171875,23.125999450683597,90.7699966430664,105.31999969482422,4450.31982421875,13.789999961853027,4.322000026702881,1.98,3.79,98.28393
2023-09-18,3.741499900817871,2202.0,1931.5,23.23200035095215,91.4800033569336,105.1999969482422,4453.52978515625,14.0,4.318999767303467,1.96,3.82,98.28393
2023-09-19,3.71399998664856,2188.75,1932.0,23.194000244140625,91.1999969482422,105.1999969482422,4443.9501953125,14.109999656677246,4.364999771118164,2.0,3.82,98.28393
2023-09-20,3.746500015258789,2236.0,1945.5999755859373,23.57900047302246,90.27999877929688,105.16000366210938,4402.2001953125,15.140000343322754,4.348999977111816,2.0,3.77,98.28393
2023-09-21,3.6665000915527344,2188.75,1919.199951171875,23.444000244140625,89.62999725341797,105.36000061035156,4330.0,17.540000915527344,4.480000019073486,2.11,3.89,98.28393
2023-09-22,3.6654999256134033,2215.5,1925.4000244140625,23.59600067138672,90.02999877929688,105.58000183105467,4320.06005859375,17.200000762939453,4.438000202178955,2.07,3.93,98.28393
2023-09-25,3.649499893188477,2209.0,1916.5999755859373,23.145000457763672,89.68000030517578,106.0,4337.43994140625,16.899999618530273,4.541999816894531,2.18,3.97,98.28393
2023-09-26,3.625,2228.25,1900.4000244140625,22.950000762939453,90.38999938964844,106.2300033569336,4273.52978515625,18.940000534057617,4.558000087738037,2.23,4.04,98.28393
2023-09-27,3.627000093460083,2232.75,1871.5999755859373,22.476999282836918,93.68000030517578,106.66999816894533,4274.509765625,18.21999931335449,4.625999927520752,2.27,4.03,98.28393
2023-09-28,3.694499969482422,2271.75,1860.4000244140625,22.51499938964844,91.70999908447266,106.22000122070312,4299.7001953125,17.34000015258789,4.5970001220703125,2.2,4.09,98.28393
2023-09-29,3.7260000705718994,2329.5,1848.0999755859373,22.23600006103516,90.79000091552734,106.16999816894533,4288.0498046875,17.520000457763672,4.572999954223633,2.24,4.03,98.28393
2023-10-02,3.631999969482422,2310.25,1830.0,21.218000411987305,88.81999969482422,106.9000015258789,4288.39013671875,17.610000610351562,4.683000087738037,2.34,4.11,98.15775
2023-10-03,3.615499973297119,2287.0,1824.5999755859373,21.17799949645996,89.2300033569336,107.0,4229.4501953125,19.780000686645508,4.802000045776367,2.45,4.26,98.15775
2023-10-04,3.5840001106262207,2242.25,1818.5,20.95599937438965,84.22000122070312,106.8000030517578,4263.75,18.57999992370605,4.735000133514404,2.4,4.37,98.15775
2023-10-05,3.546999931335449,2224.5,1816.5999755859373,20.847999572753903,82.30999755859375,106.33000183105467,4258.18994140625,18.489999771118164,4.7170000076293945,2.41,4.38,98.15775
2023-10-06,3.624500036239624,2227.25,1830.199951171875,21.540000915527344,82.79000091552734,106.04000091552734,4308.5,17.450000762939453,4.783999919891357,2.47,4.33,98.15775
2023-10-09,3.642499923706055,2224.75,1849.5,21.74099922180176,86.37999725341797,106.08000183105467,4335.66015625,17.700000762939453,4.796999931335449,2.47,4.34,98.15775
2023-10-10,3.631999969482422,2198.0,1861.0,21.775999069213867,85.97000122070312,105.83000183105467,4358.240234375,17.030000686645508,4.65500020980835,2.34,4.26,98.15775
2023-10-11,3.614000082015991,2196.25,1872.800048828125,21.957000732421875,83.48999786376953,105.81999969482422,4376.9501953125,16.09000015258789,4.59499979019165,2.26,4.25,98.15775
2023-10-12,3.594000101089477,2185.5,1869.300048828125,21.79199981689453,82.91000366210938,106.56999969482422,4349.60986328125,16.690000534057617,4.711999893188477,2.36,4.25,98.15775
2023-10-13,3.5799999237060547,2181.5,1927.4000244140625,22.726999282836918,87.69000244140625,106.6500015258789,4327.77978515625,19.31999969482422,4.629000186920166,2.29,4.3,98.15775
2023-10-16,3.586999893188477,2169.25,1921.0999755859373,22.61000061035156,86.66000366210938,106.23999786376952,4373.6298828125,17.209999084472656,4.711999893188477,2.33,4.27,98.15775
2023-10-17,3.575500011444092,2166.5,1922.699951171875,22.863000869750977,86.66000366210938,106.25,4373.2001953125,17.8799991607666,4.8470001220703125,2.42,4.25,98.15775
2023-10-18,3.5820000171661377,2175.75,1955.300048828125,22.944000244140625,88.31999969482422,106.56999969482422,4314.60009765625,19.21999931335449,4.90399980545044,2.47,4.32,98.15775
2023-10-19,3.5915000438690186,2184.0,1968.4000244140625,22.886999130249023,89.37000274658203,106.25,4278.0,21.399999618530277,4.98799991607666,2.49,4.37,98.15775
2023-10-20,3.5420000553131104,2177.0,1982.5,23.35099983215332,88.75,106.16000366210938,4224.16015625,21.709999084472656,4.923999786376953,2.46,4.52,98.15775
2023-10-23,3.572999954223633,2174.25,1976.300048828125,23.07200050354004,85.48999786376953,105.54000091552734,4217.0400390625,20.3700008392334,4.8379998207092285,2.45,4.51,98.15775
2023-10-24,3.609999895095825,2184.0,1975.0,22.979999542236328,83.73999786376953,106.2699966430664,4247.68017578125,18.96999931335449,4.840000152587891,2.43,4.41,98.15775
2023-10-25,3.572000026702881,2213.25,1984.0999755859373,22.87700080871582,85.38999938964844,106.52999877929688,4186.77001953125,20.190000534057617,4.953000068664551,2.52,4.37,98.15775
2023-10-26,3.56850004196167,2193.5,1987.199951171875,22.78700065612793,83.20999908447266,106.5999984741211,4137.22998046875,20.68000030517578,4.84499979019165,2.44,4.5,98.15775
2023-10-27,3.634000062942505,2222.75,1988.5999755859373,22.770000457763672,85.54000091552734,106.55999755859376,4117.3701171875,21.270000457763672,4.84499979019165,2.42,4.53,98.15775
2023-10-30,3.649499893188477,2263.75,1996.199951171875,23.28199958801269,82.30999755859375,106.12000274658205,4166.81982421875,19.75,4.875,2.44,4.5,98.15775
2023-10-31,3.641499996185303,2251.5,1985.199951171875,22.840999603271484,81.0199966430664,106.66000366210938,4193.7998046875,18.13999938964844,4.875,2.46,4.42,98.15775
2023-11-01,3.6449999809265137,2235.25,1978.800048828125,22.684999465942383,80.44000244140625,106.87999725341795,4237.85986328125,16.8700008392334,4.789000034332275,2.36,4.47,97.96071
2023-11-02,3.6670000553131104,2221.25,1985.5999755859373,22.750999450683597,82.45999908447266,106.12000274658205,4317.77978515625,15.65999984741211,4.669000148773193,2.27,4.15,97.96071
2023-11-03,3.674499988555908,2246.0,1991.5,23.201000213623047,80.51000213623047,105.0199966430664,4358.33984375,14.90999984741211,4.558000087738037,2.18,4.04,97.96071
2023-11-06,3.7095000743865967,2275.5,1981.5999755859373,23.14900016784668,80.81999969482422,105.22000122070312,4365.97998046875,14.890000343322754,4.662000179290772,2.25,4.0,97.96071
2023-11-07,3.670000076293945,2251.5,1966.800048828125,22.507999420166016,77.37000274658203,105.54000091552734,4378.3798828125,14.8100004196167,4.571000099182129,2.19,4.08,97.96071
2023-11-08,3.628000020980835,2251.25,1951.5,22.64699935913086,75.33000183105469,105.58999633789062,4382.77978515625,14.449999809265137,4.5229997634887695,2.15,4.08,97.96071
2023-11-09,3.634999990463257,2232.0,1964.199951171875,22.83099937438965,75.73999786376953,105.91000366210938,4347.35009765625,15.289999961853027,4.630000114440918,2.29,4.04,97.96071
2023-11-10,3.5834999084472656,2206.0,1932.5999755859373,22.21500015258789,77.16999816894531,105.86000061035156,4415.240234375,14.170000076293944,4.627999782562256,2.29,4.03,97.96071
2023-11-13,3.662499904632568,2216.5,1945.5,22.298999786376957,78.26000213623047,105.66000366210938,4411.5498046875,14.760000228881836,4.631999969482422,2.32,4.03,97.96071
2023-11-14,3.682499885559082,2204.0,1961.800048828125,23.07900047302246,78.26000213623047,104.11000061035156,4495.7001953125,14.15999984741211,4.440999984741211,2.16,3.92,97.96071
2023-11-15,3.7174999713897705,2199.75,1960.0999755859373,23.48500061035156,76.66000366210938,104.38999938964844,4502.8798828125,14.18000030517578,4.534999847412109,2.22,3.89,97.96071
2023-11-16,3.704499959945679,2179.75,1983.9000244140625,23.892000198364254,72.9000015258789,104.37000274658205,4508.240234375,14.31999969482422,4.445000171661377,2.18,4.02,97.96071
2023-11-17,3.737499952316284,2177.5,1981.5999755859373,23.80900001525879,75.88999938964844,103.81999969482422,4514.02001953125,13.800000190734863,4.440999984741211,2.16,3.99,97.96071
2023-11-20,3.8125,2208.0,1977.699951171875,23.57900047302246,77.5999984741211,103.47000122070312,4547.3798828125,13.40999984741211,4.421999931335449,2.12,3.92,97.96071
2023-11-21,3.814500093460083,2219.25,1999.300048828125,23.843000411987305,77.7699966430664,103.58999633789062,4538.18994140625,13.350000381469728,4.418000221252441,2.16,3.95,97.96071
2023-11-22,3.766499996185303,2188.0,1991.4000244140625,23.67200088500977,77.0999984741211,103.91999816894533,4556.6201171875,12.850000381469728,4.415999889373779,2.16,3.9,97.96071
2023-11-23,3.7790000438690186,,,,,,,,,2.16,3.9,97.96071
2023-11-24,3.796499967575073,2200.25,2002.199951171875,24.32900047302246,75.54000091552734,103.4000015258789,4559.33984375,12.460000038146973,4.4720001220703125,2.21,3.85,97.96071
2023-11-27,3.762500047683716,2184.75,2011.800048828125,24.67200088500977,74.86000061035156,103.1999969482422,4550.43017578125,12.6899995803833,4.388999938964844,2.18,3.89,97.96071
2023-11-28,3.8010001182556152,2188.5,2039.699951171875,24.93000030517578,76.41000366210938,102.75,4554.89013671875,12.6899995803833,4.335999965667725,2.12,3.9,97.96071
2023-11-29,3.78600001335144,2171.5,2047.0999755859373,25.07200050354004,77.86000061035156,102.7699966430664,4550.580078125,12.979999542236328,4.270999908447266,2.06,3.8,97.96071
2023-11-30,3.828999996185303,2160.25,2038.0999755859373,25.292999267578125,75.95999908447266,103.5,4567.7998046875,12.920000076293944,4.352000236511231,2.14,3.84,97.96071
2023-12-01,3.908999919891357,2174.5,2071.0,25.499000549316406,74.06999969482422,103.2699966430664,4594.6298828125,12.630000114440918,4.22599983215332,2.0,3.87,97.77841
2023-12-04,3.820499897003174,2148.75,2024.0999755859373,24.55500030517578,73.04000091552734,103.63999938964844,4569.77978515625,13.079999923706056,4.288000106811523,2.07,3.8,97.77841
2023-12-05,3.7725000381469727,2126.0,2018.5,24.201000213623047,72.31999969482422,104.0500030517578,4567.18017578125,12.850000381469728,4.171000003814697,2.01,3.8,97.77841
2023-12-06,3.7165000438690186,2109.75,2030.5,23.888999938964844,69.37999725341797,104.1500015258789,4549.33984375,12.970000267028809,4.120999813079834,1.98,3.79,97.77841
2023-12-07,3.784499883651733,2092.5,2029.9000244140625,23.73200035095215,69.33999633789062,103.54000091552734,4585.58984375,13.0600004196167,4.129000186920166,1.97,3.77,97.77841
2023-12-08,3.819999933242798,2109.0,1998.300048828125,22.97100067138672,71.2300033569336,104.01000213623048,4604.3701171875,12.350000381469728,4.244999885559082,2.02,3.75,97.77841
2023-12-11,3.7799999713897705,2093.25,1978.0,22.77300071716309,71.31999969482422,104.0999984741211,4622.43994140625,12.630000114440918,4.238999843597412,2.04,3.79,97.77841
2023-12-12,3.78600001335144,2093.25,1977.800048828125,22.72800064086914,68.61000061035156,103.87000274658205,4643.7001953125,12.06999969482422,4.205999851226807,2.04,3.76,97.77841
2023-12-13,3.78600001335144,2113.5,1982.300048828125,22.638999938964844,69.47000122070312,102.87000274658205,4707.08984375,12.1899995803833,4.0329999923706055,1.88,3.79,97.77841
2023-12-14,3.888499975204468,2175.0,2030.199951171875,24.09600067138672,71.58000183105469,101.95999908447266,4719.5498046875,12.479999542236328,3.930000066757202,1.7,3.47,97.77841
2023-12-15,3.884999990463257,2207.5,2021.0999755859373,23.8700008392334,71.43000030517578,102.5500030517578,4719.18994140625,12.279999732971191,3.927999973297119,1.69,3.51,97.77841
2023-12-18,3.848000049591065,2237.75,2026.300048828125,23.83099937438965,72.47000122070312,102.51000213623048,4740.56005859375,12.5600004196167,3.953999996185303,1.74,3.51,97.77841
2023-12-19,3.8959999084472656,2211.25,2038.4000244140625,24.040000915527344,73.44000244140625,102.16999816894533,4768.3701171875,12.529999732971191,3.921999931335449,1.74,3.46,97.77841
2023-12-20,3.90149998664856,2187.75,2034.5,24.347000122070312,74.22000122070312,102.41000366210938,4698.35009765625,13.670000076293944,3.877000093460083,1.67,3.43,97.77841
2023-12-21,3.908499956130981,2184.25,2039.0999755859373,24.30699920654297,73.88999938964844,101.83999633789062,4746.75,13.649999618530272,3.8940000534057617,1.7,3.41,97.77841
2023-12-22,3.8954999446868896,2268.0,2057.10009765625,24.290000915527344,73.55999755859375,101.6999969482422,4754.6298828125,13.029999732971191,3.901000022888184,1.71,3.39,97.77841
2023-12-26,3.8954999446868896,2251.5,2058.199951171875,24.143999099731445,75.56999969482422,101.47000122070312,4774.75,12.989999771118164,3.885999917984009,1.71,3.37,97.77841
2023-12-27,3.94350004196167,2327.5,2081.89990234375,24.375,74.11000061035156,100.98999786376952,4781.580078125,12.43000030517578,3.7890000343322754,1.64,3.34,97.77841
2023-12-28,3.913000106811523,2319.0,2073.89990234375,24.13400077819824,71.7699966430664,101.2300033569336,4783.35009765625,12.470000267028809,3.849999904632568,1.68,3.32,97.77841
2023-12-29,3.880500078201294,2332.25,2062.39990234375,23.85300064086914,71.6500015258789,101.33000183105467,4769.830078125,12.449999809265137,3.865999937057495,1.72,3.34,97.77841
2024-01-02,3.86899995803833,2278.75,2064.39990234375,23.732999801635746,70.37999725341797,102.1999969482422,4742.830078125,13.199999809265137,3.946000099182129,1.74,3.54,97.68838
2024-01-03,3.847500085830689,2251.0,2034.199951171875,22.94599914550781,72.69999694824219,102.45999908447266,4704.81005859375,14.039999961853027,3.9070000648498535,1.71,3.71,97.68838
2024-01-04,3.8310000896453857,2218.25,2042.300048828125,22.98900032043457,72.19000244140625,102.41999816894533,4688.68017578125,14.130000114440918,3.990999937057495,1.77,3.69,97.68838
2024-01-05,3.794500112533569,2203.0,2042.4000244140625,23.121999740600582,73.80999755859375,102.41000366210938,4697.240234375,13.350000381469728,4.041999816894531,1.83,3.68,97.68838
2024-01-08,3.799499988555908,2168.5,2026.5999755859373,23.1200008392334,70.7699966430664,102.20999908447266,4763.5400390625,13.079999923706056,4.001999855041504,1.79,3.63,97.68838
2024-01-09,3.748500108718872,2182.5,2026.4000244140625,22.90399932861328,72.23999786376953,102.56999969482422,4756.5,12.760000228881836,4.019000053405762,1.8,3.59,97.68838
2024-01-10,3.7809998989105225,2178.5,2021.699951171875,22.88400077819824,71.37000274658203,102.36000061035156,4783.4501953125,12.6899995803833,4.03000020980835,1.82,3.5,97.68838
2024-01-11,3.77649998664856,2179.75,2014.300048828125,22.53700065612793,72.0199966430664,102.29000091552734,4780.240234375,12.4399995803833,3.9769999980926514,1.76,3.55,97.68838
2024-01-12,3.740000009536743,2167.5,2046.699951171875,23.16200065612793,72.68000030517578,102.4000015258789,4783.830078125,12.699999809265137,3.950000047683716,1.69,3.56,97.68838
2024-01-16,3.766499996185303,2161.75,2026.0,22.933000564575195,72.4000015258789,103.36000061035156,4765.97998046875,13.84000015258789,4.065999984741211,1.77,3.58,97.68838
2024-01-17,3.732500076293945,2148.75,2002.5999755859373,22.516000747680664,72.55999755859375,103.4499969482422,4739.2099609375,14.789999961853027,4.105999946594238,1.8,3.62,97.68838
2024-01-18,3.744999885559082,2136.5,2018.5999755859373,22.66699981689453,74.08000183105469,103.54000091552734,4780.93994140625,14.130000114440918,4.144000053405762,1.8,3.58,97.68838
2024-01-19,3.786999940872192,2127.5,2026.5,22.57099914550781,73.41000366210938,103.29000091552734,4839.81005859375,13.300000190734863,4.145999908447266,1.81,3.54,97.68838
2024-01-22,3.763999938964844,2127.5,2019.800048828125,22.163000106811523,75.19000244140625,103.33000183105467,4850.43017578125,13.1899995803833,4.093999862670898,1.8,3.49,97.68838
2024-01-23,3.7904999256134033,2184.25,2023.699951171875,22.333999633789062,74.37000274658203,103.62000274658205,4864.60009765625,12.550000190734863,4.142000198364258,1.85,3.51,97.68838
2024-01-24,3.882499933242798,2186.25,2013.9000244140625,22.7549991607666,75.08999633789062,103.23999786376952,4868.5498046875,13.140000343322754,4.177999973297119,1.88,3.44,97.68838
2024-01-25,3.865499973297119,2194.5,2016.9000244140625,22.808000564575195,77.36000061035156,103.56999969482422,4894.16015625,13.449999809265137,4.131999969482422,1.85,3.45,97.68838
2024-01-26,3.850500106811523,2226.0,2016.800048828125,22.7549991607666,78.01000213623047,103.47000122070312,4890.97021484375,13.260000228881836,4.159999847412109,1.85,3.39,97.68838
2024-01-29,3.872999906539917,2219.5,2025.199951171875,23.13800048828125,76.77999877929688,103.61000061035156,4927.93017578125,13.600000381469728,4.091000080108643,1.78,3.41,97.68838
2024-01-30,3.9065001010894775,2227.5,2031.5,23.10700035095215,77.81999969482422,103.4000015258789,4924.97021484375,13.3100004196167,4.059000015258789,1.8,3.42,97.68838
2024-01-31,3.902499914169312,2235.5,2048.39990234375,23.051000595092773,75.8499984741211,103.2699966430664,4845.64990234375,14.350000381469728,3.9670000076293945,1.73,3.59,97.68838
2024-02-01,3.8524999618530273,2209.25,2053.0,23.1299991607666,73.81999969482422,103.0500030517578,4906.18994140625,13.880000114440918,3.86299991607666,1.68,3.56,97.68838
2024-02-02,3.821500062942505,2196.75,2036.0999755859373,22.701000213623047,72.27999877929688,103.91999816894533,4958.60986328125,13.850000381469728,4.0329999923706055,1.82,3.47,97.68838
2024-02-05,3.7720000743865967,2176.75,2025.699951171875,22.334999084472656,72.77999877929688,104.4499969482422,4942.81005859375,13.670000076293944,4.164000034332275,1.9,3.5,97.68838
2024-02-06,3.7825000286102295,2199.0,2034.5,22.39299964904785,73.30999755859375,104.18000030517578,4954.22998046875,13.0600004196167,4.090000152587891,1.85,3.52,97.68838
2024-02-07,3.737499952316284,2188.5,2035.199951171875,22.277999877929688,73.86000061035156,104.04000091552734,4995.06005859375,12.829999923706056,4.110000133514404,1.86,3.43,97.68838
2024-02-08,3.705499887466431,2189.75,2032.199951171875,22.565000534057617,76.22000122070312,104.1500015258789,4997.91015625,12.789999961853027,4.170000076293945,1.91,3.38,97.68838
2024-02-09,3.686000108718872,2182.0,2023.300048828125,22.527999877929688,76.83999633789062,104.08000183105467,5026.60986328125,12.93000030517578,4.186999797821045,1.92,3.33,97.68838
2024-02-12,3.7284998893737793,2191.25,2018.199951171875,22.708999633789062,76.91999816894531,104.16999816894533,5021.83984375,13.93000030517578,4.171999931335449,1.93,3.35,97.68838
2024-02-13,3.71399998664856,2186.0,1992.9000244140625,22.09600067138672,77.87000274658203,104.95999908447266,4953.169921875,15.850000381469728,4.315999984741211,2.02,3.36,97.68838
2024-02-14,3.700500011444092,2202.0,1990.300048828125,22.33099937438965,76.63999938964844,104.72000122070312,5000.6201171875,14.380000114440918,4.267000198364258,1.97,3.38,97.68838
2024-02-15,3.756500005722046,2186.5,2002.0999755859373,22.91200065612793,78.02999877929688,104.3000030517578,5029.72998046875,14.010000228881836,4.239999771118164,1.94,3.35,97.68838
2024-02-16,3.838000059127808,2176.25,2011.5,23.43899917602539,79.19000244140625,104.27999877929688,5005.56982421875,14.239999771118164,4.295000076293945,1.97,3.34,97.68838
2024-02-20,3.866499900817871,2148.5,2027.5,23.106000900268555,78.18000030517578,104.08000183105467,4975.509765625,15.420000076293944,4.275000095367432,1.95,3.37,97.68838
2024-02-21,3.874500036239624,2175.5,2022.300048828125,22.85099983215332,77.91000366210938,104.01000213623048,4981.7998046875,15.34000015258789,4.324999809265137,1.98,3.34,97.68838
2024-02-22,3.8975000381469727,2144.25,2019.699951171875,22.76499938964844,78.61000061035156,103.95999908447266,5087.02978515625,14.539999961853027,4.327000141143799,2.02,3.22,97.68838
2024-02-23,3.881999969482422,2131.25,2038.5999755859373,22.9689998626709,76.48999786376953,103.94000244140624,5088.7998046875,13.75,4.260000228881836,1.96,3.23,97.68838
2024-02-26,3.8239998817443848,2129.25,2028.5,22.517000198364254,77.58000183105469,103.83000183105467,5069.52978515625,13.739999771118164,4.298999786376953,1.97,3.23,97.68838
2024-02-27,3.8310000896453857,2131.75,2034.0,22.52300071716309,78.87000274658203,103.83000183105467,5078.18017578125,13.43000030517578,4.315000057220459,1.99,3.26,97.68838
2024-02-28,3.827500104904175,2132.0,2033.0,22.40999984741211,78.54000091552734,103.9800033569336,5069.759765625,13.84000015258789,4.27400016784668,1.94,3.31,97.68838
2024-02-29,3.8345000743865967,2167.5,2045.699951171875,22.666000366210938,78.26000213623047,104.16000366210938,5096.27001953125,13.399999618530272,4.251999855041504,1.92,3.29,97.68838
2024-03-01,3.8550000190734863,2188.5,2086.89990234375,23.149999618530277,79.97000122070312,103.86000061035156,5137.080078125,13.109999656677246,4.179999828338623,1.87,3.32,97.68838
2024-03-04,3.8519999980926514,2174.75,2117.699951171875,23.77899932861328,78.73999786376953,103.83000183105467,5130.9501953125,13.489999771118164,4.218999862670898,1.88,3.26,97.68838
2024-03-05,3.8440001010894775,2166.25,2133.5,23.76300048828125,78.1500015258789,103.8000030517578,5078.64990234375,14.460000038146973,4.13700008392334,1.81,3.31,97.68838
2024-03-06,3.870500087738037,2189.75,2150.300048828125,24.27199935913086,79.12999725341797,103.37000274658205,5104.759765625,14.5,4.104000091552734,1.81,3.27,97.68838
2024-03-07,3.919500112533569,2201.5,2158.0,24.3700008392334,78.93000030517578,102.81999969482422,5157.35986328125,14.4399995803833,4.0920000076293945,1.81,3.27,97.68838
2024-03-08,3.884999990463257,2193.5,2178.60009765625,24.339000701904297,78.01000213623047,102.73999786376952,5123.68994140625,14.739999771118164,4.089000225067139,1.81,3.26,97.68838
2024-03-11,3.922499895095825,2210.5,2182.5,24.511999130249023,77.93000030517578,102.87000274658205,5117.93994140625,15.220000267028809,4.104000091552734,1.83,3.26,97.68838
2024-03-12,3.924999952316284,2216.5,2160.39990234375,24.194000244140625,77.55999755859375,102.95999908447266,5175.27001953125,13.84000015258789,4.15500020980835,1.86,3.2,97.68838
2024-03-13,4.052499771118164,2211.0,2175.39990234375,24.958999633789062,79.72000122070312,102.79000091552734,5165.31005859375,13.75,4.191999912261963,1.89,3.15,97.68838
2024-03-14,4.037000179290772,2193.0,2163.0,24.874000549316406,81.26000213623047,103.36000061035156,5150.47998046875,14.399999618530272,4.297999858856201,1.99,3.15,97.68838
2024-03-15,4.112500190734863,2214.0,2157.300048828125,25.200000762939453,81.04000091552734,103.43000030517578,5117.08984375,14.40999984741211,4.303999900817871,1.99,3.16,97.68838
2024-03-18,4.114500045776367,2213.5,2160.699951171875,25.090999603271484,82.72000122070312,103.58000183105467,5149.419921875,14.329999923706056,4.340000152587891,2.03,3.13,97.68838
2024-03-19,4.058499813079834,2203.5,2156.300048828125,24.964000701904297,83.47000122070312,103.80999755859376,5178.509765625,13.81999969482422,4.296999931335449,2.0,3.1,97.68838
2024-03-20,4.03849983215332,2212.75,2157.89990234375,24.933000564575195,81.68000030517578,103.41000366210938,5224.6201171875,13.039999961853027,4.2729997634887695,1.96,3.14,97.68838
2024-03-21,4.046500205993652,2237.0,2182.39990234375,24.849000930786133,81.06999969482422,104.0,5241.52978515625,12.920000076293944,4.270999908447266,1.93,3.05,97.68838
2024-03-22,3.996000051498413,2251.25,2158.10009765625,24.691999435424805,80.62999725341797,104.43000030517578,5234.18017578125,13.0600004196167,4.2179999351501465,1.87,3.08,97.68838
2024-03-25,4.006999969482422,2268.0,2174.800048828125,24.7450008392334,81.94999694824219,104.2300033569336,5218.18994140625,13.1899995803833,4.252999782562256,1.92,3.11,97.68838
2024-03-26,3.996000051498413,2246.0,2175.60009765625,24.482999801635746,81.62000274658203,104.29000091552734,5203.580078125,13.239999771118164,4.234000205993652,1.92,3.15,97.68838
2024-03-27,3.992500066757202,2247.0,2190.60009765625,24.625,81.3499984741211,104.3499984741211,5248.490234375,12.779999732971191,4.196000099182129,1.88,3.15,97.68838
2024-03-28,4.003499984741211,2284.25,2217.39990234375,24.79700088500977,83.16999816894531,104.5500030517578,5254.35009765625,13.010000228881836,4.205999851226807,1.88,3.12,97.68838
2024-04-01,4.046000003814697,2289.25,2236.5,24.95400047302246,83.70999908447266,105.0199966430664,5243.77001953125,13.649999618530272,4.328999996185303,1.98,3.12,97.68838
2024-04-02,4.070000171661377,2326.5,2261.0,25.804000854492188,85.1500015258789,104.81999969482422,5205.81005859375,14.609999656677246,4.364999771118164,2.0,3.23,97.68838
2024-04-03,4.192999839782715,2372.0,2294.39990234375,26.94499969482422,85.43000030517578,104.25,5211.490234375,14.329999923706056,4.355000019073486,2.0,3.23,97.68838
2024-04-04,4.246500015258789,2386.75,2288.800048828125,27.13999938964844,86.58999633789062,104.12000274658205,5147.2099609375,16.350000381469727,4.309000015258789,1.97,3.24,97.68838
2024-04-05,4.239500045776367,2395.25,2325.699951171875,27.399999618530277,86.91000366210938,104.3000030517578,5204.33984375,16.030000686645508,4.377999782562256,2.02,3.18,97.68838
2024-04-08,4.276999950408936,2405.5,2331.699951171875,27.71199989318848,86.43000030517578,104.13999938964844,5202.39013671875,15.1899995803833,4.423999786376953,2.04,3.15,97.68838
2024-04-09,4.285999774932861,2407.25,2343.5,27.891000747680664,85.2300033569336,104.1500015258789,5209.91015625,14.979999542236328,4.366000175476074,2.0,3.14,97.68838
2024-04-10,4.2820000648498535,2397.25,2329.60009765625,27.961000442504883,86.20999908447266,105.25,5160.64013671875,15.800000190734863,4.559999942779541,2.15,3.1,97.68838
2024-04-11,4.251999855041504,2398.75,2354.800048828125,28.176000595092773,85.0199966430664,105.27999877929688,5199.06005859375,14.90999984741211,4.576000213623047,2.16,3.16,97.68838
2024-04-12,4.257500171661377,2436.25,2356.199951171875,28.2549991607666,85.66000366210938,106.04000091552734,5123.41015625,17.309999465942383,4.499000072479248,2.11,3.25,97.68838
2024-04-15,4.379000186920166,2521.25,2365.800048828125,28.650999069213867,85.41000366210938,106.20999908447266,5061.81982421875,19.229999542236328,4.627999782562256,2.2,3.28,97.68838
2024-04-16,4.305500030517578,2515.75,2390.800048828125,28.31800079345703,85.36000061035156,106.26000213623048,5051.41015625,18.399999618530277,4.658999919891357,2.24,3.36,97.68838
2024-04-17,4.34250020980835,2590.5,2371.699951171875,28.34600067138672,82.69000244140625,105.9499969482422,5022.2099609375,18.209999084472656,4.585000038146973,2.2,3.42,97.68838
2024-04-18,4.440499782562256,2601.5,2382.300048828125,28.32900047302246,82.7300033569336,106.1500015258789,5011.1201171875,18.0,4.646999835968018,2.24,3.39,97.68838
2024-04-19,4.501999855041504,2680.0,2398.39990234375,28.808000564575195,83.13999938964844,106.1500015258789,4967.22998046875,18.709999084472656,4.614999771118164,2.21,3.37,97.68838
2024-04-22,4.500500202178955,2660.75,2332.199951171875,27.21299934387207,82.8499984741211,106.08000183105467,5010.60009765625,16.940000534057617,4.623000144958496,2.21,3.29,97.68838
2024-04-23,4.490499973297119,2572.0,2327.699951171875,27.33099937438965,83.36000061035156,105.69000244140624,5070.5498046875,15.6899995803833,4.5980000495910645,2.2,3.2,97.68838
2024-04-24,4.4670000076293945,2600.75,2324.5,27.323999404907227,82.80999755859375,105.86000061035156,5071.6298828125,15.970000267028809,4.651999950408936,2.24,3.19,97.68838
2024-04-25,4.570499897003174,2526.0,2329.800048828125,27.34199905395508,83.56999969482422,105.5999984741211,5048.419921875,15.369999885559082,4.705999851226807,2.28,3.24,97.68838
2024-04-26,4.568999767303467,2554.75,2334.800048828125,27.24099922180176,83.8499984741211,105.94000244140624,5099.9599609375,15.029999732971191,4.669000148773193,2.24,3.16,97.68838
2024-04-29,4.658999919891357,2566.0,2345.39990234375,27.37299919128418,82.62999725341797,105.58000183105467,5116.169921875,14.670000076293944,4.613999843597412,2.22,3.12,97.68838
2024-04-30,4.564499855041504,2561.25,2291.39990234375,26.391000747680664,81.93000030517578,106.22000122070312,5035.68994140625,15.649999618530272,4.685999870300293,2.28,3.18,97.68838
2024-05-01,4.552499771118164,2537.75,2299.89990234375,26.48900032043457,79.0,105.76000213623048,5018.39013671875,15.390000343322754,4.59499979019165,2.25,3.21,97.68838
2024-05-02,4.49399995803833,2491.75,2299.199951171875,26.58300018310547,78.94999694824219,105.3000030517578,5064.2001953125,14.68000030517578,4.571000099182129,2.21,3.16,97.68838
2024-05-03,4.573500156402588,2512.25,2299.0,26.44499969482422,78.11000061035156,105.02999877929688,5127.7900390625,13.489999771118164,4.5,2.15,3.08,97.68838
2024-05-06,4.634500026702881,2554.25,2321.60009765625,27.36899948120117,78.4800033569336,105.0500030517578,5180.740234375,13.489999771118164,4.488999843597412,2.14,3.03,97.68838
2024-05-07,4.625500202178955,2527.0,2315.199951171875,27.30299949645996,78.37999725341797,105.41000366210938,5187.7001953125,13.229999542236328,4.4629998207092285,2.15,3.06,97.68838
2024-05-08,4.561999797821045,2503.75,2313.60009765625,27.36100006103516,78.98999786376953,105.5500030517578,5187.669921875,13.0,4.492000102996826,2.17,3.1,97.68838
2024-05-09,4.607500076293945,2510.5,2332.10009765625,28.131999969482425,79.26000213623047,105.2300033569336,5214.080078125,12.6899995803833,4.448999881744385,2.13,3.14,97.68838
2024-05-10,4.69350004196167,2488.25,2367.300048828125,28.274999618530277,78.26000213623047,105.30999755859376,5222.68017578125,12.550000190734863,4.504000186920166,2.16,3.12,97.68838
2024-05-13,4.804500102996826,2493.75,2336.10009765625,28.22100067138672,79.12000274658203,105.22000122070312,5221.419921875,13.600000381469728,4.480999946594238,2.15,3.14,97.68838
2024-05-14,4.953499794006348,2491.5,2353.39990234375,28.48500061035156,78.0199966430664,105.01000213623048,5246.68017578125,13.420000076293944,4.445000171661377,2.12,3.14,97.68838
2024-05-15,4.9695000648498535,2533.5,2388.699951171875,29.513999938964844,78.62999725341797,104.3499984741211,5308.14990234375,12.449999809265137,4.355999946594238,2.05,3.13,97.68838
2024-05-16,4.892000198364258,2529.0,2380.0,29.665000915527344,79.2300033569336,104.45999908447266,5297.10009765625,12.420000076293944,4.376999855041504,2.07,3.08,97.68838
2024-05-17,5.057000160217285,2533.5,2412.199951171875,31.04700088500977,80.05999755859375,104.4499969482422,5303.27001953125,11.989999771118164,4.420000076293945,2.1,3.09,97.68838
2024-05-20,5.087500095367432,2557.5,2433.89990234375,32.20500183105469,79.80000305175781,104.56999969482422,5308.1298828125,12.149999618530272,4.436999797821045,2.11,3.07,97.68838
2024-05-21,5.11899995803833,2651.0,2421.699951171875,31.868000030517575,79.26000213623047,104.66000366210938,5321.41015625,11.859999656677246,4.414000034332275,2.09,3.07,97.68838
2024-05-22,4.867499828338623,2568.0,2389.199951171875,31.295000076293945,77.56999969482422,104.94000244140624,5307.009765625,12.289999961853027,4.434000015258789,2.1,3.11,97.68838
2024-05-23,4.816500186920166,2550.25,2335.0,30.28400039672852,76.87000274658203,105.11000061035156,5267.83984375,12.770000457763672,4.474999904632568,2.17,3.1,97.68838
2024-05-24,4.778500080108643,2588.25,2332.5,30.32999992370605,77.72000122070312,104.72000122070312,5304.72021484375,11.93000030517578,4.4670000076293945,2.14,3.11,97.68838
2024-05-28,4.875500202178955,2654.75,2355.199951171875,31.97100067138672,79.83000183105469,104.61000061035156,5306.0400390625,12.920000076293944,4.541999816894531,2.2,3.09,97.68838
2024-05-29,4.805500030517578,2703.5,2340.300048828125,32.202999114990234,79.2300033569336,105.0999984741211,5266.9501953125,14.279999732971191,4.624000072479248,2.25,3.15,97.68838
2024-05-30,4.671999931335449,2648.0,2342.89990234375,31.38800048828125,77.91000366210938,104.72000122070312,5235.47998046875,14.470000267028809,4.553999900817871,2.19,3.19,97.68838
2024-05-31,4.610000133514404,2591.5,2322.89990234375,30.29700088500977,76.98999786376953,104.66999816894533,5277.509765625,12.920000076293944,4.513999938964844,2.16,3.2,97.68838
2024-06-03,4.677000045776367,2601.75,2346.60009765625,30.641000747680664,74.22000122070312,104.13999938964844,5283.39990234375,13.109999656677246,4.401999950408936,2.08,3.17,97.68838
2024-06-04,4.547999858856201,2599.5,2325.5,29.488000869750977,73.25,104.11000061035156,5291.33984375,13.15999984741211,4.335999965667725,2.02,3.22,97.68838
2024-06-05,4.619500160217285,2558.25,2354.10009765625,29.947999954223636,74.06999969482422,104.2699966430664,5354.02978515625,12.630000114440918,4.289000034332275,1.99,3.2,97.68838
2024-06-06,4.690999984741211,2592.75,2370.300048828125,31.246999740600582,75.55000305175781,104.0999984741211,5352.9599609375,12.579999923706056,4.281000137329102,2.0,3.2,97.68838
2024-06-07,4.494500160217285,2507.75,2305.199951171875,29.334999084472656,75.52999877929688,104.88999938964844,5346.990234375,12.220000267028809,4.429999828338623,2.13,3.15,97.68838
2024-06-10,4.55649995803833,2499.5,2307.699951171875,29.768999099731445,77.73999786376953,105.1500015258789,5360.7900390625,12.739999771118164,4.468999862670898,2.16,3.15,97.68838
2024-06-11,4.5229997634887695,2459.25,2307.5,29.132999420166016,77.9000015258789,105.2300033569336,5375.31982421875,12.850000381469728,4.40399980545044,2.12,3.19,97.68838
2024-06-12,4.581500053405762,2496.75,2336.0,30.176000595092773,78.5,104.6500015258789,5421.02978515625,12.039999961853027,4.295000076293945,2.09,3.09,97.68838
2024-06-13,4.507500171661377,2477.0,2300.199951171875,28.989999771118164,78.62000274658203,105.1999969482422,5433.740234375,11.9399995803833,4.23799991607666,2.03,3.2,97.68838
2024-06-14,4.551000118255615,2440.75,2331.39990234375,29.402000427246094,78.44999694824219,105.5500030517578,5431.60009765625,12.65999984741211,4.2129998207092285,2.03,3.29,97.68838
2024-06-17,4.521500110626221,2425.5,2312.39990234375,29.325000762939453,80.33000183105469,105.31999969482422,5473.22998046875,12.75,4.27899980545044,2.06,3.26,97.68838
2024-06-18,4.561999797821045,2416.5,2330.39990234375,29.5049991607666,81.56999969482422,105.26000213623048,5487.02978515625,12.300000190734863,4.2170000076293945,2.01,3.24,97.68838
2024-06-20,4.618000030517578,2441.75,2353.800048828125,30.775999069213867,82.16999816894531,105.58999633789062,5473.169921875,13.279999732971191,4.254000186920166,2.0,3.23,97.68838
2024-06-21,4.49399995803833,2432.25,2316.39990234375,29.572999954223636,80.7300033569336,105.8000030517578,5464.6201171875,13.199999809265137,4.256999969482422,2.02,3.21,97.68838
2024-06-24,4.526999950408936,2423.0,2330.0,29.48900032043457,81.62999725341797,105.47000122070312,5447.8701171875,13.329999923706056,4.248000144958496,2.03,3.19,97.68838
2024-06-25,4.38100004196167,2421.25,2316.60009765625,28.83699989318848,80.83000183105469,105.61000061035156,5469.2998046875,12.84000015258789,4.23799991607666,2.01,3.19,97.68838
2024-06-26,4.367499828338623,2434.5,2299.199951171875,28.90900039672852,80.9000015258789,106.0500030517578,5477.89990234375,12.550000190734863,4.315999984741211,2.06,3.18,97.68838
2024-06-27,4.328499794006348,2436.0,2324.5,28.917999267578125,81.73999786376953,105.91000366210938,5482.8701171875,12.239999771118164,4.288000106811523,2.03,3.21,97.68838
2024-06-28,4.390500068664551,2457.25,2327.699951171875,29.23699951171875,81.54000091552734,105.87000274658205,5460.47998046875,12.4399995803833,4.3429999351501465,2.08,3.18,97.68838
2024-07-01,4.426499843597412,2444.25,2327.60009765625,29.299999237060547,83.37999725341797,105.9000015258789,5475.08984375,12.220000267028809,4.479000091552734,2.16,3.21,97.68838
2024-07-02,4.429500102996826,2450.0,2323.0,29.35300064086914,82.80999755859375,105.72000122070312,5509.009765625,12.029999732971191,4.435999870300293,2.13,3.23,97.68838
2024-07-03,4.540999889373779,2483.75,2359.800048828125,30.54800033569336,83.87999725341797,105.4000015258789,5537.02001953125,12.09000015258789,4.355000019073486,2.09,3.25,97.68838
2024-07-05,4.6585001945495605,2457.5,2388.5,31.38800048828125,83.16000366210938,104.87999725341795,5567.18994140625,12.479999542236328,4.271999835968018,2.0,3.27,97.68838
2024-07-08,4.622000217437744,2456.25,2355.199951171875,30.618000030517575,82.33000183105469,105.01000213623048,5572.85009765625,12.369999885559082,4.269000053405762,2.01,3.2,97.68838
2024-07-09,4.578000068664551,2420.25,2360.10009765625,30.77199935913086,81.41000366210938,105.12000274658205,5576.97998046875,12.510000228881836,4.300000190734863,2.04,3.21,97.68838
2024-07-10,4.607500076293945,2400.0,2372.199951171875,30.726999282836918,82.0999984741211,105.0500030517578,5633.91015625,12.850000381469728,4.28000020980835,2.01,3.17,97.68838
2024-07-11,4.508500099182129,2390.25,2415.0,31.393999099731445,82.62000274658203,104.44000244140624,5584.5400390625,12.920000076293944,4.192999839782715,1.95,3.18,97.68838
2024-07-12,4.598499774932861,2388.25,2414.0,30.88599967956543,82.20999908447266,104.08999633789062,5615.35009765625,12.460000038146973,4.189000129699707,1.94,3.19,97.68838
2024-07-15,4.52899980545044,2362.0,2422.89990234375,30.67200088500977,81.91000366210938,104.19000244140624,5631.22021484375,13.119999885559082,4.229000091552734,1.96,3.13,97.68838
2024-07-16,4.443999767303467,2314.5,2462.39990234375,31.19499969482422,80.76000213623047,104.2699966430664,5667.2001953125,13.1899995803833,4.166999816894531,1.91,3.08,97.68838
2024-07-17,4.39900016784668,2313.25,2454.800048828125,30.136999130249023,82.8499984741211,103.75,5588.27001953125,14.479999542236328,4.145999908447266,1.9,3.09,97.68838
2024-07-18,4.265999794006348,2292.75,2451.800048828125,29.9950008392334,82.81999969482422,104.16999816894533,5544.58984375,15.93000030517578,4.189000129699707,1.89,3.09,97.68838
2024-07-19,4.218999862670898,2263.5,2395.5,29.08799934387207,80.12999725341797,104.4000015258789,5505.0,16.520000457763672,4.238999843597412,1.93,3.09,97.68838
2024-07-22,4.180500030517578,2210.5,2392.0,29.124000549316406,79.77999877929688,104.30999755859376,5564.41015625,14.90999984741211,4.260000228881836,1.96,3.05,97.68838
2024-07-23,4.145999908447266,2211.5,2404.60009765625,29.131999969482425,76.95999908447266,104.4499969482422,5555.740234375,14.720000267028809,4.238999843597412,1.96,3.02,97.68838
2024-07-24,4.098999977111816,2219.0,2413.300048828125,29.11599922180176,77.58999633789062,104.38999938964844,5427.1298828125,18.040000915527344,4.285999774932861,2.0,3.1,97.68838
2024-07-25,4.112500190734863,2188.0,2351.89990234375,27.80699920654297,78.27999877929688,104.36000061035156,5399.22021484375,18.459999084472656,4.25600004196167,1.99,3.08,97.68838
2024-07-26,4.104499816894531,2212.0,2380.0,27.86000061035156,77.16000366210938,104.31999969482422,5459.10009765625,16.389999389648438,4.199999809265137,1.93,3.1,97.68838
2024-07-29,4.061999797821045,2163.5,2377.300048828125,27.702999114990234,75.80999755859375,104.55999755859376,5463.5400390625,16.600000381469727,4.177999973297119,1.92,3.13,97.68838
2024-07-30,4.063000202178955,2125.0,2405.0,28.364999771118164,74.7300033569336,104.5500030517578,5436.43994140625,17.690000534057617,4.14300012588501,1.9,3.2,97.68838
2024-07-31,4.159999847412109,2189.0,2426.5,28.777999877929688,77.91000366210938,104.0999984741211,5522.2998046875,16.360000610351562,4.109000205993652,1.85,3.25,97.68838
2024-08-01,4.066500186920166,2176.25,2435.0,28.33099937438965,76.30999755859375,104.41999816894533,5446.68017578125,18.59000015258789,3.9760000705718994,1.79,3.35,97.68838
2024-08-02,4.084000110626221,2155.0,2425.699951171875,28.246000289916992,73.5199966430664,103.20999908447266,5346.56005859375,23.38999938964844,3.7920000553131104,1.76,3.72,97.68838
2024-08-05,3.983999967575073,2134.75,2401.699951171875,27.076000213623047,72.94000244140625,102.69000244140624,5186.330078125,38.56999969482422,3.785000085830689,1.71,3.93,97.68838
2024-08-06,4.011499881744385,2181.0,2389.10009765625,27.09600067138672,73.19999694824219,102.97000122070312,5240.02978515625,27.709999084472656,3.888000011444092,1.78,3.67,97.68838
2024-08-07,3.9375,2177.25,2390.5,26.82999992370605,75.2300033569336,103.1999969482422,5199.5,27.850000381469727,3.9679999351501465,1.85,3.57,97.68838
2024-08-08,3.944999933242798,2167.0,2422.199951171875,27.5,76.19000244140625,103.20999908447266,5319.31005859375,23.790000915527344,3.996999979019165,1.87,3.48,97.68838
2024-08-09,3.9800000190734863,2182.25,2432.10009765625,27.48699951171875,76.83999633789062,103.13999938964844,5344.16015625,20.3700008392334,3.941999912261963,1.84,3.49,97.68838
2024-08-12,4.054999828338623,2199.0,2462.39990234375,27.91699981689453,80.05999755859375,103.13999938964844,5344.39013671875,20.709999084472656,3.908999919891357,1.79,3.52,97.68838
2024-08-13,4.035999774932861,2211.0,2466.699951171875,27.69499969482422,78.3499984741211,102.55999755859376,5434.43017578125,18.1200008392334,3.8519999980926514,1.76,3.54,97.68838
2024-08-14,4.025000095367432,2211.0,2439.39990234375,27.253999710083008,76.9800033569336,102.56999969482422,5455.2099609375,16.190000534057617,3.819999933242798,1.77,3.46,97.68838
2024-08-15,4.138999938964844,2237.0,2453.10009765625,28.34199905395508,78.16000366210938,102.9800033569336,5543.22021484375,15.229999542236328,3.9260001182556152,1.8,3.31,97.68838
2024-08-16,4.127500057220459,2235.5,2498.60009765625,28.777999877929688,76.6500015258789,102.45999908447266,5554.25,14.800000190734863,3.891999959945679,1.81,3.29,97.68838
2024-08-19,4.166500091552734,2308.75,2501.800048828125,29.239999771118164,74.37000274658203,101.88999938964844,5608.25,14.649999618530272,3.867000102996826,1.79,3.21,97.68838
2024-08-20,4.149499893188477,2357.0,2511.300048828125,29.45499992370605,74.04000091552734,101.44000244140624,5597.1201171875,15.880000114440918,3.818000078201294,1.75,3.25,97.68838
2024-08-21,4.18149995803833,2346.75,2508.39990234375,29.47599983215332,71.93000030517578,101.04000091552734,5620.85009765625,16.270000457763672,3.7780001163482666,1.72,3.27,97.68838
2024-08-22,4.140999794006348,2350.25,2478.89990234375,29.006000518798828,73.01000213623047,101.51000213623048,5570.64013671875,17.549999237060547,3.861999988555908,1.76,3.21,97.68838
2024-08-23,4.194499969482422,2419.5,2508.39990234375,29.785999298095703,74.83000183105469,100.72000122070312,5634.60986328125,15.859999656677246,3.806999921798706,1.68,3.19,97.68838
2024-08-26,4.21150016784668,2412.5,2517.699951171875,29.976999282836918,77.41999816894531,100.8499984741211,5616.83984375,16.149999618530273,3.818000078201294,1.67,3.15,97.68838
2024-08-27,4.230500221252441,2418.25,2516.0,29.951000213623047,75.52999877929688,100.5500030517578,5625.7998046875,15.43000030517578,3.8329999446868896,1.68,3.17,97.68838
2024-08-28,4.144999980926514,2363.0,2501.0,29.176000595092773,74.5199966430664,101.08999633789062,5592.18017578125,17.110000610351562,3.8410000801086426,1.69,3.19,97.68838
2024-08-29,4.147500038146973,2344.75,2525.699951171875,29.55699920654297,75.91000366210938,101.33999633789062,5591.9599609375,15.649999618530272,3.867000102996826,1.71,3.15,97.68838
2024-08-30,4.144999980926514,2342.5,2493.800048828125,28.731000900268555,73.55000305175781,101.6999969482422,5648.39990234375,15.0,3.91100001335144,1.76,3.13,97.68838
2024-09-03,4.0320000648498535,2294.5,2489.89990234375,27.951000213623047,70.33999633789062,101.83000183105467,5528.93017578125,20.71999931335449,3.8440001010894775,1.73,3.31,97.68838
2024-09-04,4.019499778747559,2293.0,2493.39990234375,28.16699981689453,69.19999694824219,101.36000061035156,5520.06982421875,21.31999969482422,3.767999887466431,1.7,3.35,97.68838
2024-09-05,4.077499866485596,2269.5,2511.39990234375,28.71999931335449,69.1500015258789,101.11000061035156,5503.41015625,19.899999618530277,3.7309999465942383,1.7,3.29,97.68838
2024-09-06,4.014500141143799,2258.0,2493.5,27.808000564575195,67.66999816894531,101.18000030517578,5408.419921875,22.3799991607666,3.7100000381469727,1.69,3.39,97.68838
2024-09-09,4.084499835968018,2257.5,2501.800048828125,28.291000366210938,68.70999908447266,101.5500030517578,5471.0498046875,19.450000762939453,3.697000026702881,1.66,3.36,97.68838
2024-09-10,4.040500164031982,2259.5,2512.300048828125,28.256999969482425,65.75,101.62999725341795,5495.52001953125,19.07999992370605,3.6459999084472656,1.63,3.46,97.68838
2024-09-11,4.083000183105469,2300.0,2512.10009765625,28.5629997253418,67.30999755859375,101.68000030517578,5554.1298828125,17.690000534057617,3.6530001163482666,1.61,3.44,97.68838
2024-09-12,4.132999897003174,2334.5,2551.199951171875,29.743000030517575,68.97000122070312,101.37000274658205,5595.759765625,17.06999969482422,3.680000066757202,1.63,3.39,97.68838
2024-09-13,4.175000190734863,2380.0,2581.300048828125,30.698999404907227,68.6500015258789,101.11000061035156,5626.02001953125,16.559999465942383,3.650000095367432,1.58,3.37,97.68838
2024-09-16,4.2129998207092285,2437.5,2580.39990234375,30.770999908447266,70.08999633789062,100.76000213623048,5633.08984375,17.139999389648438,3.621000051498413,1.54,3.32,97.68838
2024-09-17,4.213500022888184,2430.25,2564.300048828125,30.61899948120117,71.19000244140625,100.88999938964844,5634.580078125,17.610000610351562,3.641999959945679,1.53,3.25,97.68838
2024-09-18,4.23799991607666,2437.5,2570.699951171875,30.340999603271484,70.91000366210938,100.5999984741211,5618.259765625,18.229999542236328,3.684999942779541,1.58,3.21,97.68838
2024-09-19,4.285999774932861,2463.25,2588.0,31.0939998626709,71.94999694824219,100.61000061035156,5713.64013671875,16.329999923706055,3.740000009536743,1.56,3.1,97.68838
2024-09-20,4.281499862670898,2402.25,2619.89990234375,31.176000595092773,71.91999816894531,100.72000122070312,5702.5498046875,16.149999618530273,3.7279999256134033,1.58,3.15,97.68838
2024-09-23,4.289000034332275,2408.0,2626.5,30.767000198364254,70.37000274658203,100.91999816894533,5718.56982421875,15.890000343322754,3.739000082015991,1.58,3.15,97.68838
2024-09-24,4.429500102996826,2484.5,2651.199951171875,32.11100006103516,71.55999755859375,100.37000274658205,5732.93017578125,15.390000343322754,3.736000061035156,1.55,3.21,97.68838
2024-09-25,4.427999973297119,2451.75,2659.199951171875,31.697999954223636,69.69000244140625,100.91999816894533,5722.259765625,15.40999984741211,3.7809998989105225,1.61,3.19,97.68838
2024-09-26,4.580999851226807,2543.0,2669.89990234375,32.025001525878906,67.66999816894531,100.55999755859376,5745.3701171875,15.369999885559082,3.7909998893737793,1.63,3.14,97.68838
2024-09-27,4.540999889373779,2579.0,2644.300048828125,31.518999099731445,68.18000030517578,100.41999816894533,5738.169921875,16.959999084472656,3.749000072479248,1.6,3.14,97.68838
2024-09-30,4.495999813079834,2534.25,2636.10009765625,31.16399955749512,68.16999816894531,100.77999877929688,5762.47998046875,16.729999542236328,3.802000045776367,1.63,3.03,97.68838
2024-10-01,4.5355000495910645,2564.75,2667.300048828125,31.44499969482422,69.83000183105469,101.19000244140624,5708.75,19.26000022888184,3.743000030517578,1.55,3.07,97.68838
2024-10-02,4.5960001945495605,2580.5,2647.10009765625,31.62800025939941,70.0999984741211,101.68000030517578,5709.5400390625,18.899999618530277,3.785000085830689,1.58,3.06,97.68838
2024-10-03,4.501999855041504,2551.25,2657.10009765625,32.18899917602539,73.70999908447266,101.98999786376952,5699.93994140625,20.489999771118164,3.849999904632568,1.64,3.04,97.68838
2024-10-04,4.522500038146973,2583.75,2645.800048828125,32.12799835205078,74.37999725341797,102.5199966430664,5751.06982421875,19.209999084472656,3.9809999465942383,1.75,2.89,97.68838
2024-10-07,4.519000053405762,2590.5,2644.800048828125,31.7450008392334,77.13999938964844,102.54000091552734,5695.93994140625,22.63999938964844,4.026000022888184,1.76,2.95,97.68838
2024-10-08,4.412000179290772,2496.25,2615.0,30.354999542236328,73.56999969482422,102.5500030517578,5751.1298828125,21.420000076293945,4.0329999923706055,1.77,2.99,97.68838
2024-10-09,4.355000019073486,2463.0,2606.0,30.424999237060547,73.23999786376953,102.93000030517578,5792.0400390625,20.86000061035156,4.066999912261963,1.77,2.94,97.68838
2024-10-10,4.385000228881836,2520.75,2620.60009765625,31.0049991607666,75.8499984741211,102.98999786376952,5780.0498046875,20.93000030517578,4.0960001945495605,1.76,2.99,97.68838
2024-10-11,4.451499938964844,2569.75,2657.60009765625,31.520000457763672,75.55999755859375,102.88999938964844,5815.02978515625,20.459999084472656,4.072999954223633,1.75,2.98,97.68838
2024-10-14,4.363500118255615,2533.75,2647.800048828125,31.08300018310547,73.83000183105469,103.3000030517578,5859.85009765625,19.700000762939453,4.0980000495910645,1.75,2.97,97.68838
2024-10-15,4.30049991607666,2515.5,2661.39990234375,31.527000427246094,70.58000183105469,103.26000213623048,5815.259765625,20.63999938964844,4.038000106811523,1.75,2.93,97.68838
2024-10-16,4.331500053405762,2525.25,2674.0,31.76000022888184,70.38999938964844,103.58999633789062,5842.47021484375,19.57999992370605,4.015999794006348,1.75,2.9,97.68838
2024-10-17,4.286499977111816,2503.75,2691.0,31.572999954223636,70.66999816894531,103.83000183105467,5841.47021484375,19.11000061035156,4.0960001945495605,1.79,2.89,97.68838
2024-10-18,4.3460001945495605,2566.25,2713.699951171875,33.03200149536133,69.22000122070312,103.48999786376952,5864.669921875,18.030000686645508,4.072999954223633,1.77,2.88,97.68838
2024-10-21,4.322999954223633,2541.5,2723.10009765625,33.86899948120117,70.55999755859375,104.01000213623048,5853.97998046875,18.3700008392334,4.182000160217285,1.88,2.88,97.68838
2024-10-22,4.3480000495910645,2574.5,2744.199951171875,34.83100128173828,72.08999633789062,104.08000183105467,5851.2001953125,18.200000762939453,4.203999996185303,1.87,2.92,97.68838
2024-10-23,4.304500102996826,2612.25,2714.39990234375,33.63999938964844,70.7699966430664,104.43000030517578,5797.419921875,19.239999771118164,4.242000102996826,1.93,2.95,97.68838
2024-10-24,4.319499969482422,2597.25,2734.89990234375,33.61100006103516,70.19000244140625,104.05999755859376,5809.85986328125,19.07999992370605,4.199999809265137,1.91,2.93,97.68838
2024-10-25,4.339499950408936,2629.0,2740.89990234375,33.60300064086914,71.77999877929688,104.26000213623048,5808.1201171875,20.32999992370605,4.23199987411499,1.96,2.89,97.68838
2024-10-28,4.331999778747559,2590.5,2742.89990234375,33.83000183105469,67.37999725341797,104.31999969482422,5823.52001953125,19.799999237060547,4.277999877929688,1.99,2.82,97.68838
2024-10-29,4.332499980926514,2606.0,2768.39990234375,34.26900100708008,67.20999908447266,104.27999877929688,5832.919921875,19.34000015258789,4.27400016784668,1.98,2.85,97.68838
2024-10-30,4.327499866485596,2563.0,2788.5,33.91400146484375,68.61000061035156,103.98999786376952,5813.669921875,20.350000381469727,4.265999794006348,1.95,2.8,97.68838
2024-10-31,4.313499927520752,2560.5,2738.300048828125,32.65299987792969,69.26000213623047,103.9800033569336,5705.4501953125,23.15999984741211,4.283999919891357,1.95,2.88,97.68838
2024-11-01,4.347499847412109,2546.25,2738.60009765625,32.54199981689453,69.48999786376953,104.27999877929688,5728.7998046875,21.8799991607666,4.361000061035156,2.04,2.83,97.68838
2024-11-04,4.4070000648498535,2560.75,2736.10009765625,32.47999954223633,71.47000122070312,103.88999938964844,5712.68994140625,21.979999542236328,4.309000015258789,2.03,2.87,97.68838
2024-11-05,4.450500011444092,2616.75,2740.300048828125,32.654998779296875,71.98999786376953,103.41999816894533,5782.759765625,20.489999771118164,4.289000034332275,1.99,2.86,97.68838
2024-11-06,4.222499847412109,2548.75,2667.60009765625,31.22100067138672,71.69000244140625,105.08999633789062,5929.0400390625,16.270000457763672,4.426000118255615,2.04,2.74,97.68838
2024-11-07,4.409999847412109,2654.5,2698.39990234375,31.76499938964844,72.36000061035156,104.51000213623048,5973.10009765625,15.199999809265137,4.341000080108643,1.98,2.73,97.68838
2024-11-08,4.286499977111816,2561.75,2687.5,31.358999252319336,70.37999725341797,105.0,5995.5400390625,14.9399995803833,4.306000232696533,1.95,2.63,97.68838
2024-11-11,4.210999965667725,2502.5,2611.199951171875,30.540000915527344,68.04000091552734,105.54000091552734,6001.35009765625,14.970000267028809,4.308000087738037,1.95,2.63,97.68838
2024-11-12,4.119500160217285,2471.0,2600.0,30.68600082397461,68.12000274658203,106.0199966430664,5983.990234375,14.710000038146973,4.432000160217285,2.08,2.61,97.68838
2024-11-13,4.065999984741211,2452.25,2580.800048828125,30.59000015258789,68.43000030517578,106.4800033569336,5985.3798828125,14.020000457763672,4.451000213623047,2.09,2.64,97.68838
2024-11-14,4.072999954223633,2428.5,2568.199951171875,30.507999420166016,68.69999694824219,106.66999816894533,5949.169921875,14.3100004196167,4.418000221252441,2.1,2.6,97.68838
2024-11-15,4.051000118255615,2566.75,2565.699951171875,30.371000289916992,67.0199966430664,106.69000244140624,5870.6201171875,16.139999389648438,4.427999973297119,2.1,2.72,97.68838
2024-11-18,4.107999801635742,2535.5,2610.60009765625,31.163000106811523,69.16000366210938,106.27999877929688,5893.6201171875,15.579999923706056,4.414000034332275,2.08,2.72,97.68838
2024-11-19,4.130000114440918,2575.25,2627.10009765625,31.20800018310547,69.38999938964844,106.20999908447266,5916.97998046875,16.350000381469727,4.379000186920166,2.05,2.69,97.68838
2024-11-20,4.143499851226807,2573.25,2648.199951171875,30.95599937438965,68.87000274658203,106.68000030517578,5917.10986328125,17.15999984741211,4.406000137329102,2.06,2.67,97.68838
2024-11-21,4.11299991607666,2570.5,2672.10009765625,30.91200065612793,70.0999984741211,106.97000122070312,5948.7099609375,16.8700008392334,4.432000160217285,2.09,2.61,97.68838
2024-11-22,4.073999881744385,2556.0,2709.89990234375,31.30900001525879,71.23999786376953,107.48999786376952,5969.33984375,15.239999771118164,4.409999847412109,2.07,2.61,97.68838
2024-11-25,4.09149980545044,2580.75,2616.800048828125,30.209999084472656,68.94000244140625,106.81999969482422,5987.3701171875,14.600000381469728,4.264999866485596,1.98,2.64,97.68838
2024-11-26,4.039000034332275,2555.25,2620.300048828125,30.38800048828125,68.7699966430664,107.01000213623048,6021.6298828125,14.100000381469728,4.302000045776367,2.02,2.68,97.68838
2024-11-27,4.066999912261963,2556.5,2639.89990234375,30.11100006103516,68.72000122070312,106.08000183105467,5998.740234375,14.100000381469728,4.242000102996826,1.99,2.69,97.68838
2024-11-29,4.08050012588501,2562.0,2657.0,30.684999465942383,68.0,105.73999786376952,6032.3798828125,13.510000228881836,4.177999973297119,1.92,2.72,97.68838
2024-12-02,4.075500011444092,2559.0,2634.89990234375,30.448999404907227,68.0999984741211,106.4499969482422,6047.14990234375,13.34000015258789,4.196000099182129,1.93,2.68,97.68838
2024-12-03,4.145999908447266,2590.5,2644.699951171875,31.07699966430664,69.94000244140625,106.37000274658205,6049.8798828125,13.300000190734863,4.2230000495910645,1.95,2.66,97.68838
2024-12-04,4.142000198364258,2625.25,2653.800048828125,31.5049991607666,68.54000091552734,106.33999633789062,6086.490234375,13.449999809265137,4.179999828338623,1.9,2.66,97.68838
2024-12-05,4.135000228881836,2614.25,2626.60009765625,31.13400077819824,68.30000305175781,105.70999908447266,6075.10986328125,13.539999961853027,4.179999828338623,1.92,2.66,97.68838
2024-12-06,4.138500213623047,2549.0,2638.60009765625,31.18600082397461,67.19999694824219,105.97000122070312,6090.27001953125,12.770000457763672,4.151000022888184,1.91,2.67,97.68838
2024-12-09,4.223499774932861,2524.5,2664.89990234375,32.215999603271484,68.37000274658203,106.1500015258789,6052.85009765625,14.1899995803833,4.198999881744385,1.93,2.67,97.68838
2024-12-10,4.223499774932861,2518.25,2697.60009765625,32.362998962402344,68.58999633789062,106.4000015258789,6034.91015625,14.18000030517578,4.2210001945495605,1.93,2.67,97.68838
2024-12-11,4.214000225067139,2535.0,2733.800048828125,32.5620002746582,70.29000091552734,106.70999908447266,6084.18994140625,13.579999923706056,4.270999908447266,1.96,2.64,97.68838
2024-12-12,4.195000171661377,2535.5,2687.5,31.22800064086914,70.0199966430664,106.95999908447266,6051.25,13.920000076293944,4.323999881744385,2.0,2.66,97.68838
2024-12-13,4.14900016784668,2521.25,2656.0,30.655000686645508,71.29000091552734,107.0,6051.08984375,13.8100004196167,4.39900016784668,2.07,2.68,97.68838
2024-12-16,4.143499851226807,2488.75,2651.39990234375,30.69700050354004,70.70999908447266,106.86000061035156,6074.080078125,14.6899995803833,4.396999835968018,2.07,2.69,97.68838
2024-12-17,4.09149980545044,2464.0,2644.39990234375,30.572999954223636,70.08000183105469,106.95999908447266,6050.60986328125,15.869999885559082,4.385000228881836,2.09,2.75,97.68838
2024-12-18,4.099999904632568,2467.0,2636.5,30.40999984741211,70.58000183105469,108.02999877929688,5872.16015625,27.6200008392334,4.49399995803833,2.18,2.73,97.68838
2024-12-19,4.020500183105469,2448.25,2592.199951171875,29.0939998626709,69.91000366210938,108.41000366210938,5867.080078125,24.09000015258789,4.570000171661377,2.28,2.91,97.68838
2024-12-20,4.040999889373779,2481.0,2628.699951171875,29.65999984741211,69.45999908447266,107.62000274658205,5930.85009765625,18.36000061035156,4.52400016784668,2.23,2.86,97.68838
2024-12-23,4.0229997634887695,2477.25,2612.300048828125,29.88800048828125,69.23999786376953,108.04000091552734,5974.06982421875,16.780000686645508,4.598999977111816,2.27,2.85,97.68838
2024-12-24,4.049499988555908,2532.0,2620.0,29.974000930786133,70.0999984741211,108.26000213623048,6040.0400390625,14.270000457763672,4.591000080108643,2.24,2.86,97.68838
2024-12-26,4.072000026702881,2507.0,2638.800048828125,30.04700088500977,69.62000274658203,108.12999725341795,6037.58984375,14.729999542236328,4.578999996185303,2.23,2.86,97.68838
2024-12-27,4.0625,2530.0,2617.199951171875,29.655000686645508,70.5999984741211,108.0,5970.83984375,15.949999809265137,4.61899995803833,2.28,2.84,97.68838
2024-12-30,4.045499801635742,2545.25,2606.10009765625,29.106000900268555,70.98999786376953,108.12999725341795,5906.93994140625,17.399999618530273,4.545000076293945,2.24,2.94,97.68838
2024-12-31,3.986000061035156,2521.75,2629.199951171875,28.940000534057617,71.72000122070312,108.48999786376952,5881.6298828125,17.350000381469727,4.572999954223633,2.24,2.92,97.68838
2025-01-02,3.9885001182556152,2498.25,2658.89990234375,29.621999740600582,73.12999725341797,109.38999938964844,5868.5498046875,17.93000030517578,4.574999809265137,2.23,2.88,97.68838
2025-01-03,4.039500236511231,2458.0,2645.0,29.80599975585937,73.95999908447266,108.9499969482422,5942.47021484375,16.1299991607666,4.5960001945495605,2.26,2.81,97.68838
2025-01-06,4.126999855041504,2469.25,2638.39990234375,30.34199905395508,73.55999755859375,108.26000213623048,5975.3798828125,16.040000915527344,4.618000030517578,2.28,2.76,97.68838
2025-01-07,4.1605000495910645,2491.75,2656.699951171875,30.44700050354004,74.25,108.54000091552734,5909.02978515625,17.81999969482422,4.683000087738037,2.29,2.79,97.68838
2025-01-08,4.227499961853027,2467.0,2664.5,30.45199966430664,73.31999969482422,109.08999633789062,5918.25,17.700000762939453,4.692999839782715,2.27,2.84,97.68838
2025-01-09,4.2795000076293945,2507.5,2683.800048828125,30.791000366210938,73.91999816894531,109.18000030517578,,,,2.29,2.82,97.68838
2025-01-10,4.274499893188477,2549.25,2708.5,31.090999603271484,76.56999969482422,109.6500015258789,5827.0400390625,19.540000915527344,4.776000022888184,2.34,2.81,97.68838
2025-01-13,4.295499801635742,2568.5,2673.5,30.090999603271484,78.81999969482422,109.95999908447266,5836.22021484375,19.190000534057617,4.802999973297119,2.34,2.85,97.68838
2025-01-14,4.310500144958496,2571.75,2677.5,30.131999969482425,77.5,109.2699966430664,5842.91015625,18.709999084472656,4.788000106811523,2.34,2.8,97.68838
2025-01-15,4.359499931335449,2608.25,2712.5,31.319000244140625,80.04000091552734,109.08999633789062,5949.91015625,16.1200008392334,4.652999877929688,2.24,2.72,97.68838
2025-01-16,4.4105000495910645,2655.5,2746.39990234375,31.52300071716309,78.68000030517578,108.95999908447266,5937.33984375,16.600000381469727,4.605999946594238,2.19,2.73,97.68838
2025-01-17,4.337500095367432,2686.75,2744.300048828125,30.951000213623047,77.87999725341797,109.3499984741211,5996.66015625,15.970000267028809,4.609000205993652,2.2,2.64,97.68838
2025-01-21,4.310999870300293,2663.5,2755.0,31.31100082397461,75.88999938964844,108.05999755859376,6049.240234375,15.0600004196167,4.573999881744385,2.19,2.61,97.68838
2025-01-22,4.271500110626221,2638.5,2767.60009765625,31.23900032043457,75.44000244140625,108.16999816894533,6086.3701171875,15.100000381469728,4.598999977111816,2.2,2.59,97.68838
2025-01-23,4.299499988555908,2634.5,2763.10009765625,30.67300033569336,74.62000274658203,108.0500030517578,6118.7099609375,15.020000457763672,4.638000011444092,2.23,2.61,97.68838
2025-01-24,4.289999961853027,2657.75,2777.300048828125,31.02300071716309,74.66000366210938,107.44000244140624,6101.240234375,14.850000381469728,4.625999927520752,2.2,2.6,97.68838
2025-01-27,4.203499794006348,2602.75,2737.5,30.253999710083008,73.16999816894531,107.33999633789062,6012.27978515625,17.899999618530273,4.527999877929688,2.13,2.66,97.68838
2025-01-28,4.2204999923706055,2563.0,2766.800048828125,30.726999282836918,73.7699966430664,107.87000274658205,6067.7001953125,16.40999984741211,4.551000118255615,2.13,2.66,97.68838
2025-01-29,4.257500171661377,2612.25,2769.10009765625,31.238000869750977,72.62000274658203,108.0,6039.31005859375,16.559999465942383,4.554999828338623,2.15,2.68,97.68838
2025-01-30,4.288000106811523,2618.75,2823.0,32.36399841308594,72.7300033569336,107.8000030517578,6071.169921875,15.84000015258789,4.51200008392334,2.14,2.67,97.68838
2025-01-31,4.26200008392334,2586.0,2812.5,32.12799835205078,72.52999877929688,108.37000274658205,6040.52978515625,16.43000030517578,4.568999767303467,2.16,2.68,97.68838
2025-02-03,4.294000148773193,2617.0,2833.89990234375,32.391998291015625,73.16000366210938,108.98999786376952,5994.56982421875,18.6200008392334,4.543000221252441,2.09,2.73,97.68838
2025-02-04,4.34250020980835,2631.0,2853.300048828125,32.88800048828125,72.69999694824219,107.95999908447266,6037.8798828125,17.209999084472656,4.513000011444092,2.08,2.71,97.68838
2025-02-05,4.434500217437744,2601.5,2871.60009765625,32.85699844360352,71.02999877929688,107.58000183105467,6061.47998046875,15.770000457763672,4.421999931335449,2.01,2.69,97.68838
2025-02-06,4.453499794006348,2620.75,2856.0,32.518001556396484,70.61000061035156,107.69000244140624,6083.56982421875,15.5,4.440000057220459,2.03,2.66,97.68838
2025-02-07,4.581500053405762,2623.75,2867.300048828125,32.334999084472656,71.0,108.04000091552734,6025.990234375,16.540000915527344,4.486999988555908,2.07,2.67,97.68838
2025-02-10,4.700500011444092,2636.25,2914.300048828125,32.391998291015625,72.31999969482422,108.31999969482422,6066.43994140625,15.8100004196167,4.493000030517578,2.07,2.66,97.68838
2025-02-11,4.5945000648498535,2620.75,2912.5,32.23099899291992,73.31999969482422,107.95999908447266,6068.5,16.020000457763672,4.537000179290772,2.08,2.66,97.68838
2025-02-12,4.697999954223633,2587.5,2909.0,32.69499969482422,71.37000274658203,107.94000244140624,6051.97021484375,15.890000343322754,4.63700008392334,2.16,2.65,97.68838
2025-02-13,4.769000053405762,2571.75,2925.89990234375,32.650001525878906,71.29000091552734,107.30999755859376,6115.06982421875,15.100000381469728,4.525000095367432,2.08,2.65,97.68838
2025-02-14,4.656499862670898,2612.25,2883.60009765625,32.80099868774414,70.73999786376953,106.56999969482422,6114.6298828125,14.770000457763672,4.4720001220703125,2.04,2.62,97.68838
2025-02-18,4.585000038146973,2638.25,2931.60009765625,33.31700134277344,71.8499984741211,107.0500030517578,6129.580078125,15.350000381469728,4.544000148773193,2.1,2.62,97.68838
2025-02-19,4.557000160217285,2652.5,2919.39990234375,32.99300003051758,72.25,107.16999816894533,6144.14990234375,15.270000457763672,4.534999847412109,2.08,2.68,97.68838
2025-02-20,4.607999801635742,2692.25,2940.0,33.444000244140625,72.56999969482422,106.33999633789062,6117.52001953125,15.65999984741211,4.5,2.05,2.66,97.68838
2025-02-21,4.559999942779541,2694.0,2937.60009765625,32.97600173950195,70.4000015258789,106.61000061035156,6013.1298828125,18.209999084472656,4.420000076293945,2.0,2.78,97.68838
2025-02-24,4.517000198364258,2620.25,2947.89990234375,32.57500076293945,70.69999694824219,106.5999984741211,5983.25,18.979999542236328,4.39300012588501,1.98,2.78,97.68838
2025-02-25,4.486000061035156,2585.5,2904.5,31.801000595092773,68.93000030517578,106.30999755859376,5955.25,19.43000030517578,4.297999858856201,1.92,2.84,97.68838
2025-02-26,4.541999816894531,2597.25,2916.800048828125,32.25299835205078,68.62000274658203,106.41999816894533,5956.06005859375,19.100000381469727,4.249000072479248,1.89,2.81,97.68838
2025-02-27,4.579999923706055,2596.25,2883.199951171875,31.801000595092773,70.3499984741211,107.23999786376952,5861.56982421875,21.1299991607666,4.284999847412109,1.92,2.81,97.68838
2025-02-28,4.514500141143799,2561.5,2836.800048828125,31.2189998626709,69.76000213623047,107.61000061035156,5954.5,19.6299991607666,4.230999946594238,1.86,2.87,97.68838
2025-03-03,4.576499938964844,2567.75,2890.199951171875,32.03200149536133,68.37000274658203,106.75,5849.72021484375,22.780000686645508,4.179999828338623,1.8,2.94,97.68838
2025-03-04,4.527500152587891,2575.75,2909.60009765625,32.108001708984375,68.26000213623047,105.73999786376952,5778.14990234375,23.51000022888184,4.210000038146973,1.87,2.99,97.68838
2025-03-05,4.766499996185303,2610.0,2915.300048828125,32.858001708984375,66.30999755859375,105.73999786376952,5842.6298828125,21.93000030517578,4.264999866485596,1.94,2.88,97.68838
2025-03-06,4.77899980545044,2656.75,2916.60009765625,33.0629997253418,66.36000061035156,104.05999755859376,5738.52001953125,24.8700008392334,4.285999774932861,1.95,2.99,97.68838
2025-03-07,4.683000087738037,2661.5,2904.699951171875,32.54800033569336,67.04000091552734,103.83999633789062,5770.2001953125,23.3700008392334,4.316999912261963,1.99,2.97,97.68838
2025-03-10,4.639500141143799,2651.0,2891.0,32.275001525878906,66.02999877929688,103.91000366210938,5614.56005859375,27.86000061035156,4.2129998207092285,1.91,3.16,97.68838
2025-03-11,4.739999771118164,2649.0,2912.89990234375,32.88800048828125,66.25,103.44000244140624,5572.06982421875,26.920000076293945,4.288000106811523,1.97,3.22,97.68838
2025-03-12,4.821000099182129,2648.75,2939.10009765625,33.48400115966797,67.68000030517578,103.61000061035156,5599.2998046875,24.229999542236328,4.317999839782715,1.99,3.2,97.68838
2025-03-13,4.898499965667725,2645.25,2984.300048828125,34.05099868774414,66.55000305175781,103.83000183105467,5521.52001953125,24.65999984741211,4.27400016784668,1.98,3.4,97.68838
2025-03-14,4.869500160217285,2624.5,2994.5,34.1870002746582,67.18000030517578,103.72000122070312,5638.93994140625,21.770000457763672,4.308000087738037,2.01,3.25,97.68838
2025-03-17,4.933499813079834,2633.25,3000.0,34.07400131225586,67.58000183105469,103.37000274658205,5675.1201171875,20.51000022888184,4.306000232696533,2.02,3.18,97.68838
2025-03-18,4.993000030517578,2596.75,3035.10009765625,34.57899856567383,66.9000015258789,103.23999786376952,5614.66015625,21.700000762939453,4.281000137329102,1.99,3.23,97.68838
2025-03-19,5.076000213623047,2604.0,3035.89990234375,33.974998474121094,67.16000366210938,103.43000030517578,5675.2900390625,19.899999618530277,4.25600004196167,1.94,3.19,97.68838
2025-03-20,5.085000038146973,2597.5,3040.0,33.7859992980957,68.26000213623047,103.8499984741211,5662.89013671875,19.799999237060547,4.232999801635742,1.93,3.17,97.68838
2025-03-21,5.087500095367432,2553.5,3018.199951171875,33.290000915527344,68.27999877929688,104.08999633789062,5667.56005859375,19.280000686645508,4.251999855041504,1.92,3.21,97.68838
2025-03-24,5.064000129699707,2538.5,3013.10009765625,33.26499938964844,69.11000061035156,104.26000213623048,5767.56982421875,17.479999542236328,4.330999851226807,1.98,3.05,97.68838
2025-03-25,5.183000087738037,2526.75,3023.699951171875,34.00199890136719,69.0,104.18000030517578,5776.64990234375,17.149999618530273,4.307000160217285,1.96,3.09,97.68838
2025-03-26,5.216000080108643,2533.5,3020.89990234375,34.03300094604492,69.6500015258789,104.5500030517578,5712.2001953125,18.32999992370605,4.3379998207092285,1.98,3.19,97.68838
2025-03-27,5.097499847412109,2479.0,3060.199951171875,34.89699935913086,69.91999816894531,104.06999969482422,5693.31005859375,18.690000534057617,4.36899995803833,1.99,3.27,97.68838
2025-03-28,5.112500190734863,2459.5,3086.5,34.64400100708008,69.36000061035156,104.04000091552734,5580.93994140625,21.649999618530277,4.255000114440918,1.9,3.47,97.68838
2025-03-31,5.019999980926514,2432.25,3122.800048828125,34.457000732421875,71.4800033569336,104.20999908447266,5611.85009765625,22.280000686645508,4.245999813079834,1.85,3.55,97.68838
2025-04-01,5.019000053405762,2400.5,3118.89990234375,34.15800094604492,71.19999694824219,104.26000213623048,5633.06982421875,21.770000457763672,4.156000137329102,1.84,3.5,97.68838
2025-04-02,5.023499965667725,2366.5,3139.89990234375,34.499000549316406,71.70999908447266,103.80999755859376,5670.97021484375,21.51000022888184,4.196000099182129,1.88,3.42,97.68838
2025-04-03,4.810999870300293,2296.25,3097.0,31.8439998626709,66.94999694824219,102.06999969482422,5396.52001953125,30.020000457763672,4.054999828338623,1.78,4.01,97.68838
2025-04-04,4.384500026702881,2209.5,3012.0,29.11599922180176,61.9900016784668,103.0199966430664,5074.080078125,45.310001373291016,3.984999895095825,1.83,4.45,97.68838
2025-04-07,4.169000148773193,2199.25,2951.300048828125,29.51000022888184,60.70000076293945,103.26000213623048,5062.25,46.97999954223633,4.15500020980835,1.96,4.61,97.68838
2025-04-08,4.127500057220459,2190.75,2968.39990234375,29.59199905395508,59.58000183105469,102.95999908447266,4982.77001953125,52.33000183105469,4.26200008392334,2.04,4.57,97.68838
2025-04-09,4.17549991607666,2166.25,3056.5,30.322999954223636,62.34999847412109,102.9000015258789,5456.89990234375,33.619998931884766,4.400000095367432,2.07,4.37,97.68838
2025-04-10,4.321000099182129,2251.0,3155.199951171875,30.67099952697754,60.06999969482422,100.87000274658205,5268.0498046875,40.720001220703125,4.394000053405762,2.21,4.42,97.68838
2025-04-11,4.507500171661377,2300.0,3222.199951171875,31.823999404907227,61.5,99.77999877929688,5363.35986328125,37.560001373291016,4.493000030517578,2.28,4.26,97.68838
2025-04-14,4.610499858856201,2306.75,3204.800048828125,32.09199905395508,61.52999877929688,99.63999938964844,5405.97021484375,30.88999938964844,4.363999843597412,2.15,4.14,97.68838
2025-04-15,4.611000061035156,2317.5,3218.699951171875,32.22700119018555,61.33000183105469,100.22000122070312,5396.6298828125,30.1200008392334,4.322999954223633,2.16,4.09,97.68838
2025-04-16,4.673999786376953,2310.5,3326.60009765625,32.92599868774414,62.470001220703125,99.37999725341795,5275.7001953125,32.63999938964844,4.27899980545044,2.12,4.16,97.68838
2025-04-17,4.731500148773193,2307.5,3308.699951171875,32.41999816894531,64.68000030517578,99.37999725341795,5282.7001953125,29.649999618530277,4.333000183105469,2.11,4.02,97.68838
2025-04-21,4.7210001945495605,2330.5,3406.199951171875,32.49599838256836,63.08000183105469,98.27999877929688,5158.2001953125,33.81999969482422,4.40500020980835,2.2,4.16,97.68838
2025-04-22,4.870500087738037,2303.25,3400.800048828125,32.880001068115234,64.30999755859375,98.91999816894533,5287.759765625,30.56999969482422,4.388999938964844,2.14,3.99,97.68838
2025-04-23,4.8354997634887695,2345.75,3276.300048828125,33.518001556396484,62.27000045776367,99.83999633789062,5375.85986328125,28.450000762939453,4.38700008392334,2.11,3.75,97.68838
2025-04-24,4.849999904632568,2390.0,3332.0,33.48199844360352,62.790000915527344,99.29000091552734,5484.77001953125,26.46999931335449,4.304999828338623,2.02,3.73,97.68838
2025-04-25,4.8354997634887695,2351.25,3282.39990234375,32.98899841308594,63.02000045776367,99.47000122070312,5525.2099609375,24.84000015258789,4.265999794006348,2.02,3.67,97.68838
2025-04-28,4.8379998207092285,2347.5,3332.5,32.9900016784668,62.04999923706055,99.01000213623048,5528.75,25.149999618530277,4.216000080108643,1.98,3.73,97.68838
2025-04-29,4.822999954223633,2354.0,3318.800048828125,33.275001525878906,60.41999816894531,99.23999786376952,5560.830078125,24.170000076293945,4.172999858856201,1.96,3.74,97.68838
2025-04-30,4.559999942779541,2292.75,3305.0,32.53099822998047,58.209999084472656,99.47000122070312,5569.06005859375,24.700000762939453,4.177000045776367,1.94,3.94,97.68838
2025-05-01,4.580999851226807,2293.25,3210.0,32.18899917602539,59.2400016784668,100.25,5604.14013671875,24.600000381469727,4.230999946594238,2.0,3.78,97.68838
2025-05-02,4.627500057220459,2307.75,3231.89990234375,31.98900032043457,58.290000915527344,100.0,5686.669921875,22.68000030517578,4.322000026702881,2.06,3.6,97.68838
2025-05-05,4.65500020980835,2306.75,3311.300048828125,32.20500183105469,57.130001068115234,99.83000183105467,5650.3798828125,23.63999938964844,4.3429999351501465,2.08,3.6,97.68838
2025-05-06,4.735000133514404,2310.25,3411.39990234375,33.112998962402344,59.09000015258789,99.23999786376952,5606.91015625,24.76000022888184,4.308000087738037,2.04,3.66,97.68838
2025-05-07,4.616499900817871,2269.75,3381.39990234375,32.53099822998047,58.06999969482422,99.61000061035156,5631.27978515625,23.549999237060547,4.275000095367432,2.01,3.67,97.68838
2025-05-08,4.560999870300293,2294.25,3296.60009765625,32.37799835205078,59.90999984741211,100.63999938964844,5663.93994140625,22.479999542236328,4.373000144958496,2.08,3.51,97.68838
2025-05-09,4.611000061035156,2309.25,3335.39990234375,32.67599868774414,61.02000045776367,100.33999633789062,5659.91015625,21.899999618530277,4.375,2.08,3.53,97.68838
2025-05-12,4.578499794006348,2382.0,3220.0,32.38800048828125,61.95000076293945,101.79000091552734,5844.18994140625,18.38999938964844,4.456999778747559,2.16,3.15,97.68838
2025-05-13,4.68149995803833,2400.75,3240.300048828125,32.86800003051758,63.66999816894531,101.0,5886.5498046875,18.21999931335449,4.499000072479248,2.17,3.09,97.68838
2025-05-14,4.611000061035156,2457.25,3181.39990234375,32.22600173950195,63.150001525878906,101.04000091552734,5892.580078125,18.6200008392334,4.527999877929688,2.16,3.1,97.68838
2025-05-15,4.644499778747559,2403.5,3220.699951171875,32.48099899291992,61.619998931884766,100.87999725341795,5916.93017578125,17.829999923706055,4.454999923706055,2.11,3.2,97.68838
2025-05-16,4.555500030517578,2389.75,3182.0,32.15800094604492,62.4900016784668,101.08999633789062,5958.3798828125,17.239999771118164,4.440999984741211,2.09,3.16,97.68838
2025-05-19,4.633500099182129,2355.25,3228.89990234375,32.3129997253418,62.68999862670898,100.43000030517578,5963.60009765625,18.13999938964844,4.474999904632568,2.1,3.21,97.68838
2025-05-20,4.619500160217285,2372.25,3280.300048828125,32.97999954223633,62.560001373291016,100.12000274658205,5940.4599609375,18.09000015258789,4.480999946594238,2.13,3.2,97.68838
2025-05-21,4.638000011444092,2374.25,3309.300048828125,33.4630012512207,61.56999969482422,99.55999755859376,5844.60986328125,20.8700008392334,4.5960001945495605,2.23,3.25,97.68838
2025-05-22,4.648499965667725,2350.25,3292.300048828125,33.047000885009766,61.20000076293945,99.95999908447266,5842.009765625,20.280000686645508,4.552999973297119,2.2,3.32,97.68838
2025-05-23,4.80649995803833,2357.5,3363.60009765625,33.44200134277344,61.52999877929688,99.11000061035156,5802.81982421875,22.290000915527344,4.508999824523926,2.18,3.4,97.68838
2025-05-27,4.710000038146973,2373.5,3299.10009765625,33.145999908447266,60.88999938964844,99.5199966430664,5921.5400390625,18.959999084472656,4.434000015258789,2.11,3.24,97.68838
2025-05-28,4.644000053405762,2358.25,3293.60009765625,33.0,61.84000015258789,99.87999725341795,5888.5498046875,19.309999465942383,4.477000236511231,2.15,3.23,97.68838
2025-05-29,4.653500080108643,2344.25,3317.10009765625,33.28300094604492,60.93999862670898,99.27999877929688,5912.169921875,19.18000030517578,4.423999786376953,2.11,3.22,97.68838
2025-05-30,4.652500152587891,2348.5,3288.89990234375,32.891998291015625,60.790000915527344,99.33000183105467,5911.68994140625,18.56999969482422,4.415999889373779,2.07,3.31,97.68838
2025-06-02,4.834499835968018,2381.75,3370.60009765625,34.5629997253418,62.52000045776367,98.6999969482422,5935.93994140625,18.36000061035156,4.461999893188477,2.13,3.27,97.68838
2025-06-03,4.809500217437744,2371.0,3350.199951171875,34.50299835205078,63.40999984741211,99.25,5970.3701171875,17.690000534057617,4.460000038146973,2.14,3.19,97.68838
2025-06-04,4.864500045776367,2390.75,3373.5,34.51900100708008,62.84999847412109,98.79000091552734,5970.81005859375,17.610000610351562,4.364999771118164,2.06,3.23,97.68838
2025-06-05,4.91349983215332,2404.0,3350.699951171875,35.68899917602539,63.369998931884766,98.73999786376952,5939.2998046875,18.479999542236328,4.394000053405762,2.11,3.18,97.68838
2025-06-06,4.829999923706055,2365.75,3322.699951171875,36.025001525878906,64.58000183105469,99.19000244140624,6000.35986328125,16.770000457763672,4.510000228881836,2.2,3.09,97.68838
2025-06-09,4.9095001220703125,2394.75,3332.10009765625,36.6879997253418,65.29000091552734,98.94000244140624,6005.8798828125,17.15999984741211,4.48199987411499,2.18,3.12,97.68838
2025-06-10,4.883999824523926,2419.25,3320.89990234375,36.54199981689453,64.9800033569336,99.0500030517578,6038.81005859375,16.950000762939453,4.473999977111816,2.18,3.12,97.68838
2025-06-11,4.801000118255615,2443.0,3321.300048828125,36.16600036621094,68.1500015258789,98.62999725341795,6022.240234375,17.260000228881836,4.412000179290772,2.14,3.12,97.68838
2025-06-12,4.821499824523926,2439.75,3380.89990234375,36.2130012512207,68.04000091552734,97.91999816894533,6045.259765625,18.020000457763672,4.35699987411499,2.11,3.17,97.68838
2025-06-13,4.802999973297119,2436.0,3431.199951171875,36.28099822998047,72.9800033569336,98.18000030517578,5976.97021484375,20.81999969482422,4.423999786376953,2.13,3.18,97.68838
2025-06-16,4.826499938964844,2441.0,3396.39990234375,36.37900161743164,71.7699966430664,98.0,6033.10986328125,19.11000061035156,4.452000141143799,2.16,3.1,97.68838
2025-06-17,4.80049991607666,2479.5,3386.60009765625,37.09000015258789,74.83999633789062,98.81999969482422,5982.72021484375,21.600000381469727,4.39300012588501,2.08,3.17,97.68838
2025-06-18,4.84499979019165,2503.75,3389.800048828125,36.86600112915039,75.13999938964844,98.91000366210938,5980.8701171875,20.13999938964844,4.396999835968018,2.07,3.16,97.68838
2025-06-20,4.826000213623047,2470.75,3368.10009765625,35.97600173950195,74.93000030517578,98.70999908447266,5967.83984375,20.6200008392334,4.375,2.05,3.13,97.68838
2025-06-23,4.8429999351501465,2528.5,3377.699951171875,36.15299987792969,68.51000213623047,98.41999816894533,6025.169921875,19.82999992370605,4.320000171661377,2.04,3.12,97.68838
2025-06-24,4.867000102996826,2507.75,3317.39990234375,35.70100021362305,64.37000274658203,97.86000061035156,6092.18017578125,17.479999542236328,4.293000221252441,2.01,3.06,97.68838
2025-06-25,4.913000106811523,2497.25,3327.10009765625,36.084999084472656,64.91999816894531,97.68000030517578,6092.16015625,16.760000228881836,4.293000221252441,2.01,3.04,97.68838
2025-06-26,5.065499782562256,2510.5,3333.5,36.58599853515625,65.23999786376953,97.1500015258789,6141.02001953125,16.59000015258789,4.252999782562256,1.98,3.04,97.68838
2025-06-27,5.06850004196167,2507.5,3273.699951171875,36.0369987487793,65.5199966430664,97.4000015258789,6173.06982421875,16.31999969482422,4.2829999923706055,2.0,3.02,97.68838
2025-06-30,5.03000020980835,2515.25,3294.39990234375,35.85200119018555,65.11000061035156,96.87999725341795,6204.9501953125,16.729999542236328,4.230000019073486,1.95,2.96,97.68838
2025-07-01,5.047999858856201,2518.25,3336.699951171875,36.08200073242188,65.44999694824219,96.81999969482422,6198.009765625,16.829999923706055,4.250999927520752,1.97,2.91,97.68838
2025-07-02,5.14900016784668,2530.0,3348.0,36.42599868774414,67.44999694824219,96.77999877929688,6227.419921875,16.639999389648438,4.293000221252441,2.0,2.88,97.68838
2025-07-03,5.0970001220703125,2524.75,3331.60009765625,36.78400039672852,67.0,97.18000030517578,6279.35009765625,16.3799991607666,4.3480000495910645,2.02,2.8,97.68838
2025-07-04,5.018499851226807,,3332.5,36.775001525878906,66.5,,,,,2.02,2.8,97.68838
2025-07-07,4.984499931335449,2467.25,3332.199951171875,36.6150016784668,67.93000030517578,97.4800033569336,6229.97998046875,17.790000915527344,4.394999980926514,2.05,2.86,97.68838
2025-07-08,5.644999980926514,2469.5,3307.0,36.47200012207031,68.33000183105469,97.51000213623048,6225.52001953125,16.809999465942383,4.414999961853027,2.07,2.92,97.68838
2025-07-09,5.44350004196167,2486.25,3311.60009765625,36.35100173950195,68.37999725341797,97.47000122070312,6263.259765625,15.9399995803833,4.3420000076293945,2.01,2.94,97.68838
2025-07-10,5.547999858856201,2504.5,3317.39990234375,37.03799819946289,66.56999969482422,97.6500015258789,6280.4599609375,15.779999732971191,4.3460001945495605,2.01,2.92,97.68838
2025-07-11,5.561999797821045,2491.25,3356.0,38.67599868774414,68.44999694824219,97.8499984741211,6259.75,16.399999618530273,4.422999858856201,2.06,2.97,97.68838
2025-07-14,5.514999866485596,2470.25,3351.5,38.46200180053711,66.9800033569336,98.08000183105467,6268.56005859375,17.200000762939453,4.427000045776367,2.04,2.95,97.68838
2025-07-15,5.546000003814697,2447.5,3329.800048828125,37.83399963378906,66.5199966430664,98.62000274658205,6243.759765625,17.3799991607666,4.488999843597412,2.09,2.95,97.68838
2025-07-16,5.496500015258789,2433.25,3352.5,37.85300064086914,66.37999725341797,98.38999938964844,6263.7001953125,17.15999984741211,4.454999923706055,2.05,3.0,97.68838
2025-07-17,5.486000061035156,2428.75,3340.10009765625,38.055999755859375,67.54000091552734,98.7300033569336,6297.35986328125,16.520000457763672,4.4629998207092285,2.04,2.91,97.68838
2025-07-18,5.578000068664551,2507.25,3353.0,38.22299957275391,67.33999633789062,98.4800033569336,6296.7900390625,16.40999984741211,4.432000160217285,2.03,2.93,97.68838
2025-07-21,5.610499858856201,2552.0,3401.89990234375,39.10100173950195,67.19999694824219,97.8499984741211,6305.60009765625,16.649999618530273,4.372000217437744,1.98,2.89,97.68838
2025-07-22,5.697000026702881,2584.25,3439.199951171875,39.31999969482422,66.20999908447266,97.38999938964844,6309.6201171875,16.5,4.335999965667725,1.96,2.9,97.68838
2025-07-23,5.795000076293945,2566.75,3394.10009765625,39.27799987792969,65.25,97.20999908447266,6358.91015625,15.369999885559082,4.388000011444092,2.03,2.83,97.68838
2025-07-24,5.776999950408936,2564.25,3371.0,39.02099990844727,66.02999877929688,97.37999725341795,6363.35009765625,15.390000343322754,4.4079999923706055,1.98,2.82,97.68838
2025-07-25,5.763500213623047,2546.5,3334.0,38.16699981689453,65.16000366210938,97.6500015258789,6388.64013671875,14.93000030517578,4.386000156402588,1.96,2.84,97.68838
2025-07-28,5.59499979019165,2533.5,3309.10009765625,38.0260009765625,66.70999908447266,98.66000366210938,6389.77001953125,15.029999732971191,4.420000076293945,1.98,2.82,97.68838
2025-07-29,5.603499889373779,2507.0,3323.39990234375,38.08399963378906,69.20999908447266,98.91000366210938,6370.85986328125,15.979999542236328,4.329999923706055,1.91,2.86,97.68838
2025-07-30,5.570000171661377,2502.5,3295.800048828125,37.56600189208984,70.0,99.94000244140624,6362.89990234375,15.479999542236328,4.375999927520752,1.96,2.89,97.68838
2025-07-31,4.33050012588501,2446.75,3293.199951171875,36.55199813842773,69.26000213623047,100.02999877929688,6339.39013671875,16.719999313354492,4.360000133514404,1.98,2.86,97.68838
2025-08-01,4.412499904632568,2432.0,3347.699951171875,36.7869987487793,67.33000183105469,98.69000244140624,6238.009765625,20.3799991607666,4.21999979019165,1.9,3.13,97.68838
2025-08-04,4.414999961853027,2427.0,3374.39990234375,37.19200134277344,66.29000091552734,98.77999877929688,6329.93994140625,17.520000457763672,4.199999809265137,1.85,3.02,97.68838
2025-08-05,4.363999843597412,2432.75,3381.89990234375,37.6870002746582,65.16000366210938,98.77999877929688,6299.18994140625,17.850000381469727,4.196000099182129,1.86,2.98,97.68838
2025-08-06,4.390999794006348,2483.25,3380.0,37.76599884033203,64.3499984741211,98.18000030517578,6345.06005859375,16.770000457763672,4.21999979019165,1.88,2.98,97.68838
2025-08-07,4.378499984741211,2500.0,3400.300048828125,38.15800094604492,63.880001068115234,98.4000015258789,6340.0,16.56999969482422,4.24399995803833,1.88,2.95,97.68838
2025-08-08,4.45550012588501,2501.75,3439.10009765625,38.41699981689453,63.880001068115234,98.18000030517578,6389.4501953125,15.149999618530272,4.284999847412109,1.88,2.94,97.68838
2025-08-11,4.423500061035156,2469.5,3353.10009765625,37.6619987487793,63.959999084472656,98.5199966430664,6373.4501953125,16.25,4.2729997634887695,1.87,2.94,97.68838
2025-08-12,4.508500099182129,2507.75,3348.89990234375,37.89899826049805,63.16999816894531,98.0999984741211,6445.759765625,14.729999542236328,4.293000221252441,1.91,2.93,97.68838
2025-08-13,4.48199987411499,2510.5,3358.699951171875,38.499000549316406,62.650001525878906,97.83999633789062,6466.580078125,14.489999771118164,4.23799991607666,1.87,2.9,97.68838
2025-08-14,4.464499950408936,2501.5,3335.199951171875,37.98199844360352,63.959999084472656,98.25,6468.5400390625,14.829999923706056,4.293000221252441,1.9,2.89,97.68838
2025-08-15,4.478000164031982,2480.75,3336.0,37.89400100708008,62.79999923706055,97.8499984741211,6449.7998046875,15.09000015258789,4.328000068664551,1.95,2.88,97.68838
2025-08-18,4.456999778747559,2458.5,3331.699951171875,37.95100021362305,63.41999816894531,98.16999816894533,6449.14990234375,14.989999771118164,4.341000080108643,1.96,2.88,97.68838
2025-08-19,4.408999919891357,2428.0,3313.39990234375,37.26100158691406,62.34999847412109,98.2699966430664,6411.3701171875,15.56999969482422,4.302000045776367,1.95,2.9,97.68838
2025-08-20,4.426000118255615,2459.75,3343.39990234375,37.70500183105469,63.209999084472656,98.22000122070312,6395.77978515625,15.6899995803833,4.296000003814697,1.94,2.94,97.68838
2025-08-21,4.43149995803833,2484.5,3336.89990234375,38.027000427246094,63.52000045776367,98.62000274658205,6370.169921875,16.600000381469727,4.329999923706055,1.94,2.95,97.68838
2025-08-22,4.447500228881836,2505.25,3374.39990234375,39.00299835205078,63.65999984741211,97.72000122070312,6466.91015625,14.220000267028809,4.260000228881836,1.85,2.88,97.68838
2025-08-25,4.46649980545044,2527.0,3373.800048828125,38.67699813842773,64.80000305175781,98.43000030517578,6439.31982421875,14.789999961853027,4.275000095367432,1.87,2.8,97.68838
2025-08-26,4.450500011444092,2541.25,3388.60009765625,38.58200073242188,63.25,98.2300033569336,6465.93994140625,14.619999885559082,4.257999897003174,1.84,2.78,97.68838
2025-08-27,4.414500236511231,2506.0,3404.60009765625,38.68899917602539,64.1500015258789,98.2300033569336,6481.39990234375,14.850000381469728,4.23799991607666,1.81,2.78,97.68838
2025-08-28,4.463500022888184,2516.25,3431.800048828125,39.18999862670898,64.5999984741211,97.80999755859376,6501.85986328125,14.43000030517578,4.206999778747559,1.81,2.75,97.68838
2025-08-29,4.518499851226807,2514.75,3473.699951171875,40.20000076293945,64.01000213623047,97.7699966430664,6460.259765625,15.359999656677246,4.227000236511231,1.82,2.82,97.68838
2025-09-02,4.569499969482422,2514.5,3549.39990234375,41.07099914550781,65.58999633789062,98.4000015258789,6415.5400390625,17.170000076293945,4.276999950408936,1.87,2.92,97.68838
2025-09-03,4.558499813079834,2505.5,3593.199951171875,41.54199981689453,63.970001220703125,98.13999938964844,6448.259765625,16.350000381469727,4.210999965667725,1.82,2.88,97.68838
2025-09-04,4.48799991607666,2488.75,3565.800048828125,40.9109992980957,63.47999954223633,98.3499984741211,6502.080078125,15.300000190734863,4.176000118255615,1.79,2.84,97.68838
2025-09-05,4.482500076293945,2495.25,3613.199951171875,41.07400131225586,61.869998931884766,97.7699966430664,6481.5,15.18000030517578,4.085999965667725,1.73,2.83,97.68838
2025-09-08,4.490499973297119,2511.0,3638.10009765625,41.42599868774414,62.2599983215332,97.4499969482422,6495.14990234375,15.109999656677246,4.046000003814697,1.7,2.84,97.68838
2025-09-09,4.500999927520752,2516.0,3643.300048828125,40.87799835205078,62.630001068115234,97.79000091552734,6512.60986328125,15.039999961853027,4.073999881744385,1.72,2.87,97.68838
2025-09-10,4.550000190734863,2518.25,3643.60009765625,41.132999420166016,63.66999816894531,97.77999877929688,6532.0400390625,15.350000381469728,4.0320000648498535,1.69,2.84,97.68838
2025-09-11,4.590499877929688,2587.75,3636.89990234375,41.696998596191406,62.369998931884766,97.54000091552734,6587.47021484375,14.710000038146973,4.011000156402588,1.67,2.78,97.68838
2025-09-12,4.588500022888184,2583.75,3649.39990234375,42.387001037597656,62.68999862670898,97.5500030517578,6584.2900390625,14.760000228881836,4.060999870300293,1.7,2.79,97.68838
2025-09-15,4.6554999351501465,2591.0,3682.199951171875,42.516998291015625,63.29999923706055,97.3000030517578,6615.27978515625,15.6899995803833,4.033999919891357,1.68,2.75,97.68838
2025-09-16,4.632999897003174,2614.75,3688.89990234375,42.47100067138672,64.5199966430664,96.62999725341795,6606.759765625,16.360000610351562,4.026000022888184,1.67,2.79,97.68838
2025-09-17,4.571000099182129,2583.75,3681.800048828125,41.72200012207031,64.05000305175781,96.87000274658205,6600.35009765625,15.720000267028809,4.076000213623047,1.68,2.79,97.68838
2025-09-18,4.540999889373779,2579.0,3643.699951171875,41.70700073242188,63.56999969482422,97.3499984741211,6631.9599609375,15.699999809265137,4.104000091552734,1.73,2.71,97.68838
2025-09-19,4.568999767303467,2559.75,3671.5,42.5359992980957,62.68000030517578,97.63999938964844,6664.35986328125,15.449999809265137,4.138999938964844,1.75,2.72,97.68838
2025-09-22,4.572999954223633,2530.25,3740.699951171875,43.79899978637695,62.63999938964844,97.33000183105467,6693.75,16.100000381469727,4.14300012588501,1.78,2.69,97.68838
2025-09-23,4.584499835968018,2522.0,3780.60009765625,44.19200134277344,63.40999984741211,97.26000213623048,6656.919921875,16.639999389648438,4.119999885559082,1.75,2.71,97.68838
2025-09-24,4.752500057220459,2533.5,3732.10009765625,43.777000427246094,64.98999786376953,97.87000274658205,6637.97021484375,16.18000030517578,4.146999835968018,1.78,2.7,97.68838
2025-09-25,4.699999809265137,2551.0,3736.89990234375,44.696998596191406,64.9800033569336,98.5500030517578,6604.72021484375,16.739999771118164,4.171999931335449,1.8,2.76,97.68838
2025-09-26,4.715499877929688,2544.75,3775.300048828125,46.22100067138672,65.72000122070312,98.1500015258789,6643.7001953125,15.289999961853027,4.186999797821045,1.82,2.75,97.68838
2025-09-29,4.841000080108643,2583.5,3820.89990234375,46.61199951171875,63.45000076293945,97.91000366210938,6661.2099609375,16.1200008392334,4.140999794006348,1.8,2.74,97.68838
2025-09-30,4.804999828338623,2594.0,3840.800048828125,46.25299835205078,62.369998931884766,97.7699966430664,6688.4599609375,16.280000686645508,4.1479997634887695,1.8,2.8,97.68838
2025-10-01,4.83050012588501,2597.5,3867.5,47.290000915527344,61.77999877929688,97.70999908447266,6711.2001953125,16.290000915527344,4.105999946594238,1.77,2.81,97.68838
2025-10-02,4.8979997634887695,2596.5,3839.699951171875,46.0,60.47999954223633,97.8499984741211,6715.35009765625,16.6299991607666,4.0879998207092285,1.76,2.81,97.68838
2025-10-03,5.058000087738037,2612.75,3880.800048828125,47.59700012207031,60.880001068115234,97.72000122070312,6715.7900390625,16.649999618530273,4.11899995803833,1.8,2.8,97.68838
2025-10-06,4.986999988555908,2636.25,3948.5,48.08200073242188,61.68999862670898,98.11000061035156,6740.27978515625,16.3700008392334,4.162000179290772,1.84,2.76,97.68838
2025-10-07,5.047999858856201,2662.0,3976.60009765625,47.17900085449219,61.72999954223633,98.58000183105467,6714.58984375,17.239999771118164,4.126999855041504,1.79,2.82,97.68838
2025-10-08,5.046000003814697,2681.25,4043.300048828125,48.65599822998047,62.54999923706055,98.8499984741211,6753.72021484375,16.299999237060547,4.129000186920166,1.78,2.84,97.68838
2025-10-09,5.075500011444092,2727.75,3946.300048828125,46.84999847412109,61.5099983215332,99.54000091552734,6735.10986328125,16.43000030517578,4.1479997634887695,1.8,2.95,97.68838
2025-10-10,4.848499774932861,2603.5,3975.89990234375,46.9379997253418,58.900001525878906,98.9800033569336,6552.509765625,21.65999984741211,4.051000118255615,1.75,3.18,97.68838
2025-10-13,5.100500106811523,2653.5,4108.60009765625,50.130001068115234,59.4900016784668,99.2699966430664,6654.72021484375,19.030000686645508,4.051000118255615,1.75,3.18,97.68838
2025-10-14,4.980500221252441,2636.0,4138.7001953125,50.31399917602539,58.70000076293945,99.0500030517578,6644.31005859375,20.809999465942383,4.021999835968018,1.73,3.11,97.68838
2025-10-15,4.9720001220703125,2643.0,4176.89990234375,51.073001861572266,58.27000045776367,98.79000091552734,6671.06005859375,20.63999938964844,4.046000003814697,1.76,2.95,97.68838
2025-10-16,4.958000183105469,2686.25,4280.2001953125,53.02299880981445,57.459999084472656,98.38999938964844,6629.06982421875,25.309999465942383,3.9760000705718994,1.71,3.04,97.68838
2025-10-17,4.93149995803833,2683.0,4189.89990234375,49.86399841308594,57.540000915527344,98.43000030517578,6664.009765625,20.780000686645508,4.006999969482422,1.75,3.04,97.68838
2025-10-20,4.998000144958496,2689.25,4336.39990234375,51.11899948120117,57.52000045776367,98.58999633789062,6735.1298828125,18.229999542236328,3.986000061035156,1.74,2.99,97.68838
2025-10-21,4.929999828338623,2681.25,4087.699951171875,47.45000076293945,57.81999969482422,98.93000030517578,6735.35009765625,17.8700008392334,3.963000059127808,1.7,2.97,97.68838
2025-10-22,4.960999965667725,2708.0,4044.39990234375,47.46099853515625,58.5,98.9000015258789,6699.39990234375,18.600000381469727,3.953000068664551,1.68,3.01,97.68838
2025-10-23,5.081999778747559,2768.75,4125.5,48.48199844360352,61.790000915527344,98.94000244140624,6738.43994140625,17.299999237060547,3.990999937057495,1.71,2.96,97.68838
2025-10-24,5.093500137329102,2776.75,4118.39990234375,48.37699890136719,61.5,98.9499969482422,6791.68994140625,16.3700008392334,3.996999979019165,1.73,2.88,97.68838
2025-10-27,5.140500068664551,2800.25,4001.89990234375,46.5620002746582,61.310001373291016,98.77999877929688,6875.16015625,15.789999961853027,3.996999979019165,1.73,2.8,97.68838
2025-10-28,5.140500068664551,2821.5,3966.199951171875,47.125,60.150001525878906,98.69000244140624,6890.89013671875,16.420000076293945,3.983000040054321,1.71,2.82,97.68838
2025-10-29,5.233500003814697,2829.25,3983.699951171875,47.72100067138672,60.47999954223633,99.22000122070312,6890.58984375,16.920000076293945,4.058000087738037,1.78,2.76,97.68838
2025-10-30,5.078000068664551,2815.25,4001.300048828125,48.428001403808594,60.56999969482422,99.52999877929688,6822.33984375,16.90999984741211,4.0929999351501465,1.82,2.85,97.68838
2025-10-31,5.065499782562256,2824.75,3982.199951171875,47.99399948120117,60.97999954223633,99.8000030517578,6840.2001953125,17.440000534057617,4.10099983215332,1.81,2.94,97.68838
2025-11-03,5.046999931335449,2852.25,4000.300048828125,47.88800048828125,61.04999923706055,99.87000274658205,6851.97021484375,17.170000076293945,4.105999946594238,1.82,3.04,97.68838
2025-11-04,4.926000118255615,2778.25,3947.699951171875,47.130001068115234,60.560001373291016,100.22000122070312,6771.5498046875,19.0,4.089000225067139,1.81,3.13,97.68838
2025-11-05,4.9629998207092285,2762.75,3980.300048828125,47.86299896240234,59.59999847412109,100.1999969482422,6796.2900390625,18.010000228881836,4.1570000648498535,1.87,3.05,97.68838
2025-11-06,4.945499897003174,2771.5,3979.89990234375,47.79399871826172,59.43000030517578,99.7300033569336,6720.31982421875,19.5,4.0929999351501465,1.83,3.13,97.68838
2025-11-07,4.938000202178955,2775.0,3999.39990234375,48.016998291015625,59.75,99.5999984741211,6728.7998046875,19.07999992370605,4.0929999351501465,1.83,3.15,97.68838
2025-11-10,5.086999893188477,2803.0,4111.7998046875,50.17699813842773,60.130001068115234,99.62000274658205,6832.43017578125,17.600000381469727,4.110000133514404,1.84,3.02,97.68838
2025-11-11,5.048500061035156,2786.0,4106.7998046875,50.61800003051758,61.040000915527344,99.45999908447266,6846.60986328125,17.280000686645508,4.119999885559082,1.84,3.02,97.68838
2025-11-12,5.089499950408936,2815.75,4204.39990234375,53.33200073242188,58.4900016784668,99.4800033569336,6850.919921875,17.510000228881836,4.065000057220459,1.81,3.02,97.68838
2025-11-13,5.087500095367432,2830.0,4186.89990234375,53.07400131225586,58.68999862670898,99.18000030517578,6737.490234375,20.0,4.111999988555908,1.83,3.09,97.68838
2025-11-14,5.049499988555908,2786.5,4087.60009765625,50.59000015258789,60.09000015258789,99.2699966430664,6734.10986328125,19.82999992370605,4.1479997634887695,1.86,3.07,97.68838
2025-11-17,5.0,2732.25,4068.300048828125,50.625,59.90999984741211,99.58999633789062,6672.41015625,22.3799991607666,4.132999897003174,1.85,3.13,97.68838
2025-11-18,4.962500095367432,2684.0,4061.300048828125,50.45000076293945,60.7400016784668,99.5500030517578,6617.31982421875,24.690000534057617,4.123000144958496,1.85,3.2,97.68838
2025-11-19,5.007999897003174,2713.5,4077.699951171875,50.790000915527344,59.43999862670898,100.2300033569336,6642.16015625,23.65999984741211,4.132999897003174,1.86,3.17,97.68838
2025-11-20,4.959499835968018,2728.75,4056.5,50.24700164794922,59.13999938964844,100.16000366210938,6538.759765625,26.420000076293945,4.105999946594238,1.86,3.17,97.68838
2025-11-21,5.008500099182129,2695.25,4076.699951171875,49.87300109863281,58.060001373291016,100.18000030517578,6602.990234375,23.43000030517578,4.063000202178955,1.82,3.19,97.68838
2025-11-24,4.961999893188477,2740.5,4091.89990234375,50.29499816894531,58.84000015258789,100.13999938964844,6705.1201171875,20.520000457763672,4.038000106811523,1.81,3.15,97.68838
2025-11-25,4.999499797821045,2725.0,4139.2001953125,50.93399810791016,57.95000076293945,99.66000366210938,6765.8798828125,18.559999465942383,4.001999855041504,1.79,3.1,97.68838
2025-11-26,5.104499816894531,2790.25,4165.2001953125,52.91600036621094,58.650001525878906,99.5999984741211,6812.60986328125,17.190000534057617,3.997999906539917,1.77,3.0,97.68838
2025-11-28,5.185500144958496,2808.0,4218.2998046875,56.44599914550781,58.54999923706055,99.45999908447266,6849.08984375,16.350000381469727,4.017000198364258,1.79,2.95,97.68838
2025-12-01,5.218999862670898,2843.25,4239.2998046875,58.417999267578125,59.31999969482422,99.41000366210938,6812.6298828125,17.239999771118164,4.0960001945495605,1.85,2.94,97.68838
2025-12-02,5.160999774932861,2849.75,4186.60009765625,57.983001708984375,58.63999938964844,99.36000061035156,6829.3701171875,16.59000015258789,4.085999965667725,1.85,2.92,97.68838
2025-12-03,5.308000087738037,2867.5,4199.2998046875,57.92100143432617,58.95000076293945,98.8499984741211,6849.72021484375,16.079999923706055,4.057000160217285,1.82,2.89,97.68838
2025-12-04,5.291500091552734,2877.75,4211.7998046875,56.84700012207031,59.66999816894531,98.98999786376952,6857.1201171875,15.779999732971191,4.107999801635742,1.85,2.88,97.68838
2025-12-05,5.381999969482422,2861.0,4212.89990234375,58.422000885009766,60.08000183105469,98.98999786376952,6870.39990234375,15.40999984741211,4.138999938964844,1.88,2.85,97.68838
2025-12-08,5.364500045776367,2837.25,4187.2001953125,57.77899932861328,58.880001068115234,99.08999633789062,6846.509765625,16.65999984741211,4.171999931335449,1.91,2.89,97.68838
2025-12-09,5.240499973297119,2796.25,4206.7001953125,60.16899871826172,58.25,99.22000122070312,6840.509765625,16.93000030517578,4.185999870300293,1.92,2.89,97.68838
2025-12-10,5.2754998207092285,2804.5,4196.39990234375,60.37900161743164,58.459999084472656,98.79000091552734,6886.68017578125,15.770000457763672,4.164000034332275,1.88,2.91,97.68838
2025-12-11,5.427000045776367,2825.0,4285.5,63.92900085449219,57.59999847412109,98.3499984741211,6901.0,14.850000381469728,4.140999794006348,1.89,2.88,97.68838
2025-12-12,5.2835001945495605,2788.0,4300.10009765625,61.36199951171875,57.43999862670898,98.4000015258789,6827.41015625,15.739999771118164,4.193999767303467,1.93,2.91,97.68838
2025-12-15,5.338500022888184,2763.5,4306.7001953125,62.93999862670898,56.81999969482422,98.1500015258789,6816.509765625,16.5,4.182000160217285,1.93,2.91,97.68838
2025-12-16,5.287000179290772,2775.75,4304.5,62.70000076293945,55.27000045776367,98.1500015258789,6800.259765625,16.479999542236328,4.14900016784668,1.92,2.98,97.68838
2025-12-17,5.363500118255615,2816.0,4347.5,66.23699951171875,55.93999862670898,98.37000274658205,6721.43017578125,17.6200008392334,4.151000022888184,1.92,2.99,97.68838
2025-12-18,5.366499900817871,2823.75,4339.5,64.59200286865234,56.150001525878906,98.43000030517578,6774.759765625,16.8700008392334,4.116000175476074,1.88,2.95,97.68838
2025-12-19,5.439499855041504,2868.0,4361.39990234375,66.84500122070312,56.65999984741211,98.5999984741211,6834.5,14.90999984741211,4.151000022888184,1.92,2.9,97.68838
2025-12-22,5.4375,2850.25,4444.60009765625,67.90599822998047,58.0099983215332,98.29000091552734,6878.490234375,14.079999923706056,4.169000148773193,1.94,2.88,97.68838
2025-12-23,5.47599983215332,2857.5,4482.7998046875,70.48500061035156,58.380001068115234,97.94000244140624,6909.7900390625,14.0,4.169000148773193,1.94,2.83,97.68838
2025-12-24,5.498499870300293,2865.75,4480.60009765625,71.03099822998047,58.34999847412109,97.9800033569336,6932.0498046875,13.470000267028809,4.136000156402588,1.91,2.84,97.68838
2025-12-26,5.766499996185303,2924.75,4529.10009765625,76.48600006103516,56.7400016784668,98.0199966430664,6929.93994140625,13.600000381469728,4.136000156402588,1.91,2.86,97.68838
2025-12-29,5.490499973297119,2835.5,4325.10009765625,69.85600280761719,58.08000183105469,98.04000091552734,6905.740234375,14.199999809265137,4.116000175476074,1.9,2.87,97.68838
2025-12-30,5.727499961853027,2899.25,4370.10009765625,77.3740005493164,57.95000076293945,98.23999786376952,6896.240234375,14.329999923706056,4.130000114440918,1.9,2.84,97.68838
2025-12-31,5.630000114440918,2906.25,4325.60009765625,70.13400268554688,57.41999816894531,98.27999877929688,6845.5,14.949999809265137,4.163000106811523,1.93,2.81,97.68838
2026-01-02,5.639999866485596,2938.0,4314.39990234375,70.55599975585938,57.31999969482422,98.41999816894533,6858.47021484375,14.510000228881836,4.186999797821045,1.94,2.83,97.68838
2026-01-05,5.924499988555908,3010.0,4436.89990234375,76.16400146484375,58.31999969482422,98.2699966430664,6902.0498046875,14.899999618530272,4.164999961853027,1.91,2.81,97.68838
2026-01-06,6.010499954223633,3053.75,4482.2001953125,80.52999877929688,57.130001068115234,98.58000183105467,6944.81982421875,14.75,4.178999900817871,1.91,2.79,97.68838
2026-01-07,5.809000015258789,2993.75,4449.2998046875,77.13500213623047,55.9900016784668,98.68000030517578,6920.93017578125,15.380000114440918,4.138000011444092,1.88,2.79,97.68838
2026-01-08,5.746500015258789,3001.25,4449.7001953125,74.71600341796875,57.7599983215332,98.93000030517578,6921.4599609375,15.449999809265137,4.183000087738037,1.92,2.76,97.68838
2026-01-09,5.855500221252441,3037.0,4490.2998046875,78.88400268554688,59.119998931884766,99.12999725341795,6966.27978515625,14.489999771118164,4.171000003814697,1.9,2.74,97.68838
2026-01-12,5.985000133514404,3086.25,4604.2998046875,84.61000061035156,59.5,98.86000061035156,6977.27001953125,15.119999885559082,4.186999797821045,1.9,2.74,97.68838
2026-01-13,5.96999979019165,3102.75,4589.2001953125,85.87699890136719,61.150001525878906,99.12999725341795,6963.740234375,15.979999542236328,4.171000003814697,1.88,2.75,97.68838
2026-01-14,6.008999824523926,3086.75,4626.2998046875,90.86900329589844,62.02000045776367,99.12999725341795,6926.60009765625,16.75,4.139999866485596,1.86,2.76,97.68838
2026-01-15,5.947999954223633,3069.5,4616.2998046875,91.8759994506836,59.18999862670898,99.31999969482422,6944.47021484375,15.84000015258789,4.159999847412109,1.88,2.71,97.68838
2026-01-16,5.78849983215332,3034.75,4588.39990234375,88.09100341796875,59.43999862670898,99.38999938964844,6940.009765625,15.859999656677246,4.230999946594238,1.91,2.65,97.68838
2026-01-20,5.7729997634887695,3015.75,4759.60009765625,94.20600128173828,60.34000015258789,98.63999938964844,6796.85986328125,20.09000015258789,4.295000076293945,1.97,2.73,97.68838
2026-01-21,5.729499816894531,3032.25,4831.7998046875,92.20999908447266,60.619998931884766,98.76000213623048,6875.6201171875,16.899999618530273,4.252999782562256,1.92,2.69,97.68838
2026-01-22,5.742499828338623,3060.75,4908.7998046875,95.97599792480467,59.36000061035156,98.36000061035156,6913.35009765625,15.640000343322754,4.249000072479248,1.95,2.64,97.68838
2026-01-23,5.910999774932861,3097.5,4976.2001953125,100.9250030517578,61.06999969482422,97.5999984741211,6915.60986328125,16.09000015258789,4.238999843597412,1.92,2.68,97.68838
2026-01-26,5.984000205993652,3137.0,5079.7001953125,115.08000183105467,60.630001068115234,97.04000091552734,6950.22998046875,16.149999618530273,4.2129998207092285,1.9,2.69,97.68838
2026-01-27,5.828499794006348,3111.5,5079.89990234375,105.52300262451172,62.38999938964844,96.22000122070312,6978.60009765625,16.350000381469727,4.2230000495910645,1.9,2.71,97.68838
2026-01-28,5.892499923706055,3165.75,5301.60009765625,113.11100006103516,63.209999084472656,96.4499969482422,6978.02978515625,16.350000381469727,4.250999927520752,1.9,2.72,97.68838
2026-01-29,6.17549991607666,3138.5,5318.39990234375,114.03700256347656,65.41999816894531,96.27999877929688,6969.009765625,16.8799991607666,4.227000236511231,1.89,2.77,97.68838
2026-01-30,5.896999835968018,3034.5,4713.89990234375,78.29000091552734,65.20999908447266,96.98999786376952,6939.02978515625,17.440000534057617,4.241000175476074,1.9,2.8,97.68838
2026-02-02,5.801499843597412,2926.75,4622.5,76.77799987792969,62.13999938964844,97.61000061035156,6976.43994140625,16.34000015258789,4.275000095367432,1.94,2.81,97.68838
2026-02-03,6.0625,3015.0,4903.7001953125,83.04199981689453,63.209999084472656,97.44000244140624,6917.81005859375,18.0,4.27400016784668,1.92,2.85,97.68838
2026-02-04,5.826000213623047,2973.25,4920.39990234375,84.16500091552734,65.13999938964844,97.62000274658205,6882.72021484375,18.63999938964844,4.275000095367432,1.94,2.86,97.68838
2026-02-05,5.798999786376953,2925.25,4861.39990234375,76.52899932861328,63.290000915527344,97.81999969482422,6798.39990234375,21.770000457763672,4.210000038146973,1.89,2.97,97.68838
2026-02-06,5.863500118255615,3004.0,4951.2001953125,76.73500061035156,63.54999923706055,97.62999725341795,6932.2998046875,20.3700008392334,4.205999851226807,1.88,2.87,97.68838
2026-02-09,5.945000171661377,3028.75,5050.89990234375,82.06500244140625,64.36000061035156,96.81999969482422,6964.81982421875,17.360000610351562,4.197999954223633,1.87,2.84,97.68838
2026-02-10,5.895999908447266,3001.0,5003.7998046875,80.21800231933594,63.959999084472656,96.8000030517578,6941.81005859375,17.790000915527344,4.146999835968018,1.84,2.86,97.68838
2026-02-11,5.948999881744385,3023.0,5071.60009765625,83.75399780273438,64.62999725341797,96.83000183105467,6941.47021484375,17.649999618530273,4.171999931335449,1.86,2.84,97.68838
2026-02-12,5.770999908447266,3026.75,4923.7001953125,75.5459976196289,62.84000015258789,96.93000030517578,6832.759765625,20.81999969482422,4.104000091552734,1.8,2.92,97.68838
2026-02-13,5.792500019073486,3015.75,5022.0,77.85099792480469,62.88999938964844,96.87999725341795,6836.169921875,20.600000381469727,4.056000232696533,1.77,2.95,97.68838
2026-02-17,5.632999897003174,2971.5,4882.89990234375,73.4469985961914,62.33000183105469,97.16000366210938,6843.22021484375,20.290000915527344,4.052000045776367,1.79,2.94,97.68838
2026-02-18,5.793499946594238,3017.0,4986.5,77.50900268554688,65.19000244140625,97.6999969482422,6881.31005859375,19.6200008392334,4.078999996185303,1.8,2.86,97.68838
2026-02-19,5.730000019073486,2992.5,4975.89990234375,77.56500244140625,66.43000030517578,97.93000030517578,6861.89013671875,20.229999542236328,4.074999809265137,1.79,2.88,97.68838
2026-02-20,5.830999851226807,3021.75,5059.2998046875,82.28299713134766,66.38999938964844,97.8000030517578,6909.509765625,19.09000015258789,4.085999965667725,1.8,2.86,97.68838
2026-02-23,5.7729997634887695,3014.75,5204.7001953125,86.52300262451172,66.30999755859375,97.6999969482422,6837.75,21.01000022888184,4.02899980545044,1.77,2.95,97.68838
2026-02-24,5.922999858856201,3020.75,5155.7998046875,87.45700073242188,65.62999725341797,97.87999725341795,6890.06982421875,19.549999237060547,4.0329999923706055,1.78,2.97,97.68838
2026-02-25,5.979499816894531,3081.75,5206.39990234375,90.93900299072266,65.41999816894531,97.6999969482422,6946.1298828125,17.93000030517578,4.047999858856201,1.77,2.94,97.68838
2026-02-26,5.947000026702881,3071.75,5176.5,86.99800109863281,65.20999908447266,97.79000091552734,6908.85986328125,18.6299991607666,4.017000198364258,1.74,2.98,97.68838
2026-02-27,6.004499912261963,3044.25,5230.5,92.68199920654295,67.0199966430664,97.61000061035156,6878.8798828125,19.86000061035156,3.961999893188477,1.72,3.1,97.68838
2026-03-02,5.894499778747559,3109.25,5294.39990234375,88.28399658203125,71.2300033569336,98.37999725341795,6881.6201171875,21.440000534057617,4.047999858856201,1.76,3.03,97.68838
2026-03-03,5.773499965667725,3165.75,5107.39990234375,82.9229965209961,74.55999755859375,99.0500030517578,6816.6298828125,23.56999969482422,4.056000232696533,1.77,3.08,97.68838
2026-03-04,5.855000019073486,3279.75,5120.2001953125,82.63300323486328,74.66000366210938,98.7699966430664,6869.5,21.149999618530277,4.079999923706055,1.8,2.97,97.68838
2026-03-05,5.752999782562256,3215.75,5065.2998046875,81.68699645996094,81.01000213623047,99.31999969482422,6830.7099609375,23.75,4.145999908447266,1.82,3.0,97.68838
2026-03-06,5.756999969482422,3327.5,5146.10009765625,83.81600189208984,90.9000015258789,98.98999786376952,6740.02001953125,29.489999771118164,4.132999897003174,1.8,3.13,97.68838
2026-03-09,5.80049991607666,3292.0,5091.5,84.03199768066406,94.7699966430664,99.18000030517578,6795.990234375,25.5,4.136000156402588,1.78,3.19,97.68838
2026-03-10,5.90399980545044,3322.0,5229.7001953125,89.08300018310547,83.44999694824219,98.83000183105467,6781.47998046875,24.93000030517578,4.136000156402588,1.82,3.06,97.68838
2026-03-11,5.8454999923706055,3369.5,5167.39990234375,85.06500244140625,87.25,99.2300033569336,6775.7998046875,24.229999542236328,4.208000183105469,1.85,3.09,97.68838
2026-03-12,5.82450008392334,3464.0,5115.7998046875,84.66999816894531,95.7300033569336,99.73999786376952,6672.6201171875,27.290000915527344,4.2729997634887695,1.89,3.17,97.68838
2026-03-13,5.714499950408936,3383.25,5052.5,80.91400146484375,98.70999908447266,100.36000061035156,6632.18994140625,27.190000534057617,4.284999847412109,1.92,3.28,97.68838
2026-03-16,5.790500164031982,3289.5,4994.0,80.26300048828125,93.5,99.70999908447266,6699.3798828125,23.51000022888184,4.21999979019165,1.87,3.27,97.68838
2026-03-17,5.726500034332275,3291.5,5001.0,79.52999877929688,96.20999908447266,99.58000183105467,6716.08984375,22.3700008392334,4.202000141143799,1.83,3.22,97.68838
2026-03-18,5.553999900817871,3282.25,4889.89990234375,77.23799896240234,96.31999969482422,100.08999633789062,6624.7001953125,25.09000015258789,4.258999824523926,1.86,3.2,97.68838
2026-03-19,5.433000087738037,3119.75,4600.7001953125,70.9020004272461,96.13999938964844,99.2300033569336,6606.490234375,24.059999465942383,4.281000137329102,1.88,3.27,97.68838
2026-03-20,5.34250020980835,3102.0,4570.39990234375,69.36000061035156,98.31999969482422,99.6500015258789,6506.47998046875,26.780000686645508,4.390999794006348,2.01,3.24,97.68838
2026-03-23,5.439499855041504,3076.0,4404.10009765625,69.04900360107422,88.12999725341797,98.9499969482422,6581.0,26.149999618530277,4.334000110626221,2.01,3.19,97.68838
2026-03-24,5.422500133514404,3138.0,4399.2998046875,69.27400207519531,92.3499984741211,99.43000030517578,6556.3701171875,26.950000762939453,4.392000198364258,2.06,3.19,97.68838
2026-03-25,5.52899980545044,3135.0,4549.7998046875,72.36100006103516,90.31999969482422,99.5999984741211,6591.89990234375,25.32999992370605,4.328000068664551,2.02,3.17,97.68838
2026-03-26,5.446499824523926,3161.5,4375.5,67.6709976196289,94.4800033569336,99.9000015258789,6477.16015625,27.440000534057617,4.415999889373779,2.08,3.21,97.68838
2026-03-27,5.4670000076293945,3187.5,4492.0,69.54499816894531,99.63999938964844,100.1500015258789,6368.85009765625,31.049999237060547,4.440000057220459,2.13,3.42,97.68838
2026-03-30,5.47599983215332,3336.25,4526.0,70.3239974975586,102.87999725341795,100.51000213623048,6343.72021484375,30.61000061035156,4.3420000076293945,2.04,3.46,97.68838
2026-03-31,5.587500095367432,3405.5,4647.60009765625,74.69000244140625,101.37999725341795,99.95999908447266,6528.52001953125,25.25,4.310999870300293,2.0,3.28,97.68838
2026-04-01,5.624000072479248,3452.25,4783.2001953125,75.86699676513672,100.12000274658205,99.6500015258789,6575.31982421875,24.540000915527344,4.318999767303467,2.02,3.16,97.68838
2026-04-02,5.563000202178955,3411.0,4651.5,72.73500061035156,111.54000091552734,100.02999877929688,6582.68994140625,23.8700008392334,4.313000202178955,1.97,3.17,97.68838
2026-04-06,5.583499908447266,3422.0,4656.7998046875,72.66100311279297,112.41000366210938,99.9800033569336,6611.830078125,24.170000076293945,4.335000038146973,1.98,3.05,97.68838
2026-04-07,5.54449987411499,3396.75,4657.10009765625,71.82599639892578,112.9499969482422,99.63999938964844,6616.85009765625,25.780000686645508,4.3429999351501465,1.96,3.12,97.68838
2026-04-08,5.759500026702881,3374.25,4749.5,75.2239990234375,94.41000366210938,99.12999725341795,6782.81005859375,21.040000915527344,4.290999889373779,1.96,2.94,97.68838
2026-04-09,5.748000144958496,3373.75,4792.2001953125,76.2770004272461,97.87000274658205,98.81999969482422,6824.66015625,19.489999771118164,4.293000221252441,1.95,2.9,97.68838
2026-04-10,5.870500087738037,3429.75,4761.89990234375,76.3239974975586,96.56999969482422,98.6500015258789,6816.89013671875,19.229999542236328,4.316999912261963,1.95,2.94,97.68838
2026-04-13,5.97599983215332,3582.0,4742.39990234375,75.52300262451172,99.08000183105467,98.37000274658205,6886.240234375,19.1200008392334,4.296999931335449,1.92,2.95,97.68838
2026-04-14,6.070499897003174,3572.75,4825.0,79.39099884033203,91.27999877929688,98.12000274658205,6967.3798828125,18.36000061035156,4.25600004196167,1.89,2.84,97.68838
2026-04-15,6.072000026702881,3613.75,4800.0,79.49099731445312,91.29000091552734,98.05999755859376,7022.9501953125,18.170000076293945,4.2820000648498535,1.9,2.85,97.68838
2026-04-16,6.066500186920166,3647.75,4785.39990234375,78.60600280761719,94.69000244140624,98.22000122070312,7041.27978515625,17.940000534057617,4.309000015258789,1.93,2.86,97.68838
2026-04-17,6.103499889373779,3596.75,4857.60009765625,81.73799896240234,83.8499984741211,98.0999984741211,7126.06005859375,17.479999542236328,4.245999813079834,1.9,2.83,97.68838
2026-04-20,6.035999774932861,3546.0,4806.60009765625,79.95099639892578,89.61000061035156,98.0500030517578,7109.14013671875,18.8700008392334,4.25,1.91,2.87,97.68838
2026-04-21,6.001500129699707,3555.25,4698.39990234375,76.41100311279297,92.12999725341795,98.41000366210938,7064.009765625,19.5,4.291999816894531,1.92,2.85,97.68838
2026-04-22,6.119999885559082,3599.0,4732.5,77.89299774169922,92.95999908447266,98.58999633789062,7137.89990234375,18.920000076293945,4.294000148773193,1.92,2.84,97.68838
2026-04-23,6.075500011444092,3616.75,4705.10009765625,75.46499633789062,95.8499984741211,98.8000030517578,7108.39990234375,19.309999465942383,4.322999954223633,1.92,2.86,97.68838
2026-04-24,6.023499965667725,3607.75,4722.2998046875,76.38300323486328,94.4000015258789,98.51000213623048,7165.080078125,18.709999084472656,4.309999942779541,1.89,2.86,97.68838
2026-04-27,6.01800012588501,3579.75,4675.39990234375,75.00299835205078,96.37000274658205,98.4800033569336,7173.91015625,18.020000457763672,4.335999965667725,1.91,2.84,97.68838
2026-04-28,5.914500236511231,3557.5,4591.5,73.20500183105469,99.93000030517578,98.62000274658205,7138.7998046875,17.829999923706055,4.354000091552734,1.92,2.85,97.68838
2026-04-29,5.878499984741211,3466.75,4545.2001953125,71.56900024414062,106.87999725341795,98.91999816894533,7135.9501953125,18.809999465942383,4.418000221252441,1.96,2.82,97.68838
2026-04-30,5.926000118255615,3450.5,4614.7001953125,73.53399658203125,105.06999969482422,98.08000183105467,7209.009765625,16.889999389648438,4.389999866485596,1.94,2.83,97.68838
2026-05-01,5.932000160217285,3496.25,4629.89990234375,75.95099639892578,101.94000244140624,98.20999908447266,7230.1201171875,16.989999771118164,4.377999782562256,1.91,2.77,97.68838
2026-05-04,5.795000076293945,3489.5,4519.5,73.0719985961914,106.41999816894533,98.47000122070312,7200.75,18.290000915527344,4.446000099182129,1.95,2.78,97.68838
2026-05-05,5.942999839782715,3565.25,4555.7998046875,73.10800170898438,102.2699966430664,98.4800033569336,7259.22021484375,17.3799991607666,4.415999889373779,1.96,2.77,97.68838
2026-05-06,6.136499881744385,3498.0,4681.89990234375,76.81099700927734,95.08000183105467,98.0199966430664,7365.1201171875,17.389999389648438,4.355999946594238,1.94,2.75,97.68838
2026-05-07,6.127500057220459,3480.0,4699.7998046875,79.70099639892578,94.80999755859376,98.25,7337.10986328125,17.079999923706055,4.392000198364258,1.96,2.79,97.68838
2026-05-08,6.249000072479248,3507.0,4720.39990234375,80.3949966430664,95.41999816894533,97.83999633789062,7398.93017578125,17.190000534057617,4.363999843597412,1.93,2.81,97.68838
2026-05-11,6.41349983215332,3592.5,4718.7001953125,85.48500061035156,98.06999969482422,97.94000244140624,7412.83984375,18.3799991607666,4.409999847412109,1.95,2.79,97.68838
2026-05-12,6.485000133514404,3652.5,4677.60009765625,85.12999725341797,102.18000030517578,98.29000091552734,7400.9599609375,17.989999771118164,4.4629998207092285,1.99,2.82,97.68838
2026-05-13,6.635499954223633,3837.75,4697.7001953125,88.88800048828125,101.0199966430664,98.4800033569336,7444.25,17.8700008392334,4.480999946594238,1.99,2.82,97.68838
2026-05-14,6.567500114440918,3892.0,4678.10009765625,84.91200256347656,101.16999816894533,98.87999725341795,7501.240234375,17.260000228881836,4.460999965667725,2.0,2.76,97.68838
2026-05-15,6.251500129699707,3791.5,4555.7998046875,77.16100311279297,105.41999816894533,99.2699966430664,7408.5,18.43000030517578,4.59499979019165,2.1,2.8,97.68838
2026-05-18,6.271999835968018,3850.0,4552.5,77.072998046875,108.66000366210938,98.97000122070312,7403.0498046875,17.81999969482422,4.623000144958496,2.13,2.83,97.68838
2026-05-19,6.164999961853027,3874.0,4506.2998046875,74.8280029296875,107.7699966430664,99.3000030517578,7353.60986328125,18.059999465942383,4.666999816894531,2.18,2.86,97.68838
2026-05-20,6.290500164031982,3910.75,4531.2998046875,75.85099792480469,98.26000213623048,99.11000061035156,7432.97021484375,17.440000534057617,4.572000026702881,2.13,2.8,97.68838
2026-05-21,6.256999969482422,3941.0,4539.7998046875,76.41400146484375,96.3499984741211,99.19000244140624,7445.72021484375,16.760000228881836,4.585999965667725,2.18,2.78,97.68838
2026-05-22,6.3420000076293945,3963.5,4521.0,75.89299774169922,96.5999984741211,99.31999969482422,7473.47021484375,16.700000762939453,4.558000087738037,2.16,2.74,97.68838
2026-05-26,6.361000061035156,4046.0,4500.39990234375,76.30500030517578,93.88999938964844,99.16999816894533,7519.1201171875,17.010000228881836,4.493000030517578,2.1,2.72,97.68838
2026-05-27,6.304999828338623,4195.0,4447.5,74.5989990234375,88.68000030517578,99.20999908447266,7520.35986328125,16.290000915527344,4.480999946594238,2.09,2.71,97.68838
2026-05-28,6.395999908447266,3911.25,4499.2998046875,75.6449966430664,88.9000015258789,99.0199966430664,7563.6298828125,15.739999771118164,4.454999923706055,2.06,2.72,97.68838
2026-05-29,6.359499931335449,3917.75,4560.5,75.61599731445312,87.36000061035156,98.91000366210938,7580.06005859375,15.31999969482422,4.453000068664551,2.07,2.72,97.68838
2026-06-01,6.52400016784668,3980.75,4475.2001953125,75.00700378417969,92.16000366210938,99.1999969482422,7599.9599609375,16.049999237060547,4.474999904632568,2.07,2.72,97.68838
2026-06-02,6.649499893188477,4054.25,4489.10009765625,75.31099700927734,93.76000213623048,99.22000122070312,7609.77978515625,15.770000457763672,4.454999923706055,2.07,2.71,97.68838
2026-06-03,6.480999946594238,4026.25,4436.7001953125,73.47599792480469,96.0199966430664,99.52999877929688,7553.68017578125,16.059999465942383,4.491000175476074,2.11,2.75,97.68838
2026-06-04,6.511000156402588,3996.75,4475.7998046875,73.77899932861328,93.04000091552734,99.41000366210938,7584.31005859375,15.399999618530272,4.477000236511231,2.11,2.74,97.68838
2026-06-05,6.263500213623047,3950.25,4337.10009765625,68.94300079345703,90.54000091552734,100.06999969482422,7383.740234375,21.51000022888184,4.535999774932861,2.19,2.76,97.68838
2026-06-08,6.329500198364258,3953.5,4335.89990234375,68.42500305175781,91.3000030517578,100.0500030517578,7405.72998046875,18.920000076293945,4.552000045776367,2.21,2.75,97.68838
2026-06-09,6.302499771118164,3881.5,4260.0,65.09400177001953,88.19999694824219,99.91000366210938,7386.64990234375,19.8700008392334,4.527999877929688,2.2,2.78,97.68838
2026-06-10,6.249000072479248,3779.75,4108.2001953125,64.5989990234375,90.02999877929688,99.9499969482422,7266.990234375,22.21999931335449,4.541999816894531,2.21,2.8,97.68838
2026-06-11,6.258999824523926,3794.5,4090.300048828125,63.8849983215332,87.70999908447266,99.86000061035156,7394.2998046875,19.440000534057617,4.4629998207092285,2.16,2.78,97.68838
2026-06-12,6.430500030517578,3858.75,4215.0,67.85900115966797,84.87999725341797,99.75,7431.4599609375,17.68000030517578,4.486999988555908,2.17,2.71,97.68838
2026-06-15,6.482500076293945,3696.0,4328.0,70.06600189208984,80.75,99.62999725341795,7554.2900390625,16.200000762939453,4.468999862670898,2.15,2.66,97.68838
2026-06-16,6.488999843597412,3691.0,4330.89990234375,69.89900207519531,76.05000305175781,99.54000091552734,7511.35009765625,16.40999984741211,4.427999973297119,2.14,2.71,97.68838
2026-06-17,6.481500148773193,3719.0,4358.89990234375,70.69599914550781,76.79000091552734,100.08999633789062,7420.10009765625,18.440000534057617,4.4629998207092285,2.23,2.63,97.68838
2026-06-18,6.374499797821045,3693.75,4224.10009765625,66.25499725341797,76.5999984741211,100.8499984741211,7500.580078125,16.399999618530273,4.451000213623047,2.21,2.66,97.68838
2026-06-22,6.356500148773193,3860.75,4181.89990234375,65.5270004272461,74.81999969482422,101.0199966430664,7472.7900390625,17.280000686645508,4.508999824523926,2.28,2.65,97.68838
2026-06-23,6.140999794006348,3738.75,4129.89990234375,62.02000045776367,73.20999908447266,101.41000366210938,7365.4599609375,19.489999771118164,4.493000030517578,2.29,2.71,97.68838
2026-06-24,5.942999839782715,3585.75,3990.300048828125,58.05199813842773,70.33999633789062,101.61000061035156,7358.22021484375,18.6299991607666,4.401999950408936,2.23,2.76,97.68838
2026-06-25,6.070499897003174,3649.75,4030.5,58.34799957275391,71.91999816894531,101.43000030517578,7357.490234375,18.88999938964844,4.392000198364258,2.19,2.78,97.68838
2026-06-26,6.141499996185303,3697.5,4078.699951171875,59.21699905395508,69.2300033569336,101.36000061035156,7354.02001953125,18.40999984741211,4.372000217437744,2.18,2.83,97.68838
2026-06-29,6.097499847412109,3393.0,4022.300048828125,58.17499923706055,70.75,101.11000061035156,7440.43017578125,17.649999618530273,4.374000072479248,2.16,2.8,97.68838
2026-06-30,6.192500114440918,3435.25,4022.89990234375,59.47700119018555,69.5,101.19000244140624,7499.35986328125,16.450000762939453,4.418000221252441,2.2,2.75,97.68838
2026-07-01,6.123499870300293,3384.0,4068.300048828125,60.084999084472656,68.58000183105469,101.38999938964844,7483.22998046875,16.59000015258789,4.474999904632568,2.25,2.74,97.68838
2026-07-02,6.114500045776367,3415.75,4112.7001953125,60.64300155639648,68.69000244140625,100.86000061035156,7483.240234375,16.149999618530273,4.485000133514404,2.26,2.75,97.68838
2026-07-06,6.177999973297119,3478.25,4155.10009765625,61.91999816894531,68.55000305175781,100.8499984741211,7537.43017578125,15.56999969482422,4.479000091552734,2.24,2.72,97.68838
2026-07-07,6.171500205993652,3503.75,4145.2998046875,60.930999755859375,70.44000244140625,101.13999938964844,7503.85009765625,16.1299991607666,4.52899980545044,2.3,2.67,97.68838
2026-07-08,6.054500102996826,3435.25,4070.89990234375,58.16400146484375,73.5199966430664,101.0500030517578,7482.7099609375,16.899999618530273,4.568999767303467,2.31,2.7,97.68838
2026-07-09,6.215000152587891,3489.0,4130.60009765625,60.37799835205078,72.08000183105469,100.94000244140624,7543.64013671875,15.84000015258789,4.539000034332275,2.31,2.7,97.68838
2026-07-10,6.233500003814697,3409.75,4104.10009765625,59.80899810791016,71.41000366210938,100.97000122070312,7575.39013671875,15.029999732971191,4.568999767303467,2.32,2.69,97.68838
2026-07-13,6.232999801635742,3428.0,3997.0,57.63399887084961,78.13999938964844,101.27999877929688,7515.33984375,17.15999984741211,4.609000205993652,2.36,2.69,97.68838
2026-07-14,6.329999923706055,3448.0,4061.10009765625,58.77199935913086,79.33999633789062,100.94000244140624,7543.58984375,16.5,4.585000038146973,2.33,2.72,97.68838
2026-07-15,6.293499946594238,3455.5,4044.0,57.11000061035156,79.5999984741211,100.5,7572.39990234375,15.670000076293944,4.545000076293945,2.32,2.71,97.68838
2026-07-16,6.296000003814697,3485.5,3985.60009765625,55.89799880981445,78.94999694824219,100.7300033569336,7533.77001953125,16.729999542236328,4.568999767303467,2.35,2.71,97.68838
2026-07-17,6.21999979019165,3529.0,4012.699951171875,56.03799819946289,82.48999786376953,100.75,7457.68994140625,18.770000457763672,4.540999889373779,2.31,2.73,97.68838
2026-07-20,6.298999786376953,3532.75,4010.300048828125,56.80199813842773,83.2300033569336,100.98999786376952,7443.27978515625,18.649999618530277,4.5980000495910645,2.35,2.69,97.68838
2026-07-21,6.511000156402588,3579.25,4071.10009765625,58.834999084472656,84.91000366210938,101.18000030517578,7509.2001953125,17.049999237060547,4.627999782562256,2.37,2.69,97.68838
2026-07-22,6.451000213623047,3559.5,4146.89990234375,60.01900100708008,86.83000183105469,101.13999938964844,7498.9599609375,16.639999389648438,4.6570000648498535,2.39,2.68,97.68838
2026-07-23,6.304999828338623,3564.5,4046.60009765625,57.79800033569336,92.19000244140624,101.43000030517578,7408.2998046875,18.700000762939453,4.703000068664551,2.43,2.77,97.68838
2026-07-24,6.320000171661377,3528.0,4067.60009765625,58.65599822998047,89.30999755859375,101.47000122070312,7411.97998046875,18.57999992370605,4.678999900817871,2.43,2.79,97.68838
2026-07-27,6.339000225067139,3542.0,4074.5,58.47200012207031,82.61000061035156,101.51000213623048,7413.18017578125,18.670000076293945,4.640999794006348,2.44,2.81,97.68838
2026-07-28,6.322000026702881,3491.0,4036.300048828125,57.29600143432617,79.26000213623047,101.37999725341795,7428.77978515625,18.209999084472656,4.604000091552734,2.41,2.84,97.68838
2026-07-29,6.273499965667725,3455.0,4034.699951171875,57.86299896240234,84.45999908447266,100.8000030517578,7316.14990234375,20.65999984741211,4.622000217437744,2.41,2.87,97.68838
2026-07-30,6.444499969482422,3365.75,4100.10009765625,58.81499862670898,83.58999633789062,100.01000213623048,7437.6298828125,17.09000015258789,4.663000106811523,2.41,2.84,97.68838
2026-07-31,6.435999870300293,3334.75,4049.10009765625,57.59099960327149,84.66999816894531,99.8000030517578,7489.72021484375,15.989999771118164,4.744999885559082,2.47,2.85,97.68838
2026-08-03,6.513999938964844,3405.25,4033.699951171875,57.66699981689453,80.33999633789062,99.95999908447266,7600.5,15.859999656677246,4.685999870300293,2.43,2.78,97.68838
2026-08-04,6.618500232696533,3382.75,4095.39990234375,60.055999755859375,75.7699966430664,99.88999938964844,7736.52001953125,16.5,4.626999855041504,2.4,2.73,97.68838
2026-08-05,6.703000068664551,3366.0,4245.7998046875,62.0989990234375,75.22000122070312,99.69000244140624,7723.5498046875,15.8100004196167,4.617000102996826,2.41,2.75,97.68838
2026-08-06,6.686999797821045,3365.0,4242.0,61.43899917602539,77.29000091552734,99.97000122070312,7709.9599609375,15.149999618530272,4.670000076293945,2.43,2.71,97.68838
2026-08-07,6.570499897003174,3359.0,4340.7001953125,63.33200073242188,78.18000030517578,99.5999984741211,7757.64013671875,14.899999618530272,4.659999847412109,2.4,2.7,97.68838
2026-08-10,6.5945000648498535,3420.5,4361.7998046875,65.10600280761719,82.12999725341797,99.80999755859376,7753.10986328125,15.460000038146973,4.698999881744385,2.43,2.7,97.68838
2026-08-11,6.611999988555908,3470.0,4383.0,64.76899719238281,83.19999694824219,99.81999969482422,7728.2001953125,15.279999732971191,4.684000015258789,2.43,2.72,97.68838
2026-08-12,6.5970001220703125,3423.0,4408.89990234375,65.55500030517578,83.2699966430664,100.01000213623048,7748.5,14.550000190734863,4.682000160217285,2.42,2.71,97.68838
2026-08-13,6.59250020980835,3391.0,4363.60009765625,64.87300109863281,81.25,99.95999908447266,7798.990234375,14.630000114440918,4.640999794006348,2.39,2.71,97.68838
2026-08-14,6.599500179290772,3355.5,4380.39990234375,64.98799896240234,82.4000015258789,99.66999816894533,7785.759765625,14.25,4.696000099182129,2.41,2.67,97.68838
2026-08-17,6.604000091552734,3427.25,4417.7998046875,66.12100219726562,84.5,99.63999938964844,7745.06005859375,15.1899995803833,4.723999977111816,2.44,2.7,97.68838
2026-08-18,6.450500011444092,3343.0,4389.0,63.290000915527344,84.45999908447266,99.6439971923828,7691.759765625,15.84000015258789,4.706000328063965,2.44,2.7,97.68838
